datetime,owner_id,timestamp_raw,consumption,reactive_import,reactive_capacitive,generation,reactive_import_out,reactive_capacitive_out,multiplier,status,additional_consumption,additional_generation,rir,rcr,owner_serno
2023-03-09 14:00:00,00000000790,20230309140000,0.0,0.0,0.0,0.0,0.0,0.0,1.0,4,0.0,0.0,,,589268
2023-03-09 15:00:00,00000000790,20230309150000,0.0,0.0,0.0,0.0,0.0,0.0,1.0,4,0.0,0.0,,,589268
2023-03-09 16:00:00,00000000790,20230309160000,0.0,0.0,0.0,0.0,0.0,0.0,1.0,4,0.0,0.0,,,589268
2023-03-09 17:00:00,00000000790,20230309170000,0.0,0.0,0.0,0.0,0.0,0.0,1.0,4,0.0,0.0,,,589268
2023-03-09 18:00:00,00000000790,20230309180000,0.0,0.0,0.0,0.0,0.0,0.0,1.0,4,0.0,0.0,,,589268
2023-03-09 19:00:00,00000000790,20230309190000,0.0,0.0,0.0,0.0,0.0,0.0,1.0,4,0.0,0.0,,,589268
2023-03-09 20:00:00,00000000790,20230309200000,0.0,0.0,0.0,0.0,0.0,0.0,1.0,4,0.0,0.0,,,589268
2023-03-09 21:00:00,00000000790,20230309210000,0.0,0.0,0.0,0.0,0.0,0.0,1.0,4,0.0,0.0,,,589268
2023-03-09 22:00:00,00000000790,20230309220000,0.0,0.0,0.0,0.0,0.0,0.0,1.0,4,0.0,0.0,,,589268
2023-03-09 23:00:00,00000000790,20230309230000,0.0,0.0,0.0,0.0,0.0,0.0,1.0,4,0.0,0.0,,,589268
2023-03-10 00:00:00,00000000790,20230310000000,0.0,0.0,0.0,0.0,0.0,0.0,1.0,4,0.0,0.0,,,589268
2023-03-10 01:00:00,00000000790,20230310010000,0.0,0.0,0.0,0.0,0.0,0.0,1.0,4,0.0,0.0,,,589268
2023-03-10 02:00:00,00000000790,20230310020000,0.0,0.0,0.0,0.0,0.0,0.0,1.0,4,0.0,0.0,,,589268
2023-03-10 03:00:00,00000000790,20230310030000,0.0,0.0,0.0,0.0,0.0,0.0,1.0,4,0.0,0.0,,,589268
2023-03-10 04:00:00,00000000790,20230310040000,0.0,0.0,0.0,0.0,0.0,0.0,1.0,4,0.0,0.0,,,589268
2023-03-10 05:00:00,00000000790,20230310050000,0.0,0.0,0.0,0.0,0.0,0.0,1.0,4,0.0,0.0,,,589268
2023-03-10 06:00:00,00000000790,20230310060000,0.0,0.0,0.0,0.0,0.0,0.0,1.0,4,0.0,0.0,,,589268
2023-03-10 07:00:00,00000000790,20230310070000,0.0,0.0,0.0,0.0,0.0,0.0,1.0,4,0.0,0.0,,,589268
2023-03-10 08:00:00,00000000790,20230310080000,0.0,0.0,0.0,0.0,0.0,0.0,1.0,4,0.0,0.0,,,589268
2023-03-10 09:00:00,00000000790,20230310090000,0.0,0.0,0.0,0.0,0.0,0.0,1.0,4,0.0,0.0,,,589268
2023-03-10 10:00:00,00000000790,20230310100000,0.0,0.0,0.0,0.0,0.0,0.0,1.0,4,0.0,0.0,,,589268
2023-03-10 11:00:00,00000000790,20230310110000,0.0,0.0,0.0,0.0,0.0,0.0,1.0,4,0.0,0.0,,,589268
2023-03-10 12:00:00,00000000790,20230310120000,0.0,0.0,0.0,0.0,0.0,0.0,1.0,4,0.0,0.0,,,589268
2023-03-10 13:00:00,00000000790,20230310130000,0.0,0.0,0.0,0.0,0.0,0.0,1.0,4,0.0,0.0,,,589268
2023-03-10 14:00:00,00000000790,20230310140000,0.0,0.0,0.0,0.0,0.0,0.0,1.0,4,0.0,0.0,,,589268
2023-03-10 15:00:00,00000000790,20230310150000,0.0,0.0,0.0,0.0,0.0,0.0,1.0,4,0.0,0.0,,,589268
2023-03-10 16:00:00,00000000790,20230310160000,0.0,0.0,0.0,0.0,0.0,0.0,1.0,4,0.0,0.0,,,589268
2023-03-10 17:00:00,00000000790,20230310170000,0.0,0.0,0.0,0.0,0.0,0.0,1.0,4,0.0,0.0,,,589268
2023-03-10 18:00:00,00000000790,20230310180000,0.0,0.0,0.0,0.0,0.0,0.0,1.0,4,0.0,0.0,,,589268
2023-03-10 19:00:00,00000000790,20230310190000,0.0,0.0,0.0,0.0,0.0,0.0,1.0,4,0.0,0.0,,,589268
2023-03-10 20:00:00,00000000790,20230310200000,0.0,0.0,0.0,0.0,0.0,0.0,1.0,4,0.0,0.0,,,589268
2023-03-10 21:00:00,00000000790,20230310210000,0.0,0.0,0.0,0.0,0.0,0.0,1.0,4,0.0,0.0,,,589268
2023-03-10 22:00:00,00000000790,20230310220000,0.0,0.0,0.0,0.0,0.0,0.0,1.0,4,0.0,0.0,,,589268
2023-03-10 23:00:00,00000000790,20230310230000,0.0,0.0,0.0,0.0,0.0,0.0,1.0,4,0.0,0.0,,,589268
2023-03-11 00:00:00,00000000790,20230311000000,0.0,0.0,0.0,0.0,0.0,0.0,1.0,4,0.0,0.0,,,589268
2023-03-11 01:00:00,00000000790,20230311010000,0.0,0.0,0.0,0.0,0.0,0.0,1.0,4,0.0,0.0,,,589268
2023-03-11 02:00:00,00000000790,20230311020000,0.0,0.0,0.0,0.0,0.0,0.0,1.0,4,0.0,0.0,,,589268
2023-03-11 03:00:00,00000000790,20230311030000,0.0,0.0,0.0,0.0,0.0,0.0,1.0,4,0.0,0.0,,,589268
2023-03-11 04:00:00,00000000790,20230311040000,0.0,0.0,0.0,0.0,0.0,0.0,1.0,4,0.0,0.0,,,589268
2023-03-11 05:00:00,00000000790,20230311050000,0.0,0.0,0.0,0.0,0.0,0.0,1.0,4,0.0,0.0,,,589268
2023-03-11 06:00:00,00000000790,20230311060000,0.0,0.0,0.0,0.0,0.0,0.0,1.0,4,0.0,0.0,,,589268
2023-03-11 07:00:00,00000000790,20230311070000,0.0,0.0,0.0,0.0,0.0,0.0,1.0,4,0.0,0.0,,,589268
2023-03-11 08:00:00,00000000790,20230311080000,0.0,0.0,0.0,0.0,0.0,0.0,1.0,4,0.0,0.0,,,589268
2023-03-11 09:00:00,00000000790,20230311090000,0.0,0.0,0.0,0.0,0.0,0.0,1.0,4,0.0,0.0,,,589268
2023-03-11 10:00:00,00000000790,20230311100000,0.0,0.0,0.0,0.0,0.0,0.0,1.0,4,0.0,0.0,,,589268
2023-03-11 11:00:00,00000000790,20230311110000,0.0,0.0,0.0,0.0,0.0,0.0,1.0,4,0.0,0.0,,,589268
2023-03-11 12:00:00,00000000790,20230311120000,0.0,0.0,0.0,0.0,0.0,0.0,1.0,4,0.0,0.0,,,589268
2023-03-11 13:00:00,00000000790,20230311130000,0.0,0.0,0.0,0.0,0.0,0.0,1.0,4,0.0,0.0,,,589268
2023-03-11 14:00:00,00000000790,20230311140000,0.0,0.0,0.0,0.0,0.0,0.0,1.0,4,0.0,0.0,,,589268
2023-03-11 15:00:00,00000000790,20230311150000,0.0,0.0,0.0,0.0,0.0,0.0,1.0,4,0.0,0.0,,,589268
2023-03-11 16:00:00,00000000790,20230311160000,0.0,0.0,0.0,0.0,0.0,0.0,1.0,4,0.0,0.0,,,589268
2023-03-11 17:00:00,00000000790,20230311170000,0.0,0.0,0.0,0.0,0.0,0.0,1.0,4,0.0,0.0,,,589268
2023-03-11 18:00:00,00000000790,20230311180000,0.0,0.0,0.0,0.0,0.0,0.0,1.0,4,0.0,0.0,,,589268
2023-03-11 19:00:00,00000000790,20230311190000,0.0,0.0,0.0,0.0,0.0,0.0,1.0,4,0.0,0.0,,,589268
2023-03-11 20:00:00,00000000790,20230311200000,0.0,0.0,0.0,0.0,0.0,0.0,1.0,4,0.0,0.0,,,589268
2023-03-11 21:00:00,00000000790,20230311210000,0.0,0.0,0.0,0.0,0.0,0.0,1.0,4,0.0,0.0,,,589268
2023-03-11 22:00:00,00000000790,20230311220000,0.0,0.0,0.0,0.0,0.0,0.0,1.0,4,0.0,0.0,,,589268
2023-03-11 23:00:00,00000000790,20230311230000,0.0,0.0,0.0,0.0,0.0,0.0,1.0,4,0.0,0.0,,,589268
2023-03-12 00:00:00,00000000790,20230312000000,0.0,0.0,0.0,0.0,0.0,0.0,1.0,4,0.0,0.0,,,589268
2023-03-12 01:00:00,00000000790,20230312010000,0.0,0.0,0.0,0.0,0.0,0.0,1.0,4,0.0,0.0,,,589268
2023-03-12 02:00:00,00000000790,20230312020000,0.0,0.0,0.0,0.0,0.0,0.0,1.0,4,0.0,0.0,,,589268
2023-03-12 03:00:00,00000000790,20230312030000,0.0,0.0,0.0,0.0,0.0,0.0,1.0,4,0.0,0.0,,,589268
2023-03-12 04:00:00,00000000790,20230312040000,0.0,0.0,0.0,0.0,0.0,0.0,1.0,4,0.0,0.0,,,589268
2023-03-12 05:00:00,00000000790,20230312050000,0.0,0.0,0.0,0.0,0.0,0.0,1.0,4,0.0,0.0,,,589268
2023-03-12 06:00:00,00000000790,20230312060000,0.0,0.0,0.0,0.0,0.0,0.0,1.0,4,0.0,0.0,,,589268
2023-03-12 07:00:00,00000000790,20230312070000,0.0,0.0,0.0,0.0,0.0,0.0,1.0,4,0.0,0.0,,,589268
2023-03-12 08:00:00,00000000790,20230312080000,0.0,0.0,0.0,0.0,0.0,0.0,1.0,4,0.0,0.0,,,589268
2023-03-12 09:00:00,00000000790,20230312090000,0.0,0.0,0.0,0.0,0.0,0.0,1.0,4,0.0,0.0,,,589268
2023-03-12 10:00:00,00000000790,20230312100000,0.0,0.0,0.0,0.0,0.0,0.0,1.0,4,0.0,0.0,,,589268
2023-03-12 11:00:00,00000000790,20230312110000,0.0,0.0,0.0,0.0,0.0,0.0,1.0,4,0.0,0.0,,,589268
2023-03-12 12:00:00,00000000790,20230312120000,0.0,0.0,0.0,0.0,0.0,0.0,1.0,4,0.0,0.0,,,589268
2023-03-12 13:00:00,00000000790,20230312130000,0.0,0.0,0.0,0.0,0.0,0.0,1.0,4,0.0,0.0,,,589268
2023-03-12 14:00:00,00000000790,20230312140000,0.0,0.0,0.0,0.0,0.0,0.0,1.0,4,0.0,0.0,,,589268
2023-03-12 15:00:00,00000000790,20230312150000,0.0,0.0,0.0,0.0,0.0,0.0,1.0,4,0.0,0.0,,,589268
2023-03-12 16:00:00,00000000790,20230312160000,0.0,0.0,0.0,0.0,0.0,0.0,1.0,4,0.0,0.0,,,589268
2023-03-12 17:00:00,00000000790,20230312170000,0.0,0.0,0.0,0.0,0.0,0.0,1.0,4,0.0,0.0,,,589268
2023-03-12 18:00:00,00000000790,20230312180000,0.0,0.0,0.0,0.0,0.0,0.0,1.0,4,0.0,0.0,,,589268
2023-03-12 19:00:00,00000000790,20230312190000,0.0,0.0,0.0,0.0,0.0,0.0,1.0,4,0.0,0.0,,,589268
2023-03-12 20:00:00,00000000790,20230312200000,0.0,0.0,0.0,0.0,0.0,0.0,1.0,4,0.0,0.0,,,589268
2023-03-12 21:00:00,00000000790,20230312210000,0.0,0.0,0.0,0.0,0.0,0.0,1.0,4,0.0,0.0,,,589268
2023-03-12 22:00:00,00000000790,20230312220000,0.0,0.0,0.0,0.0,0.0,0.0,1.0,4,0.0,0.0,,,589268
2023-03-12 23:00:00,00000000790,20230312230000,0.0,0.0,0.0,0.0,0.0,0.0,1.0,4,0.0,0.0,,,589268
2023-03-13 00:00:00,00000000790,20230313000000,0.0,0.0,0.0,0.0,0.0,0.0,1.0,4,0.0,0.0,,,589268
2023-03-13 01:00:00,00000000790,20230313010000,0.0,0.0,0.0,0.0,0.0,0.0,1.0,4,0.0,0.0,,,589268
2023-03-13 02:00:00,00000000790,20230313020000,0.0,0.0,0.0,0.0,0.0,0.0,1.0,4,0.0,0.0,,,589268
2023-03-13 03:00:00,00000000790,20230313030000,0.0,0.0,0.0,0.0,0.0,0.0,1.0,4,0.0,0.0,,,589268
2023-03-13 04:00:00,00000000790,20230313040000,0.0,0.0,0.0,0.0,0.0,0.0,1.0,4,0.0,0.0,,,589268
2023-03-13 05:00:00,00000000790,20230313050000,0.0,0.0,0.0,0.0,0.0,0.0,1.0,4,0.0,0.0,,,589268
2023-03-13 06:00:00,00000000790,20230313060000,0.0,0.0,0.0,0.0,0.0,0.0,1.0,4,0.0,0.0,,,589268
2023-03-13 07:00:00,00000000790,20230313070000,0.0,0.0,0.0,0.0,0.0,0.0,1.0,4,0.0,0.0,,,589268
2023-03-13 08:00:00,00000000790,20230313080000,0.0,0.0,0.0,0.0,0.0,0.0,1.0,4,0.0,0.0,,,589268
2023-03-13 09:00:00,00000000790,20230313090000,0.0,0.0,0.0,0.0,0.0,0.0,1.0,4,0.0,0.0,,,589268
2023-03-13 10:00:00,00000000790,20230313100000,0.0,0.0,0.0,0.0,0.0,0.0,1.0,4,0.0,0.0,,,589268
2023-03-13 11:00:00,00000000790,20230313110000,0.0,0.0,0.0,0.0,0.0,0.0,1.0,4,0.0,0.0,,,589268
2023-03-13 12:00:00,00000000790,20230313120000,0.0,0.0,0.0,0.0,0.0,0.0,1.0,4,0.0,0.0,,,589268
2023-03-13 13:00:00,00000000790,20230313130000,0.0,0.0,0.0,0.0,0.0,0.0,1.0,4,0.0,0.0,,,589268
2023-03-13 14:00:00,00000000790,20230313140000,0.0,0.0,0.0,0.0,0.0,0.0,1.0,4,0.0,0.0,,,589268
2023-03-13 15:00:00,00000000790,20230313150000,0.0,0.0,0.0,0.0,0.0,0.0,1.0,4,0.0,0.0,,,589268
2023-03-13 16:00:00,00000000790,20230313160000,0.0,0.0,0.0,0.0,0.0,0.0,1.0,4,0.0,0.0,,,589268
2023-03-13 17:00:00,00000000790,20230313170000,0.0,0.0,0.0,0.0,0.0,0.0,1.0,4,0.0,0.0,,,589268
2023-03-13 18:00:00,00000000790,20230313180000,0.0,0.0,0.0,0.0,0.0,0.0,1.0,4,0.0,0.0,,,589268
2023-03-13 19:00:00,00000000790,20230313190000,0.0,0.0,0.0,0.0,0.0,0.0,1.0,4,0.0,0.0,,,589268
2023-03-13 20:00:00,00000000790,20230313200000,0.0,0.0,0.0,0.0,0.0,0.0,1.0,4,0.0,0.0,,,589268
2023-03-13 21:00:00,00000000790,20230313210000,0.0,0.0,0.0,0.0,0.0,0.0,1.0,4,0.0,0.0,,,589268
2023-03-13 22:00:00,00000000790,20230313220000,0.0,0.0,0.0,0.0,0.0,0.0,1.0,4,0.0,0.0,,,589268
2023-03-13 23:00:00,00000000790,20230313230000,0.0,0.0,0.0,0.0,0.0,0.0,1.0,4,0.0,0.0,,,589268
2023-03-14 00:00:00,00000000790,20230314000000,0.0,0.0,0.0,0.0,0.0,0.0,1.0,4,0.0,0.0,,,589268
2023-03-14 01:00:00,00000000790,20230314010000,0.0,0.0,0.0,0.0,0.0,0.0,1.0,4,0.0,0.0,,,589268
2023-03-14 02:00:00,00000000790,20230314020000,0.0,0.0,0.0,0.0,0.0,0.0,1.0,4,0.0,0.0,,,589268
2023-03-14 03:00:00,00000000790,20230314030000,0.0,0.0,0.0,0.0,0.0,0.0,1.0,4,0.0,0.0,,,589268
2023-03-14 04:00:00,00000000790,20230314040000,0.0,0.0,0.0,0.0,0.0,0.0,1.0,4,0.0,0.0,,,589268
2023-03-14 05:00:00,00000000790,20230314050000,0.0,0.0,0.0,0.0,0.0,0.0,1.0,4,0.0,0.0,,,589268
2023-03-14 06:00:00,00000000790,20230314060000,0.0,0.0,0.0,0.0,0.0,0.0,1.0,4,0.0,0.0,,,589268
2023-03-14 07:00:00,00000000790,20230314070000,0.0,0.0,0.0,0.0,0.0,0.0,1.0,4,0.0,0.0,,,589268
2023-03-14 08:00:00,00000000790,20230314080000,0.0,0.0,0.0,0.0,0.0,0.0,1.0,4,0.0,0.0,,,589268
2023-03-14 09:00:00,00000000790,20230314090000,0.0,0.0,0.0,0.0,0.0,0.0,1.0,4,0.0,0.0,,,589268
2023-03-14 10:00:00,00000000790,20230314100000,0.0,0.0,0.0,0.0,0.0,0.0,1.0,4,0.0,0.0,,,589268
2023-03-14 11:00:00,00000000790,20230314110000,0.0,0.0,0.0,0.0,0.0,0.0,1.0,4,0.0,0.0,,,589268
2023-03-14 12:00:00,00000000790,20230314120000,0.0,0.0,0.0,0.0,0.0,0.0,1.0,4,0.0,0.0,,,589268
2023-03-14 13:00:00,00000000790,20230314130000,0.0,0.0,0.0,0.0,0.0,0.0,1.0,4,0.0,0.0,,,589268
2023-03-14 14:00:00,00000000790,20230314140000,0.0,0.0,0.0,0.0,0.0,0.0,1.0,4,0.0,0.0,,,589268
2023-03-14 15:00:00,00000000790,20230314150000,0.0,0.0,0.0,0.0,0.0,0.0,1.0,4,0.0,0.0,,,589268
2023-03-14 16:00:00,00000000790,20230314160000,0.0,0.0,0.0,0.0,0.0,0.0,1.0,4,0.0,0.0,,,589268
2023-03-14 17:00:00,00000000790,20230314170000,0.0,0.0,0.0,0.0,0.0,0.0,1.0,4,0.0,0.0,,,589268
2023-03-14 18:00:00,00000000790,20230314180000,0.0,0.0,0.0,0.0,0.0,0.0,1.0,4,0.0,0.0,,,589268
2023-03-14 19:00:00,00000000790,20230314190000,0.0,0.0,0.0,0.0,0.0,0.0,1.0,4,0.0,0.0,,,589268
2023-03-14 20:00:00,00000000790,20230314200000,0.0,0.0,0.0,0.0,0.0,0.0,1.0,4,0.0,0.0,,,589268
2023-03-14 21:00:00,00000000790,20230314210000,0.0,0.0,0.0,0.0,0.0,0.0,1.0,4,0.0,0.0,,,589268
2023-03-14 22:00:00,00000000790,20230314220000,0.0,0.0,0.0,0.0,0.0,0.0,1.0,4,0.0,0.0,,,589268
2023-03-14 23:00:00,00000000790,20230314230000,0.0,0.0,0.0,0.0,0.0,0.0,1.0,4,0.0,0.0,,,589268
2023-03-15 00:00:00,00000000790,20230315000000,0.0,0.0,0.0,0.0,0.0,0.0,1.0,4,0.0,0.0,,,589268
2023-03-15 01:00:00,00000000790,20230315010000,0.0,0.0,0.0,0.0,0.0,0.0,1.0,4,0.0,0.0,,,589268
2023-03-15 02:00:00,00000000790,20230315020000,0.0,0.0,0.0,0.0,0.0,0.0,1.0,4,0.0,0.0,,,589268
2023-03-15 03:00:00,00000000790,20230315030000,0.0,0.0,0.0,0.0,0.0,0.0,1.0,4,0.0,0.0,,,589268
2023-03-15 04:00:00,00000000790,20230315040000,0.0,0.0,0.0,0.0,0.0,0.0,1.0,4,0.0,0.0,,,589268
2023-03-15 05:00:00,00000000790,20230315050000,0.0,0.0,0.0,0.0,0.0,0.0,1.0,4,0.0,0.0,,,589268
2023-03-15 06:00:00,00000000790,20230315060000,0.0,0.0,0.0,0.0,0.0,0.0,1.0,4,0.0,0.0,,,589268
2023-03-15 07:00:00,00000000790,20230315070000,0.0,0.0,0.0,0.0,0.0,0.0,1.0,4,0.0,0.0,,,589268
2023-03-15 08:00:00,00000000790,20230315080000,0.0,0.0,0.0,0.0,0.0,0.0,1.0,4,0.0,0.0,,,589268
2023-03-15 09:00:00,00000000790,20230315090000,0.0,0.0,0.0,0.0,0.0,0.0,1.0,4,0.0,0.0,,,589268
2023-03-15 10:00:00,00000000790,20230315100000,0.0,0.0,0.0,0.0,0.0,0.0,1.0,4,0.0,0.0,,,589268
2023-03-15 11:00:00,00000000790,20230315110000,0.0,0.0,0.0,0.0,0.0,0.0,1.0,4,0.0,0.0,,,589268
2023-03-15 12:00:00,00000000790,20230315120000,0.0,0.0,0.0,0.0,0.0,0.0,1.0,4,0.0,0.0,,,589268
2023-03-15 13:00:00,00000000790,20230315130000,0.0,0.0,0.0,0.0,0.0,0.0,1.0,4,0.0,0.0,,,589268
2023-03-15 14:00:00,00000000790,20230315140000,0.0,0.0,0.0,0.0,0.0,0.0,1.0,4,0.0,0.0,,,589268
2023-03-15 15:00:00,00000000790,20230315150000,0.0,0.0,0.0,0.0,0.0,0.0,1.0,4,0.0,0.0,,,589268
2023-03-15 16:00:00,00000000790,20230315160000,0.0,0.0,0.0,0.0,0.0,0.0,1.0,4,0.0,0.0,,,589268
2023-03-15 17:00:00,00000000790,20230315170000,0.0,0.0,0.0,0.0,0.0,0.0,1.0,4,0.0,0.0,,,589268
2023-03-15 18:00:00,00000000790,20230315180000,0.0,0.0,0.0,0.0,0.0,0.0,1.0,4,0.0,0.0,,,589268
2023-03-15 19:00:00,00000000790,20230315190000,0.0,0.0,0.0,0.0,0.0,0.0,1.0,4,0.0,0.0,,,589268
2023-03-15 20:00:00,00000000790,20230315200000,0.0,0.0,0.0,0.0,0.0,0.0,1.0,4,0.0,0.0,,,589268
2023-03-15 21:00:00,00000000790,20230315210000,0.0,0.0,0.0,0.0,0.0,0.0,1.0,4,0.0,0.0,,,589268
2023-03-15 22:00:00,00000000790,20230315220000,0.0,0.0,0.0,0.0,0.0,0.0,1.0,4,0.0,0.0,,,589268
2023-03-15 23:00:00,00000000790,20230315230000,0.0,0.0,0.0,0.0,0.0,0.0,1.0,4,0.0,0.0,,,589268
2023-03-16 00:00:00,00000000790,20230316000000,0.0,0.0,0.0,0.0,0.0,0.0,1.0,4,0.0,0.0,,,589268
2023-03-16 01:00:00,00000000790,20230316010000,0.0,0.0,0.0,0.0,0.0,0.0,1.0,4,0.0,0.0,,,589268
2023-03-16 02:00:00,00000000790,20230316020000,0.0,0.0,0.0,0.0,0.0,0.0,1.0,4,0.0,0.0,,,589268
2023-03-16 03:00:00,00000000790,20230316030000,0.0,0.0,0.0,0.0,0.0,0.0,1.0,4,0.0,0.0,,,589268
2023-03-16 04:00:00,00000000790,20230316040000,0.0,0.0,0.0,0.0,0.0,0.0,1.0,4,0.0,0.0,,,589268
2023-03-16 05:00:00,00000000790,20230316050000,0.0,0.0,0.0,0.0,0.0,0.0,1.0,4,0.0,0.0,,,589268
2023-03-16 06:00:00,00000000790,20230316060000,0.0,0.0,0.0,0.0,0.0,0.0,1.0,4,0.0,0.0,,,589268
2023-03-16 07:00:00,00000000790,20230316070000,0.0,0.0,0.0,0.0,0.0,0.0,1.0,4,0.0,0.0,,,589268
2023-03-16 08:00:00,00000000790,20230316080000,0.0,0.0,0.0,0.0,0.0,0.0,1.0,4,0.0,0.0,,,589268
2023-03-16 09:00:00,00000000790,20230316090000,0.0,0.0,0.0,0.0,0.0,0.0,1.0,4,0.0,0.0,,,589268
2023-03-16 10:00:00,00000000790,20230316100000,0.0,0.0,0.0,0.0,0.0,0.0,1.0,4,0.0,0.0,,,589268
2023-03-16 11:00:00,00000000790,20230316110000,0.0,0.0,0.0,0.0,0.0,0.0,1.0,4,0.0,0.0,,,589268
2023-03-16 12:00:00,00000000790,20230316120000,0.0,0.0,0.0,0.0,0.0,0.0,1.0,4,0.0,0.0,,,589268
2023-03-16 13:00:00,00000000790,20230316130000,0.0,0.0,0.0,0.0,0.0,0.0,1.0,4,0.0,0.0,,,589268
2023-03-16 14:00:00,00000000790,20230316140000,0.0,0.0,0.0,0.0,0.0,0.0,1.0,4,0.0,0.0,,,589268
2023-03-16 15:00:00,00000000790,20230316150000,0.0,0.0,0.0,0.0,0.0,0.0,1.0,4,0.0,0.0,,,589268
2023-03-16 16:00:00,00000000790,20230316160000,0.0,0.0,0.0,0.0,0.0,0.0,1.0,4,0.0,0.0,,,589268
2023-03-16 17:00:00,00000000790,20230316170000,0.0,0.0,0.0,0.0,0.0,0.0,1.0,4,0.0,0.0,,,589268
2023-03-16 18:00:00,00000000790,20230316180000,0.0,0.0,0.0,0.0,0.0,0.0,1.0,4,0.0,0.0,,,589268
2023-03-16 19:00:00,00000000790,20230316190000,0.0,0.0,0.0,0.0,0.0,0.0,1.0,4,0.0,0.0,,,589268
2023-03-16 20:00:00,00000000790,20230316200000,0.0,0.0,0.0,0.0,0.0,0.0,1.0,4,0.0,0.0,,,589268
2023-03-16 21:00:00,00000000790,20230316210000,0.0,0.0,0.0,0.0,0.0,0.0,1.0,4,0.0,0.0,,,589268
2023-03-16 22:00:00,00000000790,20230316220000,0.0,0.0,0.0,0.0,0.0,0.0,1.0,4,0.0,0.0,,,589268
2023-03-16 23:00:00,00000000790,20230316230000,0.0,0.0,0.0,0.0,0.0,0.0,1.0,4,0.0,0.0,,,589268
2023-03-17 00:00:00,00000000790,20230317000000,0.0,0.0,0.0,0.0,0.0,0.0,1.0,4,0.0,0.0,,,589268
2023-03-17 01:00:00,00000000790,20230317010000,0.0,0.0,0.0,0.0,0.0,0.0,1.0,4,0.0,0.0,,,589268
2023-03-17 02:00:00,00000000790,20230317020000,0.0,0.0,0.0,0.0,0.0,0.0,1.0,4,0.0,0.0,,,589268
2023-03-17 03:00:00,00000000790,20230317030000,0.0,0.0,0.0,0.0,0.0,0.0,1.0,4,0.0,0.0,,,589268
2023-03-17 04:00:00,00000000790,20230317040000,0.0,0.0,0.0,0.0,0.0,0.0,1.0,4,0.0,0.0,,,589268
2023-03-17 05:00:00,00000000790,20230317050000,0.0,0.0,0.0,0.0,0.0,0.0,1.0,4,0.0,0.0,,,589268
2023-03-17 06:00:00,00000000790,20230317060000,0.0,0.0,0.0,0.0,0.0,0.0,1.0,4,0.0,0.0,,,589268
2023-03-17 07:00:00,00000000790,20230317070000,0.0,0.0,0.0,0.0,0.0,0.0,1.0,4,0.0,0.0,,,589268
2023-03-17 08:00:00,00000000790,20230317080000,0.0,0.0,0.0,0.0,0.0,0.0,1.0,4,0.0,0.0,,,589268
2023-03-17 09:00:00,00000000790,20230317090000,0.0,0.0,0.0,0.0,0.0,0.0,1.0,4,0.0,0.0,,,589268
2023-03-17 10:00:00,00000000790,20230317100000,0.0,0.0,0.0,0.0,0.0,0.0,1.0,4,0.0,0.0,,,589268
2023-03-17 11:00:00,00000000790,20230317110000,0.0,0.0,0.0,0.0,0.0,0.0,1.0,4,0.0,0.0,,,589268
2023-03-17 12:00:00,00000000790,20230317120000,0.0,0.0,0.0,0.0,0.0,0.0,1.0,4,0.0,0.0,,,589268
2023-03-17 13:00:00,00000000790,20230317130000,0.0,0.0,0.0,0.0,0.0,0.0,1.0,4,0.0,0.0,,,589268
2023-03-17 14:00:00,00000000790,20230317140000,0.0,0.0,0.0,0.0,0.0,0.0,1.0,4,0.0,0.0,,,589268
2023-03-17 15:00:00,00000000790,20230317150000,0.0,0.0,0.0,0.0,0.0,0.0,1.0,4,0.0,0.0,,,589268
2023-03-17 16:00:00,00000000790,20230317160000,0.0,0.0,0.0,0.0,0.0,0.0,1.0,4,0.0,0.0,,,589268
2023-03-17 17:00:00,00000000790,20230317170000,0.0,0.0,0.0,0.0,0.0,0.0,1.0,4,0.0,0.0,,,589268
2023-03-17 18:00:00,00000000790,20230317180000,0.0,0.0,0.0,0.0,0.0,0.0,1.0,4,0.0,0.0,,,589268
2023-03-17 19:00:00,00000000790,20230317190000,0.0,0.0,0.0,0.0,0.0,0.0,1.0,4,0.0,0.0,,,589268
2023-03-17 20:00:00,00000000790,20230317200000,0.0,0.0,0.0,0.0,0.0,0.0,1.0,4,0.0,0.0,,,589268
2023-03-17 21:00:00,00000000790,20230317210000,0.0,0.0,0.0,0.0,0.0,0.0,1.0,4,0.0,0.0,,,589268
2023-03-17 22:00:00,00000000790,20230317220000,0.0,0.0,0.0,0.0,0.0,0.0,1.0,4,0.0,0.0,,,589268
2023-03-17 23:00:00,00000000790,20230317230000,0.0,0.0,0.0,0.0,0.0,0.0,1.0,4,0.0,0.0,,,589268
2023-03-18 00:00:00,00000000790,20230318000000,0.0,0.0,0.0,0.0,0.0,0.0,1.0,4,0.0,0.0,,,589268
2023-03-18 01:00:00,00000000790,20230318010000,0.0,0.0,0.0,0.0,0.0,0.0,1.0,4,0.0,0.0,,,589268
2023-03-18 02:00:00,00000000790,20230318020000,0.0,0.0,0.0,0.0,0.0,0.0,1.0,4,0.0,0.0,,,589268
2023-03-18 03:00:00,00000000790,20230318030000,0.0,0.0,0.0,0.0,0.0,0.0,1.0,4,0.0,0.0,,,589268
2023-03-18 04:00:00,00000000790,20230318040000,0.0,0.0,0.0,0.0,0.0,0.0,1.0,4,0.0,0.0,,,589268
2023-03-18 05:00:00,00000000790,20230318050000,0.0,0.0,0.0,0.0,0.0,0.0,1.0,4,0.0,0.0,,,589268
2023-03-18 06:00:00,00000000790,20230318060000,0.0,0.0,0.0,0.0,0.0,0.0,1.0,4,0.0,0.0,,,589268
2023-03-18 07:00:00,00000000790,20230318070000,0.0,0.0,0.0,0.0,0.0,0.0,1.0,4,0.0,0.0,,,589268
2023-03-18 08:00:00,00000000790,20230318080000,0.0,0.0,0.0,0.0,0.0,0.0,1.0,4,0.0,0.0,,,589268
2023-03-18 09:00:00,00000000790,20230318090000,0.0,0.0,0.0,0.0,0.0,0.0,1.0,4,0.0,0.0,,,589268
2023-03-18 10:00:00,00000000790,20230318100000,0.0,0.0,0.0,0.0,0.0,0.0,1.0,4,0.0,0.0,,,589268
2023-03-18 11:00:00,00000000790,20230318110000,0.0,0.0,0.0,0.0,0.0,0.0,1.0,4,0.0,0.0,,,589268
2023-03-18 12:00:00,00000000790,20230318120000,0.0,0.0,0.0,0.0,0.0,0.0,1.0,4,0.0,0.0,,,589268
2023-03-18 13:00:00,00000000790,20230318130000,0.0,0.0,0.0,0.0,0.0,0.0,1.0,4,0.0,0.0,,,589268
2023-03-18 14:00:00,00000000790,20230318140000,0.0,0.0,0.0,0.0,0.0,0.0,1.0,4,0.0,0.0,,,589268
2023-03-18 15:00:00,00000000790,20230318150000,0.0,0.0,0.0,0.0,0.0,0.0,1.0,4,0.0,0.0,,,589268
2023-03-18 16:00:00,00000000790,20230318160000,0.0,0.0,0.0,0.0,0.0,0.0,1.0,4,0.0,0.0,,,589268
2023-03-18 17:00:00,00000000790,20230318170000,0.0,0.0,0.0,0.0,0.0,0.0,1.0,4,0.0,0.0,,,589268
2023-03-18 18:00:00,00000000790,20230318180000,0.0,0.0,0.0,0.0,0.0,0.0,1.0,4,0.0,0.0,,,589268
2023-03-18 19:00:00,00000000790,20230318190000,0.0,0.0,0.0,0.0,0.0,0.0,1.0,4,0.0,0.0,,,589268
2023-03-18 20:00:00,00000000790,20230318200000,0.0,0.0,0.0,0.0,0.0,0.0,1.0,4,0.0,0.0,,,589268
2023-03-18 21:00:00,00000000790,20230318210000,0.0,0.0,0.0,0.0,0.0,0.0,1.0,4,0.0,0.0,,,589268
2023-03-18 22:00:00,00000000790,20230318220000,0.0,0.0,0.0,0.0,0.0,0.0,1.0,4,0.0,0.0,,,589268
2023-03-18 23:00:00,00000000790,20230318230000,0.0,0.0,0.0,0.0,0.0,0.0,1.0,4,0.0,0.0,,,589268
2023-03-19 00:00:00,00000000790,20230319000000,0.0,0.0,0.0,0.0,0.0,0.0,1.0,4,0.0,0.0,,,589268
2023-03-19 01:00:00,00000000790,20230319010000,0.0,0.0,0.0,0.0,0.0,0.0,1.0,4,0.0,0.0,,,589268
2023-03-19 02:00:00,00000000790,20230319020000,0.0,0.0,0.0,0.0,0.0,0.0,1.0,4,0.0,0.0,,,589268
2023-03-19 03:00:00,00000000790,20230319030000,0.0,0.0,0.0,0.0,0.0,0.0,1.0,4,0.0,0.0,,,589268
2023-03-19 04:00:00,00000000790,20230319040000,0.0,0.0,0.0,0.0,0.0,0.0,1.0,4,0.0,0.0,,,589268
2023-03-19 05:00:00,00000000790,20230319050000,0.0,0.0,0.0,0.0,0.0,0.0,1.0,4,0.0,0.0,,,589268
2023-03-19 06:00:00,00000000790,20230319060000,0.0,0.0,0.0,0.0,0.0,0.0,1.0,4,0.0,0.0,,,589268
2023-03-19 07:00:00,00000000790,20230319070000,0.0,0.0,0.0,0.0,0.0,0.0,1.0,4,0.0,0.0,,,589268
2023-03-19 08:00:00,00000000790,20230319080000,0.0,0.0,0.0,0.0,0.0,0.0,1.0,4,0.0,0.0,,,589268
2023-03-19 09:00:00,00000000790,20230319090000,0.0,0.0,0.0,0.0,0.0,0.0,1.0,4,0.0,0.0,,,589268
2023-03-19 10:00:00,00000000790,20230319100000,0.0,0.0,0.0,0.0,0.0,0.0,1.0,4,0.0,0.0,,,589268
2023-03-19 11:00:00,00000000790,20230319110000,0.0,0.0,0.0,0.0,0.0,0.0,1.0,4,0.0,0.0,,,589268
2023-03-19 12:00:00,00000000790,20230319120000,0.0,0.0,0.0,0.0,0.0,0.0,1.0,4,0.0,0.0,,,589268
2023-03-19 13:00:00,00000000790,20230319130000,0.0,0.0,0.0,0.0,0.0,0.0,1.0,4,0.0,0.0,,,589268
2023-03-19 14:00:00,00000000790,20230319140000,0.0,0.0,0.0,0.0,0.0,0.0,1.0,4,0.0,0.0,,,589268
2023-03-19 15:00:00,00000000790,20230319150000,0.0,0.0,0.0,0.0,0.0,0.0,1.0,4,0.0,0.0,,,589268
2023-03-19 16:00:00,00000000790,20230319160000,0.0,0.0,0.0,0.0,0.0,0.0,1.0,4,0.0,0.0,,,589268
2023-03-19 17:00:00,00000000790,20230319170000,0.0,0.0,0.0,0.0,0.0,0.0,1.0,4,0.0,0.0,,,589268
2023-03-19 18:00:00,00000000790,20230319180000,0.0,0.0,0.0,0.0,0.0,0.0,1.0,4,0.0,0.0,,,589268
2023-03-19 19:00:00,00000000790,20230319190000,0.0,0.0,0.0,0.0,0.0,0.0,1.0,4,0.0,0.0,,,589268
2023-03-19 20:00:00,00000000790,20230319200000,0.0,0.0,0.0,0.0,0.0,0.0,1.0,4,0.0,0.0,,,589268
2023-03-19 21:00:00,00000000790,20230319210000,0.0,0.0,0.0,0.0,0.0,0.0,1.0,4,0.0,0.0,,,589268
2023-03-19 22:00:00,00000000790,20230319220000,0.0,0.0,0.0,0.0,0.0,0.0,1.0,4,0.0,0.0,,,589268
2023-03-19 23:00:00,00000000790,20230319230000,0.0,0.0,0.0,0.0,0.0,0.0,1.0,4,0.0,0.0,,,589268
2023-03-20 00:00:00,00000000790,20230320000000,0.0,0.0,0.0,0.0,0.0,0.0,1.0,4,0.0,0.0,,,589268
2023-03-20 01:00:00,00000000790,20230320010000,0.0,0.0,0.0,0.0,0.0,0.0,1.0,4,0.0,0.0,,,589268
2023-03-20 02:00:00,00000000790,20230320020000,0.0,0.0,0.0,0.0,0.0,0.0,1.0,4,0.0,0.0,,,589268
2023-03-20 03:00:00,00000000790,20230320030000,0.0,0.0,0.0,0.0,0.0,0.0,1.0,4,0.0,0.0,,,589268
2023-03-20 04:00:00,00000000790,20230320040000,0.0,0.0,0.0,0.0,0.0,0.0,1.0,4,0.0,0.0,,,589268
2023-03-20 05:00:00,00000000790,20230320050000,0.0,0.0,0.0,0.0,0.0,0.0,1.0,4,0.0,0.0,,,589268
2023-03-20 06:00:00,00000000790,20230320060000,0.0,0.0,0.0,0.0,0.0,0.0,1.0,4,0.0,0.0,,,589268
2023-03-20 07:00:00,00000000790,20230320070000,0.0,0.0,0.0,0.0,0.0,0.0,1.0,4,0.0,0.0,,,589268
2023-03-20 08:00:00,00000000790,20230320080000,0.0,0.0,0.0,0.0,0.0,0.0,1.0,4,0.0,0.0,,,589268
2023-03-20 09:00:00,00000000790,20230320090000,0.0,0.0,0.0,0.0,0.0,0.0,1.0,4,0.0,0.0,,,589268
2023-03-20 10:00:00,00000000790,20230320100000,0.0,0.0,0.0,0.0,0.0,0.0,1.0,4,0.0,0.0,,,589268
2023-03-20 11:00:00,00000000790,20230320110000,0.0,0.0,0.0,0.0,0.0,0.0,1.0,4,0.0,0.0,,,589268
2023-03-20 12:00:00,00000000790,20230320120000,0.0,0.0,0.0,0.0,0.0,0.0,1.0,4,0.0,0.0,,,589268
2023-03-20 13:00:00,00000000790,20230320130000,0.0,0.0,0.0,0.0,0.0,0.0,1.0,4,0.0,0.0,,,589268
2023-03-20 14:00:00,00000000790,20230320140000,0.0,0.0,0.0,0.0,0.0,0.0,1.0,4,0.0,0.0,,,589268
2023-03-20 15:00:00,00000000790,20230320150000,0.0,0.0,0.0,0.0,0.0,0.0,1.0,4,0.0,0.0,,,589268
2023-03-20 16:00:00,00000000790,20230320160000,0.0,0.0,0.0,0.0,0.0,0.0,1.0,4,0.0,0.0,,,589268
2023-03-20 17:00:00,00000000790,20230320170000,0.0,0.0,0.0,0.0,0.0,0.0,1.0,4,0.0,0.0,,,589268
2023-03-20 18:00:00,00000000790,20230320180000,0.0,0.0,0.0,0.0,0.0,0.0,1.0,4,0.0,0.0,,,589268
2023-03-20 19:00:00,00000000790,20230320190000,0.0,0.0,0.0,0.0,0.0,0.0,1.0,4,0.0,0.0,,,589268
2023-03-20 20:00:00,00000000790,20230320200000,0.0,0.0,0.0,0.0,0.0,0.0,1.0,4,0.0,0.0,,,589268
2023-03-20 21:00:00,00000000790,20230320210000,0.0,0.0,0.0,0.0,0.0,0.0,1.0,4,0.0,0.0,,,589268
2023-03-20 22:00:00,00000000790,20230320220000,0.0,0.0,0.0,0.0,0.0,0.0,1.0,4,0.0,0.0,,,589268
2023-03-20 23:00:00,00000000790,20230320230000,0.0,0.0,0.0,0.0,0.0,0.0,1.0,4,0.0,0.0,,,589268
2023-03-21 00:00:00,00000000790,20230321000000,0.0,0.0,0.0,0.0,0.0,0.0,1.0,4,0.0,0.0,,,589268
2023-03-21 01:00:00,00000000790,20230321010000,0.0,0.0,0.0,0.0,0.0,0.0,1.0,4,0.0,0.0,,,589268
2023-03-21 02:00:00,00000000790,20230321020000,0.0,0.0,0.0,0.0,0.0,0.0,1.0,4,0.0,0.0,,,589268
2023-03-21 03:00:00,00000000790,20230321030000,0.0,0.0,0.0,0.0,0.0,0.0,1.0,4,0.0,0.0,,,589268
2023-03-21 04:00:00,00000000790,20230321040000,0.0,0.0,0.0,0.0,0.0,0.0,1.0,4,0.0,0.0,,,589268
2023-03-21 05:00:00,00000000790,20230321050000,0.0,0.0,0.0,0.0,0.0,0.0,1.0,4,0.0,0.0,,,589268
2023-03-21 06:00:00,00000000790,20230321060000,0.0,0.0,0.0,0.0,0.0,0.0,1.0,4,0.0,0.0,,,589268
2023-03-21 07:00:00,00000000790,20230321070000,0.0,0.0,0.0,0.0,0.0,0.0,1.0,4,0.0,0.0,,,589268
2023-03-21 08:00:00,00000000790,20230321080000,0.0,0.0,0.0,0.0,0.0,0.0,1.0,4,0.0,0.0,,,589268
2023-03-21 09:00:00,00000000790,20230321090000,0.0,0.0,0.0,0.0,0.0,0.0,1.0,4,0.0,0.0,,,589268
2023-03-21 10:00:00,00000000790,20230321100000,0.0,0.0,0.0,0.0,0.0,0.0,1.0,4,0.0,0.0,,,589268
2023-03-21 11:00:00,00000000790,20230321110000,0.0,0.0,0.0,0.0,0.0,0.0,1.0,4,0.0,0.0,,,589268
2023-03-21 12:00:00,00000000790,20230321120000,0.0,0.0,0.0,0.0,0.0,0.0,1.0,4,0.0,0.0,,,589268
2023-03-21 13:00:00,00000000790,20230321130000,0.0,0.0,0.0,0.0,0.0,0.0,1.0,4,0.0,0.0,,,589268
2023-03-21 14:00:00,00000000790,20230321140000,0.0,0.0,0.0,0.0,0.0,0.0,1.0,4,0.0,0.0,,,589268
2023-03-21 15:00:00,00000000790,20230321150000,0.0,0.0,0.0,0.0,0.0,0.0,1.0,4,0.0,0.0,,,589268
2023-03-21 16:00:00,00000000790,20230321160000,0.0,0.0,0.0,0.0,0.0,0.0,1.0,4,0.0,0.0,,,589268
2023-03-21 17:00:00,00000000790,20230321170000,0.0,0.0,0.0,0.0,0.0,0.0,1.0,4,0.0,0.0,,,589268
2023-03-21 18:00:00,00000000790,20230321180000,0.0,0.0,0.0,0.0,0.0,0.0,1.0,4,0.0,0.0,,,589268
2023-03-21 19:00:00,00000000790,20230321190000,0.0,0.0,0.0,0.0,0.0,0.0,1.0,4,0.0,0.0,,,589268
2023-03-21 20:00:00,00000000790,20230321200000,0.0,0.0,0.0,0.0,0.0,0.0,1.0,4,0.0,0.0,,,589268
2023-03-21 21:00:00,00000000790,20230321210000,0.0,0.0,0.0,0.0,0.0,0.0,1.0,4,0.0,0.0,,,589268
2023-03-21 22:00:00,00000000790,20230321220000,0.0,0.0,0.0,0.0,0.0,0.0,1.0,4,0.0,0.0,,,589268
2023-03-21 23:00:00,00000000790,20230321230000,0.0,0.0,0.0,0.0,0.0,0.0,1.0,4,0.0,0.0,,,589268
2023-03-22 00:00:00,00000000790,20230322000000,0.0,0.0,0.0,0.0,0.0,0.0,1.0,4,0.0,0.0,,,589268
2023-03-22 01:00:00,00000000790,20230322010000,0.0,0.0,0.0,0.0,0.0,0.0,1.0,4,0.0,0.0,,,589268
2023-03-22 02:00:00,00000000790,20230322020000,0.0,0.0,0.0,0.0,0.0,0.0,1.0,4,0.0,0.0,,,589268
2023-03-22 03:00:00,00000000790,20230322030000,0.0,0.0,0.0,0.0,0.0,0.0,1.0,4,0.0,0.0,,,589268
2023-03-22 04:00:00,00000000790,20230322040000,0.0,0.0,0.0,0.0,0.0,0.0,1.0,4,0.0,0.0,,,589268
2023-03-22 05:00:00,00000000790,20230322050000,0.0,0.0,0.0,0.0,0.0,0.0,1.0,4,0.0,0.0,,,589268
2023-03-22 06:00:00,00000000790,20230322060000,0.0,0.0,0.0,0.0,0.0,0.0,1.0,4,0.0,0.0,,,589268
2023-03-22 07:00:00,00000000790,20230322070000,0.0,0.0,0.0,0.0,0.0,0.0,1.0,4,0.0,0.0,,,589268
2023-03-22 08:00:00,00000000790,20230322080000,0.0,0.0,0.0,0.0,0.0,0.0,1.0,4,0.0,0.0,,,589268
2023-03-22 09:00:00,00000000790,20230322090000,0.0,0.0,0.0,0.0,0.0,0.0,1.0,4,0.0,0.0,,,589268
2023-03-22 10:00:00,00000000790,20230322100000,0.0,0.0,0.0,0.0,0.0,0.0,1.0,4,0.0,0.0,,,589268
2023-03-22 11:00:00,00000000790,20230322110000,0.0,0.0,0.0,0.0,0.0,0.0,1.0,4,0.0,0.0,,,589268
2023-03-22 12:00:00,00000000790,20230322120000,0.0,0.0,0.0,0.0,0.0,0.0,1.0,4,0.0,0.0,,,589268
2023-03-22 13:00:00,00000000790,20230322130000,0.0,0.0,0.0,0.0,0.0,0.0,1.0,4,0.0,0.0,,,589268
2023-03-22 14:00:00,00000000790,20230322140000,0.0,0.0,0.0,0.0,0.0,0.0,1.0,4,0.0,0.0,,,589268
2023-03-22 15:00:00,00000000790,20230322150000,0.0,0.0,0.0,0.0,0.0,0.0,1.0,4,0.0,0.0,,,589268
2023-03-22 16:00:00,00000000790,20230322160000,0.0,0.0,0.0,0.0,0.0,0.0,1.0,4,0.0,0.0,,,589268
2023-03-22 17:00:00,00000000790,20230322170000,0.0,0.0,0.0,0.0,0.0,0.0,1.0,4,0.0,0.0,,,589268
2023-03-22 18:00:00,00000000790,20230322180000,0.0,0.0,0.0,0.0,0.0,0.0,1.0,4,0.0,0.0,,,589268
2023-03-22 19:00:00,00000000790,20230322190000,0.0,0.0,0.0,0.0,0.0,0.0,1.0,4,0.0,0.0,,,589268
2023-03-22 20:00:00,00000000790,20230322200000,0.0,0.0,0.0,0.0,0.0,0.0,1.0,4,0.0,0.0,,,589268
2023-03-22 21:00:00,00000000790,20230322210000,0.0,0.0,0.0,0.0,0.0,0.0,1.0,4,0.0,0.0,,,589268
2023-03-22 22:00:00,00000000790,20230322220000,0.0,0.0,0.0,0.0,0.0,0.0,1.0,4,0.0,0.0,,,589268
2023-03-22 23:00:00,00000000790,20230322230000,0.0,0.0,0.0,0.0,0.0,0.0,1.0,4,0.0,0.0,,,589268
2023-03-23 00:00:00,00000000790,20230323000000,0.0,0.0,0.0,0.0,0.0,0.0,1.0,4,0.0,0.0,,,589268
2023-03-23 01:00:00,00000000790,20230323010000,0.0,0.0,0.0,0.0,0.0,0.0,1.0,4,0.0,0.0,,,589268
2023-03-23 02:00:00,00000000790,20230323020000,0.0,0.0,0.0,0.0,0.0,0.0,1.0,4,0.0,0.0,,,589268
2023-03-23 03:00:00,00000000790,20230323030000,0.0,0.0,0.0,0.0,0.0,0.0,1.0,4,0.0,0.0,,,589268
2023-03-23 04:00:00,00000000790,20230323040000,0.0,0.0,0.0,0.0,0.0,0.0,1.0,4,0.0,0.0,,,589268
2023-03-23 05:00:00,00000000790,20230323050000,0.0,0.0,0.0,0.0,0.0,0.0,1.0,4,0.0,0.0,,,589268
2023-03-23 06:00:00,00000000790,20230323060000,0.0,0.0,0.0,0.0,0.0,0.0,1.0,4,0.0,0.0,,,589268
2023-03-23 07:00:00,00000000790,20230323070000,0.0,0.0,0.0,0.0,0.0,0.0,1.0,4,0.0,0.0,,,589268
2023-03-23 08:00:00,00000000790,20230323080000,0.0,0.0,0.0,0.0,0.0,0.0,1.0,4,0.0,0.0,,,589268
2023-03-23 09:00:00,00000000790,20230323090000,0.0,0.0,0.0,0.0,0.0,0.0,1.0,4,0.0,0.0,,,589268
2023-03-23 10:00:00,00000000790,20230323100000,0.0,0.0,0.0,0.0,0.0,0.0,1.0,4,0.0,0.0,,,589268
2023-03-23 11:00:00,00000000790,20230323110000,0.0,0.0,0.0,0.0,0.0,0.0,1.0,4,0.0,0.0,,,589268
2023-03-23 12:00:00,00000000790,20230323120000,0.0,0.0,0.0,0.0,0.0,0.0,1.0,4,0.0,0.0,,,589268
2023-03-23 13:00:00,00000000790,20230323130000,0.0,0.0,0.0,0.0,0.0,0.0,1.0,4,0.0,0.0,,,589268
2023-03-23 14:00:00,00000000790,20230323140000,0.0,0.0,0.0,0.0,0.0,0.0,1.0,4,0.0,0.0,,,589268
2023-03-23 15:00:00,00000000790,20230323150000,0.0,0.0,0.0,0.0,0.0,0.0,1.0,4,0.0,0.0,,,589268
2023-03-23 16:00:00,00000000790,20230323160000,0.0,0.0,0.0,0.0,0.0,0.0,1.0,4,0.0,0.0,,,589268
2023-03-23 17:00:00,00000000790,20230323170000,0.0,0.0,0.0,0.0,0.0,0.0,1.0,4,0.0,0.0,,,589268
2023-03-23 18:00:00,00000000790,20230323180000,0.0,0.0,0.0,0.0,0.0,0.0,1.0,4,0.0,0.0,,,589268
2023-03-23 19:00:00,00000000790,20230323190000,0.0,0.0,0.0,0.0,0.0,0.0,1.0,4,0.0,0.0,,,589268
2023-03-23 20:00:00,00000000790,20230323200000,0.0,0.0,0.0,0.0,0.0,0.0,1.0,4,0.0,0.0,,,589268
2023-03-23 21:00:00,00000000790,20230323210000,0.0,0.0,0.0,0.0,0.0,0.0,1.0,4,0.0,0.0,,,589268
2023-03-23 22:00:00,00000000790,20230323220000,0.0,0.0,0.0,0.0,0.0,0.0,1.0,4,0.0,0.0,,,589268
2023-03-23 23:00:00,00000000790,20230323230000,0.0,0.0,0.0,0.0,0.0,0.0,1.0,4,0.0,0.0,,,589268
2023-03-24 00:00:00,00000000790,20230324000000,0.0,0.0,0.0,0.0,0.0,0.0,1.0,4,0.0,0.0,,,589268
2023-03-24 01:00:00,00000000790,20230324010000,0.0,0.0,0.0,0.0,0.0,0.0,1.0,4,0.0,0.0,,,589268
2023-03-24 02:00:00,00000000790,20230324020000,0.0,0.0,0.0,0.0,0.0,0.0,1.0,4,0.0,0.0,,,589268
2023-03-24 03:00:00,00000000790,20230324030000,0.0,0.0,0.0,0.0,0.0,0.0,1.0,4,0.0,0.0,,,589268
2023-03-24 04:00:00,00000000790,20230324040000,0.0,0.0,0.0,0.0,0.0,0.0,1.0,4,0.0,0.0,,,589268
2023-03-24 05:00:00,00000000790,20230324050000,0.0,0.0,0.0,0.0,0.0,0.0,1.0,4,0.0,0.0,,,589268
2023-03-24 06:00:00,00000000790,20230324060000,0.0,0.0,0.0,0.0,0.0,0.0,1.0,4,0.0,0.0,,,589268
2023-03-24 07:00:00,00000000790,20230324070000,0.0,0.0,0.0,0.0,0.0,0.0,1.0,4,0.0,0.0,,,589268
2023-03-24 08:00:00,00000000790,20230324080000,0.0,0.0,0.0,0.0,0.0,0.0,1.0,4,0.0,0.0,,,589268
2023-03-24 09:00:00,00000000790,20230324090000,0.0,0.0,0.0,0.0,0.0,0.0,1.0,4,0.0,0.0,,,589268
2023-03-24 10:00:00,00000000790,20230324100000,0.0,0.0,0.0,0.0,0.0,0.0,1.0,4,0.0,0.0,,,589268
2023-03-24 11:00:00,00000000790,20230324110000,0.0,0.0,0.0,0.0,0.0,0.0,1.0,4,0.0,0.0,,,589268
2023-03-24 12:00:00,00000000790,20230324120000,0.0,0.0,0.0,0.0,0.0,0.0,1.0,4,0.0,0.0,,,589268
2023-03-24 13:00:00,00000000790,20230324130000,0.0,0.0,0.0,0.0,0.0,0.0,1.0,4,0.0,0.0,,,589268
2023-03-24 14:00:00,00000000790,20230324140000,0.0,0.0,0.0,0.0,0.0,0.0,1.0,4,0.0,0.0,,,589268
2023-03-24 15:00:00,00000000790,20230324150000,0.0,0.0,0.0,0.0,0.0,0.0,1.0,4,0.0,0.0,,,589268
2023-03-24 16:00:00,00000000790,20230324160000,0.0,0.0,0.0,0.0,0.0,0.0,1.0,4,0.0,0.0,,,589268
2023-03-24 17:00:00,00000000790,20230324170000,0.0,0.0,0.0,0.0,0.0,0.0,1.0,4,0.0,0.0,,,589268
2023-03-24 18:00:00,00000000790,20230324180000,0.0,0.0,0.0,0.0,0.0,0.0,1.0,4,0.0,0.0,,,589268
2023-03-24 19:00:00,00000000790,20230324190000,0.0,0.0,0.0,0.0,0.0,0.0,1.0,4,0.0,0.0,,,589268
2023-03-24 20:00:00,00000000790,20230324200000,0.0,0.0,0.0,0.0,0.0,0.0,1.0,4,0.0,0.0,,,589268
2023-03-24 21:00:00,00000000790,20230324210000,0.0,0.0,0.0,0.0,0.0,0.0,1.0,4,0.0,0.0,,,589268
2023-03-24 22:00:00,00000000790,20230324220000,0.0,0.0,0.0,0.0,0.0,0.0,1.0,4,0.0,0.0,,,589268
2023-03-24 23:00:00,00000000790,20230324230000,0.0,0.0,0.0,0.0,0.0,0.0,1.0,4,0.0,0.0,,,589268
2023-03-25 00:00:00,00000000790,20230325000000,0.0,0.0,0.0,0.0,0.0,0.0,1.0,4,0.0,0.0,,,589268
2023-03-25 01:00:00,00000000790,20230325010000,0.0,0.0,0.0,0.0,0.0,0.0,1.0,4,0.0,0.0,,,589268
2023-03-25 02:00:00,00000000790,20230325020000,0.0,0.0,0.0,0.0,0.0,0.0,1.0,4,0.0,0.0,,,589268
2023-03-25 03:00:00,00000000790,20230325030000,0.0,0.0,0.0,0.0,0.0,0.0,1.0,4,0.0,0.0,,,589268
2023-03-25 04:00:00,00000000790,20230325040000,0.0,0.0,0.0,0.0,0.0,0.0,1.0,4,0.0,0.0,,,589268
2023-03-25 05:00:00,00000000790,20230325050000,0.0,0.0,0.0,0.0,0.0,0.0,1.0,4,0.0,0.0,,,589268
2023-03-25 06:00:00,00000000790,20230325060000,0.0,0.0,0.0,0.0,0.0,0.0,1.0,4,0.0,0.0,,,589268
2023-03-25 07:00:00,00000000790,20230325070000,0.0,0.0,0.0,0.0,0.0,0.0,1.0,4,0.0,0.0,,,589268
2023-03-25 08:00:00,00000000790,20230325080000,0.0,0.0,0.0,0.0,0.0,0.0,1.0,4,0.0,0.0,,,589268
2023-03-25 09:00:00,00000000790,20230325090000,0.0,0.0,0.0,0.0,0.0,0.0,1.0,4,0.0,0.0,,,589268
2023-03-25 10:00:00,00000000790,20230325100000,0.0,0.0,0.0,0.0,0.0,0.0,1.0,4,0.0,0.0,,,589268
2023-03-25 11:00:00,00000000790,20230325110000,0.0,0.0,0.0,0.0,0.0,0.0,1.0,4,0.0,0.0,,,589268
2023-03-25 12:00:00,00000000790,20230325120000,0.0,0.0,0.0,0.0,0.0,0.0,1.0,4,0.0,0.0,,,589268
2023-03-25 13:00:00,00000000790,20230325130000,0.0,0.0,0.0,0.0,0.0,0.0,1.0,4,0.0,0.0,,,589268
2023-03-25 14:00:00,00000000790,20230325140000,0.0,0.0,0.0,0.0,0.0,0.0,1.0,4,0.0,0.0,,,589268
2023-03-25 15:00:00,00000000790,20230325150000,0.0,0.0,0.0,0.0,0.0,0.0,1.0,4,0.0,0.0,,,589268
2023-03-25 16:00:00,00000000790,20230325160000,0.0,0.0,0.0,0.0,0.0,0.0,1.0,4,0.0,0.0,,,589268
2023-03-25 17:00:00,00000000790,20230325170000,0.0,0.0,0.0,0.0,0.0,0.0,1.0,4,0.0,0.0,,,589268
2023-03-25 18:00:00,00000000790,20230325180000,0.0,0.0,0.0,0.0,0.0,0.0,1.0,4,0.0,0.0,,,589268
2023-03-25 19:00:00,00000000790,20230325190000,0.0,0.0,0.0,0.0,0.0,0.0,1.0,4,0.0,0.0,,,589268
2023-03-25 20:00:00,00000000790,20230325200000,0.0,0.0,0.0,0.0,0.0,0.0,1.0,4,0.0,0.0,,,589268
2023-03-25 21:00:00,00000000790,20230325210000,0.0,0.0,0.0,0.0,0.0,0.0,1.0,4,0.0,0.0,,,589268
2023-03-25 22:00:00,00000000790,20230325220000,0.0,0.0,0.0,0.0,0.0,0.0,1.0,4,0.0,0.0,,,589268
2023-03-25 23:00:00,00000000790,20230325230000,0.0,0.0,0.0,0.0,0.0,0.0,1.0,4,0.0,0.0,,,589268
2023-03-26 00:00:00,00000000790,20230326000000,0.0,0.0,0.0,0.0,0.0,0.0,1.0,4,0.0,0.0,,,589268
2023-03-26 01:00:00,00000000790,20230326010000,0.0,0.0,0.0,0.0,0.0,0.0,1.0,4,0.0,0.0,,,589268
2023-03-26 02:00:00,00000000790,20230326020000,0.0,0.0,0.0,0.0,0.0,0.0,1.0,4,0.0,0.0,,,589268
2023-03-26 03:00:00,00000000790,20230326030000,0.0,0.0,0.0,0.0,0.0,0.0,1.0,4,0.0,0.0,,,589268
2023-03-26 04:00:00,00000000790,20230326040000,0.0,0.0,0.0,0.0,0.0,0.0,1.0,4,0.0,0.0,,,589268
2023-03-26 05:00:00,00000000790,20230326050000,0.0,0.0,0.0,0.0,0.0,0.0,1.0,4,0.0,0.0,,,589268
2023-03-26 06:00:00,00000000790,20230326060000,0.0,0.0,0.0,0.0,0.0,0.0,1.0,4,0.0,0.0,,,589268
2023-03-26 07:00:00,00000000790,20230326070000,0.0,0.0,0.0,0.0,0.0,0.0,1.0,4,0.0,0.0,,,589268
2023-03-26 08:00:00,00000000790,20230326080000,0.0,0.0,0.0,0.0,0.0,0.0,1.0,4,0.0,0.0,,,589268
2023-03-26 09:00:00,00000000790,20230326090000,0.0,0.0,0.0,0.0,0.0,0.0,1.0,4,0.0,0.0,,,589268
2023-03-26 10:00:00,00000000790,20230326100000,0.0,0.0,0.0,0.0,0.0,0.0,1.0,4,0.0,0.0,,,589268
2023-03-26 11:00:00,00000000790,20230326110000,0.0,0.0,0.0,0.0,0.0,0.0,1.0,4,0.0,0.0,,,589268
2023-03-26 12:00:00,00000000790,20230326120000,0.0,0.0,0.0,0.0,0.0,0.0,1.0,4,0.0,0.0,,,589268
2023-03-26 13:00:00,00000000790,20230326130000,0.0,0.0,0.0,0.0,0.0,0.0,1.0,4,0.0,0.0,,,589268
2023-03-26 14:00:00,00000000790,20230326140000,0.0,0.0,0.0,0.0,0.0,0.0,1.0,4,0.0,0.0,,,589268
2023-03-26 15:00:00,00000000790,20230326150000,0.0,0.0,0.0,0.0,0.0,0.0,1.0,4,0.0,0.0,,,589268
2023-03-26 16:00:00,00000000790,20230326160000,0.0,0.0,0.0,0.0,0.0,0.0,1.0,4,0.0,0.0,,,589268
2023-03-26 17:00:00,00000000790,20230326170000,0.0,0.0,0.0,0.0,0.0,0.0,1.0,4,0.0,0.0,,,589268
2023-03-26 18:00:00,00000000790,20230326180000,0.0,0.0,0.0,0.0,0.0,0.0,1.0,4,0.0,0.0,,,589268
2023-03-26 19:00:00,00000000790,20230326190000,0.0,0.0,0.0,0.0,0.0,0.0,1.0,4,0.0,0.0,,,589268
2023-03-26 20:00:00,00000000790,20230326200000,0.0,0.0,0.0,0.0,0.0,0.0,1.0,4,0.0,0.0,,,589268
2023-03-26 21:00:00,00000000790,20230326210000,0.0,0.0,0.0,0.0,0.0,0.0,1.0,4,0.0,0.0,,,589268
2023-03-26 22:00:00,00000000790,20230326220000,0.0,0.0,0.0,0.0,0.0,0.0,1.0,4,0.0,0.0,,,589268
2023-03-26 23:00:00,00000000790,20230326230000,0.0,0.0,0.0,0.0,0.0,0.0,1.0,4,0.0,0.0,,,589268
2023-03-27 00:00:00,00000000790,20230327000000,0.0,0.0,0.0,0.0,0.0,0.0,1.0,4,0.0,0.0,,,589268
2023-03-27 01:00:00,00000000790,20230327010000,0.0,0.0,0.0,0.0,0.0,0.0,1.0,4,0.0,0.0,,,589268
2023-03-27 02:00:00,00000000790,20230327020000,0.0,0.0,0.0,0.0,0.0,0.0,1.0,4,0.0,0.0,,,589268
2023-03-27 03:00:00,00000000790,20230327030000,0.0,0.0,0.0,0.0,0.0,0.0,1.0,4,0.0,0.0,,,589268
2023-03-27 04:00:00,00000000790,20230327040000,0.0,0.0,0.0,0.0,0.0,0.0,1.0,4,0.0,0.0,,,589268
2023-03-27 05:00:00,00000000790,20230327050000,0.0,0.0,0.0,0.0,0.0,0.0,1.0,4,0.0,0.0,,,589268
2023-03-27 06:00:00,00000000790,20230327060000,0.0,0.0,0.0,0.0,0.0,0.0,1.0,4,0.0,0.0,,,589268
2023-03-27 07:00:00,00000000790,20230327070000,0.0,0.0,0.0,0.0,0.0,0.0,1.0,4,0.0,0.0,,,589268
2023-03-27 08:00:00,00000000790,20230327080000,0.0,0.0,0.0,0.0,0.0,0.0,1.0,4,0.0,0.0,,,589268
2023-03-27 09:00:00,00000000790,20230327090000,0.0,0.0,0.0,0.0,0.0,0.0,1.0,4,0.0,0.0,,,589268
2023-03-27 10:00:00,00000000790,20230327100000,0.0,0.0,0.0,0.0,0.0,0.0,1.0,4,0.0,0.0,,,589268
2023-03-27 11:00:00,00000000790,20230327110000,0.0,0.0,0.0,0.0,0.0,0.0,1.0,4,0.0,0.0,,,589268
2023-03-27 12:00:00,00000000790,20230327120000,0.0,0.0,0.0,0.0,0.0,0.0,1.0,4,0.0,0.0,,,589268
2023-03-27 13:00:00,00000000790,20230327130000,0.0,0.0,0.0,0.0,0.0,0.0,1.0,4,0.0,0.0,,,589268
2023-03-27 14:00:00,00000000790,20230327140000,0.0,0.0,0.0,0.0,0.0,0.0,1.0,4,0.0,0.0,,,589268
2023-03-27 15:00:00,00000000790,20230327150000,0.0,0.0,0.0,0.0,0.0,0.0,1.0,4,0.0,0.0,,,589268
2023-03-27 16:00:00,00000000790,20230327160000,0.0,0.0,0.0,0.0,0.0,0.0,1.0,4,0.0,0.0,,,589268
2023-03-27 17:00:00,00000000790,20230327170000,0.0,0.0,0.0,0.0,0.0,0.0,1.0,4,0.0,0.0,,,589268
2023-03-27 18:00:00,00000000790,20230327180000,0.0,0.0,0.0,0.0,0.0,0.0,1.0,4,0.0,0.0,,,589268
2023-03-27 19:00:00,00000000790,20230327190000,0.0,0.0,0.0,0.0,0.0,0.0,1.0,4,0.0,0.0,,,589268
2023-03-27 20:00:00,00000000790,20230327200000,0.0,0.0,0.0,0.0,0.0,0.0,1.0,4,0.0,0.0,,,589268
2023-03-27 21:00:00,00000000790,20230327210000,0.0,0.0,0.0,0.0,0.0,0.0,1.0,4,0.0,0.0,,,589268
2023-03-27 22:00:00,00000000790,20230327220000,0.0,0.0,0.0,0.0,0.0,0.0,1.0,4,0.0,0.0,,,589268
2023-03-27 23:00:00,00000000790,20230327230000,0.0,0.0,0.0,0.0,0.0,0.0,1.0,4,0.0,0.0,,,589268
2023-03-28 00:00:00,00000000790,20230328000000,0.0,0.0,0.0,0.0,0.0,0.0,1.0,4,0.0,0.0,,,589268
2023-03-28 01:00:00,00000000790,20230328010000,0.0,0.0,0.0,0.0,0.0,0.0,1.0,4,0.0,0.0,,,589268
2023-03-28 02:00:00,00000000790,20230328020000,0.0,0.0,0.0,0.0,0.0,0.0,1.0,4,0.0,0.0,,,589268
2023-03-28 03:00:00,00000000790,20230328030000,0.0,0.0,0.0,0.0,0.0,0.0,1.0,4,0.0,0.0,,,589268
2023-03-28 04:00:00,00000000790,20230328040000,0.0,0.0,0.0,0.0,0.0,0.0,1.0,4,0.0,0.0,,,589268
2023-03-28 05:00:00,00000000790,20230328050000,0.0,0.0,0.0,0.0,0.0,0.0,1.0,4,0.0,0.0,,,589268
2023-03-28 06:00:00,00000000790,20230328060000,0.0,0.0,0.0,0.0,0.0,0.0,1.0,4,0.0,0.0,,,589268
2023-03-28 07:00:00,00000000790,20230328070000,0.0,0.0,0.0,0.0,0.0,0.0,1.0,4,0.0,0.0,,,589268
2023-03-28 08:00:00,00000000790,20230328080000,0.0,0.0,0.0,0.0,0.0,0.0,1.0,4,0.0,0.0,,,589268
2023-03-28 09:00:00,00000000790,20230328090000,0.0,0.0,0.0,0.0,0.0,0.0,1.0,4,0.0,0.0,,,589268
2023-03-28 10:00:00,00000000790,20230328100000,0.0,0.0,0.0,0.0,0.0,0.0,1.0,4,0.0,0.0,,,589268
2023-03-28 11:00:00,00000000790,20230328110000,0.0,0.0,0.0,0.0,0.0,0.0,1.0,4,0.0,0.0,,,589268
2023-03-28 12:00:00,00000000790,20230328120000,0.0,0.0,0.0,0.0,0.0,0.0,1.0,4,0.0,0.0,,,589268
2023-03-28 13:00:00,00000000790,20230328130000,0.0,0.0,0.0,0.0,0.0,0.0,1.0,4,0.0,0.0,,,589268
2023-03-28 14:00:00,00000000790,20230328140000,0.0,0.0,0.0,0.0,0.0,0.0,1.0,4,0.0,0.0,,,589268
2023-03-28 15:00:00,00000000790,20230328150000,0.0,0.0,0.0,0.0,0.0,0.0,1.0,4,0.0,0.0,,,589268
2023-03-28 16:00:00,00000000790,20230328160000,0.0,0.0,0.0,0.0,0.0,0.0,1.0,4,0.0,0.0,,,589268
2023-03-28 17:00:00,00000000790,20230328170000,0.0,0.0,0.0,0.0,0.0,0.0,1.0,4,0.0,0.0,,,589268
2023-03-28 18:00:00,00000000790,20230328180000,0.0,0.0,0.0,0.0,0.0,0.0,1.0,4,0.0,0.0,,,589268
2023-03-28 19:00:00,00000000790,20230328190000,0.0,0.0,0.0,0.0,0.0,0.0,1.0,4,0.0,0.0,,,589268
2023-03-28 20:00:00,00000000790,20230328200000,0.0,0.0,0.0,0.0,0.0,0.0,1.0,4,0.0,0.0,,,589268
2023-03-28 21:00:00,00000000790,20230328210000,0.0,0.0,0.0,0.0,0.0,0.0,1.0,4,0.0,0.0,,,589268
2023-03-28 22:00:00,00000000790,20230328220000,0.0,0.0,0.0,0.0,0.0,0.0,1.0,4,0.0,0.0,,,589268
2023-03-28 23:00:00,00000000790,20230328230000,0.0,0.0,0.0,0.0,0.0,0.0,1.0,4,0.0,0.0,,,589268
2023-03-29 00:00:00,00000000790,20230329000000,0.0,0.0,0.0,0.0,0.0,0.0,1.0,4,0.0,0.0,,,589268
2023-03-29 01:00:00,00000000790,20230329010000,0.0,0.0,0.0,0.0,0.0,0.0,1.0,4,0.0,0.0,,,589268
2023-03-29 02:00:00,00000000790,20230329020000,0.0,0.0,0.0,0.0,0.0,0.0,1.0,4,0.0,0.0,,,589268
2023-03-29 03:00:00,00000000790,20230329030000,0.0,0.0,0.0,0.0,0.0,0.0,1.0,4,0.0,0.0,,,589268
2023-03-29 04:00:00,00000000790,20230329040000,0.0,0.0,0.0,0.0,0.0,0.0,1.0,4,0.0,0.0,,,589268
2023-03-29 05:00:00,00000000790,20230329050000,0.0,0.0,0.0,0.0,0.0,0.0,1.0,4,0.0,0.0,,,589268
2023-03-29 06:00:00,00000000790,20230329060000,0.0,0.0,0.0,0.0,0.0,0.0,1.0,4,0.0,0.0,,,589268
2023-03-29 07:00:00,00000000790,20230329070000,0.0,0.0,0.0,0.0,0.0,0.0,1.0,4,0.0,0.0,,,589268
2023-03-29 08:00:00,00000000790,20230329080000,0.0,0.0,0.0,0.0,0.0,0.0,1.0,4,0.0,0.0,,,589268
2023-03-29 09:00:00,00000000790,20230329090000,0.0,0.0,0.0,0.0,0.0,0.0,1.0,4,0.0,0.0,,,589268
2023-03-29 10:00:00,00000000790,20230329100000,0.0,0.0,0.0,0.0,0.0,0.0,1.0,4,0.0,0.0,,,589268
2023-03-29 11:00:00,00000000790,20230329110000,0.0,0.0,0.0,0.0,0.0,0.0,1.0,4,0.0,0.0,,,589268
2023-03-29 12:00:00,00000000790,20230329120000,0.0,0.0,0.0,0.0,0.0,0.0,1.0,4,0.0,0.0,,,589268
2023-03-29 13:00:00,00000000790,20230329130000,0.0,0.0,0.0,0.0,0.0,0.0,1.0,4,0.0,0.0,,,589268
2023-03-29 14:00:00,00000000790,20230329140000,0.0,0.0,0.0,0.0,0.0,0.0,1.0,4,0.0,0.0,,,589268
2023-03-29 15:00:00,00000000790,20230329150000,0.0,0.0,0.0,0.0,0.0,0.0,1.0,4,0.0,0.0,,,589268
2023-03-29 16:00:00,00000000790,20230329160000,0.0,0.0,0.0,0.0,0.0,0.0,1.0,4,0.0,0.0,,,589268
2023-03-29 17:00:00,00000000790,20230329170000,0.0,0.0,0.0,0.0,0.0,0.0,1.0,4,0.0,0.0,,,589268
2023-03-29 18:00:00,00000000790,20230329180000,0.0,0.0,0.0,0.0,0.0,0.0,1.0,4,0.0,0.0,,,589268
2023-03-29 19:00:00,00000000790,20230329190000,0.0,0.0,0.0,0.0,0.0,0.0,1.0,4,0.0,0.0,,,589268
2023-03-29 20:00:00,00000000790,20230329200000,0.0,0.0,0.0,0.0,0.0,0.0,1.0,4,0.0,0.0,,,589268
2023-03-29 21:00:00,00000000790,20230329210000,0.0,0.0,0.0,0.0,0.0,0.0,1.0,4,0.0,0.0,,,589268
2023-03-29 22:00:00,00000000790,20230329220000,0.0,0.0,0.0,0.0,0.0,0.0,1.0,4,0.0,0.0,,,589268
2023-03-29 23:00:00,00000000790,20230329230000,0.0,0.0,0.0,0.0,0.0,0.0,1.0,4,0.0,0.0,,,589268
2023-03-30 00:00:00,00000000790,20230330000000,0.0,0.0,0.0,0.0,0.0,0.0,1.0,4,0.0,0.0,,,589268
2023-03-30 01:00:00,00000000790,20230330010000,0.0,0.0,0.0,0.0,0.0,0.0,1.0,4,0.0,0.0,,,589268
2023-03-30 02:00:00,00000000790,20230330020000,0.0,0.0,0.0,0.0,0.0,0.0,1.0,4,0.0,0.0,,,589268
2023-03-30 03:00:00,00000000790,20230330030000,0.0,0.0,0.0,0.0,0.0,0.0,1.0,4,0.0,0.0,,,589268
2023-03-30 04:00:00,00000000790,20230330040000,0.0,0.0,0.0,0.0,0.0,0.0,1.0,4,0.0,0.0,,,589268
2023-03-30 05:00:00,00000000790,20230330050000,0.0,0.0,0.0,0.0,0.0,0.0,1.0,4,0.0,0.0,,,589268
2023-03-30 06:00:00,00000000790,20230330060000,0.0,0.0,0.0,0.0,0.0,0.0,1.0,4,0.0,0.0,,,589268
2023-03-30 07:00:00,00000000790,20230330070000,0.0,0.0,0.0,0.0,0.0,0.0,1.0,4,0.0,0.0,,,589268
2023-03-30 08:00:00,00000000790,20230330080000,0.0,0.0,0.0,0.0,0.0,0.0,1.0,4,0.0,0.0,,,589268
2023-03-30 09:00:00,00000000790,20230330090000,0.0,0.0,0.0,0.0,0.0,0.0,1.0,4,0.0,0.0,,,589268
2023-03-30 10:00:00,00000000790,20230330100000,0.0,0.0,0.0,0.0,0.0,0.0,1.0,4,0.0,0.0,,,589268
2023-03-30 11:00:00,00000000790,20230330110000,0.0,0.0,0.0,0.0,0.0,0.0,1.0,4,0.0,0.0,,,589268
2023-03-30 12:00:00,00000000790,20230330120000,0.0,0.0,0.0,0.0,0.0,0.0,1.0,4,0.0,0.0,,,589268
2023-03-30 13:00:00,00000000790,20230330130000,0.0,0.0,0.0,0.0,0.0,0.0,1.0,4,0.0,0.0,,,589268
2023-03-30 14:00:00,00000000790,20230330140000,0.0,0.0,0.0,0.0,0.0,0.0,1.0,4,0.0,0.0,,,589268
2023-03-30 15:00:00,00000000790,20230330150000,0.0,0.0,0.0,0.0,0.0,0.0,1.0,4,0.0,0.0,,,589268
2023-03-30 16:00:00,00000000790,20230330160000,0.0,0.0,0.0,0.0,0.0,0.0,1.0,4,0.0,0.0,,,589268
2023-03-30 17:00:00,00000000790,20230330170000,0.0,0.0,0.0,0.0,0.0,0.0,1.0,4,0.0,0.0,,,589268
2023-03-30 18:00:00,00000000790,20230330180000,0.0,0.0,0.0,0.0,0.0,0.0,1.0,4,0.0,0.0,,,589268
2023-03-30 19:00:00,00000000790,20230330190000,0.0,0.0,0.0,0.0,0.0,0.0,1.0,4,0.0,0.0,,,589268
2023-03-30 20:00:00,00000000790,20230330200000,0.0,0.0,0.0,0.0,0.0,0.0,1.0,4,0.0,0.0,,,589268
2023-03-30 21:00:00,00000000790,20230330210000,0.0,0.0,0.0,0.0,0.0,0.0,1.0,4,0.0,0.0,,,589268
2023-03-30 22:00:00,00000000790,20230330220000,0.0,0.0,0.0,0.0,0.0,0.0,1.0,4,0.0,0.0,,,589268
2023-03-30 23:00:00,00000000790,20230330230000,0.0,0.0,0.0,0.0,0.0,0.0,1.0,4,0.0,0.0,,,589268
2023-03-31 00:00:00,00000000790,20230331000000,0.0,0.0,0.0,0.0,0.0,0.0,1.0,4,0.0,0.0,,,589268
2023-03-31 01:00:00,00000000790,20230331010000,0.0,0.0,0.0,0.0,0.0,0.0,1.0,4,0.0,0.0,,,589268
2023-03-31 02:00:00,00000000790,20230331020000,0.0,0.0,0.0,0.0,0.0,0.0,1.0,4,0.0,0.0,,,589268
2023-03-31 03:00:00,00000000790,20230331030000,0.0,0.0,0.0,0.0,0.0,0.0,1.0,4,0.0,0.0,,,589268
2023-03-31 04:00:00,00000000790,20230331040000,0.0,0.0,0.0,0.0,0.0,0.0,1.0,4,0.0,0.0,,,589268
2023-03-31 05:00:00,00000000790,20230331050000,0.0,0.0,0.0,0.0,0.0,0.0,1.0,4,0.0,0.0,,,589268
2023-03-31 06:00:00,00000000790,20230331060000,0.0,0.0,0.0,0.0,0.0,0.0,1.0,4,0.0,0.0,,,589268
2023-03-31 07:00:00,00000000790,20230331070000,0.0,0.0,0.0,0.0,0.0,0.0,1.0,4,0.0,0.0,,,589268
2023-03-31 08:00:00,00000000790,20230331080000,0.0,0.0,0.0,0.0,0.0,0.0,1.0,4,0.0,0.0,,,589268
2023-03-31 09:00:00,00000000790,20230331090000,0.0,0.0,0.0,0.0,0.0,0.0,1.0,4,0.0,0.0,,,589268
2023-03-31 10:00:00,00000000790,20230331100000,0.0,0.0,0.0,0.0,0.0,0.0,1.0,4,0.0,0.0,,,589268
2023-03-31 11:00:00,00000000790,20230331110000,0.0,0.0,0.0,0.0,0.0,0.0,1.0,4,0.0,0.0,,,589268
2023-03-31 12:00:00,00000000790,20230331120000,0.0,0.0,0.0,0.0,0.0,0.0,1.0,4,0.0,0.0,,,589268
2023-03-31 13:00:00,00000000790,20230331130000,0.0,0.0,0.0,0.0,0.0,0.0,1.0,4,0.0,0.0,,,589268
2023-03-31 14:00:00,00000000790,20230331140000,0.0,0.0,0.0,0.0,0.0,0.0,1.0,4,0.0,0.0,,,589268
2023-03-31 15:00:00,00000000790,20230331150000,0.0,0.0,0.0,0.0,0.0,0.0,1.0,4,0.0,0.0,,,589268
2023-03-31 16:00:00,00000000790,20230331160000,0.0,0.0,0.0,0.0,0.0,0.0,1.0,4,0.0,0.0,,,589268
2023-03-31 17:00:00,00000000790,20230331170000,0.0,0.0,0.0,0.0,0.0,0.0,1.0,4,0.0,0.0,,,589268
2023-03-31 18:00:00,00000000790,20230331180000,0.0,0.0,0.0,0.0,0.0,0.0,1.0,4,0.0,0.0,,,589268
2023-03-31 19:00:00,00000000790,20230331190000,0.0,0.0,0.0,0.0,0.0,0.0,1.0,4,0.0,0.0,,,589268
2023-03-31 20:00:00,00000000790,20230331200000,0.0,0.0,0.0,0.0,0.0,0.0,1.0,4,0.0,0.0,,,589268
2023-03-31 21:00:00,00000000790,20230331210000,0.0,0.0,0.0,0.0,0.0,0.0,1.0,4,0.0,0.0,,,589268
2023-03-31 22:00:00,00000000790,20230331220000,0.0,0.0,0.0,0.0,0.0,0.0,1.0,4,0.0,0.0,,,589268
2023-03-31 23:00:00,00000000790,20230331230000,0.0,0.0,0.0,0.0,0.0,0.0,1.0,4,0.0,0.0,,,589268
2023-04-01 00:00:00,00000000790,20230401000000,0.0,0.0,0.0,0.0,0.0,0.0,1.0,4,0.0,0.0,,,589268
2023-04-01 01:00:00,00000000790,20230401010000,0.0,0.0,0.0,0.0,0.0,0.0,1.0,4,0.0,0.0,,,589268
2023-04-01 02:00:00,00000000790,20230401020000,0.0,0.0,0.0,0.0,0.0,0.0,1.0,4,0.0,0.0,,,589268
2023-04-01 03:00:00,00000000790,20230401030000,0.0,0.0,0.0,0.0,0.0,0.0,1.0,4,0.0,0.0,,,589268
2023-04-01 04:00:00,00000000790,20230401040000,0.0,0.0,0.0,0.0,0.0,0.0,1.0,4,0.0,0.0,,,589268
2023-04-01 05:00:00,00000000790,20230401050000,0.0,0.0,0.0,0.0,0.0,0.0,1.0,4,0.0,0.0,,,589268
2023-04-01 06:00:00,00000000790,20230401060000,0.0,0.0,0.0,0.0,0.0,0.0,1.0,4,0.0,0.0,,,589268
2023-04-01 07:00:00,00000000790,20230401070000,0.0,0.0,0.0,0.0,0.0,0.0,1.0,4,0.0,0.0,,,589268
2023-04-01 08:00:00,00000000790,20230401080000,0.0,0.0,0.0,0.0,0.0,0.0,1.0,4,0.0,0.0,,,589268
2023-04-01 09:00:00,00000000790,20230401090000,0.0,0.0,0.0,0.0,0.0,0.0,1.0,4,0.0,0.0,,,589268
2023-04-01 10:00:00,00000000790,20230401100000,0.0,0.0,0.0,0.0,0.0,0.0,1.0,4,0.0,0.0,,,589268
2023-04-01 11:00:00,00000000790,20230401110000,0.0,0.0,0.0,0.0,0.0,0.0,1.0,4,0.0,0.0,,,589268
2023-04-01 12:00:00,00000000790,20230401120000,0.0,0.0,0.0,0.0,0.0,0.0,1.0,4,0.0,0.0,,,589268
2023-04-01 13:00:00,00000000790,20230401130000,0.0,0.0,0.0,0.0,0.0,0.0,1.0,4,0.0,0.0,,,589268
2023-04-01 14:00:00,00000000790,20230401140000,0.0,0.0,0.0,0.0,0.0,0.0,1.0,4,0.0,0.0,,,589268
2023-04-01 15:00:00,00000000790,20230401150000,0.0,0.0,0.0,0.0,0.0,0.0,1.0,4,0.0,0.0,,,589268
2023-04-01 16:00:00,00000000790,20230401160000,0.0,0.0,0.0,0.0,0.0,0.0,1.0,4,0.0,0.0,,,589268
2023-04-01 17:00:00,00000000790,20230401170000,0.0,0.0,0.0,0.0,0.0,0.0,1.0,4,0.0,0.0,,,589268
2023-04-01 18:00:00,00000000790,20230401180000,0.0,0.0,0.0,0.0,0.0,0.0,1.0,4,0.0,0.0,,,589268
2023-04-01 19:00:00,00000000790,20230401190000,0.0,0.0,0.0,0.0,0.0,0.0,1.0,4,0.0,0.0,,,589268
2023-04-01 20:00:00,00000000790,20230401200000,0.0,0.0,0.0,0.0,0.0,0.0,1.0,4,0.0,0.0,,,589268
2023-04-01 21:00:00,00000000790,20230401210000,0.0,0.0,0.0,0.0,0.0,0.0,1.0,4,0.0,0.0,,,589268
2023-04-01 22:00:00,00000000790,20230401220000,0.0,0.0,0.0,0.0,0.0,0.0,1.0,4,0.0,0.0,,,589268
2023-04-01 23:00:00,00000000790,20230401230000,0.0,0.0,0.0,0.0,0.0,0.0,1.0,4,0.0,0.0,,,589268
2023-04-02 00:00:00,00000000790,20230402000000,0.0,0.0,0.0,0.0,0.0,0.0,1.0,4,0.0,0.0,,,589268
2023-04-02 01:00:00,00000000790,20230402010000,0.0,0.0,0.0,0.0,0.0,0.0,1.0,4,0.0,0.0,,,589268
2023-04-02 02:00:00,00000000790,20230402020000,0.0,0.0,0.0,0.0,0.0,0.0,1.0,4,0.0,0.0,,,589268
2023-04-02 03:00:00,00000000790,20230402030000,0.0,0.0,0.0,0.0,0.0,0.0,1.0,4,0.0,0.0,,,589268
2023-04-02 04:00:00,00000000790,20230402040000,0.0,0.0,0.0,0.0,0.0,0.0,1.0,4,0.0,0.0,,,589268
2023-04-02 05:00:00,00000000790,20230402050000,0.0,0.0,0.0,0.0,0.0,0.0,1.0,4,0.0,0.0,,,589268
2023-04-02 06:00:00,00000000790,20230402060000,0.0,0.0,0.0,0.0,0.0,0.0,1.0,4,0.0,0.0,,,589268
2023-04-02 07:00:00,00000000790,20230402070000,0.0,0.0,0.0,0.0,0.0,0.0,1.0,4,0.0,0.0,,,589268
2023-04-02 08:00:00,00000000790,20230402080000,0.0,0.0,0.0,0.0,0.0,0.0,1.0,4,0.0,0.0,,,589268
2023-04-02 09:00:00,00000000790,20230402090000,0.0,0.0,0.0,0.0,0.0,0.0,1.0,4,0.0,0.0,,,589268
2023-04-02 10:00:00,00000000790,20230402100000,0.0,0.0,0.0,0.0,0.0,0.0,1.0,4,0.0,0.0,,,589268
2023-04-02 11:00:00,00000000790,20230402110000,0.0,0.0,0.0,0.0,0.0,0.0,1.0,4,0.0,0.0,,,589268
2023-04-02 12:00:00,00000000790,20230402120000,0.0,0.0,0.0,0.0,0.0,0.0,1.0,4,0.0,0.0,,,589268
2023-04-02 13:00:00,00000000790,20230402130000,0.0,0.0,0.0,0.0,0.0,0.0,1.0,4,0.0,0.0,,,589268
2023-04-02 14:00:00,00000000790,20230402140000,0.0,0.0,0.0,0.0,0.0,0.0,1.0,4,0.0,0.0,,,589268
2023-04-02 15:00:00,00000000790,20230402150000,0.0,0.0,0.0,0.0,0.0,0.0,1.0,4,0.0,0.0,,,589268
2023-04-02 16:00:00,00000000790,20230402160000,0.0,0.0,0.0,0.0,0.0,0.0,1.0,4,0.0,0.0,,,589268
2023-04-02 17:00:00,00000000790,20230402170000,0.0,0.0,0.0,0.0,0.0,0.0,1.0,4,0.0,0.0,,,589268
2023-04-02 18:00:00,00000000790,20230402180000,0.0,0.0,0.0,0.0,0.0,0.0,1.0,4,0.0,0.0,,,589268
2023-04-02 19:00:00,00000000790,20230402190000,0.0,0.0,0.0,0.0,0.0,0.0,1.0,4,0.0,0.0,,,589268
2023-04-02 20:00:00,00000000790,20230402200000,0.0,0.0,0.0,0.0,0.0,0.0,1.0,4,0.0,0.0,,,589268
2023-04-02 21:00:00,00000000790,20230402210000,0.0,0.0,0.0,0.0,0.0,0.0,1.0,4,0.0,0.0,,,589268
2023-04-02 22:00:00,00000000790,20230402220000,0.0,0.0,0.0,0.0,0.0,0.0,1.0,4,0.0,0.0,,,589268
2023-04-02 23:00:00,00000000790,20230402230000,0.0,0.0,0.0,0.0,0.0,0.0,1.0,4,0.0,0.0,,,589268
2023-04-03 00:00:00,00000000790,20230403000000,0.0,0.0,0.0,0.0,0.0,0.0,1.0,4,0.0,0.0,,,589268
2023-04-03 01:00:00,00000000790,20230403010000,0.0,0.0,0.0,0.0,0.0,0.0,1.0,4,0.0,0.0,,,589268
2023-04-03 02:00:00,00000000790,20230403020000,0.0,0.0,0.0,0.0,0.0,0.0,1.0,4,0.0,0.0,,,589268
2023-04-03 03:00:00,00000000790,20230403030000,0.0,0.0,0.0,0.0,0.0,0.0,1.0,4,0.0,0.0,,,589268
2023-04-03 04:00:00,00000000790,20230403040000,0.0,0.0,0.0,0.0,0.0,0.0,1.0,4,0.0,0.0,,,589268
2023-04-03 05:00:00,00000000790,20230403050000,0.0,0.0,0.0,0.0,0.0,0.0,1.0,4,0.0,0.0,,,589268
2023-04-03 06:00:00,00000000790,20230403060000,0.0,0.0,0.0,0.0,0.0,0.0,1.0,4,0.0,0.0,,,589268
2023-04-03 07:00:00,00000000790,20230403070000,0.0,0.0,0.0,0.0,0.0,0.0,1.0,4,0.0,0.0,,,589268
2023-04-03 08:00:00,00000000790,20230403080000,0.0,0.0,0.0,0.0,0.0,0.0,1.0,4,0.0,0.0,,,589268
2023-04-03 09:00:00,00000000790,20230403090000,0.0,0.0,0.0,0.0,0.0,0.0,1.0,4,0.0,0.0,,,589268
2023-04-03 10:00:00,00000000790,20230403100000,0.0,0.0,0.0,0.0,0.0,0.0,1.0,4,0.0,0.0,,,589268
2023-04-03 11:00:00,00000000790,20230403110000,0.0,0.0,0.0,0.0,0.0,0.0,1.0,4,0.0,0.0,,,589268
2023-04-03 12:00:00,00000000790,20230403120000,0.0,0.0,0.0,0.0,0.0,0.0,1.0,4,0.0,0.0,,,589268
2023-04-03 13:00:00,00000000790,20230403130000,0.0,0.0,0.0,0.0,0.0,0.0,1.0,4,0.0,0.0,,,589268
2023-04-03 14:00:00,00000000790,20230403140000,0.0,0.0,0.0,0.0,0.0,0.0,1.0,4,0.0,0.0,,,589268
2023-04-03 15:00:00,00000000790,20230403150000,0.0,0.0,0.0,0.0,0.0,0.0,1.0,4,0.0,0.0,,,589268
2023-04-03 16:00:00,00000000790,20230403160000,0.0,0.0,0.0,0.0,0.0,0.0,1.0,4,0.0,0.0,,,589268
2023-04-03 17:00:00,00000000790,20230403170000,0.0,0.0,0.0,0.0,0.0,0.0,1.0,4,0.0,0.0,,,589268
2023-04-03 18:00:00,00000000790,20230403180000,0.0,0.0,0.0,0.0,0.0,0.0,1.0,4,0.0,0.0,,,589268
2023-04-03 19:00:00,00000000790,20230403190000,0.0,0.0,0.0,0.0,0.0,0.0,1.0,4,0.0,0.0,,,589268
2023-04-03 20:00:00,00000000790,20230403200000,0.0,0.0,0.0,0.0,0.0,0.0,1.0,4,0.0,0.0,,,589268
2023-04-03 21:00:00,00000000790,20230403210000,0.0,0.0,0.0,0.0,0.0,0.0,1.0,4,0.0,0.0,,,589268
2023-04-03 22:00:00,00000000790,20230403220000,0.0,0.0,0.0,0.0,0.0,0.0,1.0,4,0.0,0.0,,,589268
2023-04-03 23:00:00,00000000790,20230403230000,0.0,0.0,0.0,0.0,0.0,0.0,1.0,4,0.0,0.0,,,589268
2023-04-04 00:00:00,00000000790,20230404000000,0.0,0.0,0.0,0.0,0.0,0.0,1.0,4,0.0,0.0,,,589268
2023-04-04 01:00:00,00000000790,20230404010000,0.0,0.0,0.0,0.0,0.0,0.0,1.0,4,0.0,0.0,,,589268
2023-04-04 02:00:00,00000000790,20230404020000,0.0,0.0,0.0,0.0,0.0,0.0,1.0,4,0.0,0.0,,,589268
2023-04-04 03:00:00,00000000790,20230404030000,0.0,0.0,0.0,0.0,0.0,0.0,1.0,4,0.0,0.0,,,589268
2023-04-04 04:00:00,00000000790,20230404040000,0.0,0.0,0.0,0.0,0.0,0.0,1.0,4,0.0,0.0,,,589268
2023-04-04 05:00:00,00000000790,20230404050000,0.0,0.0,0.0,0.0,0.0,0.0,1.0,4,0.0,0.0,,,589268
2023-04-04 06:00:00,00000000790,20230404060000,0.0,0.0,0.0,0.0,0.0,0.0,1.0,4,0.0,0.0,,,589268
2023-04-04 07:00:00,00000000790,20230404070000,0.0,0.0,0.0,0.0,0.0,0.0,1.0,4,0.0,0.0,,,589268
2023-04-04 08:00:00,00000000790,20230404080000,0.0,0.0,0.0,0.0,0.0,0.0,1.0,4,0.0,0.0,,,589268
2023-04-04 09:00:00,00000000790,20230404090000,0.0,0.0,0.0,0.0,0.0,0.0,1.0,4,0.0,0.0,,,589268
2023-04-04 10:00:00,00000000790,20230404100000,0.0,0.0,0.0,0.0,0.0,0.0,1.0,4,0.0,0.0,,,589268
2023-04-04 11:00:00,00000000790,20230404110000,0.0,0.0,0.0,0.0,0.0,0.0,1.0,4,0.0,0.0,,,589268
2023-04-04 12:00:00,00000000790,20230404120000,0.0,0.0,0.0,0.0,0.0,0.0,1.0,4,0.0,0.0,,,589268
2023-04-04 13:00:00,00000000790,20230404130000,0.0,0.0,0.0,0.0,0.0,0.0,1.0,4,0.0,0.0,,,589268
2023-04-04 14:00:00,00000000790,20230404140000,0.0,0.0,0.0,0.0,0.0,0.0,1.0,4,0.0,0.0,,,589268
2023-04-04 15:00:00,00000000790,20230404150000,0.0,0.0,0.0,0.0,0.0,0.0,1.0,4,0.0,0.0,,,589268
2023-04-04 16:00:00,00000000790,20230404160000,0.0,0.0,0.0,0.0,0.0,0.0,1.0,4,0.0,0.0,,,589268
2023-04-04 17:00:00,00000000790,20230404170000,0.0,0.0,0.0,0.0,0.0,0.0,1.0,4,0.0,0.0,,,589268
2023-04-04 18:00:00,00000000790,20230404180000,0.0,0.0,0.0,0.0,0.0,0.0,1.0,4,0.0,0.0,,,589268
2023-04-04 19:00:00,00000000790,20230404190000,0.0,0.0,0.0,0.0,0.0,0.0,1.0,4,0.0,0.0,,,589268
2023-04-04 20:00:00,00000000790,20230404200000,0.0,0.0,0.0,0.0,0.0,0.0,1.0,4,0.0,0.0,,,589268
2023-04-04 21:00:00,00000000790,20230404210000,0.0,0.0,0.0,0.0,0.0,0.0,1.0,4,0.0,0.0,,,589268
2023-04-04 22:00:00,00000000790,20230404220000,0.0,0.0,0.0,0.0,0.0,0.0,1.0,4,0.0,0.0,,,589268
2023-04-04 23:00:00,00000000790,20230404230000,0.0,0.0,0.0,0.0,0.0,0.0,1.0,4,0.0,0.0,,,589268
2023-04-05 00:00:00,00000000790,20230405000000,0.0,0.0,0.0,0.0,0.0,0.0,1.0,4,0.0,0.0,,,589268
2023-04-05 01:00:00,00000000790,20230405010000,0.0,0.0,0.0,0.0,0.0,0.0,1.0,4,0.0,0.0,,,589268
2023-04-05 02:00:00,00000000790,20230405020000,0.0,0.0,0.0,0.0,0.0,0.0,1.0,4,0.0,0.0,,,589268
2023-04-05 03:00:00,00000000790,20230405030000,0.0,0.0,0.0,0.0,0.0,0.0,1.0,4,0.0,0.0,,,589268
2023-04-05 04:00:00,00000000790,20230405040000,0.0,0.0,0.0,0.0,0.0,0.0,1.0,4,0.0,0.0,,,589268
2023-04-05 05:00:00,00000000790,20230405050000,0.0,0.0,0.0,0.0,0.0,0.0,1.0,4,0.0,0.0,,,589268
2023-04-05 06:00:00,00000000790,20230405060000,0.0,0.0,0.0,0.0,0.0,0.0,1.0,4,0.0,0.0,,,589268
2023-04-05 07:00:00,00000000790,20230405070000,0.0,0.0,0.0,0.0,0.0,0.0,1.0,4,0.0,0.0,,,589268
2023-04-05 08:00:00,00000000790,20230405080000,0.0,0.0,0.0,0.0,0.0,0.0,1.0,4,0.0,0.0,,,589268
2023-04-05 09:00:00,00000000790,20230405090000,0.0,0.0,0.0,0.0,0.0,0.0,1.0,4,0.0,0.0,,,589268
2023-04-05 10:00:00,00000000790,20230405100000,0.0,0.0,0.0,0.0,0.0,0.0,1.0,4,0.0,0.0,,,589268
2023-04-05 11:00:00,00000000790,20230405110000,0.0,0.0,0.0,0.0,0.0,0.0,1.0,4,0.0,0.0,,,589268
2023-04-05 12:00:00,00000000790,20230405120000,0.0,0.0,0.0,0.0,0.0,0.0,1.0,4,0.0,0.0,,,589268
2023-04-05 13:00:00,00000000790,20230405130000,0.0,0.0,0.0,0.0,0.0,0.0,1.0,4,0.0,0.0,,,589268
2023-04-05 14:00:00,00000000790,20230405140000,0.0,0.0,0.0,0.0,0.0,0.0,1.0,4,0.0,0.0,,,589268
2023-04-05 15:00:00,00000000790,20230405150000,0.0,0.0,0.0,0.0,0.0,0.0,1.0,4,0.0,0.0,,,589268
2023-04-05 16:00:00,00000000790,20230405160000,0.0,0.0,0.0,0.0,0.0,0.0,1.0,4,0.0,0.0,,,589268
2023-04-05 17:00:00,00000000790,20230405170000,0.0,0.0,0.0,0.0,0.0,0.0,1.0,4,0.0,0.0,,,589268
2023-04-05 18:00:00,00000000790,20230405180000,0.0,0.0,0.0,0.0,0.0,0.0,1.0,4,0.0,0.0,,,589268
2023-04-05 19:00:00,00000000790,20230405190000,0.0,0.0,0.0,0.0,0.0,0.0,1.0,4,0.0,0.0,,,589268
2023-04-05 20:00:00,00000000790,20230405200000,0.0,0.0,0.0,0.0,0.0,0.0,1.0,4,0.0,0.0,,,589268
2023-04-05 21:00:00,00000000790,20230405210000,0.0,0.0,0.0,0.0,0.0,0.0,1.0,4,0.0,0.0,,,589268
2023-04-05 22:00:00,00000000790,20230405220000,0.0,0.0,0.0,0.0,0.0,0.0,1.0,4,0.0,0.0,,,589268
2023-04-05 23:00:00,00000000790,20230405230000,0.0,0.0,0.0,0.0,0.0,0.0,1.0,4,0.0,0.0,,,589268
2023-04-06 00:00:00,00000000790,20230406000000,0.0,0.0,0.0,0.0,0.0,0.0,1.0,4,0.0,0.0,,,589268
2023-04-06 01:00:00,00000000790,20230406010000,0.0,0.0,0.0,0.0,0.0,0.0,1.0,4,0.0,0.0,,,589268
2023-04-06 02:00:00,00000000790,20230406020000,0.0,0.0,0.0,0.0,0.0,0.0,1.0,4,0.0,0.0,,,589268
2023-04-06 03:00:00,00000000790,20230406030000,0.0,0.0,0.0,0.0,0.0,0.0,1.0,4,0.0,0.0,,,589268
2023-04-06 04:00:00,00000000790,20230406040000,0.0,0.0,0.0,0.0,0.0,0.0,1.0,4,0.0,0.0,,,589268
2023-04-06 05:00:00,00000000790,20230406050000,0.0,0.0,0.0,0.0,0.0,0.0,1.0,4,0.0,0.0,,,589268
2023-04-06 06:00:00,00000000790,20230406060000,0.0,0.0,0.0,0.0,0.0,0.0,1.0,4,0.0,0.0,,,589268
2023-04-06 07:00:00,00000000790,20230406070000,0.0,0.0,0.0,0.0,0.0,0.0,1.0,4,0.0,0.0,,,589268
2023-04-06 08:00:00,00000000790,20230406080000,0.0,0.0,0.0,0.0,0.0,0.0,1.0,4,0.0,0.0,,,589268
2023-04-06 09:00:00,00000000790,20230406090000,0.0,0.0,0.0,0.0,0.0,0.0,1.0,4,0.0,0.0,,,589268
2023-04-06 10:00:00,00000000790,20230406100000,0.0,0.0,0.0,0.0,0.0,0.0,1.0,4,0.0,0.0,,,589268
2023-04-06 11:00:00,00000000790,20230406110000,0.0,0.0,0.0,0.0,0.0,0.0,1.0,4,0.0,0.0,,,589268
2023-04-06 12:00:00,00000000790,20230406120000,0.0,0.0,0.0,0.0,0.0,0.0,1.0,4,0.0,0.0,,,589268
2023-04-06 13:00:00,00000000790,20230406130000,0.0,0.0,0.0,0.0,0.0,0.0,1.0,4,0.0,0.0,,,589268
2023-04-06 14:00:00,00000000790,20230406140000,0.0,0.0,0.0,0.0,0.0,0.0,1.0,4,0.0,0.0,,,589268
2023-04-06 15:00:00,00000000790,20230406150000,0.0,0.0,0.0,0.0,0.0,0.0,1.0,4,0.0,0.0,,,589268
2023-04-06 16:00:00,00000000790,20230406160000,0.0,0.0,0.0,0.0,0.0,0.0,1.0,4,0.0,0.0,,,589268
2023-04-06 17:00:00,00000000790,20230406170000,0.0,0.0,0.0,0.0,0.0,0.0,1.0,4,0.0,0.0,,,589268
2023-04-06 18:00:00,00000000790,20230406180000,0.0,0.0,0.0,0.0,0.0,0.0,1.0,4,0.0,0.0,,,589268
2023-04-06 19:00:00,00000000790,20230406190000,0.0,0.0,0.0,0.0,0.0,0.0,1.0,4,0.0,0.0,,,589268
2023-04-06 20:00:00,00000000790,20230406200000,0.0,0.0,0.0,0.0,0.0,0.0,1.0,4,0.0,0.0,,,589268
2023-04-06 21:00:00,00000000790,20230406210000,0.0,0.0,0.0,0.0,0.0,0.0,1.0,4,0.0,0.0,,,589268
2023-04-06 22:00:00,00000000790,20230406220000,0.0,0.0,0.0,0.0,0.0,0.0,1.0,4,0.0,0.0,,,589268
2023-04-06 23:00:00,00000000790,20230406230000,0.0,0.0,0.0,0.0,0.0,0.0,1.0,4,0.0,0.0,,,589268
2023-04-07 00:00:00,00000000790,20230407000000,0.0,0.0,0.0,0.0,0.0,0.0,1.0,4,0.0,0.0,,,589268
2023-04-07 01:00:00,00000000790,20230407010000,0.0,0.0,0.0,0.0,0.0,0.0,1.0,4,0.0,0.0,,,589268
2023-04-07 02:00:00,00000000790,20230407020000,0.0,0.0,0.0,0.0,0.0,0.0,1.0,4,0.0,0.0,,,589268
2023-04-07 03:00:00,00000000790,20230407030000,0.0,0.0,0.0,0.0,0.0,0.0,1.0,4,0.0,0.0,,,589268
2023-04-07 04:00:00,00000000790,20230407040000,0.0,0.0,0.0,0.0,0.0,0.0,1.0,4,0.0,0.0,,,589268
2023-04-07 05:00:00,00000000790,20230407050000,0.0,0.0,0.0,0.0,0.0,0.0,1.0,4,0.0,0.0,,,589268
2023-04-07 06:00:00,00000000790,20230407060000,0.0,0.0,0.0,0.0,0.0,0.0,1.0,4,0.0,0.0,,,589268
2023-04-07 07:00:00,00000000790,20230407070000,0.0,0.0,0.0,0.0,0.0,0.0,1.0,4,0.0,0.0,,,589268
2023-04-07 08:00:00,00000000790,20230407080000,0.0,0.0,0.0,0.0,0.0,0.0,1.0,4,0.0,0.0,,,589268
2023-04-07 09:00:00,00000000790,20230407090000,0.0,0.0,0.0,0.0,0.0,0.0,1.0,4,0.0,0.0,,,589268
2023-04-07 10:00:00,00000000790,20230407100000,0.0,0.0,0.0,0.0,0.0,0.0,1.0,4,0.0,0.0,,,589268
2023-04-07 11:00:00,00000000790,20230407110000,0.0,0.0,0.0,0.0,0.0,0.0,1.0,4,0.0,0.0,,,589268
2023-04-07 12:00:00,00000000790,20230407120000,0.0,0.0,0.0,0.0,0.0,0.0,1.0,4,0.0,0.0,,,589268
2023-04-07 13:00:00,00000000790,20230407130000,0.0,0.0,0.0,0.0,0.0,0.0,1.0,4,0.0,0.0,,,589268
2023-04-07 14:00:00,00000000790,20230407140000,0.0,0.0,0.0,0.0,0.0,0.0,1.0,4,0.0,0.0,,,589268
2023-04-07 15:00:00,00000000790,20230407150000,0.0,0.0,0.0,0.0,0.0,0.0,1.0,4,0.0,0.0,,,589268
2023-04-07 16:00:00,00000000790,20230407160000,0.0,0.0,0.0,0.0,0.0,0.0,1.0,4,0.0,0.0,,,589268
2023-04-07 17:00:00,00000000790,20230407170000,0.0,0.0,0.0,0.0,0.0,0.0,1.0,4,0.0,0.0,,,589268
2023-04-07 18:00:00,00000000790,20230407180000,0.0,0.0,0.0,0.0,0.0,0.0,1.0,4,0.0,0.0,,,589268
2023-04-07 19:00:00,00000000790,20230407190000,0.0,0.0,0.0,0.0,0.0,0.0,1.0,4,0.0,0.0,,,589268
2023-04-07 20:00:00,00000000790,20230407200000,0.0,0.0,0.0,0.0,0.0,0.0,1.0,4,0.0,0.0,,,589268
2023-04-07 21:00:00,00000000790,20230407210000,0.0,0.0,0.0,0.0,0.0,0.0,1.0,4,0.0,0.0,,,589268
2023-04-07 22:00:00,00000000790,20230407220000,0.0,0.0,0.0,0.0,0.0,0.0,1.0,4,0.0,0.0,,,589268
2023-04-07 23:00:00,00000000790,20230407230000,0.0,0.0,0.0,0.0,0.0,0.0,1.0,4,0.0,0.0,,,589268
2023-04-08 00:00:00,00000000790,20230408000000,0.0,0.0,0.0,0.0,0.0,0.0,1.0,4,0.0,0.0,,,589268
2023-04-08 01:00:00,00000000790,20230408010000,0.0,0.0,0.0,0.0,0.0,0.0,1.0,4,0.0,0.0,,,589268
2023-04-08 02:00:00,00000000790,20230408020000,0.0,0.0,0.0,0.0,0.0,0.0,1.0,4,0.0,0.0,,,589268
2023-04-08 03:00:00,00000000790,20230408030000,0.0,0.0,0.0,0.0,0.0,0.0,1.0,4,0.0,0.0,,,589268
2023-04-08 04:00:00,00000000790,20230408040000,0.0,0.0,0.0,0.0,0.0,0.0,1.0,4,0.0,0.0,,,589268
2023-04-08 05:00:00,00000000790,20230408050000,0.0,0.0,0.0,0.0,0.0,0.0,1.0,4,0.0,0.0,,,589268
2023-04-08 06:00:00,00000000790,20230408060000,0.0,0.0,0.0,0.0,0.0,0.0,1.0,4,0.0,0.0,,,589268
2023-04-08 07:00:00,00000000790,20230408070000,0.0,0.0,0.0,0.0,0.0,0.0,1.0,4,0.0,0.0,,,589268
2023-04-08 08:00:00,00000000790,20230408080000,0.0,0.0,0.0,0.0,0.0,0.0,1.0,4,0.0,0.0,,,589268
2023-04-08 09:00:00,00000000790,20230408090000,0.0,0.0,0.0,0.0,0.0,0.0,1.0,4,0.0,0.0,,,589268
2023-04-08 10:00:00,00000000790,20230408100000,0.0,0.0,0.0,0.0,0.0,0.0,1.0,4,0.0,0.0,,,589268
2023-04-08 11:00:00,00000000790,20230408110000,0.0,0.0,0.0,0.0,0.0,0.0,1.0,4,0.0,0.0,,,589268
2023-04-08 12:00:00,00000000790,20230408120000,0.0,0.0,0.0,0.0,0.0,0.0,1.0,4,0.0,0.0,,,589268
2023-04-08 13:00:00,00000000790,20230408130000,0.0,0.0,0.0,0.0,0.0,0.0,1.0,4,0.0,0.0,,,589268
2023-04-08 14:00:00,00000000790,20230408140000,0.0,0.0,0.0,0.0,0.0,0.0,1.0,4,0.0,0.0,,,589268
2023-04-08 15:00:00,00000000790,20230408150000,0.0,0.0,0.0,0.0,0.0,0.0,1.0,4,0.0,0.0,,,589268
2023-04-08 16:00:00,00000000790,20230408160000,0.0,0.0,0.0,0.0,0.0,0.0,1.0,4,0.0,0.0,,,589268
2023-04-08 17:00:00,00000000790,20230408170000,0.0,0.0,0.0,0.0,0.0,0.0,1.0,4,0.0,0.0,,,589268
2023-04-08 18:00:00,00000000790,20230408180000,0.0,0.0,0.0,0.0,0.0,0.0,1.0,4,0.0,0.0,,,589268
2023-04-08 19:00:00,00000000790,20230408190000,0.0,0.0,0.0,0.0,0.0,0.0,1.0,4,0.0,0.0,,,589268
2023-04-08 20:00:00,00000000790,20230408200000,0.0,0.0,0.0,0.0,0.0,0.0,1.0,4,0.0,0.0,,,589268
2023-04-08 21:00:00,00000000790,20230408210000,0.0,0.0,0.0,0.0,0.0,0.0,1.0,4,0.0,0.0,,,589268
2023-04-08 22:00:00,00000000790,20230408220000,0.0,0.0,0.0,0.0,0.0,0.0,1.0,4,0.0,0.0,,,589268
2023-04-08 23:00:00,00000000790,20230408230000,0.0,0.0,0.0,0.0,0.0,0.0,1.0,4,0.0,0.0,,,589268
2023-04-09 00:00:00,00000000790,20230409000000,0.0,0.0,0.0,0.0,0.0,0.0,1.0,4,0.0,0.0,,,589268
2023-04-09 01:00:00,00000000790,20230409010000,0.0,0.0,0.0,0.0,0.0,0.0,1.0,4,0.0,0.0,,,589268
2023-04-09 02:00:00,00000000790,20230409020000,0.0,0.0,0.0,0.0,0.0,0.0,1.0,4,0.0,0.0,,,589268
2023-04-09 03:00:00,00000000790,20230409030000,0.0,0.0,0.0,0.0,0.0,0.0,1.0,4,0.0,0.0,,,589268
2023-04-09 04:00:00,00000000790,20230409040000,0.0,0.0,0.0,0.0,0.0,0.0,1.0,4,0.0,0.0,,,589268
2023-04-09 05:00:00,00000000790,20230409050000,0.0,0.0,0.0,0.0,0.0,0.0,1.0,4,0.0,0.0,,,589268
2023-04-09 06:00:00,00000000790,20230409060000,0.0,0.0,0.0,0.0,0.0,0.0,1.0,4,0.0,0.0,,,589268
2023-04-09 07:00:00,00000000790,20230409070000,0.0,0.0,0.0,0.0,0.0,0.0,1.0,4,0.0,0.0,,,589268
2023-04-09 08:00:00,00000000790,20230409080000,0.0,0.0,0.0,0.0,0.0,0.0,1.0,4,0.0,0.0,,,589268
2023-04-09 09:00:00,00000000790,20230409090000,0.0,0.0,0.0,0.0,0.0,0.0,1.0,4,0.0,0.0,,,589268
2023-04-09 10:00:00,00000000790,20230409100000,0.0,0.0,0.0,0.0,0.0,0.0,1.0,4,0.0,0.0,,,589268
2023-04-09 11:00:00,00000000790,20230409110000,0.0,0.0,0.0,0.0,0.0,0.0,1.0,4,0.0,0.0,,,589268
2023-04-09 12:00:00,00000000790,20230409120000,0.0,0.0,0.0,0.0,0.0,0.0,1.0,4,0.0,0.0,,,589268
2023-04-09 13:00:00,00000000790,20230409130000,0.0,0.0,0.0,0.0,0.0,0.0,1.0,4,0.0,0.0,,,589268
2023-04-09 14:00:00,00000000790,20230409140000,0.0,0.0,0.0,0.0,0.0,0.0,1.0,4,0.0,0.0,,,589268
2023-04-09 15:00:00,00000000790,20230409150000,0.0,0.0,0.0,0.0,0.0,0.0,1.0,4,0.0,0.0,,,589268
2023-04-09 16:00:00,00000000790,20230409160000,0.0,0.0,0.0,0.0,0.0,0.0,1.0,4,0.0,0.0,,,589268
2023-04-09 17:00:00,00000000790,20230409170000,0.0,0.0,0.0,0.0,0.0,0.0,1.0,4,0.0,0.0,,,589268
2023-04-09 18:00:00,00000000790,20230409180000,0.0,0.0,0.0,0.0,0.0,0.0,1.0,4,0.0,0.0,,,589268
2023-04-09 19:00:00,00000000790,20230409190000,0.0,0.0,0.0,0.0,0.0,0.0,1.0,4,0.0,0.0,,,589268
2023-04-09 20:00:00,00000000790,20230409200000,0.0,0.0,0.0,0.0,0.0,0.0,1.0,4,0.0,0.0,,,589268
2023-04-09 21:00:00,00000000790,20230409210000,0.0,0.0,0.0,0.0,0.0,0.0,1.0,4,0.0,0.0,,,589268
2023-04-09 22:00:00,00000000790,20230409220000,0.0,0.0,0.0,0.0,0.0,0.0,1.0,4,0.0,0.0,,,589268
2023-04-09 23:00:00,00000000790,20230409230000,0.0,0.0,0.0,0.0,0.0,0.0,1.0,4,0.0,0.0,,,589268
2023-04-10 00:00:00,00000000790,20230410000000,0.0,0.0,0.0,0.0,0.0,0.0,1.0,4,0.0,0.0,,,589268
2023-04-10 01:00:00,00000000790,20230410010000,0.0,0.0,0.0,0.0,0.0,0.0,1.0,4,0.0,0.0,,,589268
2023-04-10 02:00:00,00000000790,20230410020000,0.0,0.0,0.0,0.0,0.0,0.0,1.0,4,0.0,0.0,,,589268
2023-04-10 03:00:00,00000000790,20230410030000,0.0,0.0,0.0,0.0,0.0,0.0,1.0,4,0.0,0.0,,,589268
2023-04-10 04:00:00,00000000790,20230410040000,0.0,0.0,0.0,0.0,0.0,0.0,1.0,4,0.0,0.0,,,589268
2023-04-10 05:00:00,00000000790,20230410050000,0.0,0.0,0.0,0.0,0.0,0.0,1.0,4,0.0,0.0,,,589268
2023-04-10 06:00:00,00000000790,20230410060000,0.0,0.0,0.0,0.0,0.0,0.0,1.0,4,0.0,0.0,,,589268
2023-04-10 07:00:00,00000000790,20230410070000,0.0,0.0,0.0,0.0,0.0,0.0,1.0,4,0.0,0.0,,,589268
2023-04-10 08:00:00,00000000790,20230410080000,0.0,0.0,0.0,0.0,0.0,0.0,1.0,4,0.0,0.0,,,589268
2023-04-10 09:00:00,00000000790,20230410090000,0.0,0.0,0.0,0.0,0.0,0.0,1.0,4,0.0,0.0,,,589268
2023-04-10 10:00:00,00000000790,20230410100000,0.0,0.0,0.0,0.0,0.0,0.0,1.0,4,0.0,0.0,,,589268
2023-04-10 11:00:00,00000000790,20230410110000,0.0,0.0,0.0,0.0,0.0,0.0,1.0,4,0.0,0.0,,,589268
2023-04-10 12:00:00,00000000790,20230410120000,0.0,0.0,0.0,0.0,0.0,0.0,1.0,4,0.0,0.0,,,589268
2023-04-10 13:00:00,00000000790,20230410130000,0.0,0.0,0.0,0.0,0.0,0.0,1.0,4,0.0,0.0,,,589268
2023-04-10 14:00:00,00000000790,20230410140000,0.0,0.0,0.0,0.0,0.0,0.0,1.0,4,0.0,0.0,,,589268
2023-04-10 15:00:00,00000000790,20230410150000,0.0,0.0,0.0,0.0,0.0,0.0,1.0,4,0.0,0.0,,,589268
2023-04-10 16:00:00,00000000790,20230410160000,0.0,0.0,0.0,0.0,0.0,0.0,1.0,4,0.0,0.0,,,589268
2023-04-10 17:00:00,00000000790,20230410170000,0.0,0.0,0.0,0.0,0.0,0.0,1.0,4,0.0,0.0,,,589268
2023-04-10 18:00:00,00000000790,20230410180000,0.0,0.0,0.0,0.0,0.0,0.0,1.0,4,0.0,0.0,,,589268
2023-04-10 19:00:00,00000000790,20230410190000,0.0,0.0,0.0,0.0,0.0,0.0,1.0,4,0.0,0.0,,,589268
2023-04-10 20:00:00,00000000790,20230410200000,0.0,0.0,0.0,0.0,0.0,0.0,1.0,4,0.0,0.0,,,589268
2023-04-10 21:00:00,00000000790,20230410210000,0.0,0.0,0.0,0.0,0.0,0.0,1.0,4,0.0,0.0,,,589268
2023-04-10 22:00:00,00000000790,20230410220000,0.0,0.0,0.0,0.0,0.0,0.0,1.0,4,0.0,0.0,,,589268
2023-04-10 23:00:00,00000000790,20230410230000,0.0,0.0,0.0,0.0,0.0,0.0,1.0,4,0.0,0.0,,,589268
2023-04-11 00:00:00,00000000790,20230411000000,0.0,0.0,0.0,0.0,0.0,0.0,1.0,4,0.0,0.0,,,589268
2023-04-11 01:00:00,00000000790,20230411010000,0.0,0.0,0.0,0.0,0.0,0.0,1.0,4,0.0,0.0,,,589268
2023-04-11 02:00:00,00000000790,20230411020000,0.0,0.0,0.0,0.0,0.0,0.0,1.0,4,0.0,0.0,,,589268
2023-04-11 03:00:00,00000000790,20230411030000,0.0,0.0,0.0,0.0,0.0,0.0,1.0,4,0.0,0.0,,,589268
2023-04-11 04:00:00,00000000790,20230411040000,0.0,0.0,0.0,0.0,0.0,0.0,1.0,4,0.0,0.0,,,589268
2023-04-11 05:00:00,00000000790,20230411050000,0.0,0.0,0.0,0.0,0.0,0.0,1.0,4,0.0,0.0,,,589268
2023-04-11 06:00:00,00000000790,20230411060000,0.0,0.0,0.0,0.0,0.0,0.0,1.0,4,0.0,0.0,,,589268
2023-04-11 07:00:00,00000000790,20230411070000,0.0,0.0,0.0,0.0,0.0,0.0,1.0,4,0.0,0.0,,,589268
2023-04-11 08:00:00,00000000790,20230411080000,0.0,0.0,0.0,0.0,0.0,0.0,1.0,4,0.0,0.0,,,589268
2023-04-11 09:00:00,00000000790,20230411090000,0.0,0.0,0.0,0.0,0.0,0.0,1.0,4,0.0,0.0,,,589268
2023-04-11 10:00:00,00000000790,20230411100000,0.0,0.0,0.0,0.0,0.0,0.0,1.0,4,0.0,0.0,,,589268
2023-04-11 11:00:00,00000000790,20230411110000,0.0,0.0,0.0,0.0,0.0,0.0,1.0,4,0.0,0.0,,,589268
2023-04-11 12:00:00,00000000790,20230411120000,0.0,0.0,0.0,0.0,0.0,0.0,1.0,4,0.0,0.0,,,589268
2023-04-11 13:00:00,00000000790,20230411130000,0.0,0.0,0.0,0.0,0.0,0.0,1.0,4,0.0,0.0,,,589268
2023-04-11 14:00:00,00000000790,20230411140000,0.0,0.0,0.0,0.0,0.0,0.0,1.0,4,0.0,0.0,,,589268
2023-04-11 15:00:00,00000000790,20230411150000,0.0,0.0,0.0,0.0,0.0,0.0,1.0,4,0.0,0.0,,,589268
2023-04-11 16:00:00,00000000790,20230411160000,0.0,0.0,0.0,0.0,0.0,0.0,1.0,4,0.0,0.0,,,589268
2023-04-11 17:00:00,00000000790,20230411170000,0.0,0.0,0.0,0.0,0.0,0.0,1.0,4,0.0,0.0,,,589268
2023-04-11 18:00:00,00000000790,20230411180000,0.0,0.0,0.0,0.0,0.0,0.0,1.0,4,0.0,0.0,,,589268
2023-04-11 19:00:00,00000000790,20230411190000,0.0,0.0,0.0,0.0,0.0,0.0,1.0,4,0.0,0.0,,,589268
2023-04-11 20:00:00,00000000790,20230411200000,0.0,0.0,0.0,0.0,0.0,0.0,1.0,4,0.0,0.0,,,589268
2023-04-11 21:00:00,00000000790,20230411210000,0.0,0.0,0.0,0.0,0.0,0.0,1.0,4,0.0,0.0,,,589268
2023-04-11 22:00:00,00000000790,20230411220000,0.0,0.0,0.0,0.0,0.0,0.0,1.0,4,0.0,0.0,,,589268
2023-04-11 23:00:00,00000000790,20230411230000,0.0,0.0,0.0,0.0,0.0,0.0,1.0,4,0.0,0.0,,,589268
2023-04-12 00:00:00,00000000790,20230412000000,0.0,0.0,0.0,0.0,0.0,0.0,1.0,4,0.0,0.0,,,589268
2023-04-12 01:00:00,00000000790,20230412010000,0.0,0.0,0.0,0.0,0.0,0.0,1.0,4,0.0,0.0,,,589268
2023-04-12 02:00:00,00000000790,20230412020000,0.0,0.0,0.0,0.0,0.0,0.0,1.0,4,0.0,0.0,,,589268
2023-04-12 03:00:00,00000000790,20230412030000,0.0,0.0,0.0,0.0,0.0,0.0,1.0,4,0.0,0.0,,,589268
2023-04-12 04:00:00,00000000790,20230412040000,0.0,0.0,0.0,0.0,0.0,0.0,1.0,4,0.0,0.0,,,589268
2023-04-12 05:00:00,00000000790,20230412050000,0.0,0.0,0.0,0.0,0.0,0.0,1.0,4,0.0,0.0,,,589268
2023-04-12 06:00:00,00000000790,20230412060000,0.0,0.0,0.0,0.0,0.0,0.0,1.0,4,0.0,0.0,,,589268
2023-04-12 07:00:00,00000000790,20230412070000,0.0,0.0,0.0,0.0,0.0,0.0,1.0,4,0.0,0.0,,,589268
2023-04-12 08:00:00,00000000790,20230412080000,0.0,0.0,0.0,0.0,0.0,0.0,1.0,4,0.0,0.0,,,589268
2023-04-12 09:00:00,00000000790,20230412090000,0.0,0.0,0.0,0.0,0.0,0.0,1.0,4,0.0,0.0,,,589268
2023-04-12 10:00:00,00000000790,20230412100000,0.0,0.0,0.0,0.0,0.0,0.0,1.0,4,0.0,0.0,,,589268
2023-04-12 11:00:00,00000000790,20230412110000,0.0,0.0,0.0,0.0,0.0,0.0,1.0,4,0.0,0.0,,,589268
2023-04-12 12:00:00,00000000790,20230412120000,0.0,0.0,0.0,0.0,0.0,0.0,1.0,4,0.0,0.0,,,589268
2023-04-12 13:00:00,00000000790,20230412130000,0.0,0.0,0.0,0.0,0.0,0.0,1.0,4,0.0,0.0,,,589268
2023-04-12 14:00:00,00000000790,20230412140000,0.0,0.0,0.0,0.0,0.0,0.0,1.0,4,0.0,0.0,,,589268
2023-04-12 15:00:00,00000000790,20230412150000,0.0,0.0,0.0,0.0,0.0,0.0,1.0,4,0.0,0.0,,,589268
2023-04-12 16:00:00,00000000790,20230412160000,0.0,0.0,0.0,0.0,0.0,0.0,1.0,4,0.0,0.0,,,589268
2023-04-12 17:00:00,00000000790,20230412170000,0.0,0.0,0.0,0.0,0.0,0.0,1.0,4,0.0,0.0,,,589268
2023-04-12 18:00:00,00000000790,20230412180000,0.0,0.0,0.0,0.0,0.0,0.0,1.0,4,0.0,0.0,,,589268
2023-04-12 19:00:00,00000000790,20230412190000,0.0,0.0,0.0,0.0,0.0,0.0,1.0,4,0.0,0.0,,,589268
2023-04-12 20:00:00,00000000790,20230412200000,0.0,0.0,0.0,0.0,0.0,0.0,1.0,4,0.0,0.0,,,589268
2023-04-12 21:00:00,00000000790,20230412210000,0.0,0.0,0.0,0.0,0.0,0.0,1.0,4,0.0,0.0,,,589268
2023-04-12 22:00:00,00000000790,20230412220000,0.0,0.0,0.0,0.0,0.0,0.0,1.0,4,0.0,0.0,,,589268
2023-04-12 23:00:00,00000000790,20230412230000,0.0,0.0,0.0,0.0,0.0,0.0,1.0,4,0.0,0.0,,,589268
2023-04-13 00:00:00,00000000790,20230413000000,0.0,0.0,0.0,0.0,0.0,0.0,1.0,4,0.0,0.0,,,589268
2023-04-13 01:00:00,00000000790,20230413010000,0.0,0.0,0.0,0.0,0.0,0.0,1.0,4,0.0,0.0,,,589268
2023-04-13 02:00:00,00000000790,20230413020000,0.0,0.0,0.0,0.0,0.0,0.0,1.0,4,0.0,0.0,,,589268
2023-04-13 03:00:00,00000000790,20230413030000,0.0,0.0,0.0,0.0,0.0,0.0,1.0,4,0.0,0.0,,,589268
2023-04-13 04:00:00,00000000790,20230413040000,0.0,0.0,0.0,0.0,0.0,0.0,1.0,4,0.0,0.0,,,589268
2023-04-13 05:00:00,00000000790,20230413050000,0.0,0.0,0.0,0.0,0.0,0.0,1.0,4,0.0,0.0,,,589268
2023-04-13 06:00:00,00000000790,20230413060000,0.0,0.0,0.0,0.0,0.0,0.0,1.0,4,0.0,0.0,,,589268
2023-04-13 07:00:00,00000000790,20230413070000,0.0,0.0,0.0,0.0,0.0,0.0,1.0,4,0.0,0.0,,,589268
2023-04-13 08:00:00,00000000790,20230413080000,0.0,0.0,0.0,0.0,0.0,0.0,1.0,4,0.0,0.0,,,589268
2023-04-13 09:00:00,00000000790,20230413090000,0.0,0.0,0.0,0.0,0.0,0.0,1.0,4,0.0,0.0,,,589268
2023-04-13 10:00:00,00000000790,20230413100000,0.0,0.0,0.0,0.0,0.0,0.0,1.0,4,0.0,0.0,,,589268
2023-04-13 11:00:00,00000000790,20230413110000,0.0,0.0,0.0,0.0,0.0,0.0,1.0,4,0.0,0.0,,,589268
2023-04-13 12:00:00,00000000790,20230413120000,0.0,0.0,0.0,0.0,0.0,0.0,1.0,4,0.0,0.0,,,589268
2023-04-13 13:00:00,00000000790,20230413130000,0.0,0.0,0.0,0.0,0.0,0.0,1.0,4,0.0,0.0,,,589268
2023-04-13 14:00:00,00000000790,20230413140000,0.0,0.0,0.0,0.0,0.0,0.0,1.0,4,0.0,0.0,,,589268
2023-04-13 15:00:00,00000000790,20230413150000,0.0,0.0,0.0,0.0,0.0,0.0,1.0,4,0.0,0.0,,,589268
2023-04-13 16:00:00,00000000790,20230413160000,0.0,0.0,0.0,0.0,0.0,0.0,1.0,4,0.0,0.0,,,589268
2023-04-13 17:00:00,00000000790,20230413170000,0.0,0.0,0.0,0.0,0.0,0.0,1.0,4,0.0,0.0,,,589268
2023-04-13 18:00:00,00000000790,20230413180000,0.0,0.0,0.0,0.0,0.0,0.0,1.0,4,0.0,0.0,,,589268
2023-04-13 19:00:00,00000000790,20230413190000,0.0,0.0,0.0,0.0,0.0,0.0,1.0,4,0.0,0.0,,,589268
2023-04-13 20:00:00,00000000790,20230413200000,0.0,0.0,0.0,0.0,0.0,0.0,1.0,4,0.0,0.0,,,589268
2023-04-13 21:00:00,00000000790,20230413210000,0.0,0.0,0.0,0.0,0.0,0.0,1.0,4,0.0,0.0,,,589268
2023-04-13 22:00:00,00000000790,20230413220000,0.0,0.0,0.0,0.0,0.0,0.0,1.0,4,0.0,0.0,,,589268
2023-04-13 23:00:00,00000000790,20230413230000,0.0,0.0,0.0,0.0,0.0,0.0,1.0,4,0.0,0.0,,,589268
2023-04-14 00:00:00,00000000790,20230414000000,0.0,0.0,0.0,0.0,0.0,0.0,1.0,4,0.0,0.0,,,589268
2023-04-14 01:00:00,00000000790,20230414010000,0.0,0.0,0.0,0.0,0.0,0.0,1.0,4,0.0,0.0,,,589268
2023-04-14 02:00:00,00000000790,20230414020000,0.0,0.0,0.0,0.0,0.0,0.0,1.0,4,0.0,0.0,,,589268
2023-04-14 03:00:00,00000000790,20230414030000,0.0,0.0,0.0,0.0,0.0,0.0,1.0,4,0.0,0.0,,,589268
2023-04-14 04:00:00,00000000790,20230414040000,0.0,0.0,0.0,0.0,0.0,0.0,1.0,4,0.0,0.0,,,589268
2023-04-14 05:00:00,00000000790,20230414050000,0.0,0.0,0.0,0.0,0.0,0.0,1.0,4,0.0,0.0,,,589268
2023-04-14 06:00:00,00000000790,20230414060000,0.0,0.0,0.0,0.0,0.0,0.0,1.0,4,0.0,0.0,,,589268
2023-04-14 07:00:00,00000000790,20230414070000,0.0,0.0,0.0,0.0,0.0,0.0,1.0,4,0.0,0.0,,,589268
2023-04-14 08:00:00,00000000790,20230414080000,0.0,0.0,0.0,0.0,0.0,0.0,1.0,4,0.0,0.0,,,589268
2023-04-14 09:00:00,00000000790,20230414090000,0.0,0.0,0.0,0.0,0.0,0.0,1.0,4,0.0,0.0,,,589268
2023-04-14 10:00:00,00000000790,20230414100000,0.0,0.0,0.0,0.0,0.0,0.0,1.0,4,0.0,0.0,,,589268
2023-04-14 11:00:00,00000000790,20230414110000,0.0,0.0,0.0,0.0,0.0,0.0,1.0,4,0.0,0.0,,,589268
2023-04-14 12:00:00,00000000790,20230414120000,0.0,0.0,0.0,0.0,0.0,0.0,1.0,4,0.0,0.0,,,589268
2023-04-14 13:00:00,00000000790,20230414130000,0.0,0.0,0.0,0.0,0.0,0.0,1.0,4,0.0,0.0,,,589268
2023-04-14 14:00:00,00000000790,20230414140000,0.0,0.0,0.0,0.0,0.0,0.0,1.0,4,0.0,0.0,,,589268
2023-04-14 15:00:00,00000000790,20230414150000,0.0,0.0,0.0,0.0,0.0,0.0,1.0,4,0.0,0.0,,,589268
2023-04-14 16:00:00,00000000790,20230414160000,0.0,0.0,0.0,0.0,0.0,0.0,1.0,4,0.0,0.0,,,589268
2023-04-14 17:00:00,00000000790,20230414170000,0.0,0.0,0.0,0.0,0.0,0.0,1.0,4,0.0,0.0,,,589268
2023-04-14 18:00:00,00000000790,20230414180000,0.0,0.0,0.0,0.0,0.0,0.0,1.0,4,0.0,0.0,,,589268
2023-04-14 19:00:00,00000000790,20230414190000,0.0,0.0,0.0,0.0,0.0,0.0,1.0,4,0.0,0.0,,,589268
2023-04-14 20:00:00,00000000790,20230414200000,0.0,0.0,0.0,0.0,0.0,0.0,1.0,4,0.0,0.0,,,589268
2023-04-14 21:00:00,00000000790,20230414210000,0.0,0.0,0.0,0.0,0.0,0.0,1.0,4,0.0,0.0,,,589268
2023-04-14 22:00:00,00000000790,20230414220000,0.0,0.0,0.0,0.0,0.0,0.0,1.0,4,0.0,0.0,,,589268
2023-04-14 23:00:00,00000000790,20230414230000,0.0,0.0,0.0,0.0,0.0,0.0,1.0,4,0.0,0.0,,,589268
2023-04-15 00:00:00,00000000790,20230415000000,0.0,0.0,0.0,0.0,0.0,0.0,1.0,4,0.0,0.0,,,589268
2023-04-15 01:00:00,00000000790,20230415010000,0.0,0.0,0.0,0.0,0.0,0.0,1.0,4,0.0,0.0,,,589268
2023-04-15 02:00:00,00000000790,20230415020000,0.0,0.0,0.0,0.0,0.0,0.0,1.0,4,0.0,0.0,,,589268
2023-04-15 03:00:00,00000000790,20230415030000,0.0,0.0,0.0,0.0,0.0,0.0,1.0,4,0.0,0.0,,,589268
2023-04-15 04:00:00,00000000790,20230415040000,0.0,0.0,0.0,0.0,0.0,0.0,1.0,4,0.0,0.0,,,589268
2023-04-15 05:00:00,00000000790,20230415050000,0.0,0.0,0.0,0.0,0.0,0.0,1.0,4,0.0,0.0,,,589268
2023-04-15 06:00:00,00000000790,20230415060000,0.0,0.0,0.0,0.0,0.0,0.0,1.0,4,0.0,0.0,,,589268
2023-04-15 07:00:00,00000000790,20230415070000,0.0,0.0,0.0,0.0,0.0,0.0,1.0,4,0.0,0.0,,,589268
2023-04-15 08:00:00,00000000790,20230415080000,0.0,0.0,0.0,0.0,0.0,0.0,1.0,4,0.0,0.0,,,589268
2023-04-15 09:00:00,00000000790,20230415090000,0.0,0.0,0.0,0.0,0.0,0.0,1.0,4,0.0,0.0,,,589268
2023-04-15 10:00:00,00000000790,20230415100000,0.0,0.0,0.0,0.0,0.0,0.0,1.0,4,0.0,0.0,,,589268
2023-04-15 11:00:00,00000000790,20230415110000,0.0,0.0,0.0,0.0,0.0,0.0,1.0,4,0.0,0.0,,,589268
2023-04-15 12:00:00,00000000790,20230415120000,0.0,0.0,0.0,0.0,0.0,0.0,1.0,4,0.0,0.0,,,589268
2023-04-15 13:00:00,00000000790,20230415130000,0.0,0.0,0.0,0.0,0.0,0.0,1.0,4,0.0,0.0,,,589268
2023-04-15 14:00:00,00000000790,20230415140000,0.0,0.0,0.0,0.0,0.0,0.0,1.0,4,0.0,0.0,,,589268
2023-04-15 15:00:00,00000000790,20230415150000,0.0,0.0,0.0,0.0,0.0,0.0,1.0,4,0.0,0.0,,,589268
2023-04-15 16:00:00,00000000790,20230415160000,0.0,0.0,0.0,0.0,0.0,0.0,1.0,4,0.0,0.0,,,589268
2023-04-15 17:00:00,00000000790,20230415170000,0.0,0.0,0.0,0.0,0.0,0.0,1.0,4,0.0,0.0,,,589268
2023-04-15 18:00:00,00000000790,20230415180000,0.0,0.0,0.0,0.0,0.0,0.0,1.0,4,0.0,0.0,,,589268
2023-04-15 19:00:00,00000000790,20230415190000,0.0,0.0,0.0,0.0,0.0,0.0,1.0,4,0.0,0.0,,,589268
2023-04-15 20:00:00,00000000790,20230415200000,0.0,0.0,0.0,0.0,0.0,0.0,1.0,4,0.0,0.0,,,589268
2023-04-15 21:00:00,00000000790,20230415210000,0.0,0.0,0.0,0.0,0.0,0.0,1.0,4,0.0,0.0,,,589268
2023-04-15 22:00:00,00000000790,20230415220000,0.0,0.0,0.0,0.0,0.0,0.0,1.0,4,0.0,0.0,,,589268
2023-04-15 23:00:00,00000000790,20230415230000,0.0,0.0,0.0,0.0,0.0,0.0,1.0,4,0.0,0.0,,,589268
2023-04-16 00:00:00,00000000790,20230416000000,0.0,0.0,0.0,0.0,0.0,0.0,1.0,4,0.0,0.0,,,589268
2023-04-16 01:00:00,00000000790,20230416010000,0.0,0.0,0.0,0.0,0.0,0.0,1.0,4,0.0,0.0,,,589268
2023-04-16 02:00:00,00000000790,20230416020000,0.0,0.0,0.0,0.0,0.0,0.0,1.0,4,0.0,0.0,,,589268
2023-04-16 03:00:00,00000000790,20230416030000,0.0,0.0,0.0,0.0,0.0,0.0,1.0,4,0.0,0.0,,,589268
2023-04-16 04:00:00,00000000790,20230416040000,0.0,0.0,0.0,0.0,0.0,0.0,1.0,4,0.0,0.0,,,589268
2023-04-16 05:00:00,00000000790,20230416050000,0.0,0.0,0.0,0.0,0.0,0.0,1.0,4,0.0,0.0,,,589268
2023-04-16 06:00:00,00000000790,20230416060000,0.0,0.0,0.0,0.0,0.0,0.0,1.0,4,0.0,0.0,,,589268
2023-04-16 07:00:00,00000000790,20230416070000,0.0,0.0,0.0,0.0,0.0,0.0,1.0,4,0.0,0.0,,,589268
2023-04-16 08:00:00,00000000790,20230416080000,0.0,0.0,0.0,0.0,0.0,0.0,1.0,4,0.0,0.0,,,589268
2023-04-16 09:00:00,00000000790,20230416090000,0.0,0.0,0.0,0.0,0.0,0.0,1.0,4,0.0,0.0,,,589268
2023-04-16 10:00:00,00000000790,20230416100000,0.0,0.0,0.0,0.0,0.0,0.0,1.0,4,0.0,0.0,,,589268
2023-04-16 11:00:00,00000000790,20230416110000,0.0,0.0,0.0,0.0,0.0,0.0,1.0,4,0.0,0.0,,,589268
2023-04-16 12:00:00,00000000790,20230416120000,0.0,0.0,0.0,0.0,0.0,0.0,1.0,4,0.0,0.0,,,589268
2023-04-16 13:00:00,00000000790,20230416130000,0.0,0.0,0.0,0.0,0.0,0.0,1.0,4,0.0,0.0,,,589268
2023-04-16 14:00:00,00000000790,20230416140000,0.0,0.0,0.0,0.0,0.0,0.0,1.0,4,0.0,0.0,,,589268
2023-04-16 15:00:00,00000000790,20230416150000,0.0,0.0,0.0,0.0,0.0,0.0,1.0,4,0.0,0.0,,,589268
2023-04-16 16:00:00,00000000790,20230416160000,0.0,0.0,0.0,0.0,0.0,0.0,1.0,4,0.0,0.0,,,589268
2023-04-16 17:00:00,00000000790,20230416170000,0.0,0.0,0.0,0.0,0.0,0.0,1.0,4,0.0,0.0,,,589268
2023-04-16 18:00:00,00000000790,20230416180000,0.0,0.0,0.0,0.0,0.0,0.0,1.0,4,0.0,0.0,,,589268
2023-04-16 19:00:00,00000000790,20230416190000,0.0,0.0,0.0,0.0,0.0,0.0,1.0,4,0.0,0.0,,,589268
2023-04-16 20:00:00,00000000790,20230416200000,0.0,0.0,0.0,0.0,0.0,0.0,1.0,4,0.0,0.0,,,589268
2023-04-16 21:00:00,00000000790,20230416210000,0.0,0.0,0.0,0.0,0.0,0.0,1.0,4,0.0,0.0,,,589268
2023-04-16 22:00:00,00000000790,20230416220000,0.0,0.0,0.0,0.0,0.0,0.0,1.0,4,0.0,0.0,,,589268
2023-04-16 23:00:00,00000000790,20230416230000,0.0,0.0,0.0,0.0,0.0,0.0,1.0,4,0.0,0.0,,,589268
2023-04-17 00:00:00,00000000790,20230417000000,0.0,0.0,0.0,0.0,0.0,0.0,1.0,4,0.0,0.0,,,589268
2023-04-17 01:00:00,00000000790,20230417010000,0.0,0.0,0.0,0.0,0.0,0.0,1.0,4,0.0,0.0,,,589268
2023-04-17 02:00:00,00000000790,20230417020000,0.0,0.0,0.0,0.0,0.0,0.0,1.0,4,0.0,0.0,,,589268
2023-04-17 03:00:00,00000000790,20230417030000,0.0,0.0,0.0,0.0,0.0,0.0,1.0,4,0.0,0.0,,,589268
2023-04-17 04:00:00,00000000790,20230417040000,0.0,0.0,0.0,0.0,0.0,0.0,1.0,4,0.0,0.0,,,589268
2023-04-17 05:00:00,00000000790,20230417050000,0.0,0.0,0.0,0.0,0.0,0.0,1.0,4,0.0,0.0,,,589268
2023-04-17 06:00:00,00000000790,20230417060000,0.0,0.0,0.0,0.0,0.0,0.0,1.0,4,0.0,0.0,,,589268
2023-04-17 07:00:00,00000000790,20230417070000,0.0,0.0,0.0,0.0,0.0,0.0,1.0,4,0.0,0.0,,,589268
2023-04-17 08:00:00,00000000790,20230417080000,0.0,0.0,0.0,0.0,0.0,0.0,1.0,4,0.0,0.0,,,589268
2023-04-17 09:00:00,00000000790,20230417090000,0.0,0.0,0.0,0.0,0.0,0.0,1.0,4,0.0,0.0,,,589268
2023-04-17 10:00:00,00000000790,20230417100000,0.0,0.0,0.0,0.0,0.0,0.0,1.0,4,0.0,0.0,,,589268
2023-04-17 11:00:00,00000000790,20230417110000,0.0,0.0,0.0,0.0,0.0,0.0,1.0,4,0.0,0.0,,,589268
2023-04-17 12:00:00,00000000790,20230417120000,0.0,0.0,0.0,0.0,0.0,0.0,1.0,4,0.0,0.0,,,589268
2023-04-17 13:00:00,00000000790,20230417130000,0.0,0.0,0.0,0.0,0.0,0.0,1.0,4,0.0,0.0,,,589268
2023-04-17 14:00:00,00000000790,20230417140000,0.0,0.0,0.0,0.0,0.0,0.0,1.0,4,0.0,0.0,,,589268
2023-04-17 15:00:00,00000000790,20230417150000,0.0,0.0,0.0,0.0,0.0,0.0,1.0,4,0.0,0.0,,,589268
2023-04-17 16:00:00,00000000790,20230417160000,0.0,0.0,0.0,0.0,0.0,0.0,1.0,4,0.0,0.0,,,589268
2023-04-17 17:00:00,00000000790,20230417170000,0.0,0.0,0.0,0.0,0.0,0.0,1.0,4,0.0,0.0,,,589268
2023-04-17 18:00:00,00000000790,20230417180000,0.0,0.0,0.0,0.0,0.0,0.0,1.0,4,0.0,0.0,,,589268
2023-04-17 19:00:00,00000000790,20230417190000,0.0,0.0,0.0,0.0,0.0,0.0,1.0,4,0.0,0.0,,,589268
2023-04-17 20:00:00,00000000790,20230417200000,0.0,0.0,0.0,0.0,0.0,0.0,1.0,4,0.0,0.0,,,589268
2023-04-17 21:00:00,00000000790,20230417210000,0.0,0.0,0.0,0.0,0.0,0.0,1.0,4,0.0,0.0,,,589268
2023-04-17 22:00:00,00000000790,20230417220000,0.0,0.0,0.0,0.0,0.0,0.0,1.0,4,0.0,0.0,,,589268
2023-04-17 23:00:00,00000000790,20230417230000,0.0,0.0,0.0,0.0,0.0,0.0,1.0,4,0.0,0.0,,,589268
2023-04-18 00:00:00,00000000790,20230418000000,0.0,0.0,0.0,0.0,0.0,0.0,1.0,4,0.0,0.0,,,589268
2023-04-18 01:00:00,00000000790,20230418010000,0.0,0.0,0.0,0.0,0.0,0.0,1.0,4,0.0,0.0,,,589268
2023-04-18 02:00:00,00000000790,20230418020000,0.0,0.0,0.0,0.0,0.0,0.0,1.0,4,0.0,0.0,,,589268
2023-04-18 03:00:00,00000000790,20230418030000,0.0,0.0,0.0,0.0,0.0,0.0,1.0,4,0.0,0.0,,,589268
2023-04-18 04:00:00,00000000790,20230418040000,0.0,0.0,0.0,0.0,0.0,0.0,1.0,4,0.0,0.0,,,589268
2023-04-18 05:00:00,00000000790,20230418050000,0.0,0.0,0.0,0.0,0.0,0.0,1.0,4,0.0,0.0,,,589268
2023-04-18 06:00:00,00000000790,20230418060000,0.0,0.0,0.0,0.0,0.0,0.0,1.0,4,0.0,0.0,,,589268
2023-04-18 07:00:00,00000000790,20230418070000,0.0,0.0,0.0,0.0,0.0,0.0,1.0,4,0.0,0.0,,,589268
2023-04-18 08:00:00,00000000790,20230418080000,0.0,0.0,0.0,0.0,0.0,0.0,1.0,4,0.0,0.0,,,589268
2023-04-18 09:00:00,00000000790,20230418090000,0.0,0.0,0.0,0.0,0.0,0.0,1.0,4,0.0,0.0,,,589268
2023-04-18 10:00:00,00000000790,20230418100000,0.0,0.0,0.0,0.0,0.0,0.0,1.0,4,0.0,0.0,,,589268
2023-04-18 11:00:00,00000000790,20230418110000,0.0,0.0,0.0,0.0,0.0,0.0,1.0,4,0.0,0.0,,,589268
2023-04-18 12:00:00,00000000790,20230418120000,0.0,0.0,0.0,0.0,0.0,0.0,1.0,4,0.0,0.0,,,589268
2023-04-18 13:00:00,00000000790,20230418130000,0.0,0.0,0.0,0.0,0.0,0.0,1.0,4,0.0,0.0,,,589268
2023-04-18 14:00:00,00000000790,20230418140000,0.0,0.0,0.0,0.0,0.0,0.0,1.0,4,0.0,0.0,,,589268
2023-04-18 15:00:00,00000000790,20230418150000,0.0,0.0,0.0,0.0,0.0,0.0,1.0,4,0.0,0.0,,,589268
2023-04-18 16:00:00,00000000790,20230418160000,0.0,0.0,0.0,0.0,0.0,0.0,1.0,4,0.0,0.0,,,589268
2023-04-18 17:00:00,00000000790,20230418170000,0.0,0.0,0.0,0.0,0.0,0.0,1.0,4,0.0,0.0,,,589268
2023-04-18 18:00:00,00000000790,20230418180000,0.0,0.0,0.0,0.0,0.0,0.0,1.0,4,0.0,0.0,,,589268
2023-04-18 19:00:00,00000000790,20230418190000,0.0,0.0,0.0,0.0,0.0,0.0,1.0,4,0.0,0.0,,,589268
2023-04-18 20:00:00,00000000790,20230418200000,0.0,0.0,0.0,0.0,0.0,0.0,1.0,4,0.0,0.0,,,589268
2023-04-18 21:00:00,00000000790,20230418210000,0.0,0.0,0.0,0.0,0.0,0.0,1.0,4,0.0,0.0,,,589268
2023-04-18 22:00:00,00000000790,20230418220000,0.0,0.0,0.0,0.0,0.0,0.0,1.0,4,0.0,0.0,,,589268
2023-04-18 23:00:00,00000000790,20230418230000,0.0,0.0,0.0,0.0,0.0,0.0,1.0,4,0.0,0.0,,,589268
2023-04-19 00:00:00,00000000790,20230419000000,0.0,0.0,0.0,0.0,0.0,0.0,1.0,4,0.0,0.0,,,589268
2023-04-19 01:00:00,00000000790,20230419010000,0.0,0.0,0.0,0.0,0.0,0.0,1.0,4,0.0,0.0,,,589268
2023-04-19 02:00:00,00000000790,20230419020000,0.0,0.0,0.0,0.0,0.0,0.0,1.0,4,0.0,0.0,,,589268
2023-04-19 03:00:00,00000000790,20230419030000,0.0,0.0,0.0,0.0,0.0,0.0,1.0,4,0.0,0.0,,,589268
2023-04-19 04:00:00,00000000790,20230419040000,0.0,0.0,0.0,0.0,0.0,0.0,1.0,4,0.0,0.0,,,589268
2023-04-19 05:00:00,00000000790,20230419050000,0.0,0.0,0.0,0.0,0.0,0.0,1.0,4,0.0,0.0,,,589268
2023-04-19 06:00:00,00000000790,20230419060000,0.0,0.0,0.0,0.0,0.0,0.0,1.0,4,0.0,0.0,,,589268
2023-04-19 07:00:00,00000000790,20230419070000,0.0,0.0,0.0,0.0,0.0,0.0,1.0,4,0.0,0.0,,,589268
2023-04-19 08:00:00,00000000790,20230419080000,0.0,0.0,0.0,0.0,0.0,0.0,1.0,4,0.0,0.0,,,589268
2023-04-19 09:00:00,00000000790,20230419090000,0.0,0.0,0.0,0.0,0.0,0.0,1.0,4,0.0,0.0,,,589268
2023-04-19 10:00:00,00000000790,20230419100000,0.0,0.0,0.0,0.0,0.0,0.0,1.0,4,0.0,0.0,,,589268
2023-04-19 11:00:00,00000000790,20230419110000,0.0,0.0,0.0,0.0,0.0,0.0,1.0,4,0.0,0.0,,,589268
2023-04-19 12:00:00,00000000790,20230419120000,0.0,0.0,0.0,0.0,0.0,0.0,1.0,4,0.0,0.0,,,589268
2023-04-19 13:00:00,00000000790,20230419130000,0.0,0.0,0.0,0.0,0.0,0.0,1.0,4,0.0,0.0,,,589268
2023-04-19 14:00:00,00000000790,20230419140000,0.0,0.0,0.0,0.0,0.0,0.0,1.0,4,0.0,0.0,,,589268
2023-04-19 15:00:00,00000000790,20230419150000,0.0,0.0,0.0,0.0,0.0,0.0,1.0,4,0.0,0.0,,,589268
2023-04-19 16:00:00,00000000790,20230419160000,0.0,0.0,0.0,0.0,0.0,0.0,1.0,4,0.0,0.0,,,589268
2023-04-19 17:00:00,00000000790,20230419170000,0.0,0.0,0.0,0.0,0.0,0.0,1.0,4,0.0,0.0,,,589268
2023-04-19 18:00:00,00000000790,20230419180000,0.0,0.0,0.0,0.0,0.0,0.0,1.0,4,0.0,0.0,,,589268
2023-04-19 19:00:00,00000000790,20230419190000,0.0,0.0,0.0,0.0,0.0,0.0,1.0,4,0.0,0.0,,,589268
2023-04-19 20:00:00,00000000790,20230419200000,0.0,0.0,0.0,0.0,0.0,0.0,1.0,4,0.0,0.0,,,589268
2023-04-19 21:00:00,00000000790,20230419210000,0.0,0.0,0.0,0.0,0.0,0.0,1.0,4,0.0,0.0,,,589268
2023-04-19 22:00:00,00000000790,20230419220000,0.0,0.0,0.0,0.0,0.0,0.0,1.0,4,0.0,0.0,,,589268
2023-04-19 23:00:00,00000000790,20230419230000,0.0,0.0,0.0,0.0,0.0,0.0,1.0,4,0.0,0.0,,,589268
2023-04-20 00:00:00,00000000790,20230420000000,0.0,0.0,0.0,0.0,0.0,0.0,1.0,4,0.0,0.0,,,589268
2023-04-20 01:00:00,00000000790,20230420010000,0.0,0.0,0.0,0.0,0.0,0.0,1.0,4,0.0,0.0,,,589268
2023-04-20 02:00:00,00000000790,20230420020000,0.0,0.0,0.0,0.0,0.0,0.0,1.0,4,0.0,0.0,,,589268
2023-04-20 03:00:00,00000000790,20230420030000,0.0,0.0,0.0,0.0,0.0,0.0,1.0,4,0.0,0.0,,,589268
2023-04-20 04:00:00,00000000790,20230420040000,0.0,0.0,0.0,0.0,0.0,0.0,1.0,4,0.0,0.0,,,589268
2023-04-20 05:00:00,00000000790,20230420050000,0.0,0.0,0.0,0.0,0.0,0.0,1.0,4,0.0,0.0,,,589268
2023-04-20 06:00:00,00000000790,20230420060000,0.0,0.0,0.0,0.0,0.0,0.0,1.0,4,0.0,0.0,,,589268
2023-04-20 07:00:00,00000000790,20230420070000,0.0,0.0,0.0,0.0,0.0,0.0,1.0,4,0.0,0.0,,,589268
2023-04-20 08:00:00,00000000790,20230420080000,0.0,0.0,0.0,0.0,0.0,0.0,1.0,4,0.0,0.0,,,589268
2023-04-20 09:00:00,00000000790,20230420090000,0.0,0.0,0.0,0.0,0.0,0.0,1.0,4,0.0,0.0,,,589268
2023-04-20 10:00:00,00000000790,20230420100000,0.0,0.0,0.0,0.0,0.0,0.0,1.0,4,0.0,0.0,,,589268
2023-04-20 11:00:00,00000000790,20230420110000,0.0,0.0,0.0,0.0,0.0,0.0,1.0,4,0.0,0.0,,,589268
2023-04-20 12:00:00,00000000790,20230420120000,0.0,0.0,0.0,0.0,0.0,0.0,1.0,4,0.0,0.0,,,589268
2023-04-20 13:00:00,00000000790,20230420130000,0.0,0.0,0.0,0.0,0.0,0.0,1.0,4,0.0,0.0,,,589268
2023-04-20 14:00:00,00000000790,20230420140000,0.0,0.0,0.0,0.0,0.0,0.0,1.0,4,0.0,0.0,,,589268
2023-04-20 15:00:00,00000000790,20230420150000,0.0,0.0,0.0,0.0,0.0,0.0,1.0,4,0.0,0.0,,,589268
2023-04-20 16:00:00,00000000790,20230420160000,0.0,0.0,0.0,0.0,0.0,0.0,1.0,4,0.0,0.0,,,589268
2023-04-20 17:00:00,00000000790,20230420170000,0.0,0.0,0.0,0.0,0.0,0.0,1.0,4,0.0,0.0,,,589268
2023-04-20 18:00:00,00000000790,20230420180000,0.0,0.0,0.0,0.0,0.0,0.0,1.0,4,0.0,0.0,,,589268
2023-04-20 19:00:00,00000000790,20230420190000,0.0,0.0,0.0,0.0,0.0,0.0,1.0,4,0.0,0.0,,,589268
2023-04-20 20:00:00,00000000790,20230420200000,0.0,0.0,0.0,0.0,0.0,0.0,1.0,4,0.0,0.0,,,589268
2023-04-20 21:00:00,00000000790,20230420210000,0.0,0.0,0.0,0.0,0.0,0.0,1.0,4,0.0,0.0,,,589268
2023-04-20 22:00:00,00000000790,20230420220000,0.0,0.0,0.0,0.0,0.0,0.0,1.0,4,0.0,0.0,,,589268
2023-04-20 23:00:00,00000000790,20230420230000,0.0,0.0,0.0,0.0,0.0,0.0,1.0,4,0.0,0.0,,,589268
2023-04-21 00:00:00,00000000790,20230421000000,0.0,0.0,0.0,0.0,0.0,0.0,1.0,4,0.0,0.0,,,589268
2023-04-21 01:00:00,00000000790,20230421010000,0.0,0.0,0.0,0.0,0.0,0.0,1.0,4,0.0,0.0,,,589268
2023-04-21 02:00:00,00000000790,20230421020000,0.0,0.0,0.0,0.0,0.0,0.0,1.0,4,0.0,0.0,,,589268
2023-04-21 03:00:00,00000000790,20230421030000,0.0,0.0,0.0,0.0,0.0,0.0,1.0,4,0.0,0.0,,,589268
2023-04-21 04:00:00,00000000790,20230421040000,0.0,0.0,0.0,0.0,0.0,0.0,1.0,4,0.0,0.0,,,589268
2023-04-21 05:00:00,00000000790,20230421050000,0.0,0.0,0.0,0.0,0.0,0.0,1.0,4,0.0,0.0,,,589268
2023-04-21 06:00:00,00000000790,20230421060000,0.0,0.0,0.0,0.0,0.0,0.0,1.0,4,0.0,0.0,,,589268
2023-04-21 07:00:00,00000000790,20230421070000,0.0,0.0,0.0,0.0,0.0,0.0,1.0,4,0.0,0.0,,,589268
2023-04-21 08:00:00,00000000790,20230421080000,0.0,0.0,0.0,0.0,0.0,0.0,1.0,4,0.0,0.0,,,589268
2023-04-21 09:00:00,00000000790,20230421090000,0.0,0.0,0.0,0.0,0.0,0.0,1.0,4,0.0,0.0,,,589268
2023-04-21 10:00:00,00000000790,20230421100000,0.0,0.0,0.0,0.0,0.0,0.0,1.0,4,0.0,0.0,,,589268
2023-04-21 11:00:00,00000000790,20230421110000,0.0,0.0,0.0,0.0,0.0,0.0,1.0,4,0.0,0.0,,,589268
2023-04-21 12:00:00,00000000790,20230421120000,0.0,0.0,0.0,0.0,0.0,0.0,1.0,4,0.0,0.0,,,589268
2023-04-21 13:00:00,00000000790,20230421130000,0.0,0.0,0.0,0.0,0.0,0.0,1.0,4,0.0,0.0,,,589268
2023-04-21 14:00:00,00000000790,20230421140000,0.0,0.0,0.0,0.0,0.0,0.0,1.0,4,0.0,0.0,,,589268
2023-04-21 15:00:00,00000000790,20230421150000,0.0,0.0,0.0,0.0,0.0,0.0,1.0,4,0.0,0.0,,,589268
2023-04-21 16:00:00,00000000790,20230421160000,0.0,0.0,0.0,0.0,0.0,0.0,1.0,4,0.0,0.0,,,589268
2023-04-21 17:00:00,00000000790,20230421170000,0.0,0.0,0.0,0.0,0.0,0.0,1.0,4,0.0,0.0,,,589268
2023-04-21 18:00:00,00000000790,20230421180000,0.0,0.0,0.0,0.0,0.0,0.0,1.0,4,0.0,0.0,,,589268
2023-04-21 19:00:00,00000000790,20230421190000,0.0,0.0,0.0,0.0,0.0,0.0,1.0,4,0.0,0.0,,,589268
2023-04-21 20:00:00,00000000790,20230421200000,0.0,0.0,0.0,0.0,0.0,0.0,1.0,4,0.0,0.0,,,589268
2023-04-21 21:00:00,00000000790,20230421210000,0.0,0.0,0.0,0.0,0.0,0.0,1.0,4,0.0,0.0,,,589268
2023-04-21 22:00:00,00000000790,20230421220000,0.0,0.0,0.0,0.0,0.0,0.0,1.0,4,0.0,0.0,,,589268
2023-04-21 23:00:00,00000000790,20230421230000,0.0,0.0,0.0,0.0,0.0,0.0,1.0,4,0.0,0.0,,,589268
2023-04-22 00:00:00,00000000790,20230422000000,0.0,0.0,0.0,0.0,0.0,0.0,1.0,4,0.0,0.0,,,589268
2023-04-22 01:00:00,00000000790,20230422010000,0.0,0.0,0.0,0.0,0.0,0.0,1.0,4,0.0,0.0,,,589268
2023-04-22 02:00:00,00000000790,20230422020000,0.0,0.0,0.0,0.0,0.0,0.0,1.0,4,0.0,0.0,,,589268
2023-04-22 03:00:00,00000000790,20230422030000,0.0,0.0,0.0,0.0,0.0,0.0,1.0,4,0.0,0.0,,,589268
2023-04-22 04:00:00,00000000790,20230422040000,0.0,0.0,0.0,0.0,0.0,0.0,1.0,4,0.0,0.0,,,589268
2023-04-22 05:00:00,00000000790,20230422050000,0.0,0.0,0.0,0.0,0.0,0.0,1.0,4,0.0,0.0,,,589268
2023-04-22 06:00:00,00000000790,20230422060000,0.0,0.0,0.0,0.0,0.0,0.0,1.0,4,0.0,0.0,,,589268
2023-04-22 07:00:00,00000000790,20230422070000,0.0,0.0,0.0,0.0,0.0,0.0,1.0,4,0.0,0.0,,,589268
2023-04-22 08:00:00,00000000790,20230422080000,0.0,0.0,0.0,0.0,0.0,0.0,1.0,4,0.0,0.0,,,589268
2023-04-22 09:00:00,00000000790,20230422090000,0.0,0.0,0.0,0.0,0.0,0.0,1.0,4,0.0,0.0,,,589268
2023-04-22 10:00:00,00000000790,20230422100000,0.0,0.0,0.0,0.0,0.0,0.0,1.0,4,0.0,0.0,,,589268
2023-04-22 11:00:00,00000000790,20230422110000,0.0,0.0,0.0,0.0,0.0,0.0,1.0,4,0.0,0.0,,,589268
2023-04-22 12:00:00,00000000790,20230422120000,0.0,0.0,0.0,0.0,0.0,0.0,1.0,4,0.0,0.0,,,589268
2023-04-22 13:00:00,00000000790,20230422130000,0.0,0.0,0.0,0.0,0.0,0.0,1.0,4,0.0,0.0,,,589268
2023-04-22 14:00:00,00000000790,20230422140000,0.0,0.0,0.0,0.0,0.0,0.0,1.0,4,0.0,0.0,,,589268
2023-04-22 15:00:00,00000000790,20230422150000,0.0,0.0,0.0,0.0,0.0,0.0,1.0,4,0.0,0.0,,,589268
2023-04-22 16:00:00,00000000790,20230422160000,0.0,0.0,0.0,0.0,0.0,0.0,1.0,4,0.0,0.0,,,589268
2023-04-22 17:00:00,00000000790,20230422170000,0.0,0.0,0.0,0.0,0.0,0.0,1.0,4,0.0,0.0,,,589268
2023-04-22 18:00:00,00000000790,20230422180000,0.0,0.0,0.0,0.0,0.0,0.0,1.0,4,0.0,0.0,,,589268
2023-04-22 19:00:00,00000000790,20230422190000,0.0,0.0,0.0,0.0,0.0,0.0,1.0,4,0.0,0.0,,,589268
2023-04-22 20:00:00,00000000790,20230422200000,0.0,0.0,0.0,0.0,0.0,0.0,1.0,4,0.0,0.0,,,589268
2023-04-22 21:00:00,00000000790,20230422210000,0.0,0.0,0.0,0.0,0.0,0.0,1.0,4,0.0,0.0,,,589268
2023-04-22 22:00:00,00000000790,20230422220000,0.0,0.0,0.0,0.0,0.0,0.0,1.0,4,0.0,0.0,,,589268
2023-04-22 23:00:00,00000000790,20230422230000,0.0,0.0,0.0,0.0,0.0,0.0,1.0,4,0.0,0.0,,,589268
2023-04-23 00:00:00,00000000790,20230423000000,0.0,0.0,0.0,0.0,0.0,0.0,1.0,4,0.0,0.0,,,589268
2023-04-23 01:00:00,00000000790,20230423010000,0.0,0.0,0.0,0.0,0.0,0.0,1.0,4,0.0,0.0,,,589268
2023-04-23 02:00:00,00000000790,20230423020000,0.0,0.0,0.0,0.0,0.0,0.0,1.0,4,0.0,0.0,,,589268
2023-04-23 03:00:00,00000000790,20230423030000,0.0,0.0,0.0,0.0,0.0,0.0,1.0,4,0.0,0.0,,,589268
2023-04-23 04:00:00,00000000790,20230423040000,0.0,0.0,0.0,0.0,0.0,0.0,1.0,4,0.0,0.0,,,589268
2023-04-23 05:00:00,00000000790,20230423050000,0.0,0.0,0.0,0.0,0.0,0.0,1.0,4,0.0,0.0,,,589268
2023-04-23 06:00:00,00000000790,20230423060000,0.0,0.0,0.0,0.0,0.0,0.0,1.0,4,0.0,0.0,,,589268
2023-04-23 07:00:00,00000000790,20230423070000,0.0,0.0,0.0,0.0,0.0,0.0,1.0,4,0.0,0.0,,,589268
2023-04-23 08:00:00,00000000790,20230423080000,0.0,0.0,0.0,0.0,0.0,0.0,1.0,4,0.0,0.0,,,589268
2023-04-23 09:00:00,00000000790,20230423090000,0.0,0.0,0.0,0.0,0.0,0.0,1.0,4,0.0,0.0,,,589268
2023-04-23 10:00:00,00000000790,20230423100000,0.0,0.0,0.0,0.0,0.0,0.0,1.0,4,0.0,0.0,,,589268
2023-04-23 11:00:00,00000000790,20230423110000,0.0,0.0,0.0,0.0,0.0,0.0,1.0,4,0.0,0.0,,,589268
2023-04-23 12:00:00,00000000790,20230423120000,0.0,0.0,0.0,0.0,0.0,0.0,1.0,4,0.0,0.0,,,589268
2023-04-23 13:00:00,00000000790,20230423130000,0.0,0.0,0.0,0.0,0.0,0.0,1.0,4,0.0,0.0,,,589268
2023-04-23 14:00:00,00000000790,20230423140000,0.0,0.0,0.0,0.0,0.0,0.0,1.0,4,0.0,0.0,,,589268
2023-04-23 15:00:00,00000000790,20230423150000,0.0,0.0,0.0,0.0,0.0,0.0,1.0,4,0.0,0.0,,,589268
2023-04-23 16:00:00,00000000790,20230423160000,0.0,0.0,0.0,0.0,0.0,0.0,1.0,4,0.0,0.0,,,589268
2023-04-23 17:00:00,00000000790,20230423170000,0.0,0.0,0.0,0.0,0.0,0.0,1.0,4,0.0,0.0,,,589268
2023-04-23 18:00:00,00000000790,20230423180000,0.0,0.0,0.0,0.0,0.0,0.0,1.0,4,0.0,0.0,,,589268
2023-04-23 19:00:00,00000000790,20230423190000,0.0,0.0,0.0,0.0,0.0,0.0,1.0,4,0.0,0.0,,,589268
2023-04-23 20:00:00,00000000790,20230423200000,0.0,0.0,0.0,0.0,0.0,0.0,1.0,4,0.0,0.0,,,589268
2023-04-23 21:00:00,00000000790,20230423210000,0.0,0.0,0.0,0.0,0.0,0.0,1.0,4,0.0,0.0,,,589268
2023-04-23 22:00:00,00000000790,20230423220000,0.0,0.0,0.0,0.0,0.0,0.0,1.0,4,0.0,0.0,,,589268
2023-04-23 23:00:00,00000000790,20230423230000,0.0,0.0,0.0,0.0,0.0,0.0,1.0,4,0.0,0.0,,,589268
2023-04-24 00:00:00,00000000790,20230424000000,0.0,0.0,0.0,0.0,0.0,0.0,1.0,4,0.0,0.0,,,589268
2023-04-24 01:00:00,00000000790,20230424010000,0.0,0.0,0.0,0.0,0.0,0.0,1.0,4,0.0,0.0,,,589268
2023-04-24 02:00:00,00000000790,20230424020000,0.0,0.0,0.0,0.0,0.0,0.0,1.0,4,0.0,0.0,,,589268
2023-04-24 03:00:00,00000000790,20230424030000,0.0,0.0,0.0,0.0,0.0,0.0,1.0,4,0.0,0.0,,,589268
2023-04-24 04:00:00,00000000790,20230424040000,0.0,0.0,0.0,0.0,0.0,0.0,1.0,4,0.0,0.0,,,589268
2023-04-24 05:00:00,00000000790,20230424050000,0.0,0.0,0.0,0.0,0.0,0.0,1.0,4,0.0,0.0,,,589268
2023-04-24 06:00:00,00000000790,20230424060000,0.0,0.0,0.0,0.0,0.0,0.0,1.0,4,0.0,0.0,,,589268
2023-04-24 07:00:00,00000000790,20230424070000,0.0,0.0,0.0,0.0,0.0,0.0,1.0,4,0.0,0.0,,,589268
2023-04-24 08:00:00,00000000790,20230424080000,0.0,0.0,0.0,0.0,0.0,0.0,1.0,4,0.0,0.0,,,589268
2023-04-24 09:00:00,00000000790,20230424090000,0.0,0.0,0.0,0.0,0.0,0.0,1.0,4,0.0,0.0,,,589268
2023-04-24 10:00:00,00000000790,20230424100000,0.0,0.0,0.0,0.0,0.0,0.0,1.0,4,0.0,0.0,,,589268
2023-04-24 11:00:00,00000000790,20230424110000,0.0,0.0,0.0,0.0,0.0,0.0,1.0,4,0.0,0.0,,,589268
2023-04-24 12:00:00,00000000790,20230424120000,0.0,0.0,0.0,0.0,0.0,0.0,1.0,4,0.0,0.0,,,589268
2023-04-24 13:00:00,00000000790,20230424130000,0.0,0.0,0.0,0.0,0.0,0.0,1.0,4,0.0,0.0,,,589268
2023-04-24 14:00:00,00000000790,20230424140000,0.0,0.0,0.0,0.0,0.0,0.0,1.0,4,0.0,0.0,,,589268
2023-04-24 15:00:00,00000000790,20230424150000,0.0,0.0,0.0,0.0,0.0,0.0,1.0,4,0.0,0.0,,,589268
2023-04-24 16:00:00,00000000790,20230424160000,0.0,0.0,0.0,0.0,0.0,0.0,1.0,4,0.0,0.0,,,589268
2023-04-24 17:00:00,00000000790,20230424170000,0.0,0.0,0.0,0.0,0.0,0.0,1.0,4,0.0,0.0,,,589268
2023-04-24 18:00:00,00000000790,20230424180000,0.0,0.0,0.0,0.0,0.0,0.0,1.0,4,0.0,0.0,,,589268
2023-04-24 19:00:00,00000000790,20230424190000,0.0,0.0,0.0,0.0,0.0,0.0,1.0,4,0.0,0.0,,,589268
2023-04-24 20:00:00,00000000790,20230424200000,0.0,0.0,0.0,0.0,0.0,0.0,1.0,4,0.0,0.0,,,589268
2023-04-24 21:00:00,00000000790,20230424210000,0.0,0.0,0.0,0.0,0.0,0.0,1.0,4,0.0,0.0,,,589268
2023-04-24 22:00:00,00000000790,20230424220000,0.0,0.0,0.0,0.0,0.0,0.0,1.0,4,0.0,0.0,,,589268
2023-04-24 23:00:00,00000000790,20230424230000,0.0,0.0,0.0,0.0,0.0,0.0,1.0,4,0.0,0.0,,,589268
2023-04-25 00:00:00,00000000790,20230425000000,0.0,0.0,0.0,0.0,0.0,0.0,1.0,4,0.0,0.0,,,589268
2023-04-25 01:00:00,00000000790,20230425010000,0.0,0.0,0.0,0.0,0.0,0.0,1.0,4,0.0,0.0,,,589268
2023-04-25 02:00:00,00000000790,20230425020000,0.0,0.0,0.0,0.0,0.0,0.0,1.0,4,0.0,0.0,,,589268
2023-04-25 03:00:00,00000000790,20230425030000,0.0,0.0,0.0,0.0,0.0,0.0,1.0,4,0.0,0.0,,,589268
2023-04-25 04:00:00,00000000790,20230425040000,0.0,0.0,0.0,0.0,0.0,0.0,1.0,4,0.0,0.0,,,589268
2023-04-25 05:00:00,00000000790,20230425050000,0.0,0.0,0.0,0.0,0.0,0.0,1.0,4,0.0,0.0,,,589268
2023-04-25 06:00:00,00000000790,20230425060000,0.0,0.0,0.0,0.0,0.0,0.0,1.0,4,0.0,0.0,,,589268
2023-04-25 07:00:00,00000000790,20230425070000,0.0,0.0,0.0,0.0,0.0,0.0,1.0,4,0.0,0.0,,,589268
2023-04-25 08:00:00,00000000790,20230425080000,0.0,0.0,0.0,0.0,0.0,0.0,1.0,4,0.0,0.0,,,589268
2023-04-25 09:00:00,00000000790,20230425090000,0.0,0.0,0.0,0.0,0.0,0.0,1.0,4,0.0,0.0,,,589268
2023-04-25 10:00:00,00000000790,20230425100000,0.0,0.0,0.0,0.0,0.0,0.0,1.0,4,0.0,0.0,,,589268
2023-04-25 11:00:00,00000000790,20230425110000,0.0,0.0,0.0,0.0,0.0,0.0,1.0,4,0.0,0.0,,,589268
2023-04-25 12:00:00,00000000790,20230425120000,0.0,0.0,0.0,0.0,0.0,0.0,1.0,4,0.0,0.0,,,589268
2023-04-25 13:00:00,00000000790,20230425130000,0.0,0.0,0.0,0.0,0.0,0.0,1.0,4,0.0,0.0,,,589268
2023-04-25 14:00:00,00000000790,20230425140000,0.0,0.0,0.0,0.0,0.0,0.0,1.0,4,0.0,0.0,,,589268
2023-04-25 15:00:00,00000000790,20230425150000,0.0,0.0,0.0,0.0,0.0,0.0,1.0,4,0.0,0.0,,,589268
2023-04-25 16:00:00,00000000790,20230425160000,0.0,0.0,0.0,0.0,0.0,0.0,1.0,4,0.0,0.0,,,589268
2023-04-25 17:00:00,00000000790,20230425170000,0.0,0.0,0.0,0.0,0.0,0.0,1.0,4,0.0,0.0,,,589268
2023-04-25 18:00:00,00000000790,20230425180000,0.0,0.0,0.0,0.0,0.0,0.0,1.0,4,0.0,0.0,,,589268
2023-04-25 19:00:00,00000000790,20230425190000,0.0,0.0,0.0,0.0,0.0,0.0,1.0,4,0.0,0.0,,,589268
2023-04-25 20:00:00,00000000790,20230425200000,0.0,0.0,0.0,0.0,0.0,0.0,1.0,4,0.0,0.0,,,589268
2023-04-25 21:00:00,00000000790,20230425210000,0.0,0.0,0.0,0.0,0.0,0.0,1.0,4,0.0,0.0,,,589268
2023-04-25 22:00:00,00000000790,20230425220000,0.0,0.0,0.0,0.0,0.0,0.0,1.0,4,0.0,0.0,,,589268
2023-04-25 23:00:00,00000000790,20230425230000,0.0,0.0,0.0,0.0,0.0,0.0,1.0,4,0.0,0.0,,,589268
2023-04-26 00:00:00,00000000790,20230426000000,0.0,0.0,0.0,0.0,0.0,0.0,1.0,4,0.0,0.0,,,589268
2023-04-26 01:00:00,00000000790,20230426010000,0.0,0.0,0.0,0.0,0.0,0.0,1.0,4,0.0,0.0,,,589268
2023-04-26 02:00:00,00000000790,20230426020000,0.0,0.0,0.0,0.0,0.0,0.0,1.0,4,0.0,0.0,,,589268
2023-04-26 03:00:00,00000000790,20230426030000,0.0,0.0,0.0,0.0,0.0,0.0,1.0,4,0.0,0.0,,,589268
2023-04-26 04:00:00,00000000790,20230426040000,0.0,0.0,0.0,0.0,0.0,0.0,1.0,4,0.0,0.0,,,589268
2023-04-26 05:00:00,00000000790,20230426050000,0.0,0.0,0.0,0.0,0.0,0.0,1.0,4,0.0,0.0,,,589268
2023-04-26 06:00:00,00000000790,20230426060000,0.0,0.0,0.0,0.0,0.0,0.0,1.0,4,0.0,0.0,,,589268
2023-04-26 07:00:00,00000000790,20230426070000,0.0,0.0,0.0,0.0,0.0,0.0,1.0,4,0.0,0.0,,,589268
2023-04-26 08:00:00,00000000790,20230426080000,0.0,0.0,0.0,0.0,0.0,0.0,1.0,4,0.0,0.0,,,589268
2023-04-26 09:00:00,00000000790,20230426090000,0.0,0.0,0.0,0.0,0.0,0.0,1.0,4,0.0,0.0,,,589268
2023-04-26 10:00:00,00000000790,20230426100000,0.0,0.0,0.0,0.0,0.0,0.0,1.0,4,0.0,0.0,,,589268
2023-04-26 11:00:00,00000000790,20230426110000,0.0,0.0,0.0,0.0,0.0,0.0,1.0,4,0.0,0.0,,,589268
2023-04-26 12:00:00,00000000790,20230426120000,0.0,0.0,0.0,0.0,0.0,0.0,1.0,4,0.0,0.0,,,589268
2023-04-26 13:00:00,00000000790,20230426130000,0.0,0.0,0.0,0.0,0.0,0.0,1.0,4,0.0,0.0,,,589268
2023-04-26 14:00:00,00000000790,20230426140000,0.0,0.0,0.0,0.0,0.0,0.0,1.0,4,0.0,0.0,,,589268
2023-04-26 15:00:00,00000000790,20230426150000,0.0,0.0,0.0,0.0,0.0,0.0,1.0,4,0.0,0.0,,,589268
2023-04-26 16:00:00,00000000790,20230426160000,0.0,0.0,0.0,0.0,0.0,0.0,1.0,4,0.0,0.0,,,589268
2023-04-26 17:00:00,00000000790,20230426170000,0.0,0.0,0.0,0.0,0.0,0.0,1.0,4,0.0,0.0,,,589268
2023-04-26 18:00:00,00000000790,20230426180000,0.0,0.0,0.0,0.0,0.0,0.0,1.0,4,0.0,0.0,,,589268
2023-04-26 19:00:00,00000000790,20230426190000,0.0,0.0,0.0,0.0,0.0,0.0,1.0,4,0.0,0.0,,,589268
2023-04-26 20:00:00,00000000790,20230426200000,0.0,0.0,0.0,0.0,0.0,0.0,1.0,4,0.0,0.0,,,589268
2023-04-26 21:00:00,00000000790,20230426210000,0.0,0.0,0.0,0.0,0.0,0.0,1.0,4,0.0,0.0,,,589268
2023-04-26 22:00:00,00000000790,20230426220000,0.0,0.0,0.0,0.0,0.0,0.0,1.0,4,0.0,0.0,,,589268
2023-04-26 23:00:00,00000000790,20230426230000,0.0,0.0,0.0,0.0,0.0,0.0,1.0,4,0.0,0.0,,,589268
2023-04-27 00:00:00,00000000790,20230427000000,0.0,0.0,0.0,0.0,0.0,0.0,1.0,4,0.0,0.0,,,589268
2023-04-27 01:00:00,00000000790,20230427010000,0.0,0.0,0.0,0.0,0.0,0.0,1.0,4,0.0,0.0,,,589268
2023-04-27 02:00:00,00000000790,20230427020000,0.0,0.0,0.0,0.0,0.0,0.0,1.0,4,0.0,0.0,,,589268
2023-04-27 03:00:00,00000000790,20230427030000,0.0,0.0,0.0,0.0,0.0,0.0,1.0,4,0.0,0.0,,,589268
2023-04-27 04:00:00,00000000790,20230427040000,0.0,0.0,0.0,0.0,0.0,0.0,1.0,4,0.0,0.0,,,589268
2023-04-27 05:00:00,00000000790,20230427050000,0.0,0.0,0.0,0.0,0.0,0.0,1.0,4,0.0,0.0,,,589268
2023-04-27 06:00:00,00000000790,20230427060000,0.0,0.0,0.0,0.0,0.0,0.0,1.0,4,0.0,0.0,,,589268
2023-04-27 07:00:00,00000000790,20230427070000,0.0,0.0,0.0,0.0,0.0,0.0,1.0,4,0.0,0.0,,,589268
2023-04-27 08:00:00,00000000790,20230427080000,0.0,0.0,0.0,0.0,0.0,0.0,1.0,4,0.0,0.0,,,589268
2023-04-27 09:00:00,00000000790,20230427090000,0.0,0.0,0.0,0.0,0.0,0.0,1.0,4,0.0,0.0,,,589268
2023-04-27 10:00:00,00000000790,20230427100000,0.0,0.0,0.0,0.0,0.0,0.0,1.0,4,0.0,0.0,,,589268
2023-04-27 11:00:00,00000000790,20230427110000,0.0,0.0,0.0,0.0,0.0,0.0,1.0,4,0.0,0.0,,,589268
2023-04-27 12:00:00,00000000790,20230427120000,0.0,0.0,0.0,0.0,0.0,0.0,1.0,4,0.0,0.0,,,589268
2023-04-27 13:00:00,00000000790,20230427130000,0.0,0.0,0.0,0.0,0.0,0.0,1.0,4,0.0,0.0,,,589268
2023-04-27 14:00:00,00000000790,20230427140000,0.0,0.0,0.0,0.0,0.0,0.0,1.0,4,0.0,0.0,,,589268
2023-04-27 15:00:00,00000000790,20230427150000,0.0,0.0,0.0,0.0,0.0,0.0,1.0,4,0.0,0.0,,,589268
2023-04-27 16:00:00,00000000790,20230427160000,0.0,0.0,0.0,0.0,0.0,0.0,1.0,4,0.0,0.0,,,589268
2023-04-27 17:00:00,00000000790,20230427170000,0.0,0.0,0.0,0.0,0.0,0.0,1.0,4,0.0,0.0,,,589268
2023-04-27 18:00:00,00000000790,20230427180000,0.0,0.0,0.0,0.0,0.0,0.0,1.0,4,0.0,0.0,,,589268
2023-04-27 19:00:00,00000000790,20230427190000,0.0,0.0,0.0,0.0,0.0,0.0,1.0,4,0.0,0.0,,,589268
2023-04-27 20:00:00,00000000790,20230427200000,0.0,0.0,0.0,0.0,0.0,0.0,1.0,4,0.0,0.0,,,589268
2023-04-27 21:00:00,00000000790,20230427210000,0.0,0.0,0.0,0.0,0.0,0.0,1.0,4,0.0,0.0,,,589268
2023-04-27 22:00:00,00000000790,20230427220000,0.0,0.0,0.0,0.0,0.0,0.0,1.0,4,0.0,0.0,,,589268
2023-04-27 23:00:00,00000000790,20230427230000,0.0,0.0,0.0,0.0,0.0,0.0,1.0,4,0.0,0.0,,,589268
2023-04-28 00:00:00,00000000790,20230428000000,0.0,0.0,0.0,0.0,0.0,0.0,1.0,4,0.0,0.0,,,589268
2023-04-28 01:00:00,00000000790,20230428010000,0.0,0.0,0.0,0.0,0.0,0.0,1.0,4,0.0,0.0,,,589268
2023-04-28 02:00:00,00000000790,20230428020000,0.0,0.0,0.0,0.0,0.0,0.0,1.0,4,0.0,0.0,,,589268
2023-04-28 03:00:00,00000000790,20230428030000,0.0,0.0,0.0,0.0,0.0,0.0,1.0,4,0.0,0.0,,,589268
2023-04-28 04:00:00,00000000790,20230428040000,0.0,0.0,0.0,0.0,0.0,0.0,1.0,4,0.0,0.0,,,589268
2023-04-28 05:00:00,00000000790,20230428050000,0.0,0.0,0.0,0.0,0.0,0.0,1.0,4,0.0,0.0,,,589268
2023-04-28 06:00:00,00000000790,20230428060000,0.0,0.0,0.0,0.0,0.0,0.0,1.0,4,0.0,0.0,,,589268
2023-04-28 07:00:00,00000000790,20230428070000,0.0,0.0,0.0,0.0,0.0,0.0,1.0,4,0.0,0.0,,,589268
2023-04-28 08:00:00,00000000790,20230428080000,0.0,0.0,0.0,0.0,0.0,0.0,1.0,4,0.0,0.0,,,589268
2023-04-28 09:00:00,00000000790,20230428090000,0.0,0.0,0.0,0.0,0.0,0.0,1.0,4,0.0,0.0,,,589268
2023-04-28 10:00:00,00000000790,20230428100000,0.0,0.0,0.0,0.0,0.0,0.0,1.0,4,0.0,0.0,,,589268
2023-04-28 11:00:00,00000000790,20230428110000,0.0,0.0,0.0,0.0,0.0,0.0,1.0,4,0.0,0.0,,,589268
2023-04-28 12:00:00,00000000790,20230428120000,0.0,0.0,0.0,0.0,0.0,0.0,1.0,4,0.0,0.0,,,589268
2023-04-28 13:00:00,00000000790,20230428130000,0.0,0.0,0.0,0.0,0.0,0.0,1.0,4,0.0,0.0,,,589268
2023-04-28 14:00:00,00000000790,20230428140000,0.0,0.0,0.0,0.0,0.0,0.0,1.0,4,0.0,0.0,,,589268
2023-04-28 15:00:00,00000000790,20230428150000,0.0,0.0,0.0,0.0,0.0,0.0,1.0,4,0.0,0.0,,,589268
2023-04-28 16:00:00,00000000790,20230428160000,0.0,0.0,0.0,0.0,0.0,0.0,1.0,4,0.0,0.0,,,589268
2023-04-28 17:00:00,00000000790,20230428170000,0.0,0.0,0.0,0.0,0.0,0.0,1.0,4,0.0,0.0,,,589268
2023-04-28 18:00:00,00000000790,20230428180000,0.0,0.0,0.0,0.0,0.0,0.0,1.0,4,0.0,0.0,,,589268
2023-04-28 19:00:00,00000000790,20230428190000,0.0,0.0,0.0,0.0,0.0,0.0,1.0,4,0.0,0.0,,,589268
2023-04-28 20:00:00,00000000790,20230428200000,0.0,0.0,0.0,0.0,0.0,0.0,1.0,4,0.0,0.0,,,589268
2023-04-28 21:00:00,00000000790,20230428210000,0.0,0.0,0.0,0.0,0.0,0.0,1.0,4,0.0,0.0,,,589268
2023-04-28 22:00:00,00000000790,20230428220000,0.0,0.0,0.0,0.0,0.0,0.0,1.0,4,0.0,0.0,,,589268
2023-04-28 23:00:00,00000000790,20230428230000,0.0,0.0,0.0,0.0,0.0,0.0,1.0,4,0.0,0.0,,,589268
2023-04-29 00:00:00,00000000790,20230429000000,0.0,0.0,0.0,0.0,0.0,0.0,1.0,4,0.0,0.0,,,589268
2023-04-29 01:00:00,00000000790,20230429010000,0.0,0.0,0.0,0.0,0.0,0.0,1.0,4,0.0,0.0,,,589268
2023-04-29 02:00:00,00000000790,20230429020000,0.0,0.0,0.0,0.0,0.0,0.0,1.0,4,0.0,0.0,,,589268
2023-04-29 03:00:00,00000000790,20230429030000,0.0,0.0,0.0,0.0,0.0,0.0,1.0,4,0.0,0.0,,,589268
2023-04-29 04:00:00,00000000790,20230429040000,0.0,0.0,0.0,0.0,0.0,0.0,1.0,4,0.0,0.0,,,589268
2023-04-29 05:00:00,00000000790,20230429050000,0.0,0.0,0.0,0.0,0.0,0.0,1.0,4,0.0,0.0,,,589268
2023-04-29 06:00:00,00000000790,20230429060000,0.0,0.0,0.0,0.0,0.0,0.0,1.0,4,0.0,0.0,,,589268
2023-04-29 07:00:00,00000000790,20230429070000,0.0,0.0,0.0,0.0,0.0,0.0,1.0,4,0.0,0.0,,,589268
2023-04-29 08:00:00,00000000790,20230429080000,0.0,0.0,0.0,0.0,0.0,0.0,1.0,4,0.0,0.0,,,589268
2023-04-29 09:00:00,00000000790,20230429090000,0.0,0.0,0.0,0.0,0.0,0.0,1.0,4,0.0,0.0,,,589268
2023-04-29 10:00:00,00000000790,20230429100000,0.0,0.0,0.0,0.0,0.0,0.0,1.0,4,0.0,0.0,,,589268
2023-04-29 11:00:00,00000000790,20230429110000,0.0,0.0,0.0,0.0,0.0,0.0,1.0,4,0.0,0.0,,,589268
2023-04-29 12:00:00,00000000790,20230429120000,0.0,0.0,0.0,0.0,0.0,0.0,1.0,4,0.0,0.0,,,589268
2023-04-29 13:00:00,00000000790,20230429130000,0.0,0.0,0.0,0.0,0.0,0.0,1.0,4,0.0,0.0,,,589268
2023-04-29 14:00:00,00000000790,20230429140000,0.0,0.0,0.0,0.0,0.0,0.0,1.0,4,0.0,0.0,,,589268
2023-04-29 15:00:00,00000000790,20230429150000,0.0,0.0,0.0,0.0,0.0,0.0,1.0,4,0.0,0.0,,,589268
2023-04-29 16:00:00,00000000790,20230429160000,0.0,0.0,0.0,0.0,0.0,0.0,1.0,4,0.0,0.0,,,589268
2023-04-29 17:00:00,00000000790,20230429170000,0.0,0.0,0.0,0.0,0.0,0.0,1.0,4,0.0,0.0,,,589268
2023-04-29 18:00:00,00000000790,20230429180000,0.0,0.0,0.0,0.0,0.0,0.0,1.0,4,0.0,0.0,,,589268
2023-04-29 19:00:00,00000000790,20230429190000,0.0,0.0,0.0,0.0,0.0,0.0,1.0,4,0.0,0.0,,,589268
2023-04-29 20:00:00,00000000790,20230429200000,0.0,0.0,0.0,0.0,0.0,0.0,1.0,4,0.0,0.0,,,589268
2023-04-29 21:00:00,00000000790,20230429210000,0.0,0.0,0.0,0.0,0.0,0.0,1.0,4,0.0,0.0,,,589268
2023-04-29 22:00:00,00000000790,20230429220000,0.0,0.0,0.0,0.0,0.0,0.0,1.0,4,0.0,0.0,,,589268
2023-04-29 23:00:00,00000000790,20230429230000,0.0,0.0,0.0,0.0,0.0,0.0,1.0,4,0.0,0.0,,,589268
2023-04-30 00:00:00,00000000790,20230430000000,0.0,0.0,0.0,0.0,0.0,0.0,1.0,4,0.0,0.0,,,589268
2023-04-30 01:00:00,00000000790,20230430010000,0.0,0.0,0.0,0.0,0.0,0.0,1.0,4,0.0,0.0,,,589268
2023-04-30 02:00:00,00000000790,20230430020000,0.0,0.0,0.0,0.0,0.0,0.0,1.0,4,0.0,0.0,,,589268
2023-04-30 03:00:00,00000000790,20230430030000,0.0,0.0,0.0,0.0,0.0,0.0,1.0,4,0.0,0.0,,,589268
2023-04-30 04:00:00,00000000790,20230430040000,0.0,0.0,0.0,0.0,0.0,0.0,1.0,4,0.0,0.0,,,589268
2023-04-30 05:00:00,00000000790,20230430050000,0.0,0.0,0.0,0.0,0.0,0.0,1.0,4,0.0,0.0,,,589268
2023-04-30 06:00:00,00000000790,20230430060000,0.0,0.0,0.0,0.0,0.0,0.0,1.0,4,0.0,0.0,,,589268
2023-04-30 07:00:00,00000000790,20230430070000,0.0,0.0,0.0,0.0,0.0,0.0,1.0,4,0.0,0.0,,,589268
2023-04-30 08:00:00,00000000790,20230430080000,0.0,0.0,0.0,0.0,0.0,0.0,1.0,4,0.0,0.0,,,589268
2023-04-30 09:00:00,00000000790,20230430090000,0.0,0.0,0.0,0.0,0.0,0.0,1.0,4,0.0,0.0,,,589268
2023-04-30 10:00:00,00000000790,20230430100000,0.0,0.0,0.0,0.0,0.0,0.0,1.0,4,0.0,0.0,,,589268
2023-04-30 11:00:00,00000000790,20230430110000,0.0,0.0,0.0,0.0,0.0,0.0,1.0,4,0.0,0.0,,,589268
2023-04-30 12:00:00,00000000790,20230430120000,0.0,0.0,0.0,0.0,0.0,0.0,1.0,4,0.0,0.0,,,589268
2023-04-30 13:00:00,00000000790,20230430130000,0.0,0.0,0.0,0.0,0.0,0.0,1.0,4,0.0,0.0,,,589268
2023-04-30 14:00:00,00000000790,20230430140000,0.0,0.0,0.0,0.0,0.0,0.0,1.0,4,0.0,0.0,,,589268
2023-04-30 15:00:00,00000000790,20230430150000,0.0,0.0,0.0,0.0,0.0,0.0,1.0,4,0.0,0.0,,,589268
2023-04-30 16:00:00,00000000790,20230430160000,0.0,0.0,0.0,0.0,0.0,0.0,1.0,4,0.0,0.0,,,589268
2023-04-30 17:00:00,00000000790,20230430170000,0.0,0.0,0.0,0.0,0.0,0.0,1.0,4,0.0,0.0,,,589268
2023-04-30 18:00:00,00000000790,20230430180000,0.0,0.0,0.0,0.0,0.0,0.0,1.0,4,0.0,0.0,,,589268
2023-04-30 19:00:00,00000000790,20230430190000,0.0,0.0,0.0,0.0,0.0,0.0,1.0,4,0.0,0.0,,,589268
2023-04-30 20:00:00,00000000790,20230430200000,0.0,0.0,0.0,0.0,0.0,0.0,1.0,4,0.0,0.0,,,589268
2023-04-30 21:00:00,00000000790,20230430210000,0.0,0.0,0.0,0.0,0.0,0.0,1.0,4,0.0,0.0,,,589268
2023-04-30 22:00:00,00000000790,20230430220000,0.0,0.0,0.0,0.0,0.0,0.0,1.0,4,0.0,0.0,,,589268
2023-04-30 23:00:00,00000000790,20230430230000,0.0,0.0,0.0,0.0,0.0,0.0,1.0,4,0.0,0.0,,,589268
2023-05-01 00:00:00,00000000790,20230501000000,0.0,0.0,0.0,0.0,0.0,0.0,1.0,4,0.0,0.0,,,589268
2023-05-01 01:00:00,00000000790,20230501010000,0.0,0.0,0.0,0.0,0.0,0.0,1.0,4,0.0,0.0,,,589268
2023-05-01 02:00:00,00000000790,20230501020000,0.0,0.0,0.0,0.0,0.0,0.0,1.0,4,0.0,0.0,,,589268
2023-05-01 03:00:00,00000000790,20230501030000,0.0,0.0,0.0,0.0,0.0,0.0,1.0,4,0.0,0.0,,,589268
2023-05-01 04:00:00,00000000790,20230501040000,0.0,0.0,0.0,0.0,0.0,0.0,1.0,4,0.0,0.0,,,589268
2023-05-01 05:00:00,00000000790,20230501050000,0.0,0.0,0.0,0.0,0.0,0.0,1.0,4,0.0,0.0,,,589268
2023-05-01 06:00:00,00000000790,20230501060000,0.0,0.0,0.0,0.0,0.0,0.0,1.0,4,0.0,0.0,,,589268
2023-05-01 07:00:00,00000000790,20230501070000,0.0,0.0,0.0,0.0,0.0,0.0,1.0,4,0.0,0.0,,,589268
2023-05-01 08:00:00,00000000790,20230501080000,0.0,0.0,0.0,0.0,0.0,0.0,1.0,4,0.0,0.0,,,589268
2023-05-01 09:00:00,00000000790,20230501090000,0.0,0.0,0.0,0.0,0.0,0.0,1.0,4,0.0,0.0,,,589268
2023-05-01 10:00:00,00000000790,20230501100000,0.0,0.0,0.0,0.0,0.0,0.0,1.0,4,0.0,0.0,,,589268
2023-05-01 11:00:00,00000000790,20230501110000,0.105,0.045,0.0,0.0,0.0,0.0,1.0,4,0.0,0.0,42.86,0.0,589268
2023-05-01 12:00:00,00000000790,20230501120000,2.157,0.05,0.0,0.0,0.0,0.0,1.0,4,0.0,0.0,2.32,0.0,589268
2023-05-01 13:00:00,00000000790,20230501130000,0.184,0.021,0.006,0.0,0.0,0.0,1.0,4,0.0,0.0,11.41,3.26,589268
2023-05-01 14:00:00,00000000790,20230501140000,0.068,0.028,0.004,0.0,0.0,0.0,1.0,4,0.0,0.0,41.18,5.88,589268
2023-05-01 15:00:00,00000000790,20230501150000,0.065,0.028,0.005,0.0,0.0,0.0,1.0,4,0.0,0.0,43.08,7.69,589268
2023-05-01 16:00:00,00000000790,20230501160000,0.124,0.022,0.006,0.0,0.0,0.0,1.0,4,0.0,0.0,17.74,4.84,589268
2023-05-01 17:00:00,00000000790,20230501170000,0.772,0.271,0.001,0.0,0.0,0.0,1.0,4,0.0,0.0,35.1,0.13,589268
2023-05-01 18:00:00,00000000790,20230501180000,1.542,0.039,0.013,0.0,0.0,0.0,1.0,4,0.0,0.0,2.53,0.84,589268
2023-05-01 19:00:00,00000000790,20230501190000,1.966,0.011,0.017,0.0,0.0,0.0,1.0,4,0.0,0.0,0.56,0.86,589268
2023-05-01 20:00:00,00000000790,20230501200000,1.549,0.0,0.062,0.0,0.0,0.0,1.0,4,0.0,0.0,0.0,4.0,589268
2023-05-01 21:00:00,00000000790,20230501210000,1.165,0.113,0.013,0.0,0.0,0.0,1.0,4,0.0,0.0,9.7,1.12,589268
2023-05-01 22:00:00,00000000790,20230501220000,1.255,0.057,0.05,0.0,0.0,0.0,1.0,4,0.0,0.0,4.54,3.98,589268
2023-05-01 23:00:00,00000000790,20230501230000,0.142,0.003,0.014,0.0,0.0,0.0,1.0,4,0.0,0.0,2.11,9.86,589268
2023-05-02 00:00:00,00000000790,20230502000000,1.303,0.007,0.017,0.0,0.0,0.0,1.0,4,0.0,0.0,0.54,1.3,589268
2023-05-02 01:00:00,00000000790,20230502010000,0.058,0.011,0.016,0.0,0.0,0.0,1.0,4,0.0,0.0,18.97,27.59,589268
2023-05-02 02:00:00,00000000790,20230502020000,0.11,0.017,0.012,0.0,0.0,0.0,1.0,4,0.0,0.0,15.45,10.91,589268
2023-05-02 03:00:00,00000000790,20230502030000,0.339,0.0,0.02,0.0,0.0,0.0,1.0,4,0.0,0.0,0.0,5.9,589268
2023-05-02 04:00:00,00000000790,20230502040000,0.051,0.012,0.015,0.0,0.0,0.0,1.0,4,0.0,0.0,23.53,29.41,589268
2023-05-02 05:00:00,00000000790,20230502050000,0.037,0.009,0.016,0.0,0.0,0.0,1.0,4,0.0,0.0,24.32,43.24,589268
2023-05-02 06:00:00,00000000790,20230502060000,0.016,0.0,0.021,0.0,0.0,0.0,1.0,4,0.0,0.0,0.0,131.25,589268
2023-05-02 07:00:00,00000000790,20230502070000,0.066,0.019,0.011,0.0,0.0,0.0,1.0,4,0.0,0.0,28.79,16.67,589268
2023-05-02 08:00:00,00000000790,20230502080000,0.015,0.0,0.02,0.0,0.0,0.0,1.0,4,0.0,0.0,0.0,133.33,589268
2023-05-02 09:00:00,00000000790,20230502090000,0.193,0.013,0.013,0.0,0.0,0.0,1.0,4,0.0,0.0,6.74,6.74,589268
2023-05-02 10:00:00,00000000790,20230502100000,2.707,0.012,0.015,0.0,0.0,0.0,1.0,4,0.0,0.0,0.44,0.55,589268
2023-05-02 11:00:00,00000000790,20230502110000,2.188,0.008,0.021,0.0,0.0,0.0,1.0,4,0.0,0.0,0.37,0.96,589268
2023-05-02 12:00:00,00000000790,20230502120000,1.023,0.017,0.022,0.0,0.0,0.0,1.0,4,0.0,0.0,1.66,2.15,589268
2023-05-02 13:00:00,00000000790,20230502130000,0.142,0.01,0.015,0.0,0.0,0.0,1.0,4,0.0,0.0,7.04,10.56,589268
2023-05-02 14:00:00,00000000790,20230502140000,0.107,0.005,0.035,0.0,0.0,0.0,1.0,4,0.0,0.0,4.67,32.71,589268
2023-05-02 15:00:00,00000000790,20230502150000,0.096,0.001,0.042,0.0,0.0,0.0,1.0,4,0.0,0.0,1.04,43.75,589268
2023-05-02 16:00:00,00000000790,20230502160000,0.367,0.001,0.037,0.0,0.0,0.0,1.0,4,0.0,0.0,0.27,10.08,589268
2023-05-02 17:00:00,00000000790,20230502170000,0.047,0.001,0.037,0.0,0.0,0.0,1.0,4,0.0,0.0,2.13,78.72,589268
2023-05-02 18:00:00,00000000790,20230502180000,0.142,0.012,0.046,0.0,0.0,0.0,1.0,4,0.0,0.0,8.45,32.39,589268
2023-05-02 19:00:00,00000000790,20230502190000,0.335,0.026,0.054,0.0,0.0,0.0,1.0,4,0.0,0.0,7.76,16.12,589268
2023-05-02 20:00:00,00000000790,20230502200000,2.539,0.001,0.05,0.0,0.0,0.0,1.0,4,0.0,0.0,0.04,1.97,589268
2023-05-02 21:00:00,00000000790,20230502210000,1.715,0.003,0.031,0.0,0.0,0.0,1.0,4,0.0,0.0,0.17,1.81,589268
2023-05-02 22:00:00,00000000790,20230502220000,1.705,0.002,0.035,0.0,0.0,0.0,1.0,4,0.0,0.0,0.12,2.05,589268
2023-05-02 23:00:00,00000000790,20230502230000,0.457,0.01,0.017,0.0,0.0,0.0,1.0,4,0.0,0.0,2.19,3.72,589268
2023-05-03 00:00:00,00000000790,20230503000000,0.586,0.0,0.022,0.0,0.0,0.0,1.0,4,0.0,0.0,0.0,3.75,589268
2023-05-03 01:00:00,00000000790,20230503010000,0.139,0.012,0.015,0.0,0.0,0.0,1.0,4,0.0,0.0,8.63,10.79,589268
2023-05-03 02:00:00,00000000790,20230503020000,0.11,0.021,0.01,0.0,0.0,0.0,1.0,4,0.0,0.0,19.09,9.09,589268
2023-05-03 03:00:00,00000000790,20230503030000,0.092,0.012,0.014,0.0,0.0,0.0,1.0,4,0.0,0.0,13.04,15.22,589268
2023-05-03 04:00:00,00000000790,20230503040000,0.088,0.009,0.016,0.0,0.0,0.0,1.0,4,0.0,0.0,10.23,18.18,589268
2023-05-03 05:00:00,00000000790,20230503050000,0.08,0.014,0.014,0.0,0.0,0.0,1.0,4,0.0,0.0,17.5,17.5,589268
2023-05-03 06:00:00,00000000790,20230503060000,0.123,0.021,0.011,0.0,0.0,0.0,1.0,4,0.0,0.0,17.07,8.94,589268
2023-05-03 07:00:00,00000000790,20230503070000,0.363,0.011,0.015,0.0,0.0,0.0,1.0,4,0.0,0.0,3.03,4.13,589268
2023-05-03 08:00:00,00000000790,20230503080000,0.049,0.01,0.015,0.0,0.0,0.0,1.0,4,0.0,0.0,20.41,30.61,589268
2023-05-03 09:00:00,00000000790,20230503090000,0.058,0.013,0.012,0.0,0.0,0.0,1.0,4,0.0,0.0,22.41,20.69,589268
2023-05-03 10:00:00,00000000790,20230503100000,0.473,0.009,0.013,0.0,0.0,0.0,1.0,4,0.0,0.0,1.9,2.75,589268
2023-05-03 11:00:00,00000000790,20230503110000,0.224,0.013,0.013,0.0,0.0,0.0,1.0,4,0.0,0.0,5.8,5.8,589268
2023-05-03 12:00:00,00000000790,20230503120000,0.069,0.013,0.01,0.0,0.0,0.0,1.0,4,0.0,0.0,18.84,14.49,589268
2023-05-03 13:00:00,00000000790,20230503130000,0.397,0.006,0.007,0.0,0.0,0.0,1.0,4,0.0,0.0,1.51,1.76,589268
2023-05-03 14:00:00,00000000790,20230503140000,0.043,0.016,0.006,0.0,0.0,0.0,1.0,4,0.0,0.0,37.21,13.95,589268
2023-05-03 15:00:00,00000000790,20230503150000,0.004,0.0,0.009,0.0,0.0,0.0,1.0,4,0.0,0.0,0.0,225.0,589268
2023-05-03 16:00:00,00000000790,20230503160000,0.045,0.017,0.006,0.0,0.0,0.0,1.0,4,0.0,0.0,37.78,13.33,589268
2023-05-03 17:00:00,00000000790,20230503170000,0.0,0.0,0.009,0.0,0.0,0.0,1.0,4,0.0,0.0,,,589268
2023-05-03 18:00:00,00000000790,20230503180000,0.012,0.003,0.008,0.0,0.0,0.0,1.0,4,0.0,0.0,25.0,66.67,589268
2023-05-03 19:00:00,00000000790,20230503190000,0.028,0.013,0.007,0.0,0.0,0.0,1.0,4,0.0,0.0,46.43,25.0,589268
2023-05-03 20:00:00,00000000790,20230503200000,0.958,0.001,0.018,0.0,0.0,0.0,1.0,4,0.0,0.0,0.1,1.88,589268
2023-05-03 21:00:00,00000000790,20230503210000,1.01,0.0,0.057,0.0,0.0,0.0,1.0,4,0.0,0.0,0.0,5.64,589268
2023-05-03 22:00:00,00000000790,20230503220000,0.691,0.0,0.043,0.0,0.0,0.0,1.0,4,0.0,0.0,0.0,6.22,589268
2023-05-03 23:00:00,00000000790,20230503230000,0.104,0.0,0.041,0.0,0.0,0.0,1.0,4,0.0,0.0,0.0,39.42,589268
2023-05-04 00:00:00,00000000790,20230504000000,0.149,0.0,0.046,0.0,0.0,0.0,1.0,4,0.0,0.0,0.0,30.87,589268
2023-05-04 01:00:00,00000000790,20230504010000,0.603,0.001,0.023,0.0,0.0,0.0,1.0,4,0.0,0.0,0.17,3.81,589268
2023-05-04 02:00:00,00000000790,20230504020000,0.076,0.013,0.014,0.0,0.0,0.0,1.0,4,0.0,0.0,17.11,18.42,589268
2023-05-04 03:00:00,00000000790,20230504030000,0.057,0.013,0.013,0.0,0.0,0.0,1.0,4,0.0,0.0,22.81,22.81,589268
2023-05-04 04:00:00,00000000790,20230504040000,0.057,0.014,0.014,0.0,0.0,0.0,1.0,4,0.0,0.0,24.56,24.56,589268
2023-05-04 05:00:00,00000000790,20230504050000,0.057,0.013,0.013,0.0,0.0,0.0,1.0,4,0.0,0.0,22.81,22.81,589268
2023-05-04 06:00:00,00000000790,20230504060000,0.041,0.007,0.017,0.0,0.0,0.0,1.0,4,0.0,0.0,17.07,41.46,589268
2023-05-04 07:00:00,00000000790,20230504070000,0.341,0.001,0.02,0.0,0.0,0.0,1.0,4,0.0,0.0,0.29,5.87,589268
2023-05-04 08:00:00,00000000790,20230504080000,0.059,0.013,0.013,0.0,0.0,0.0,1.0,4,0.0,0.0,22.03,22.03,589268
2023-05-04 09:00:00,00000000790,20230504090000,1.199,0.0,0.033,0.0,0.0,0.0,1.0,4,0.0,0.0,0.0,2.75,589268
2023-05-04 10:00:00,00000000790,20230504100000,0.777,0.017,0.01,0.0,0.0,0.0,1.0,4,0.0,0.0,2.19,1.29,589268
2023-05-04 11:00:00,00000000790,20230504110000,0.093,0.001,0.019,0.0,0.0,0.0,1.0,4,0.0,0.0,1.08,20.43,589268
2023-05-04 12:00:00,00000000790,20230504120000,0.07,0.014,0.013,0.0,0.0,0.0,1.0,4,0.0,0.0,20.0,18.57,589268
2023-05-04 13:00:00,00000000790,20230504130000,0.047,0.007,0.017,0.0,0.0,0.0,1.0,4,0.0,0.0,14.89,36.17,589268
2023-05-04 14:00:00,00000000790,20230504140000,0.545,0.118,0.003,0.0,0.0,0.0,1.0,4,0.0,0.0,21.65,0.55,589268
2023-05-04 15:00:00,00000000790,20230504150000,0.292,0.055,0.014,0.0,0.0,0.0,1.0,4,0.0,0.0,18.84,4.79,589268
2023-05-04 16:00:00,00000000790,20230504160000,0.078,0.027,0.006,0.0,0.0,0.0,1.0,4,0.0,0.0,34.62,7.69,589268
2023-05-04 17:00:00,00000000790,20230504170000,0.048,0.014,0.012,0.0,0.0,0.0,1.0,4,0.0,0.0,29.17,25.0,589268
2023-05-04 18:00:00,00000000790,20230504180000,0.096,0.063,0.01,0.0,0.0,0.0,1.0,4,0.0,0.0,65.62,10.42,589268
2023-05-04 19:00:00,00000000790,20230504190000,0.876,0.068,0.011,0.0,0.0,0.0,1.0,4,0.0,0.0,7.76,1.26,589268
2023-05-04 20:00:00,00000000790,20230504200000,1.429,0.166,0.001,0.0,0.0,0.0,1.0,4,0.0,0.0,11.62,0.07,589268
2023-05-04 21:00:00,00000000790,20230504210000,0.965,0.101,0.011,0.0,0.0,0.0,1.0,4,0.0,0.0,10.47,1.14,589268
2023-05-04 22:00:00,00000000790,20230504220000,0.67,0.063,0.02,0.0,0.0,0.0,1.0,4,0.0,0.0,9.4,2.99,589268
2023-05-04 23:00:00,00000000790,20230504230000,0.556,0.073,0.023,0.0,0.0,0.0,1.0,4,0.0,0.0,13.13,4.14,589268
2023-05-05 00:00:00,00000000790,20230505000000,0.78,0.113,0.019,0.0,0.0,0.0,1.0,4,0.0,0.0,14.49,2.44,589268
2023-05-05 01:00:00,00000000790,20230505010000,0.542,0.031,0.045,0.0,0.0,0.0,1.0,4,0.0,0.0,5.72,8.3,589268
2023-05-05 02:00:00,00000000790,20230505020000,0.102,0.001,0.033,0.0,0.0,0.0,1.0,4,0.0,0.0,0.98,32.35,589268
2023-05-05 03:00:00,00000000790,20230505030000,0.057,0.0,0.056,0.0,0.0,0.0,1.0,4,0.0,0.0,0.0,98.25,589268
2023-05-05 04:00:00,00000000790,20230505040000,0.093,0.002,0.042,0.0,0.0,0.0,1.0,4,0.0,0.0,2.15,45.16,589268
2023-05-05 05:00:00,00000000790,20230505050000,0.058,0.0,0.045,0.0,0.0,0.0,1.0,4,0.0,0.0,0.0,77.59,589268
2023-05-05 06:00:00,00000000790,20230505060000,0.018,0.0,0.058,0.0,0.0,0.0,1.0,4,0.0,0.0,0.0,322.22,589268
2023-05-05 07:00:00,00000000790,20230505070000,0.07,0.003,0.031,0.0,0.0,0.0,1.0,4,0.0,0.0,4.29,44.29,589268
2023-05-05 08:00:00,00000000790,20230505080000,0.295,0.0,0.025,0.0,0.0,0.0,1.0,4,0.0,0.0,0.0,8.47,589268
2023-05-05 09:00:00,00000000790,20230505090000,1.277,0.141,0.013,0.0,0.0,0.0,1.0,4,0.0,0.0,11.04,1.02,589268
2023-05-05 10:00:00,00000000790,20230505100000,0.987,0.07,0.018,0.0,0.0,0.0,1.0,4,0.0,0.0,7.09,1.82,589268
2023-05-05 11:00:00,00000000790,20230505110000,0.053,0.02,0.006,0.0,0.0,0.0,1.0,4,0.0,0.0,37.74,11.32,589268
2023-05-05 12:00:00,00000000790,20230505120000,0.094,0.026,0.004,0.0,0.0,0.0,1.0,4,0.0,0.0,27.66,4.26,589268
2023-05-05 13:00:00,00000000790,20230505130000,0.014,0.0,0.01,0.0,0.0,0.0,1.0,4,0.0,0.0,0.0,71.43,589268
2023-05-05 14:00:00,00000000790,20230505140000,0.862,0.167,0.001,0.0,0.0,0.0,1.0,4,0.0,0.0,19.37,0.12,589268
2023-05-05 15:00:00,00000000790,20230505150000,0.441,0.075,0.001,0.0,0.0,0.0,1.0,4,0.0,0.0,17.01,0.23,589268
2023-05-05 16:00:00,00000000790,20230505160000,0.352,0.0,0.018,0.0,0.0,0.0,1.0,4,0.0,0.0,0.0,5.11,589268
2023-05-05 17:00:00,00000000790,20230505170000,0.061,0.016,0.01,0.0,0.0,0.0,1.0,4,0.0,0.0,26.23,16.39,589268
2023-05-05 18:00:00,00000000790,20230505180000,0.74,0.09,0.012,0.0,0.0,0.0,1.0,4,0.0,0.0,12.16,1.62,589268
2023-05-05 19:00:00,00000000790,20230505190000,1.033,0.139,0.001,0.0,0.0,0.0,1.0,4,0.0,0.0,13.46,0.1,589268
2023-05-05 20:00:00,00000000790,20230505200000,0.702,0.087,0.006,0.0,0.0,0.0,1.0,4,0.0,0.0,12.39,0.85,589268
2023-05-05 21:00:00,00000000790,20230505210000,0.991,0.075,0.006,0.0,0.0,0.0,1.0,4,0.0,0.0,7.57,0.61,589268
2023-05-05 22:00:00,00000000790,20230505220000,0.719,0.122,0.004,0.0,0.0,0.0,1.0,4,0.0,0.0,16.97,0.56,589268
2023-05-05 23:00:00,00000000790,20230505230000,0.648,0.106,0.005,0.0,0.0,0.0,1.0,4,0.0,0.0,16.36,0.77,589268
2023-05-06 00:00:00,00000000790,20230506000000,0.996,0.044,0.012,0.0,0.0,0.0,1.0,4,0.0,0.0,4.42,1.2,589268
2023-05-06 01:00:00,00000000790,20230506010000,0.406,0.07,0.01,0.0,0.0,0.0,1.0,4,0.0,0.0,17.24,2.46,589268
2023-05-06 02:00:00,00000000790,20230506020000,1.897,0.12,0.009,0.0,0.0,0.0,1.0,4,0.0,0.0,6.33,0.47,589268
2023-05-06 03:00:00,00000000790,20230506030000,0.021,0.0,0.02,0.0,0.0,0.0,1.0,4,0.0,0.0,0.0,95.24,589268
2023-05-06 04:00:00,00000000790,20230506040000,0.089,0.027,0.007,0.0,0.0,0.0,1.0,4,0.0,0.0,30.34,7.87,589268
2023-05-06 05:00:00,00000000790,20230506050000,0.047,0.011,0.015,0.0,0.0,0.0,1.0,4,0.0,0.0,23.4,31.91,589268
2023-05-06 06:00:00,00000000790,20230506060000,0.073,0.021,0.01,0.0,0.0,0.0,1.0,4,0.0,0.0,28.77,13.7,589268
2023-05-06 07:00:00,00000000790,20230506070000,0.06,0.015,0.013,0.0,0.0,0.0,1.0,4,0.0,0.0,25.0,21.67,589268
2023-05-06 08:00:00,00000000790,20230506080000,0.035,0.005,0.018,0.0,0.0,0.0,1.0,4,0.0,0.0,14.29,51.43,589268
2023-05-06 09:00:00,00000000790,20230506090000,0.365,0.018,0.01,0.0,0.0,0.0,1.0,4,0.0,0.0,4.93,2.74,589268
2023-05-06 10:00:00,00000000790,20230506100000,1.386,0.147,0.008,0.0,0.0,0.0,1.0,4,0.0,0.0,10.61,0.58,589268
2023-05-06 11:00:00,00000000790,20230506110000,1.01,0.082,0.008,0.0,0.0,0.0,1.0,4,0.0,0.0,8.12,0.79,589268
2023-05-06 12:00:00,00000000790,20230506120000,0.054,0.021,0.005,0.0,0.0,0.0,1.0,4,0.0,0.0,38.89,9.26,589268
2023-05-06 13:00:00,00000000790,20230506130000,0.045,0.0,0.013,0.0,0.0,0.0,1.0,4,0.0,0.0,0.0,28.89,589268
2023-05-06 14:00:00,00000000790,20230506140000,0.049,0.015,0.009,0.0,0.0,0.0,1.0,4,0.0,0.0,30.61,18.37,589268
2023-05-06 15:00:00,00000000790,20230506150000,0.01,0.0,0.014,0.0,0.0,0.0,1.0,4,0.0,0.0,0.0,140.0,589268
2023-05-06 16:00:00,00000000790,20230506160000,0.034,0.007,0.011,0.0,0.0,0.0,1.0,4,0.0,0.0,20.59,32.35,589268
2023-05-06 17:00:00,00000000790,20230506170000,0.385,0.015,0.007,0.0,0.0,0.0,1.0,4,0.0,0.0,3.9,1.82,589268
2023-05-06 18:00:00,00000000790,20230506180000,0.814,0.145,0.007,0.0,0.0,0.0,1.0,4,0.0,0.0,17.81,0.86,589268
2023-05-06 19:00:00,00000000790,20230506190000,0.958,0.164,0.0,0.0,0.0,0.0,1.0,4,0.0,0.0,17.12,0.0,589268
2023-05-06 20:00:00,00000000790,20230506200000,0.493,0.056,0.01,0.0,0.0,0.0,1.0,4,0.0,0.0,11.36,2.03,589268
2023-05-06 21:00:00,00000000790,20230506210000,0.86,0.124,0.0,0.0,0.0,0.0,1.0,4,0.0,0.0,14.42,0.0,589268
2023-05-06 22:00:00,00000000790,20230506220000,0.556,0.087,0.005,0.0,0.0,0.0,1.0,4,0.0,0.0,15.65,0.9,589268
2023-05-06 23:00:00,00000000790,20230506230000,0.613,0.104,0.003,0.0,0.0,0.0,1.0,4,0.0,0.0,16.97,0.49,589268
2023-05-07 00:00:00,00000000790,20230507000000,0.745,0.074,0.01,0.0,0.0,0.0,1.0,4,0.0,0.0,9.93,1.34,589268
2023-05-07 01:00:00,00000000790,20230507010000,0.775,0.154,0.004,0.0,0.0,0.0,1.0,4,0.0,0.0,19.87,0.52,589268
2023-05-07 02:00:00,00000000790,20230507020000,0.108,0.025,0.01,0.0,0.0,0.0,1.0,4,0.0,0.0,23.15,9.26,589268
2023-05-07 03:00:00,00000000790,20230507030000,0.039,0.006,0.017,0.0,0.0,0.0,1.0,4,0.0,0.0,15.38,43.59,589268
2023-05-07 04:00:00,00000000790,20230507040000,0.053,0.012,0.014,0.0,0.0,0.0,1.0,4,0.0,0.0,22.64,26.42,589268
2023-05-07 05:00:00,00000000790,20230507050000,0.066,0.017,0.011,0.0,0.0,0.0,1.0,4,0.0,0.0,25.76,16.67,589268
2023-05-07 06:00:00,00000000790,20230507060000,0.024,0.0,0.021,0.0,0.0,0.0,1.0,4,0.0,0.0,0.0,87.5,589268
2023-05-07 07:00:00,00000000790,20230507070000,0.313,0.0,0.02,0.0,0.0,0.0,1.0,4,0.0,0.0,0.0,6.39,589268
2023-05-07 08:00:00,00000000790,20230507080000,1.184,0.181,0.009,0.0,0.0,0.0,1.0,4,0.0,0.0,15.29,0.76,589268
2023-05-07 09:00:00,00000000790,20230507090000,1.531,0.134,0.005,0.0,0.0,0.0,1.0,4,0.0,0.0,8.75,0.33,589268
2023-05-07 10:00:00,00000000790,20230507100000,0.582,0.106,0.005,0.0,0.0,0.0,1.0,4,0.0,0.0,18.21,0.86,589268
2023-05-07 11:00:00,00000000790,20230507110000,0.344,0.062,0.016,0.0,0.0,0.0,1.0,4,0.0,0.0,18.02,4.65,589268
2023-05-07 12:00:00,00000000790,20230507120000,0.051,0.0,0.021,0.0,0.0,0.0,1.0,4,0.0,0.0,0.0,41.18,589268
2023-05-07 13:00:00,00000000790,20230507130000,0.362,0.022,0.005,0.0,0.0,0.0,1.0,4,0.0,0.0,6.08,1.38,589268
2023-05-07 14:00:00,00000000790,20230507140000,0.066,0.027,0.004,0.0,0.0,0.0,1.0,4,0.0,0.0,40.91,6.06,589268
2023-05-07 15:00:00,00000000790,20230507150000,0.061,0.024,0.005,0.0,0.0,0.0,1.0,4,0.0,0.0,39.34,8.2,589268
2023-05-07 16:00:00,00000000790,20230507160000,0.022,0.005,0.009,0.0,0.0,0.0,1.0,4,0.0,0.0,22.73,40.91,589268
2023-05-07 17:00:00,00000000790,20230507170000,0.089,0.036,0.002,0.0,0.0,0.0,1.0,4,0.0,0.0,40.45,2.25,589268
2023-05-07 18:00:00,00000000790,20230507180000,0.864,0.051,0.002,0.0,0.0,0.0,1.0,4,0.0,0.0,5.9,0.23,589268
2023-05-07 19:00:00,00000000790,20230507190000,0.232,0.008,0.016,0.0,0.0,0.0,1.0,4,0.0,0.0,3.45,6.9,589268
2023-05-07 20:00:00,00000000790,20230507200000,0.224,0.01,0.016,0.0,0.0,0.0,1.0,4,0.0,0.0,4.46,7.14,589268
2023-05-07 21:00:00,00000000790,20230507210000,1.057,0.155,0.004,0.0,0.0,0.0,1.0,4,0.0,0.0,14.66,0.38,589268
2023-05-07 22:00:00,00000000790,20230507220000,0.751,0.107,0.005,0.0,0.0,0.0,1.0,4,0.0,0.0,14.25,0.67,589268
2023-05-07 23:00:00,00000000790,20230507230000,0.943,0.092,0.005,0.0,0.0,0.0,1.0,4,0.0,0.0,9.76,0.53,589268
2023-05-08 00:00:00,00000000790,20230508000000,0.595,0.096,0.007,0.0,0.0,0.0,1.0,4,0.0,0.0,16.13,1.18,589268
2023-05-08 01:00:00,00000000790,20230508010000,0.198,0.017,0.02,0.0,0.0,0.0,1.0,4,0.0,0.0,8.59,10.1,589268
2023-05-08 02:00:00,00000000790,20230508020000,0.192,0.007,0.023,0.0,0.0,0.0,1.0,4,0.0,0.0,3.65,11.98,589268
2023-05-08 03:00:00,00000000790,20230508030000,0.07,0.0,0.025,0.0,0.0,0.0,1.0,4,0.0,0.0,0.0,35.71,589268
2023-05-08 04:00:00,00000000790,20230508040000,0.073,0.014,0.016,0.0,0.0,0.0,1.0,4,0.0,0.0,19.18,21.92,589268
2023-05-08 05:00:00,00000000790,20230508050000,0.322,0.001,0.019,0.0,0.0,0.0,1.0,4,0.0,0.0,0.31,5.9,589268
2023-05-08 06:00:00,00000000790,20230508060000,0.019,0.0,0.021,0.0,0.0,0.0,1.0,4,0.0,0.0,0.0,110.53,589268
2023-05-08 07:00:00,00000000790,20230508070000,0.066,0.018,0.011,0.0,0.0,0.0,1.0,4,0.0,0.0,27.27,16.67,589268
2023-05-08 08:00:00,00000000790,20230508080000,0.487,0.0,0.02,0.0,0.0,0.0,1.0,4,0.0,0.0,0.0,4.11,589268
2023-05-08 09:00:00,00000000790,20230508090000,1.279,0.176,0.004,0.0,0.0,0.0,1.0,4,0.0,0.0,13.76,0.31,589268
2023-05-08 10:00:00,00000000790,20230508100000,0.354,0.057,0.006,0.0,0.0,0.0,1.0,4,0.0,0.0,16.1,1.69,589268
2023-05-08 11:00:00,00000000790,20230508110000,0.055,0.009,0.007,0.0,0.0,0.0,1.0,4,0.0,0.0,16.36,12.73,589268
2023-05-08 12:00:00,00000000790,20230508120000,0.484,0.006,0.02,0.0,0.0,0.0,1.0,4,0.0,0.0,1.24,4.13,589268
2023-05-08 13:00:00,00000000790,20230508130000,0.178,0.016,0.011,0.0,0.0,0.0,1.0,4,0.0,0.0,8.99,6.18,589268
2023-05-08 14:00:00,00000000790,20230508140000,0.037,0.009,0.014,0.0,0.0,0.0,1.0,4,0.0,0.0,24.32,37.84,589268
2023-05-08 15:00:00,00000000790,20230508150000,0.048,0.007,0.02,0.0,0.0,0.0,1.0,4,0.0,0.0,14.58,41.67,589268
2023-05-08 16:00:00,00000000790,20230508160000,0.13,0.018,0.01,0.0,0.0,0.0,1.0,4,0.0,0.0,13.85,7.69,589268
2023-05-08 17:00:00,00000000790,20230508170000,0.045,0.011,0.015,0.0,0.0,0.0,1.0,4,0.0,0.0,24.44,33.33,589268
2023-05-08 18:00:00,00000000790,20230508180000,0.356,0.008,0.016,0.0,0.0,0.0,1.0,4,0.0,0.0,2.25,4.49,589268
2023-05-08 19:00:00,00000000790,20230508190000,0.058,0.0,0.022,0.0,0.0,0.0,1.0,4,0.0,0.0,0.0,37.93,589268
2023-05-08 20:00:00,00000000790,20230508200000,0.889,0.093,0.015,0.0,0.0,0.0,1.0,4,0.0,0.0,10.46,1.69,589268
2023-05-08 21:00:00,00000000790,20230508210000,1.054,0.138,0.001,0.0,0.0,0.0,1.0,4,0.0,0.0,13.09,0.09,589268
2023-05-08 22:00:00,00000000790,20230508220000,0.738,0.102,0.006,0.0,0.0,0.0,1.0,4,0.0,0.0,13.82,0.81,589268
2023-05-08 23:00:00,00000000790,20230508230000,0.901,0.094,0.005,0.0,0.0,0.0,1.0,4,0.0,0.0,10.43,0.55,589268
2023-05-09 00:00:00,00000000790,20230509000000,1.749,0.124,0.006,0.0,0.0,0.0,1.0,4,0.0,0.0,7.09,0.34,589268
2023-05-09 01:00:00,00000000790,20230509010000,0.32,0.065,0.008,0.0,0.0,0.0,1.0,4,0.0,0.0,20.31,2.5,589268
2023-05-09 02:00:00,00000000790,20230509020000,0.014,0.0,0.02,0.0,0.0,0.0,1.0,4,0.0,0.0,0.0,142.86,589268
2023-05-09 03:00:00,00000000790,20230509030000,0.055,0.014,0.013,0.0,0.0,0.0,1.0,4,0.0,0.0,25.45,23.64,589268
2023-05-09 04:00:00,00000000790,20230509040000,0.064,0.019,0.011,0.0,0.0,0.0,1.0,4,0.0,0.0,29.69,17.19,589268
2023-05-09 05:00:00,00000000790,20230509050000,0.041,0.007,0.017,0.0,0.0,0.0,1.0,4,0.0,0.0,17.07,41.46,589268
2023-05-09 06:00:00,00000000790,20230509060000,0.073,0.021,0.01,0.0,0.0,0.0,1.0,4,0.0,0.0,28.77,13.7,589268
2023-05-09 07:00:00,00000000790,20230509070000,0.367,0.02,0.01,0.0,0.0,0.0,1.0,4,0.0,0.0,5.45,2.72,589268
2023-05-09 08:00:00,00000000790,20230509080000,0.027,0.001,0.019,0.0,0.0,0.0,1.0,4,0.0,0.0,3.7,70.37,589268
2023-05-09 09:00:00,00000000790,20230509090000,1.325,0.107,0.003,0.0,0.0,0.0,1.0,4,0.0,0.0,8.08,0.23,589268
2023-05-09 10:00:00,00000000790,20230509100000,1.624,0.18,0.0,0.0,0.0,0.0,1.0,4,0.0,0.0,11.08,0.0,589268
2023-05-09 11:00:00,00000000790,20230509110000,0.254,0.029,0.014,0.0,0.0,0.0,1.0,4,0.0,0.0,11.42,5.51,589268
2023-05-09 12:00:00,00000000790,20230509120000,0.075,0.02,0.011,0.0,0.0,0.0,1.0,4,0.0,0.0,26.67,14.67,589268
2023-05-09 13:00:00,00000000790,20230509130000,0.141,0.0,0.022,0.0,0.0,0.0,1.0,4,0.0,0.0,0.0,15.6,589268
2023-05-09 14:00:00,00000000790,20230509140000,0.058,0.0,0.014,0.0,0.0,0.0,1.0,4,0.0,0.0,0.0,24.14,589268
2023-05-09 15:00:00,00000000790,20230509150000,0.001,0.0,0.014,0.0,0.0,0.0,1.0,4,0.0,0.0,0.0,1400.0,589268
2023-05-09 16:00:00,00000000790,20230509160000,0.312,0.0,0.017,0.0,0.0,0.0,1.0,4,0.0,0.0,0.0,5.45,589268
2023-05-09 17:00:00,00000000790,20230509170000,0.008,0.0,0.013,0.0,0.0,0.0,1.0,4,0.0,0.0,0.0,162.5,589268
2023-05-09 18:00:00,00000000790,20230509180000,0.002,0.0,0.014,0.0,0.0,0.0,1.0,4,0.0,0.0,0.0,700.0,589268
2023-05-09 19:00:00,00000000790,20230509190000,0.06,0.0,0.021,0.0,0.0,0.0,1.0,4,0.0,0.0,0.0,35.0,589268
2023-05-09 20:00:00,00000000790,20230509200000,0.445,0.016,0.019,0.0,0.0,0.0,1.0,4,0.0,0.0,3.6,4.27,589268
2023-05-09 21:00:00,00000000790,20230509210000,1.472,0.144,0.001,0.0,0.0,0.0,1.0,4,0.0,0.0,9.78,0.07,589268
2023-05-09 22:00:00,00000000790,20230509220000,0.743,0.11,0.003,0.0,0.0,0.0,1.0,4,0.0,0.0,14.8,0.4,589268
2023-05-09 23:00:00,00000000790,20230509230000,0.627,0.102,0.006,0.0,0.0,0.0,1.0,4,0.0,0.0,16.27,0.96,589268
2023-05-10 00:00:00,00000000790,20230510000000,0.642,0.127,0.006,0.0,0.0,0.0,1.0,4,0.0,0.0,19.78,0.93,589268
2023-05-10 01:00:00,00000000790,20230510010000,0.013,0.0,0.014,0.0,0.0,0.0,1.0,4,0.0,0.0,0.0,107.69,589268
2023-05-10 02:00:00,00000000790,20230510020000,0.014,0.0,0.014,0.0,0.0,0.0,1.0,4,0.0,0.0,0.0,100.0,589268
2023-05-10 03:00:00,00000000790,20230510030000,0.013,0.0,0.014,0.0,0.0,0.0,1.0,4,0.0,0.0,0.0,107.69,589268
2023-05-10 04:00:00,00000000790,20230510040000,0.361,0.019,0.013,0.0,0.0,0.0,1.0,4,0.0,0.0,5.26,3.6,589268
2023-05-10 05:00:00,00000000790,20230510050000,0.013,0.0,0.014,0.0,0.0,0.0,1.0,4,0.0,0.0,0.0,107.69,589268
2023-05-10 06:00:00,00000000790,20230510060000,0.014,0.0,0.015,0.0,0.0,0.0,1.0,4,0.0,0.0,0.0,107.14,589268
2023-05-10 07:00:00,00000000790,20230510070000,0.256,0.058,0.011,0.0,0.0,0.0,1.0,4,0.0,0.0,22.66,4.3,589268
2023-05-10 08:00:00,00000000790,20230510080000,2.132,0.192,0.001,0.0,0.0,0.0,1.0,4,0.0,0.0,9.01,0.05,589268
2023-05-10 09:00:00,00000000790,20230510090000,0.772,0.129,0.003,0.0,0.0,0.0,1.0,4,0.0,0.0,16.71,0.39,589268
2023-05-10 10:00:00,00000000790,20230510100000,0.048,0.001,0.015,0.0,0.0,0.0,1.0,4,0.0,0.0,2.08,31.25,589268
2023-05-10 11:00:00,00000000790,20230510110000,0.099,0.0,0.01,0.0,0.0,0.0,1.0,4,0.0,0.0,0.0,10.1,589268
2023-05-10 12:00:00,00000000790,20230510120000,0.004,0.0,0.015,0.0,0.0,0.0,1.0,4,0.0,0.0,0.0,375.0,589268
2023-05-10 13:00:00,00000000790,20230510130000,0.0,0.0,0.013,0.0,0.0,0.0,1.0,4,0.0,0.0,,,589268
2023-05-10 14:00:00,00000000790,20230510140000,0.302,0.0,0.014,0.0,0.0,0.0,1.0,4,0.0,0.0,0.0,4.64,589268
2023-05-10 15:00:00,00000000790,20230510150000,0.0,0.0,0.013,0.0,0.0,0.0,1.0,4,0.0,0.0,,,589268
2023-05-10 16:00:00,00000000790,20230510160000,0.025,0.001,0.015,0.0,0.0,0.0,1.0,4,0.0,0.0,4.0,60.0,589268
2023-05-10 17:00:00,00000000790,20230510170000,0.0,0.0,0.013,0.0,0.0,0.0,1.0,4,0.0,0.0,,,589268
2023-05-10 18:00:00,00000000790,20230510180000,0.009,0.0,0.007,0.0,0.0,0.0,1.0,4,0.0,0.0,0.0,77.78,589268
2023-05-10 19:00:00,00000000790,20230510190000,0.0,0.0,0.004,0.0,0.0,0.0,1.0,4,0.0,0.0,,,589268
2023-05-10 20:00:00,00000000790,20230510200000,0.673,0.045,0.003,0.0,0.0,0.0,1.0,4,0.0,0.0,6.69,0.45,589268
2023-05-10 21:00:00,00000000790,20230510210000,1.395,0.167,0.0,0.0,0.0,0.0,1.0,4,0.0,0.0,11.97,0.0,589268
2023-05-10 22:00:00,00000000790,20230510220000,0.957,0.127,0.003,0.0,0.0,0.0,1.0,4,0.0,0.0,13.27,0.31,589268
2023-05-10 23:00:00,00000000790,20230510230000,0.583,0.1,0.006,0.0,0.0,0.0,1.0,4,0.0,0.0,17.15,1.03,589268
2023-05-11 00:00:00,00000000790,20230511000000,0.071,0.0,0.018,0.0,0.0,0.0,1.0,4,0.0,0.0,0.0,25.35,589268
2023-05-11 01:00:00,00000000790,20230511010000,1.186,0.165,0.004,0.0,0.0,0.0,1.0,4,0.0,0.0,13.91,0.34,589268
2023-05-11 02:00:00,00000000790,20230511020000,0.482,0.114,0.0,0.0,0.0,0.0,1.0,4,0.0,0.0,23.65,0.0,589268
2023-05-11 03:00:00,00000000790,20230511030000,0.16,0.046,0.0,0.0,0.0,0.0,1.0,4,0.0,0.0,28.75,0.0,589268
2023-05-11 04:00:00,00000000790,20230511040000,0.113,0.023,0.007,0.0,0.0,0.0,1.0,4,0.0,0.0,20.35,6.19,589268
2023-05-11 05:00:00,00000000790,20230511050000,0.121,0.026,0.006,0.0,0.0,0.0,1.0,4,0.0,0.0,21.49,4.96,589268
2023-05-11 06:00:00,00000000790,20230511060000,0.082,0.025,0.008,0.0,0.0,0.0,1.0,4,0.0,0.0,30.49,9.76,589268
2023-05-11 07:00:00,00000000790,20230511070000,0.325,0.002,0.013,0.0,0.0,0.0,1.0,4,0.0,0.0,0.62,4.0,589268
2023-05-11 08:00:00,00000000790,20230511080000,0.068,0.02,0.009,0.0,0.0,0.0,1.0,4,0.0,0.0,29.41,13.24,589268
2023-05-11 09:00:00,00000000790,20230511090000,1.06,0.164,0.006,0.0,0.0,0.0,1.0,4,0.0,0.0,15.47,0.57,589268
2023-05-11 10:00:00,00000000790,20230511100000,0.881,0.077,0.01,0.0,0.0,0.0,1.0,4,0.0,0.0,8.74,1.14,589268
2023-05-11 11:00:00,00000000790,20230511110000,0.045,0.02,0.003,0.0,0.0,0.0,1.0,4,0.0,0.0,44.44,6.67,589268
2023-05-11 12:00:00,00000000790,20230511120000,0.0,0.0,0.004,0.0,0.0,0.0,1.0,4,0.0,0.0,,,589268
2023-05-11 13:00:00,00000000790,20230511130000,0.021,0.007,0.004,0.0,0.0,0.0,1.0,4,0.0,0.0,33.33,19.05,589268
2023-05-11 14:00:00,00000000790,20230511140000,0.034,0.017,0.003,0.0,0.0,0.0,1.0,4,0.0,0.0,50.0,8.82,589268
2023-05-11 15:00:00,00000000790,20230511150000,0.0,0.0,0.004,0.0,0.0,0.0,1.0,4,0.0,0.0,,,589268
2023-05-11 16:00:00,00000000790,20230511160000,0.364,0.022,0.002,0.0,0.0,0.0,1.0,4,0.0,0.0,6.04,0.55,589268
2023-05-11 17:00:00,00000000790,20230511170000,0.125,0.027,0.004,0.0,0.0,0.0,1.0,4,0.0,0.0,21.6,3.2,589268
2023-05-11 18:00:00,00000000790,20230511180000,1.056,0.197,0.0,0.0,0.0,0.0,1.0,4,0.0,0.0,18.66,0.0,589268
2023-05-11 19:00:00,00000000790,20230511190000,0.028,0.011,0.01,0.0,0.0,0.0,1.0,4,0.0,0.0,39.29,35.71,589268
2023-05-11 20:00:00,00000000790,20230511200000,0.694,0.092,0.006,0.0,0.0,0.0,1.0,4,0.0,0.0,13.26,0.86,589268
2023-05-11 21:00:00,00000000790,20230511210000,1.218,0.133,0.003,0.0,0.0,0.0,1.0,4,0.0,0.0,10.92,0.25,589268
2023-05-11 22:00:00,00000000790,20230511220000,0.514,0.071,0.006,0.0,0.0,0.0,1.0,4,0.0,0.0,13.81,1.17,589268
2023-05-11 23:00:00,00000000790,20230511230000,0.321,0.052,0.008,0.0,0.0,0.0,1.0,4,0.0,0.0,16.2,2.49,589268
2023-05-12 00:00:00,00000000790,20230512000000,2.234,0.094,0.01,0.0,0.0,0.0,1.0,4,0.0,0.0,4.21,0.45,589268
2023-05-12 01:00:00,00000000790,20230512010000,0.09,0.018,0.009,0.0,0.0,0.0,1.0,4,0.0,0.0,20.0,10.0,589268
2023-05-12 02:00:00,00000000790,20230512020000,0.042,0.0,0.014,0.0,0.0,0.0,1.0,4,0.0,0.0,0.0,33.33,589268
2023-05-12 03:00:00,00000000790,20230512030000,0.078,0.014,0.01,0.0,0.0,0.0,1.0,4,0.0,0.0,17.95,12.82,589268
2023-05-12 04:00:00,00000000790,20230512040000,0.055,0.007,0.012,0.0,0.0,0.0,1.0,4,0.0,0.0,12.73,21.82,589268
2023-05-12 05:00:00,00000000790,20230512050000,0.003,0.0,0.015,0.0,0.0,0.0,1.0,4,0.0,0.0,0.0,500.0,589268
2023-05-12 06:00:00,00000000790,20230512060000,0.05,0.021,0.008,0.0,0.0,0.0,1.0,4,0.0,0.0,42.0,16.0,589268
2023-05-12 07:00:00,00000000790,20230512070000,0.001,0.0,0.015,0.0,0.0,0.0,1.0,4,0.0,0.0,0.0,1500.0,589268
2023-05-12 08:00:00,00000000790,20230512080000,0.335,0.019,0.008,0.0,0.0,0.0,1.0,4,0.0,0.0,5.67,2.39,589268
2023-05-12 09:00:00,00000000790,20230512090000,0.482,0.09,0.008,0.0,0.0,0.0,1.0,4,0.0,0.0,18.67,1.66,589268
2023-05-12 10:00:00,00000000790,20230512100000,0.886,0.151,0.001,0.0,0.0,0.0,1.0,4,0.0,0.0,17.04,0.11,589268
2023-05-12 11:00:00,00000000790,20230512110000,1.329,0.139,0.003,0.0,0.0,0.0,1.0,4,0.0,0.0,10.46,0.23,589268
2023-05-12 12:00:00,00000000790,20230512120000,0.322,0.029,0.01,0.0,0.0,0.0,1.0,4,0.0,0.0,9.01,3.11,589268
2023-05-12 13:00:00,00000000790,20230512130000,0.026,0.011,0.011,0.0,0.0,0.0,1.0,4,0.0,0.0,42.31,42.31,589268
2023-05-12 14:00:00,00000000790,20230512140000,0.001,0.0,0.014,0.0,0.0,0.0,1.0,4,0.0,0.0,0.0,1400.0,589268
2023-05-12 15:00:00,00000000790,20230512150000,0.048,0.018,0.007,0.0,0.0,0.0,1.0,4,0.0,0.0,37.5,14.58,589268
2023-05-12 16:00:00,00000000790,20230512160000,0.0,0.0,0.014,0.0,0.0,0.0,1.0,4,0.0,0.0,,,589268
2023-05-12 17:00:00,00000000790,20230512170000,0.051,0.018,0.008,0.0,0.0,0.0,1.0,4,0.0,0.0,35.29,15.69,589268
2023-05-12 18:00:00,00000000790,20230512180000,0.075,0.014,0.01,0.0,0.0,0.0,1.0,4,0.0,0.0,18.67,13.33,589268
2023-05-12 19:00:00,00000000790,20230512190000,0.38,0.016,0.014,0.0,0.0,0.0,1.0,4,0.0,0.0,4.21,3.68,589268
2023-05-12 20:00:00,00000000790,20230512200000,0.175,0.015,0.012,0.0,0.0,0.0,1.0,4,0.0,0.0,8.57,6.86,589268
2023-05-12 21:00:00,00000000790,20230512210000,0.688,0.047,0.009,0.0,0.0,0.0,1.0,4,0.0,0.0,6.83,1.31,589268
2023-05-12 22:00:00,00000000790,20230512220000,1.693,0.159,0.002,0.0,0.0,0.0,1.0,4,0.0,0.0,9.39,0.12,589268
2023-05-12 23:00:00,00000000790,20230512230000,0.226,0.013,0.011,0.0,0.0,0.0,1.0,4,0.0,0.0,5.75,4.87,589268
2023-05-13 00:00:00,00000000790,20230513000000,0.281,0.027,0.021,0.0,0.0,0.0,1.0,4,0.0,0.0,9.61,7.47,589268
2023-05-13 01:00:00,00000000790,20230513010000,0.901,0.1,0.005,0.0,0.0,0.0,1.0,4,0.0,0.0,11.1,0.55,589268
2023-05-13 02:00:00,00000000790,20230513020000,0.065,0.013,0.013,0.0,0.0,0.0,1.0,4,0.0,0.0,20.0,20.0,589268
2023-05-13 03:00:00,00000000790,20230513030000,0.053,0.013,0.01,0.0,0.0,0.0,1.0,4,0.0,0.0,24.53,18.87,589268
2023-05-13 04:00:00,00000000790,20230513040000,0.069,0.021,0.008,0.0,0.0,0.0,1.0,4,0.0,0.0,30.43,11.59,589268
2023-05-13 05:00:00,00000000790,20230513050000,0.059,0.016,0.009,0.0,0.0,0.0,1.0,4,0.0,0.0,27.12,15.25,589268
2023-05-13 06:00:00,00000000790,20230513060000,1.185,0.184,0.005,0.0,0.0,0.0,1.0,4,0.0,0.0,15.53,0.42,589268
2023-05-13 07:00:00,00000000790,20230513070000,0.949,0.143,0.006,0.0,0.0,0.0,1.0,4,0.0,0.0,15.07,0.63,589268
2023-05-13 08:00:00,00000000790,20230513080000,0.495,0.021,0.008,0.0,0.0,0.0,1.0,4,0.0,0.0,4.24,1.62,589268
2023-05-13 09:00:00,00000000790,20230513090000,0.155,0.023,0.007,0.0,0.0,0.0,1.0,4,0.0,0.0,14.84,4.52,589268
2023-05-13 10:00:00,00000000790,20230513100000,0.03,0.001,0.015,0.0,0.0,0.0,1.0,4,0.0,0.0,3.33,50.0,589268
2023-05-13 11:00:00,00000000790,20230513110000,0.763,0.0,0.014,0.0,0.0,0.0,1.0,4,0.0,0.0,0.0,1.83,589268
2023-05-13 12:00:00,00000000790,20230513120000,0.045,0.019,0.003,0.0,0.0,0.0,1.0,4,0.0,0.0,42.22,6.67,589268
2023-05-13 13:00:00,00000000790,20230513130000,0.0,0.0,0.005,0.0,0.0,0.0,1.0,4,0.0,0.0,,,589268
2023-05-13 14:00:00,00000000790,20230513140000,0.051,0.022,0.003,0.0,0.0,0.0,1.0,4,0.0,0.0,43.14,5.88,589268
2023-05-13 15:00:00,00000000790,20230513150000,0.004,0.002,0.005,0.0,0.0,0.0,1.0,4,0.0,0.0,50.0,125.0,589268
2023-05-13 16:00:00,00000000790,20230513160000,0.004,0.0,0.005,0.0,0.0,0.0,1.0,4,0.0,0.0,0.0,125.0,589268
2023-05-13 17:00:00,00000000790,20230513170000,0.066,0.024,0.008,0.0,0.0,0.0,1.0,4,0.0,0.0,36.36,12.12,589268
2023-05-13 18:00:00,00000000790,20230513180000,0.424,0.013,0.009,0.0,0.0,0.0,1.0,4,0.0,0.0,3.07,2.12,589268
2023-05-13 19:00:00,00000000790,20230513190000,0.054,0.025,0.002,0.0,0.0,0.0,1.0,4,0.0,0.0,46.3,3.7,589268
2023-05-13 20:00:00,00000000790,20230513200000,0.055,0.022,0.003,0.0,0.0,0.0,1.0,4,0.0,0.0,40.0,5.45,589268
2023-05-13 21:00:00,00000000790,20230513210000,1.593,0.307,0.005,0.0,0.0,0.0,1.0,4,0.0,0.0,19.27,0.31,589268
2023-05-13 22:00:00,00000000790,20230513220000,1.891,0.286,0.0,0.0,0.0,0.0,1.0,4,0.0,0.0,15.12,0.0,589268
2023-05-13 23:00:00,00000000790,20230513230000,0.619,0.098,0.009,0.0,0.0,0.0,1.0,4,0.0,0.0,15.83,1.45,589268
2023-05-14 00:00:00,00000000790,20230514000000,0.156,0.014,0.013,0.0,0.0,0.0,1.0,4,0.0,0.0,8.97,8.33,589268
2023-05-14 01:00:00,00000000790,20230514010000,0.327,0.06,0.017,0.0,0.0,0.0,1.0,4,0.0,0.0,18.35,5.2,589268
2023-05-14 02:00:00,00000000790,20230514020000,0.062,0.014,0.013,0.0,0.0,0.0,1.0,4,0.0,0.0,22.58,20.97,589268
2023-05-14 03:00:00,00000000790,20230514030000,0.067,0.018,0.011,0.0,0.0,0.0,1.0,4,0.0,0.0,26.87,16.42,589268
2023-05-14 04:00:00,00000000790,20230514040000,0.033,0.003,0.018,0.0,0.0,0.0,1.0,4,0.0,0.0,9.09,54.55,589268
2023-05-14 05:00:00,00000000790,20230514050000,0.341,0.014,0.013,0.0,0.0,0.0,1.0,4,0.0,0.0,4.11,3.81,589268
2023-05-14 06:00:00,00000000790,20230514060000,0.067,0.019,0.011,0.0,0.0,0.0,1.0,4,0.0,0.0,28.36,16.42,589268
2023-05-14 07:00:00,00000000790,20230514070000,0.025,0.0,0.021,0.0,0.0,0.0,1.0,4,0.0,0.0,0.0,84.0,589268
2023-05-14 08:00:00,00000000790,20230514080000,1.306,0.119,0.011,0.0,0.0,0.0,1.0,4,0.0,0.0,9.11,0.84,589268
2023-05-14 09:00:00,00000000790,20230514090000,1.11,0.158,0.007,0.0,0.0,0.0,1.0,4,0.0,0.0,14.23,0.63,589268
2023-05-14 10:00:00,00000000790,20230514100000,0.096,0.0,0.019,0.0,0.0,0.0,1.0,4,0.0,0.0,0.0,19.79,589268
2023-05-14 11:00:00,00000000790,20230514110000,0.061,0.027,0.004,0.0,0.0,0.0,1.0,4,0.0,0.0,44.26,6.56,589268
2023-05-14 12:00:00,00000000790,20230514120000,0.014,0.007,0.008,0.0,0.0,0.0,1.0,4,0.0,0.0,50.0,57.14,589268
2023-05-14 13:00:00,00000000790,20230514130000,1.503,0.184,0.0,0.0,0.0,0.0,1.0,4,0.0,0.0,12.24,0.0,589268
2023-05-14 14:00:00,00000000790,20230514140000,0.196,0.013,0.015,0.0,0.0,0.0,1.0,4,0.0,0.0,6.63,7.65,589268
2023-05-14 15:00:00,00000000790,20230514150000,0.164,0.021,0.009,0.0,0.0,0.0,1.0,4,0.0,0.0,12.8,5.49,589268
2023-05-14 16:00:00,00000000790,20230514160000,0.175,0.027,0.007,0.0,0.0,0.0,1.0,4,0.0,0.0,15.43,4.0,589268
2023-05-14 17:00:00,00000000790,20230514170000,0.488,0.067,0.0,0.0,0.0,0.0,1.0,4,0.0,0.0,13.73,0.0,589268
2023-05-14 18:00:00,00000000790,20230514180000,0.559,0.052,0.0,0.0,0.0,0.0,1.0,4,0.0,0.0,9.3,0.0,589268
2023-05-14 19:00:00,00000000790,20230514190000,1.505,0.288,0.0,0.0,0.0,0.0,1.0,4,0.0,0.0,19.14,0.0,589268
2023-05-14 20:00:00,00000000790,20230514200000,0.363,0.068,0.0,0.0,0.0,0.0,1.0,4,0.0,0.0,18.73,0.0,589268
2023-05-14 21:00:00,00000000790,20230514210000,0.114,0.024,0.008,0.0,0.0,0.0,1.0,4,0.0,0.0,21.05,7.02,589268
2023-05-14 22:00:00,00000000790,20230514220000,0.854,0.132,0.0,0.0,0.0,0.0,1.0,4,0.0,0.0,15.46,0.0,589268
2023-05-14 23:00:00,00000000790,20230514230000,0.475,0.069,0.012,0.0,0.0,0.0,1.0,4,0.0,0.0,14.53,2.53,589268
2023-05-15 00:00:00,00000000790,20230515000000,0.928,0.107,0.007,0.0,0.0,0.0,1.0,4,0.0,0.0,11.53,0.75,589268
2023-05-15 01:00:00,00000000790,20230515010000,0.434,0.068,0.013,0.0,0.0,0.0,1.0,4,0.0,0.0,15.67,3.0,589268
2023-05-15 02:00:00,00000000790,20230515020000,0.085,0.009,0.018,0.0,0.0,0.0,1.0,4,0.0,0.0,10.59,21.18,589268
2023-05-15 03:00:00,00000000790,20230515030000,0.076,0.007,0.019,0.0,0.0,0.0,1.0,4,0.0,0.0,9.21,25.0,589268
2023-05-15 04:00:00,00000000790,20230515040000,0.056,0.0,0.024,0.0,0.0,0.0,1.0,4,0.0,0.0,0.0,42.86,589268
2023-05-15 05:00:00,00000000790,20230515050000,0.353,0.077,0.008,0.0,0.0,0.0,1.0,4,0.0,0.0,21.81,2.27,589268
2023-05-15 06:00:00,00000000790,20230515060000,0.868,0.189,0.005,0.0,0.0,0.0,1.0,4,0.0,0.0,21.77,0.58,589268
2023-05-15 07:00:00,00000000790,20230515070000,0.493,0.109,0.005,0.0,0.0,0.0,1.0,4,0.0,0.0,22.11,1.01,589268
2023-05-15 08:00:00,00000000790,20230515080000,0.817,0.114,0.005,0.0,0.0,0.0,1.0,4,0.0,0.0,13.95,0.61,589268
2023-05-15 09:00:00,00000000790,20230515090000,0.543,0.102,0.005,0.0,0.0,0.0,1.0,4,0.0,0.0,18.78,0.92,589268
2023-05-15 10:00:00,00000000790,20230515100000,0.483,0.081,0.006,0.0,0.0,0.0,1.0,4,0.0,0.0,16.77,1.24,589268
2023-05-15 11:00:00,00000000790,20230515110000,0.782,0.102,0.007,0.0,0.0,0.0,1.0,4,0.0,0.0,13.04,0.9,589268
2023-05-15 12:00:00,00000000790,20230515120000,1.503,0.073,0.009,0.0,0.0,0.0,1.0,4,0.0,0.0,4.86,0.6,589268
2023-05-15 13:00:00,00000000790,20230515130000,0.086,0.019,0.011,0.0,0.0,0.0,1.0,4,0.0,0.0,22.09,12.79,589268
2023-05-15 14:00:00,00000000790,20230515140000,0.04,0.007,0.012,0.0,0.0,0.0,1.0,4,0.0,0.0,17.5,30.0,589268
2023-05-15 15:00:00,00000000790,20230515150000,0.05,0.012,0.011,0.0,0.0,0.0,1.0,4,0.0,0.0,24.0,22.0,589268
2023-05-15 16:00:00,00000000790,20230515160000,0.032,0.003,0.014,0.0,0.0,0.0,1.0,4,0.0,0.0,9.38,43.75,589268
2023-05-15 17:00:00,00000000790,20230515170000,0.053,0.015,0.01,0.0,0.0,0.0,1.0,4,0.0,0.0,28.3,18.87,589268
2023-05-15 18:00:00,00000000790,20230515180000,0.013,0.0,0.015,0.0,0.0,0.0,1.0,4,0.0,0.0,0.0,115.38,589268
2023-05-15 19:00:00,00000000790,20230515190000,0.299,0.001,0.014,0.0,0.0,0.0,1.0,4,0.0,0.0,0.33,4.68,589268
2023-05-15 20:00:00,00000000790,20230515200000,0.045,0.016,0.008,0.0,0.0,0.0,1.0,4,0.0,0.0,35.56,17.78,589268
2023-05-15 21:00:00,00000000790,20230515210000,0.463,0.035,0.015,0.0,0.0,0.0,1.0,4,0.0,0.0,7.56,3.24,589268
2023-05-15 22:00:00,00000000790,20230515220000,0.954,0.14,0.002,0.0,0.0,0.0,1.0,4,0.0,0.0,14.68,0.21,589268
2023-05-15 23:00:00,00000000790,20230515230000,0.301,0.031,0.014,0.0,0.0,0.0,1.0,4,0.0,0.0,10.3,4.65,589268
2023-05-16 00:00:00,00000000790,20230516000000,0.134,0.026,0.006,0.0,0.0,0.0,1.0,4,0.0,0.0,19.4,4.48,589268
2023-05-16 01:00:00,00000000790,20230516010000,0.661,0.118,0.004,0.0,0.0,0.0,1.0,4,0.0,0.0,17.85,0.61,589268
2023-05-16 02:00:00,00000000790,20230516020000,0.235,0.01,0.015,0.0,0.0,0.0,1.0,4,0.0,0.0,4.26,6.38,589268
2023-05-16 03:00:00,00000000790,20230516030000,0.177,0.021,0.008,0.0,0.0,0.0,1.0,4,0.0,0.0,11.86,4.52,589268
2023-05-16 04:00:00,00000000790,20230516040000,0.108,0.02,0.009,0.0,0.0,0.0,1.0,4,0.0,0.0,18.52,8.33,589268
2023-05-16 05:00:00,00000000790,20230516050000,0.037,0.005,0.013,0.0,0.0,0.0,1.0,4,0.0,0.0,13.51,35.14,589268
2023-05-16 06:00:00,00000000790,20230516060000,0.071,0.023,0.008,0.0,0.0,0.0,1.0,4,0.0,0.0,32.39,11.27,589268
2023-05-16 07:00:00,00000000790,20230516070000,0.068,0.02,0.009,0.0,0.0,0.0,1.0,4,0.0,0.0,29.41,13.24,589268
2023-05-16 08:00:00,00000000790,20230516080000,1.39,0.134,0.007,0.0,0.0,0.0,1.0,4,0.0,0.0,9.64,0.5,589268
2023-05-16 09:00:00,00000000790,20230516090000,0.656,0.106,0.003,0.0,0.0,0.0,1.0,4,0.0,0.0,16.16,0.46,589268
2023-05-16 10:00:00,00000000790,20230516100000,0.337,0.062,0.005,0.0,0.0,0.0,1.0,4,0.0,0.0,18.4,1.48,589268
2023-05-16 11:00:00,00000000790,20230516110000,0.034,0.009,0.011,0.0,0.0,0.0,1.0,4,0.0,0.0,26.47,32.35,589268
2023-05-16 12:00:00,00000000790,20230516120000,0.036,0.011,0.012,0.0,0.0,0.0,1.0,4,0.0,0.0,30.56,33.33,589268
2023-05-16 13:00:00,00000000790,20230516130000,0.004,0.0,0.015,0.0,0.0,0.0,1.0,4,0.0,0.0,0.0,375.0,589268
2023-05-16 14:00:00,00000000790,20230516140000,0.075,0.02,0.008,0.0,0.0,0.0,1.0,4,0.0,0.0,26.67,10.67,589268
2023-05-16 15:00:00,00000000790,20230516150000,0.197,0.0,0.015,0.0,0.0,0.0,1.0,4,0.0,0.0,0.0,7.61,589268
2023-05-16 16:00:00,00000000790,20230516160000,0.192,0.009,0.011,0.0,0.0,0.0,1.0,4,0.0,0.0,4.69,5.73,589268
2023-05-16 17:00:00,00000000790,20230516170000,0.025,0.009,0.013,0.0,0.0,0.0,1.0,4,0.0,0.0,36.0,52.0,589268
2023-05-16 18:00:00,00000000790,20230516180000,0.015,0.0,0.02,0.0,0.0,0.0,1.0,4,0.0,0.0,0.0,133.33,589268
2023-05-16 19:00:00,00000000790,20230516190000,0.059,0.018,0.013,0.0,0.0,0.0,1.0,4,0.0,0.0,30.51,22.03,589268
2023-05-16 20:00:00,00000000790,20230516200000,0.047,0.015,0.011,0.0,0.0,0.0,1.0,4,0.0,0.0,31.91,23.4,589268
2023-05-16 21:00:00,00000000790,20230516210000,0.878,0.13,0.002,0.0,0.0,0.0,1.0,4,0.0,0.0,14.81,0.23,589268
2023-05-16 22:00:00,00000000790,20230516220000,0.52,0.086,0.005,0.0,0.0,0.0,1.0,4,0.0,0.0,16.54,0.96,589268
2023-05-16 23:00:00,00000000790,20230516230000,0.805,0.089,0.005,0.0,0.0,0.0,1.0,4,0.0,0.0,11.06,0.62,589268
2023-05-17 00:00:00,00000000790,20230517000000,0.27,0.041,0.013,0.0,0.0,0.0,1.0,4,0.0,0.0,15.19,4.81,589268
2023-05-17 01:00:00,00000000790,20230517010000,0.07,0.009,0.015,0.0,0.0,0.0,1.0,4,0.0,0.0,12.86,21.43,589268
2023-05-17 02:00:00,00000000790,20230517020000,0.068,0.018,0.011,0.0,0.0,0.0,1.0,4,0.0,0.0,26.47,16.18,589268
2023-05-17 03:00:00,00000000790,20230517030000,0.062,0.016,0.012,0.0,0.0,0.0,1.0,4,0.0,0.0,25.81,19.35,589268
2023-05-17 04:00:00,00000000790,20230517040000,0.031,0.002,0.019,0.0,0.0,0.0,1.0,4,0.0,0.0,6.45,61.29,589268
2023-05-17 05:00:00,00000000790,20230517050000,0.072,0.008,0.016,0.0,0.0,0.0,1.0,4,0.0,0.0,11.11,22.22,589268
2023-05-17 06:00:00,00000000790,20230517060000,0.424,0.103,0.01,0.0,0.0,0.0,1.0,4,0.0,0.0,24.29,2.36,589268
2023-05-17 07:00:00,00000000790,20230517070000,1.34,0.115,0.006,0.0,0.0,0.0,1.0,4,0.0,0.0,8.58,0.45,589268
2023-05-17 08:00:00,00000000790,20230517080000,0.248,0.016,0.011,0.0,0.0,0.0,1.0,4,0.0,0.0,6.45,4.44,589268
2023-05-17 09:00:00,00000000790,20230517090000,0.04,0.0,0.013,0.0,0.0,0.0,1.0,4,0.0,0.0,0.0,32.5,589268
2023-05-17 10:00:00,00000000790,20230517100000,0.047,0.02,0.005,0.0,0.0,0.0,1.0,4,0.0,0.0,42.55,10.64,589268
2023-05-17 11:00:00,00000000790,20230517110000,0.283,0.0,0.009,0.0,0.0,0.0,1.0,4,0.0,0.0,0.0,3.18,589268
2023-05-17 12:00:00,00000000790,20230517120000,0.051,0.019,0.01,0.0,0.0,0.0,1.0,4,0.0,0.0,37.25,19.61,589268
2023-05-17 13:00:00,00000000790,20230517130000,0.028,0.006,0.016,0.0,0.0,0.0,1.0,4,0.0,0.0,21.43,57.14,589268
2023-05-17 14:00:00,00000000790,20230517140000,0.168,0.023,0.008,0.0,0.0,0.0,1.0,4,0.0,0.0,13.69,4.76,589268
2023-05-17 15:00:00,00000000790,20230517150000,0.06,0.019,0.01,0.0,0.0,0.0,1.0,4,0.0,0.0,31.67,16.67,589268
2023-05-17 16:00:00,00000000790,20230517160000,0.317,0.014,0.014,0.0,0.0,0.0,1.0,4,0.0,0.0,4.42,4.42,589268
2023-05-17 17:00:00,00000000790,20230517170000,0.045,0.018,0.006,0.0,0.0,0.0,1.0,4,0.0,0.0,40.0,13.33,589268
2023-05-17 18:00:00,00000000790,20230517180000,0.083,0.026,0.006,0.0,0.0,0.0,1.0,4,0.0,0.0,31.33,7.23,589268
2023-05-17 19:00:00,00000000790,20230517190000,0.058,0.019,0.01,0.0,0.0,0.0,1.0,4,0.0,0.0,32.76,17.24,589268
2023-05-17 20:00:00,00000000790,20230517200000,0.577,0.044,0.015,0.0,0.0,0.0,1.0,4,0.0,0.0,7.63,2.6,589268
2023-05-17 21:00:00,00000000790,20230517210000,2.086,0.115,0.005,0.0,0.0,0.0,1.0,4,0.0,0.0,5.51,0.24,589268
2023-05-17 22:00:00,00000000790,20230517220000,0.372,0.053,0.009,0.0,0.0,0.0,1.0,4,0.0,0.0,14.25,2.42,589268
2023-05-17 23:00:00,00000000790,20230517230000,0.083,0.007,0.018,0.0,0.0,0.0,1.0,4,0.0,0.0,8.43,21.69,589268
2023-05-18 00:00:00,00000000790,20230518000000,0.078,0.007,0.018,0.0,0.0,0.0,1.0,4,0.0,0.0,8.97,23.08,589268
2023-05-18 01:00:00,00000000790,20230518010000,0.038,0.006,0.018,0.0,0.0,0.0,1.0,4,0.0,0.0,15.79,47.37,589268
2023-05-18 02:00:00,00000000790,20230518020000,0.029,0.004,0.018,0.0,0.0,0.0,1.0,4,0.0,0.0,13.79,62.07,589268
2023-05-18 03:00:00,00000000790,20230518030000,0.045,0.012,0.014,0.0,0.0,0.0,1.0,4,0.0,0.0,26.67,31.11,589268
2023-05-18 04:00:00,00000000790,20230518040000,0.021,0.002,0.019,0.0,0.0,0.0,1.0,4,0.0,0.0,9.52,90.48,589268
2023-05-18 05:00:00,00000000790,20230518050000,0.365,0.019,0.01,0.0,0.0,0.0,1.0,4,0.0,0.0,5.21,2.74,589268
2023-05-18 06:00:00,00000000790,20230518060000,0.062,0.016,0.013,0.0,0.0,0.0,1.0,4,0.0,0.0,25.81,20.97,589268
2023-05-18 07:00:00,00000000790,20230518070000,0.073,0.021,0.01,0.0,0.0,0.0,1.0,4,0.0,0.0,28.77,13.7,589268
2023-05-18 08:00:00,00000000790,20230518080000,0.833,0.019,0.01,0.0,0.0,0.0,1.0,4,0.0,0.0,2.28,1.2,589268
2023-05-18 09:00:00,00000000790,20230518090000,0.204,0.0,0.019,0.0,0.0,0.0,1.0,4,0.0,0.0,0.0,9.31,589268
2023-05-18 10:00:00,00000000790,20230518100000,0.083,0.032,0.003,0.0,0.0,0.0,1.0,4,0.0,0.0,38.55,3.61,589268
2023-05-18 11:00:00,00000000790,20230518110000,0.345,0.015,0.009,0.0,0.0,0.0,1.0,4,0.0,0.0,4.35,2.61,589268
2023-05-18 12:00:00,00000000790,20230518120000,0.027,0.006,0.008,0.0,0.0,0.0,1.0,4,0.0,0.0,22.22,29.63,589268
2023-05-18 13:00:00,00000000790,20230518130000,0.057,0.023,0.005,0.0,0.0,0.0,1.0,4,0.0,0.0,40.35,8.77,589268
2023-05-18 14:00:00,00000000790,20230518140000,0.057,0.023,0.006,0.0,0.0,0.0,1.0,4,0.0,0.0,40.35,10.53,589268
2023-05-18 15:00:00,00000000790,20230518150000,0.034,0.01,0.007,0.0,0.0,0.0,1.0,4,0.0,0.0,29.41,20.59,589268
2023-05-18 16:00:00,00000000790,20230518160000,0.036,0.012,0.007,0.0,0.0,0.0,1.0,4,0.0,0.0,33.33,19.44,589268
2023-05-18 17:00:00,00000000790,20230518170000,0.064,0.018,0.009,0.0,0.0,0.0,1.0,4,0.0,0.0,28.12,14.06,589268
2023-05-18 18:00:00,00000000790,20230518180000,0.362,0.0,0.02,0.0,0.0,0.0,1.0,4,0.0,0.0,0.0,5.52,589268
2023-05-18 19:00:00,00000000790,20230518190000,0.06,0.014,0.012,0.0,0.0,0.0,1.0,4,0.0,0.0,23.33,20.0,589268
2023-05-18 20:00:00,00000000790,20230518200000,0.21,0.033,0.016,0.0,0.0,0.0,1.0,4,0.0,0.0,15.71,7.62,589268
2023-05-18 21:00:00,00000000790,20230518210000,0.891,0.126,0.005,0.0,0.0,0.0,1.0,4,0.0,0.0,14.14,0.56,589268
2023-05-18 22:00:00,00000000790,20230518220000,0.484,0.075,0.009,0.0,0.0,0.0,1.0,4,0.0,0.0,15.5,1.86,589268
2023-05-18 23:00:00,00000000790,20230518230000,0.809,0.075,0.008,0.0,0.0,0.0,1.0,4,0.0,0.0,9.27,0.99,589268
2023-05-19 00:00:00,00000000790,20230519000000,0.149,0.02,0.015,0.0,0.0,0.0,1.0,4,0.0,0.0,13.42,10.07,589268
2023-05-19 01:00:00,00000000790,20230519010000,0.046,0.0,0.022,0.0,0.0,0.0,1.0,4,0.0,0.0,0.0,47.83,589268
2023-05-19 02:00:00,00000000790,20230519020000,0.101,0.031,0.004,0.0,0.0,0.0,1.0,4,0.0,0.0,30.69,3.96,589268
2023-05-19 03:00:00,00000000790,20230519030000,0.066,0.018,0.012,0.0,0.0,0.0,1.0,4,0.0,0.0,27.27,18.18,589268
2023-05-19 04:00:00,00000000790,20230519040000,0.044,0.007,0.016,0.0,0.0,0.0,1.0,4,0.0,0.0,15.91,36.36,589268
2023-05-19 05:00:00,00000000790,20230519050000,0.059,0.015,0.013,0.0,0.0,0.0,1.0,4,0.0,0.0,25.42,22.03,589268
2023-05-19 06:00:00,00000000790,20230519060000,0.07,0.02,0.011,0.0,0.0,0.0,1.0,4,0.0,0.0,28.57,15.71,589268
2023-05-19 07:00:00,00000000790,20230519070000,0.341,0.016,0.012,0.0,0.0,0.0,1.0,4,0.0,0.0,4.69,3.52,589268
2023-05-19 08:00:00,00000000790,20230519080000,0.032,0.003,0.019,0.0,0.0,0.0,1.0,4,0.0,0.0,9.38,59.38,589268
2023-05-19 09:00:00,00000000790,20230519090000,0.056,0.018,0.01,0.0,0.0,0.0,1.0,4,0.0,0.0,32.14,17.86,589268
2023-05-19 10:00:00,00000000790,20230519100000,0.007,0.0,0.02,0.0,0.0,0.0,1.0,4,0.0,0.0,0.0,285.71,589268
2023-05-19 11:00:00,00000000790,20230519110000,1.241,0.019,0.01,0.0,0.0,0.0,1.0,4,0.0,0.0,1.53,0.81,589268
2023-05-19 12:00:00,00000000790,20230519120000,0.101,0.0,0.02,0.0,0.0,0.0,1.0,4,0.0,0.0,0.0,19.8,589268
2023-05-19 13:00:00,00000000790,20230519130000,0.045,0.014,0.012,0.0,0.0,0.0,1.0,4,0.0,0.0,31.11,26.67,589268
2023-05-19 14:00:00,00000000790,20230519140000,0.003,0.001,0.019,0.0,0.0,0.0,1.0,4,0.0,0.0,33.33,633.33,589268
2023-05-19 15:00:00,00000000790,20230519150000,0.033,0.011,0.014,0.0,0.0,0.0,1.0,4,0.0,0.0,33.33,42.42,589268
2023-05-19 16:00:00,00000000790,20230519160000,0.013,0.004,0.017,0.0,0.0,0.0,1.0,4,0.0,0.0,30.77,130.77,589268
2023-05-19 17:00:00,00000000790,20230519170000,0.065,0.012,0.013,0.0,0.0,0.0,1.0,4,0.0,0.0,18.46,20.0,589268
2023-05-19 18:00:00,00000000790,20230519180000,0.319,0.003,0.017,0.0,0.0,0.0,1.0,4,0.0,0.0,0.94,5.33,589268
2023-05-19 19:00:00,00000000790,20230519190000,0.081,0.02,0.007,0.0,0.0,0.0,1.0,4,0.0,0.0,24.69,8.64,589268
2023-05-19 20:00:00,00000000790,20230519200000,0.61,0.052,0.016,0.0,0.0,0.0,1.0,4,0.0,0.0,8.52,2.62,589268
2023-05-19 21:00:00,00000000790,20230519210000,0.955,0.108,0.005,0.0,0.0,0.0,1.0,4,0.0,0.0,11.31,0.52,589268
2023-05-19 22:00:00,00000000790,20230519220000,0.686,0.091,0.003,0.0,0.0,0.0,1.0,4,0.0,0.0,13.27,0.44,589268
2023-05-19 23:00:00,00000000790,20230519230000,0.622,0.04,0.008,0.0,0.0,0.0,1.0,4,0.0,0.0,6.43,1.29,589268
2023-05-20 00:00:00,00000000790,20230520000000,0.567,0.079,0.006,0.0,0.0,0.0,1.0,4,0.0,0.0,13.93,1.06,589268
2023-05-20 01:00:00,00000000790,20230520010000,0.065,0.007,0.018,0.0,0.0,0.0,1.0,4,0.0,0.0,10.77,27.69,589268
2023-05-20 02:00:00,00000000790,20230520020000,0.071,0.019,0.01,0.0,0.0,0.0,1.0,4,0.0,0.0,26.76,14.08,589268
2023-05-20 03:00:00,00000000790,20230520030000,0.021,0.0,0.02,0.0,0.0,0.0,1.0,4,0.0,0.0,0.0,95.24,589268
2023-05-20 04:00:00,00000000790,20230520040000,0.06,0.014,0.013,0.0,0.0,0.0,1.0,4,0.0,0.0,23.33,21.67,589268
2023-05-20 05:00:00,00000000790,20230520050000,0.017,0.001,0.019,0.0,0.0,0.0,1.0,4,0.0,0.0,5.88,111.76,589268
2023-05-20 06:00:00,00000000790,20230520060000,0.019,0.0,0.021,0.0,0.0,0.0,1.0,4,0.0,0.0,0.0,110.53,589268
2023-05-20 07:00:00,00000000790,20230520070000,0.34,0.018,0.011,0.0,0.0,0.0,1.0,4,0.0,0.0,5.29,3.24,589268
2023-05-20 08:00:00,00000000790,20230520080000,0.039,0.0,0.021,0.0,0.0,0.0,1.0,4,0.0,0.0,0.0,53.85,589268
2023-05-20 09:00:00,00000000790,20230520090000,0.964,0.018,0.009,0.0,0.0,0.0,1.0,4,0.0,0.0,1.87,0.93,589268
2023-05-20 10:00:00,00000000790,20230520100000,0.016,0.0,0.013,0.0,0.0,0.0,1.0,4,0.0,0.0,0.0,81.25,589268
2023-05-20 11:00:00,00000000790,20230520110000,0.066,0.028,0.004,0.0,0.0,0.0,1.0,4,0.0,0.0,42.42,6.06,589268
2023-05-20 12:00:00,00000000790,20230520120000,0.037,0.013,0.007,0.0,0.0,0.0,1.0,4,0.0,0.0,35.14,18.92,589268
2023-05-20 13:00:00,00000000790,20230520130000,0.052,0.02,0.006,0.0,0.0,0.0,1.0,4,0.0,0.0,38.46,11.54,589268
2023-05-20 14:00:00,00000000790,20230520140000,0.185,0.023,0.005,0.0,0.0,0.0,1.0,4,0.0,0.0,12.43,2.7,589268
2023-05-20 15:00:00,00000000790,20230520150000,0.256,0.017,0.006,0.0,0.0,0.0,1.0,4,0.0,0.0,6.64,2.34,589268
2023-05-20 16:00:00,00000000790,20230520160000,0.038,0.013,0.007,0.0,0.0,0.0,1.0,4,0.0,0.0,34.21,18.42,589268
2023-05-20 17:00:00,00000000790,20230520170000,0.063,0.023,0.006,0.0,0.0,0.0,1.0,4,0.0,0.0,36.51,9.52,589268
2023-05-20 18:00:00,00000000790,20230520180000,0.07,0.02,0.01,0.0,0.0,0.0,1.0,4,0.0,0.0,28.57,14.29,589268
2023-05-20 19:00:00,00000000790,20230520190000,0.048,0.013,0.012,0.0,0.0,0.0,1.0,4,0.0,0.0,27.08,25.0,589268
2023-05-20 20:00:00,00000000790,20230520200000,0.039,0.005,0.016,0.0,0.0,0.0,1.0,4,0.0,0.0,12.82,41.03,589268
2023-05-20 21:00:00,00000000790,20230520210000,1.086,0.113,0.003,0.0,0.0,0.0,1.0,4,0.0,0.0,10.41,0.28,589268
2023-05-20 22:00:00,00000000790,20230520220000,0.588,0.088,0.004,0.0,0.0,0.0,1.0,4,0.0,0.0,14.97,0.68,589268
2023-05-20 23:00:00,00000000790,20230520230000,0.789,0.112,0.006,0.0,0.0,0.0,1.0,4,0.0,0.0,14.2,0.76,589268
2023-05-21 00:00:00,00000000790,20230521000000,0.208,0.028,0.011,0.0,0.0,0.0,1.0,4,0.0,0.0,13.46,5.29,589268
2023-05-21 01:00:00,00000000790,20230521010000,0.344,0.0,0.022,0.0,0.0,0.0,1.0,4,0.0,0.0,0.0,6.4,589268
2023-05-21 02:00:00,00000000790,20230521020000,0.052,0.012,0.013,0.0,0.0,0.0,1.0,4,0.0,0.0,23.08,25.0,589268
2023-05-21 03:00:00,00000000790,20230521030000,0.023,0.003,0.019,0.0,0.0,0.0,1.0,4,0.0,0.0,13.04,82.61,589268
2023-05-21 04:00:00,00000000790,20230521040000,0.043,0.01,0.015,0.0,0.0,0.0,1.0,4,0.0,0.0,23.26,34.88,589268
2023-05-21 05:00:00,00000000790,20230521050000,0.028,0.005,0.018,0.0,0.0,0.0,1.0,4,0.0,0.0,17.86,64.29,589268
2023-05-21 06:00:00,00000000790,20230521060000,0.047,0.012,0.015,0.0,0.0,0.0,1.0,4,0.0,0.0,25.53,31.91,589268
2023-05-21 07:00:00,00000000790,20230521070000,0.062,0.019,0.011,0.0,0.0,0.0,1.0,4,0.0,0.0,30.65,17.74,589268
2023-05-21 08:00:00,00000000790,20230521080000,0.055,0.011,0.016,0.0,0.0,0.0,1.0,4,0.0,0.0,20.0,29.09,589268
2023-05-21 09:00:00,00000000790,20230521090000,0.373,0.015,0.012,0.0,0.0,0.0,1.0,4,0.0,0.0,4.02,3.22,589268
2023-05-21 10:00:00,00000000790,20230521100000,0.766,0.016,0.012,0.0,0.0,0.0,1.0,4,0.0,0.0,2.09,1.57,589268
2023-05-21 11:00:00,00000000790,20230521110000,0.147,0.017,0.012,0.0,0.0,0.0,1.0,4,0.0,0.0,11.56,8.16,589268
2023-05-21 12:00:00,00000000790,20230521120000,0.087,0.01,0.014,0.0,0.0,0.0,1.0,4,0.0,0.0,11.49,16.09,589268
2023-05-21 13:00:00,00000000790,20230521130000,0.036,0.012,0.007,0.0,0.0,0.0,1.0,4,0.0,0.0,33.33,19.44,589268
2023-05-21 14:00:00,00000000790,20230521140000,0.056,0.022,0.006,0.0,0.0,0.0,1.0,4,0.0,0.0,39.29,10.71,589268
2023-05-21 15:00:00,00000000790,20230521150000,0.035,0.011,0.007,0.0,0.0,0.0,1.0,4,0.0,0.0,31.43,20.0,589268
2023-05-21 16:00:00,00000000790,20230521160000,0.347,0.003,0.01,0.0,0.0,0.0,1.0,4,0.0,0.0,0.86,2.88,589268
2023-05-21 17:00:00,00000000790,20230521170000,0.048,0.019,0.006,0.0,0.0,0.0,1.0,4,0.0,0.0,39.58,12.5,589268
2023-05-21 18:00:00,00000000790,20230521180000,0.072,0.008,0.017,0.0,0.0,0.0,1.0,4,0.0,0.0,11.11,23.61,589268
2023-05-21 19:00:00,00000000790,20230521190000,0.057,0.004,0.019,0.0,0.0,0.0,1.0,4,0.0,0.0,7.02,33.33,589268
2023-05-21 20:00:00,00000000790,20230521200000,0.431,0.056,0.009,0.0,0.0,0.0,1.0,4,0.0,0.0,12.99,2.09,589268
2023-05-21 21:00:00,00000000790,20230521210000,0.414,0.003,0.021,0.0,0.0,0.0,1.0,4,0.0,0.0,0.72,5.07,589268
2023-05-21 22:00:00,00000000790,20230521220000,0.964,0.097,0.002,0.0,0.0,0.0,1.0,4,0.0,0.0,10.06,0.21,589268
2023-05-21 23:00:00,00000000790,20230521230000,0.311,0.036,0.018,0.0,0.0,0.0,1.0,4,0.0,0.0,11.58,5.79,589268
2023-05-22 00:00:00,00000000790,20230522000000,0.101,0.011,0.017,0.0,0.0,0.0,1.0,4,0.0,0.0,10.89,16.83,589268
2023-05-22 01:00:00,00000000790,20230522010000,0.111,0.015,0.014,0.0,0.0,0.0,1.0,4,0.0,0.0,13.51,12.61,589268
2023-05-22 02:00:00,00000000790,20230522020000,0.415,0.016,0.013,0.0,0.0,0.0,1.0,4,0.0,0.0,3.86,3.13,589268
2023-05-22 03:00:00,00000000790,20230522030000,0.081,0.018,0.013,0.0,0.0,0.0,1.0,4,0.0,0.0,22.22,16.05,589268
2023-05-22 04:00:00,00000000790,20230522040000,0.058,0.014,0.015,0.0,0.0,0.0,1.0,4,0.0,0.0,24.14,25.86,589268
2023-05-22 05:00:00,00000000790,20230522050000,0.041,0.006,0.017,0.0,0.0,0.0,1.0,4,0.0,0.0,14.63,41.46,589268
2023-05-22 06:00:00,00000000790,20230522060000,0.067,0.019,0.012,0.0,0.0,0.0,1.0,4,0.0,0.0,28.36,17.91,589268
2023-05-22 07:00:00,00000000790,20230522070000,0.064,0.019,0.011,0.0,0.0,0.0,1.0,4,0.0,0.0,29.69,17.19,589268
2023-05-22 08:00:00,00000000790,20230522080000,0.048,0.014,0.013,0.0,0.0,0.0,1.0,4,0.0,0.0,29.17,27.08,589268
2023-05-22 09:00:00,00000000790,20230522090000,0.03,0.0,0.02,0.0,0.0,0.0,1.0,4,0.0,0.0,0.0,66.67,589268
2023-05-22 10:00:00,00000000790,20230522100000,1.276,0.016,0.01,0.0,0.0,0.0,1.0,4,0.0,0.0,1.25,0.78,589268
2023-05-22 11:00:00,00000000790,20230522110000,0.0,0.0,0.02,0.0,0.0,0.0,1.0,4,0.0,0.0,,,589268
2023-05-22 12:00:00,00000000790,20230522120000,0.037,0.011,0.014,0.0,0.0,0.0,1.0,4,0.0,0.0,29.73,37.84,589268
2023-05-22 13:00:00,00000000790,20230522130000,0.018,0.005,0.019,0.0,0.0,0.0,1.0,4,0.0,0.0,27.78,105.56,589268
2023-05-22 14:00:00,00000000790,20230522140000,0.351,0.032,0.014,0.0,0.0,0.0,1.0,4,0.0,0.0,9.12,3.99,589268
2023-05-22 15:00:00,00000000790,20230522150000,0.409,0.054,0.001,0.0,0.0,0.0,1.0,4,0.0,0.0,13.2,0.24,589268
2023-05-22 16:00:00,00000000790,20230522160000,0.083,0.05,0.009,0.0,0.0,0.0,1.0,4,0.0,0.0,60.24,10.84,589268
2023-05-22 17:00:00,00000000790,20230522170000,0.117,0.072,0.0,0.0,0.0,0.0,1.0,4,0.0,0.0,61.54,0.0,589268
2023-05-22 18:00:00,00000000790,20230522180000,0.124,0.075,0.0,0.0,0.0,0.0,1.0,4,0.0,0.0,60.48,0.0,589268
2023-05-22 19:00:00,00000000790,20230522190000,0.325,0.074,0.0,0.0,0.0,0.0,1.0,4,0.0,0.0,22.77,0.0,589268
2023-05-22 20:00:00,00000000790,20230522200000,0.178,0.029,0.008,0.0,0.0,0.0,1.0,4,0.0,0.0,16.29,4.49,589268
2023-05-22 21:00:00,00000000790,20230522210000,0.943,0.148,0.003,0.0,0.0,0.0,1.0,4,0.0,0.0,15.69,0.32,589268
2023-05-22 22:00:00,00000000790,20230522220000,0.434,0.065,0.006,0.0,0.0,0.0,1.0,4,0.0,0.0,14.98,1.38,589268
2023-05-22 23:00:00,00000000790,20230522230000,1.296,0.122,0.006,0.0,0.0,0.0,1.0,4,0.0,0.0,9.41,0.46,589268
2023-05-23 00:00:00,00000000790,20230523000000,0.67,0.076,0.006,0.0,0.0,0.0,1.0,4,0.0,0.0,11.34,0.9,589268
2023-05-23 01:00:00,00000000790,20230523010000,0.099,0.014,0.013,0.0,0.0,0.0,1.0,4,0.0,0.0,14.14,13.13,589268
2023-05-23 02:00:00,00000000790,20230523020000,0.056,0.005,0.017,0.0,0.0,0.0,1.0,4,0.0,0.0,8.93,30.36,589268
2023-05-23 03:00:00,00000000790,20230523030000,0.067,0.018,0.011,0.0,0.0,0.0,1.0,4,0.0,0.0,26.87,16.42,589268
2023-05-23 04:00:00,00000000790,20230523040000,0.069,0.019,0.011,0.0,0.0,0.0,1.0,4,0.0,0.0,27.54,15.94,589268
2023-05-23 05:00:00,00000000790,20230523050000,0.022,0.0,0.02,0.0,0.0,0.0,1.0,4,0.0,0.0,0.0,90.91,589268
2023-05-23 06:00:00,00000000790,20230523060000,0.057,0.015,0.013,0.0,0.0,0.0,1.0,4,0.0,0.0,26.32,22.81,589268
2023-05-23 07:00:00,00000000790,20230523070000,0.308,0.001,0.02,0.0,0.0,0.0,1.0,4,0.0,0.0,0.32,6.49,589268
2023-05-23 08:00:00,00000000790,20230523080000,0.038,0.004,0.018,0.0,0.0,0.0,1.0,4,0.0,0.0,10.53,47.37,589268
2023-05-23 09:00:00,00000000790,20230523090000,0.735,0.013,0.013,0.0,0.0,0.0,1.0,4,0.0,0.0,1.77,1.77,589268
2023-05-23 10:00:00,00000000790,20230523100000,0.17,0.013,0.014,0.0,0.0,0.0,1.0,4,0.0,0.0,7.65,8.24,589268
2023-05-23 11:00:00,00000000790,20230523110000,0.014,0.006,0.009,0.0,0.0,0.0,1.0,4,0.0,0.0,42.86,64.29,589268
2023-05-23 12:00:00,00000000790,20230523120000,0.033,0.014,0.007,0.0,0.0,0.0,1.0,4,0.0,0.0,42.42,21.21,589268
2023-05-23 13:00:00,00000000790,20230523130000,0.399,0.029,0.005,0.0,0.0,0.0,1.0,4,0.0,0.0,7.27,1.25,589268
2023-05-23 14:00:00,00000000790,20230523140000,0.098,0.056,0.008,0.0,0.0,0.0,1.0,4,0.0,0.0,57.14,8.16,589268
2023-05-23 15:00:00,00000000790,20230523150000,0.084,0.047,0.002,0.0,0.0,0.0,1.0,4,0.0,0.0,55.95,2.38,589268
2023-05-23 16:00:00,00000000790,20230523160000,0.08,0.014,0.013,0.0,0.0,0.0,1.0,4,0.0,0.0,17.5,16.25,589268
2023-05-23 17:00:00,00000000790,20230523170000,0.058,0.018,0.01,0.0,0.0,0.0,1.0,4,0.0,0.0,31.03,17.24,589268
2023-05-23 18:00:00,00000000790,20230523180000,0.062,0.018,0.012,0.0,0.0,0.0,1.0,4,0.0,0.0,29.03,19.35,589268
2023-05-23 19:00:00,00000000790,20230523190000,0.032,0.007,0.016,0.0,0.0,0.0,1.0,4,0.0,0.0,21.88,50.0,589268
2023-05-23 20:00:00,00000000790,20230523200000,0.982,0.11,0.003,0.0,0.0,0.0,1.0,4,0.0,0.0,11.2,0.31,589268
2023-05-23 21:00:00,00000000790,20230523210000,0.507,0.076,0.004,0.0,0.0,0.0,1.0,4,0.0,0.0,14.99,0.79,589268
2023-05-23 22:00:00,00000000790,20230523220000,0.882,0.115,0.003,0.0,0.0,0.0,1.0,4,0.0,0.0,13.04,0.34,589268
2023-05-23 23:00:00,00000000790,20230523230000,0.562,0.053,0.01,0.0,0.0,0.0,1.0,4,0.0,0.0,9.43,1.78,589268
2023-05-24 00:00:00,00000000790,20230524000000,1.418,0.064,0.008,0.0,0.0,0.0,1.0,4,0.0,0.0,4.51,0.56,589268
2023-05-24 01:00:00,00000000790,20230524010000,0.058,0.005,0.02,0.0,0.0,0.0,1.0,4,0.0,0.0,8.62,34.48,589268
2023-05-24 02:00:00,00000000790,20230524020000,0.059,0.012,0.016,0.0,0.0,0.0,1.0,4,0.0,0.0,20.34,27.12,589268
2023-05-24 03:00:00,00000000790,20230524030000,0.025,0.004,0.019,0.0,0.0,0.0,1.0,4,0.0,0.0,16.0,76.0,589268
2023-05-24 04:00:00,00000000790,20230524040000,0.068,0.018,0.011,0.0,0.0,0.0,1.0,4,0.0,0.0,26.47,16.18,589268
2023-05-24 05:00:00,00000000790,20230524050000,0.014,0.0,0.02,0.0,0.0,0.0,1.0,4,0.0,0.0,0.0,142.86,589268
2023-05-24 06:00:00,00000000790,20230524060000,0.068,0.02,0.011,0.0,0.0,0.0,1.0,4,0.0,0.0,29.41,16.18,589268
2023-05-24 07:00:00,00000000790,20230524070000,0.052,0.012,0.014,0.0,0.0,0.0,1.0,4,0.0,0.0,23.08,26.92,589268
2023-05-24 08:00:00,00000000790,20230524080000,0.823,0.02,0.009,0.0,0.0,0.0,1.0,4,0.0,0.0,2.43,1.09,589268
2023-05-24 09:00:00,00000000790,20230524090000,0.241,0.02,0.009,0.0,0.0,0.0,1.0,4,0.0,0.0,8.3,3.73,589268
2023-05-24 10:00:00,00000000790,20230524100000,0.095,0.017,0.01,0.0,0.0,0.0,1.0,4,0.0,0.0,17.89,10.53,589268
2023-05-24 11:00:00,00000000790,20230524110000,0.029,0.006,0.016,0.0,0.0,0.0,1.0,4,0.0,0.0,20.69,55.17,589268
2023-05-24 12:00:00,00000000790,20230524120000,0.043,0.012,0.014,0.0,0.0,0.0,1.0,4,0.0,0.0,27.91,32.56,589268
2023-05-24 13:00:00,00000000790,20230524130000,0.058,0.019,0.01,0.0,0.0,0.0,1.0,4,0.0,0.0,32.76,17.24,589268
2023-05-24 14:00:00,00000000790,20230524140000,0.031,0.006,0.016,0.0,0.0,0.0,1.0,4,0.0,0.0,19.35,51.61,589268
2023-05-24 15:00:00,00000000790,20230524150000,0.378,0.007,0.016,0.0,0.0,0.0,1.0,4,0.0,0.0,1.85,4.23,589268
2023-05-24 16:00:00,00000000790,20230524160000,0.029,0.01,0.014,0.0,0.0,0.0,1.0,4,0.0,0.0,34.48,48.28,589268
2023-05-24 17:00:00,00000000790,20230524170000,0.001,0.0,0.019,0.0,0.0,0.0,1.0,4,0.0,0.0,0.0,1900.0,589268
2023-05-24 18:00:00,00000000790,20230524180000,0.046,0.015,0.012,0.0,0.0,0.0,1.0,4,0.0,0.0,32.61,26.09,589268
2023-05-24 19:00:00,00000000790,20230524190000,0.001,0.001,0.02,0.0,0.0,0.0,1.0,4,0.0,0.0,100.0,2000.0,589268
2023-05-24 20:00:00,00000000790,20230524200000,0.058,0.014,0.012,0.0,0.0,0.0,1.0,4,0.0,0.0,24.14,20.69,589268
2023-05-24 21:00:00,00000000790,20230524210000,0.614,0.104,0.009,0.0,0.0,0.0,1.0,4,0.0,0.0,16.94,1.47,589268
2023-05-24 22:00:00,00000000790,20230524220000,0.505,0.081,0.005,0.0,0.0,0.0,1.0,4,0.0,0.0,16.04,0.99,589268
2023-05-24 23:00:00,00000000790,20230524230000,0.457,0.077,0.012,0.0,0.0,0.0,1.0,4,0.0,0.0,16.85,2.63,589268
2023-05-25 00:00:00,00000000790,20230525000000,0.134,0.013,0.014,0.0,0.0,0.0,1.0,4,0.0,0.0,9.7,10.45,589268
2023-05-25 01:00:00,00000000790,20230525010000,0.406,0.019,0.01,0.0,0.0,0.0,1.0,4,0.0,0.0,4.68,2.46,589268
2023-05-25 02:00:00,00000000790,20230525020000,0.085,0.004,0.019,0.0,0.0,0.0,1.0,4,0.0,0.0,4.71,22.35,589268
2023-05-25 03:00:00,00000000790,20230525030000,0.098,0.028,0.006,0.0,0.0,0.0,1.0,4,0.0,0.0,28.57,6.12,589268
2023-05-25 04:00:00,00000000790,20230525040000,0.069,0.018,0.011,0.0,0.0,0.0,1.0,4,0.0,0.0,26.09,15.94,589268
2023-05-25 05:00:00,00000000790,20230525050000,0.042,0.007,0.017,0.0,0.0,0.0,1.0,4,0.0,0.0,16.67,40.48,589268
2023-05-25 06:00:00,00000000790,20230525060000,0.06,0.016,0.013,0.0,0.0,0.0,1.0,4,0.0,0.0,26.67,21.67,589268
2023-05-25 07:00:00,00000000790,20230525070000,0.673,0.02,0.011,0.0,0.0,0.0,1.0,4,0.0,0.0,2.97,1.63,589268
2023-05-25 08:00:00,00000000790,20230525080000,0.295,0.022,0.008,0.0,0.0,0.0,1.0,4,0.0,0.0,7.46,2.71,589268
2023-05-25 09:00:00,00000000790,20230525090000,0.106,0.007,0.016,0.0,0.0,0.0,1.0,4,0.0,0.0,6.6,15.09,589268
2023-05-25 10:00:00,00000000790,20230525100000,0.054,0.011,0.013,0.0,0.0,0.0,1.0,4,0.0,0.0,20.37,24.07,589268
2023-05-25 11:00:00,00000000790,20230525110000,0.246,0.0,0.02,0.0,0.0,0.0,1.0,4,0.0,0.0,0.0,8.13,589268
2023-05-25 12:00:00,00000000790,20230525120000,0.043,0.014,0.013,0.0,0.0,0.0,1.0,4,0.0,0.0,32.56,30.23,589268
2023-05-25 13:00:00,00000000790,20230525130000,0.0,0.0,0.019,0.0,0.0,0.0,1.0,4,0.0,0.0,,,589268
2023-05-25 14:00:00,00000000790,20230525140000,0.078,0.015,0.012,0.0,0.0,0.0,1.0,4,0.0,0.0,19.23,15.38,589268
2023-05-25 15:00:00,00000000790,20230525150000,0.0,0.0,0.02,0.0,0.0,0.0,1.0,4,0.0,0.0,,,589268
2023-05-25 16:00:00,00000000790,20230525160000,0.045,0.016,0.011,0.0,0.0,0.0,1.0,4,0.0,0.0,35.56,24.44,589268
2023-05-25 17:00:00,00000000790,20230525170000,0.331,0.01,0.015,0.0,0.0,0.0,1.0,4,0.0,0.0,3.02,4.53,589268
2023-05-25 18:00:00,00000000790,20230525180000,0.032,0.009,0.014,0.0,0.0,0.0,1.0,4,0.0,0.0,28.12,43.75,589268
2023-05-25 19:00:00,00000000790,20230525190000,0.079,0.027,0.006,0.0,0.0,0.0,1.0,4,0.0,0.0,34.18,7.59,589268
2023-05-25 20:00:00,00000000790,20230525200000,0.119,0.015,0.01,0.0,0.0,0.0,1.0,4,0.0,0.0,12.61,8.4,589268
2023-05-25 21:00:00,00000000790,20230525210000,0.503,0.082,0.01,0.0,0.0,0.0,1.0,4,0.0,0.0,16.3,1.99,589268
2023-05-25 22:00:00,00000000790,20230525220000,0.244,0.028,0.016,0.0,0.0,0.0,1.0,4,0.0,0.0,11.48,6.56,589268
2023-05-25 23:00:00,00000000790,20230525230000,0.17,0.015,0.011,0.0,0.0,0.0,1.0,4,0.0,0.0,8.82,6.47,589268
2023-05-26 00:00:00,00000000790,20230526000000,0.397,0.076,0.011,0.0,0.0,0.0,1.0,4,0.0,0.0,19.14,2.77,589268
2023-05-26 01:00:00,00000000790,20230526010000,0.09,0.005,0.019,0.0,0.0,0.0,1.0,4,0.0,0.0,5.56,21.11,589268
2023-05-26 02:00:00,00000000790,20230526020000,0.102,0.015,0.012,0.0,0.0,0.0,1.0,4,0.0,0.0,14.71,11.76,589268
2023-05-26 03:00:00,00000000790,20230526030000,0.059,0.0,0.02,0.0,0.0,0.0,1.0,4,0.0,0.0,0.0,33.9,589268
2023-05-26 04:00:00,00000000790,20230526040000,0.575,0.065,0.006,0.0,0.0,0.0,1.0,4,0.0,0.0,11.3,1.04,589268
2023-05-26 05:00:00,00000000790,20230526050000,0.92,0.124,0.007,0.0,0.0,0.0,1.0,4,0.0,0.0,13.48,0.76,589268
2023-05-26 06:00:00,00000000790,20230526060000,0.799,0.123,0.006,0.0,0.0,0.0,1.0,4,0.0,0.0,15.39,0.75,589268
2023-05-26 07:00:00,00000000790,20230526070000,0.121,0.001,0.019,0.0,0.0,0.0,1.0,4,0.0,0.0,0.83,15.7,589268
2023-05-26 08:00:00,00000000790,20230526080000,0.085,0.015,0.012,0.0,0.0,0.0,1.0,4,0.0,0.0,17.65,14.12,589268
2023-05-26 09:00:00,00000000790,20230526090000,0.066,0.008,0.015,0.0,0.0,0.0,1.0,4,0.0,0.0,12.12,22.73,589268
2023-05-26 10:00:00,00000000790,20230526100000,0.171,0.007,0.016,0.0,0.0,0.0,1.0,4,0.0,0.0,4.09,9.36,589268
2023-05-26 11:00:00,00000000790,20230526110000,0.069,0.023,0.009,0.0,0.0,0.0,1.0,4,0.0,0.0,33.33,13.04,589268
2023-05-26 12:00:00,00000000790,20230526120000,0.093,0.031,0.006,0.0,0.0,0.0,1.0,4,0.0,0.0,33.33,6.45,589268
2023-05-26 13:00:00,00000000790,20230526130000,0.052,0.014,0.013,0.0,0.0,0.0,1.0,4,0.0,0.0,26.92,25.0,589268
2023-05-26 14:00:00,00000000790,20230526140000,0.037,0.01,0.015,0.0,0.0,0.0,1.0,4,0.0,0.0,27.03,40.54,589268
2023-05-26 15:00:00,00000000790,20230526150000,0.052,0.016,0.011,0.0,0.0,0.0,1.0,4,0.0,0.0,30.77,21.15,589268
2023-05-26 16:00:00,00000000790,20230526160000,0.057,0.017,0.01,0.0,0.0,0.0,1.0,4,0.0,0.0,29.82,17.54,589268
2023-05-26 17:00:00,00000000790,20230526170000,0.057,0.017,0.011,0.0,0.0,0.0,1.0,4,0.0,0.0,29.82,19.3,589268
2023-05-26 18:00:00,00000000790,20230526180000,0.03,0.006,0.016,0.0,0.0,0.0,1.0,4,0.0,0.0,20.0,53.33,589268
2023-05-26 19:00:00,00000000790,20230526190000,0.04,0.011,0.014,0.0,0.0,0.0,1.0,4,0.0,0.0,27.5,35.0,589268
2023-05-26 20:00:00,00000000790,20230526200000,0.034,0.008,0.015,0.0,0.0,0.0,1.0,4,0.0,0.0,23.53,44.12,589268
2023-05-26 21:00:00,00000000790,20230526210000,0.088,0.01,0.014,0.0,0.0,0.0,1.0,4,0.0,0.0,11.36,15.91,589268
2023-05-26 22:00:00,00000000790,20230526220000,0.084,0.004,0.023,0.0,0.0,0.0,1.0,4,0.0,0.0,4.76,27.38,589268
2023-05-26 23:00:00,00000000790,20230526230000,0.166,0.004,0.025,0.0,0.0,0.0,1.0,4,0.0,0.0,2.41,15.06,589268
2023-05-27 00:00:00,00000000790,20230527000000,1.96,0.082,0.005,0.0,0.0,0.0,1.0,4,0.0,0.0,4.18,0.26,589268
2023-05-27 01:00:00,00000000790,20230527010000,0.181,0.016,0.011,0.0,0.0,0.0,1.0,4,0.0,0.0,8.84,6.08,589268
2023-05-27 02:00:00,00000000790,20230527020000,0.054,0.0,0.021,0.0,0.0,0.0,1.0,4,0.0,0.0,0.0,38.89,589268
2023-05-27 03:00:00,00000000790,20230527030000,0.104,0.018,0.011,0.0,0.0,0.0,1.0,4,0.0,0.0,17.31,10.58,589268
2023-05-27 04:00:00,00000000790,20230527040000,0.122,0.026,0.007,0.0,0.0,0.0,1.0,4,0.0,0.0,21.31,5.74,589268
2023-05-27 05:00:00,00000000790,20230527050000,0.078,0.01,0.016,0.0,0.0,0.0,1.0,4,0.0,0.0,12.82,20.51,589268
2023-05-27 06:00:00,00000000790,20230527060000,0.055,0.014,0.014,0.0,0.0,0.0,1.0,4,0.0,0.0,25.45,25.45,589268
2023-05-27 07:00:00,00000000790,20230527070000,0.186,0.054,0.008,0.0,0.0,0.0,1.0,4,0.0,0.0,29.03,4.3,589268
2023-05-27 08:00:00,00000000790,20230527080000,1.498,0.088,0.008,0.0,0.0,0.0,1.0,4,0.0,0.0,5.87,0.53,589268
2023-05-27 09:00:00,00000000790,20230527090000,0.188,0.018,0.011,0.0,0.0,0.0,1.0,4,0.0,0.0,9.57,5.85,589268
2023-05-27 10:00:00,00000000790,20230527100000,0.064,0.02,0.009,0.0,0.0,0.0,1.0,4,0.0,0.0,31.25,14.06,589268
2023-05-27 11:00:00,00000000790,20230527110000,0.044,0.012,0.014,0.0,0.0,0.0,1.0,4,0.0,0.0,27.27,31.82,589268
2023-05-27 12:00:00,00000000790,20230527120000,0.033,0.008,0.016,0.0,0.0,0.0,1.0,4,0.0,0.0,24.24,48.48,589268
2023-05-27 13:00:00,00000000790,20230527130000,0.059,0.019,0.01,0.0,0.0,0.0,1.0,4,0.0,0.0,32.2,16.95,589268
2023-05-27 14:00:00,00000000790,20230527140000,0.059,0.019,0.011,0.0,0.0,0.0,1.0,4,0.0,0.0,32.2,18.64,589268
2023-05-27 15:00:00,00000000790,20230527150000,0.397,0.014,0.014,0.0,0.0,0.0,1.0,4,0.0,0.0,3.53,3.53,589268
2023-05-27 16:00:00,00000000790,20230527160000,0.032,0.007,0.015,0.0,0.0,0.0,1.0,4,0.0,0.0,21.88,46.88,589268
2023-05-27 17:00:00,00000000790,20230527170000,0.04,0.01,0.016,0.0,0.0,0.0,1.0,4,0.0,0.0,25.0,40.0,589268
2023-05-27 18:00:00,00000000790,20230527180000,0.035,0.01,0.015,0.0,0.0,0.0,1.0,4,0.0,0.0,28.57,42.86,589268
2023-05-27 19:00:00,00000000790,20230527190000,0.679,0.002,0.019,0.0,0.0,0.0,1.0,4,0.0,0.0,0.29,2.8,589268
2023-05-27 20:00:00,00000000790,20230527200000,0.04,0.012,0.013,0.0,0.0,0.0,1.0,4,0.0,0.0,30.0,32.5,589268
2023-05-27 21:00:00,00000000790,20230527210000,0.025,0.007,0.015,0.0,0.0,0.0,1.0,4,0.0,0.0,28.0,60.0,589268
2023-05-27 22:00:00,00000000790,20230527220000,0.024,0.007,0.015,0.0,0.0,0.0,1.0,4,0.0,0.0,29.17,62.5,589268
2023-05-27 23:00:00,00000000790,20230527230000,0.088,0.013,0.013,0.0,0.0,0.0,1.0,4,0.0,0.0,14.77,14.77,589268
2023-05-28 00:00:00,00000000790,20230528000000,0.283,0.033,0.022,0.0,0.0,0.0,1.0,4,0.0,0.0,11.66,7.77,589268
2023-05-28 01:00:00,00000000790,20230528010000,0.143,0.008,0.039,0.0,0.0,0.0,1.0,4,0.0,0.0,5.59,27.27,589268
2023-05-28 02:00:00,00000000790,20230528020000,0.089,0.0,0.029,0.0,0.0,0.0,1.0,4,0.0,0.0,0.0,32.58,589268
2023-05-28 03:00:00,00000000790,20230528030000,0.362,0.0,0.029,0.0,0.0,0.0,1.0,4,0.0,0.0,0.0,8.01,589268
2023-05-28 04:00:00,00000000790,20230528040000,0.054,0.0,0.043,0.0,0.0,0.0,1.0,4,0.0,0.0,0.0,79.63,589268
2023-05-28 05:00:00,00000000790,20230528050000,0.053,0.001,0.043,0.0,0.0,0.0,1.0,4,0.0,0.0,1.89,81.13,589268
2023-05-28 06:00:00,00000000790,20230528060000,0.076,0.002,0.03,0.0,0.0,0.0,1.0,4,0.0,0.0,2.63,39.47,589268
2023-05-28 07:00:00,00000000790,20230528070000,0.077,0.001,0.03,0.0,0.0,0.0,1.0,4,0.0,0.0,1.3,38.96,589268
2023-05-28 08:00:00,00000000790,20230528080000,0.029,0.0,0.058,0.0,0.0,0.0,1.0,4,0.0,0.0,0.0,200.0,589268
2023-05-28 09:00:00,00000000790,20230528090000,0.485,0.004,0.032,0.0,0.0,0.0,1.0,4,0.0,0.0,0.82,6.6,589268
2023-05-28 10:00:00,00000000790,20230528100000,0.16,0.02,0.009,0.0,0.0,0.0,1.0,4,0.0,0.0,12.5,5.62,589268
2023-05-28 11:00:00,00000000790,20230528110000,0.009,0.002,0.019,0.0,0.0,0.0,1.0,4,0.0,0.0,22.22,211.11,589268
2023-05-28 12:00:00,00000000790,20230528120000,0.471,0.013,0.015,0.0,0.0,0.0,1.0,4,0.0,0.0,2.76,3.18,589268
2023-05-28 13:00:00,00000000790,20230528130000,0.05,0.011,0.017,0.0,0.0,0.0,1.0,4,0.0,0.0,22.0,34.0,589268
2023-05-28 14:00:00,00000000790,20230528140000,0.053,0.008,0.021,0.0,0.0,0.0,1.0,4,0.0,0.0,15.09,39.62,589268
2023-05-28 15:00:00,00000000790,20230528150000,0.055,0.015,0.013,0.0,0.0,0.0,1.0,4,0.0,0.0,27.27,23.64,589268
2023-05-28 16:00:00,00000000790,20230528160000,0.01,0.0,0.022,0.0,0.0,0.0,1.0,4,0.0,0.0,0.0,220.0,589268
2023-05-28 17:00:00,00000000790,20230528170000,0.669,0.017,0.012,0.0,0.0,0.0,1.0,4,0.0,0.0,2.54,1.79,589268
2023-05-28 18:00:00,00000000790,20230528180000,0.105,0.014,0.013,0.0,0.0,0.0,1.0,4,0.0,0.0,13.33,12.38,589268
2023-05-28 19:00:00,00000000790,20230528190000,0.109,0.019,0.01,0.0,0.0,0.0,1.0,4,0.0,0.0,17.43,9.17,589268
2023-05-28 20:00:00,00000000790,20230528200000,0.063,0.018,0.01,0.0,0.0,0.0,1.0,4,0.0,0.0,28.57,15.87,589268
2023-05-28 21:00:00,00000000790,20230528210000,0.6,0.028,0.017,0.0,0.0,0.0,1.0,4,0.0,0.0,4.67,2.83,589268
2023-05-28 22:00:00,00000000790,20230528220000,0.463,0.239,0.005,0.0,0.0,0.0,1.0,4,0.0,0.0,51.62,1.08,589268
2023-05-28 23:00:00,00000000790,20230528230000,0.326,0.023,0.01,0.0,0.0,0.0,1.0,4,0.0,0.0,7.06,3.07,589268
2023-05-29 00:00:00,00000000790,20230529000000,0.201,0.015,0.014,0.0,0.0,0.0,1.0,4,0.0,0.0,7.46,6.97,589268
2023-05-29 01:00:00,00000000790,20230529010000,0.044,0.006,0.016,0.0,0.0,0.0,1.0,4,0.0,0.0,13.64,36.36,589268
2023-05-29 02:00:00,00000000790,20230529020000,0.028,0.002,0.018,0.0,0.0,0.0,1.0,4,0.0,0.0,7.14,64.29,589268
2023-05-29 03:00:00,00000000790,20230529030000,0.053,0.015,0.012,0.0,0.0,0.0,1.0,4,0.0,0.0,28.3,22.64,589268
2023-05-29 04:00:00,00000000790,20230529040000,0.014,0.0,0.019,0.0,0.0,0.0,1.0,4,0.0,0.0,0.0,135.71,589268
2023-05-29 05:00:00,00000000790,20230529050000,0.259,0.018,0.011,0.0,0.0,0.0,1.0,4,0.0,0.0,6.95,4.25,589268
2023-05-29 06:00:00,00000000790,20230529060000,0.112,0.0,0.019,0.0,0.0,0.0,1.0,4,0.0,0.0,0.0,16.96,589268
2023-05-29 07:00:00,00000000790,20230529070000,0.06,0.017,0.011,0.0,0.0,0.0,1.0,4,0.0,0.0,28.33,18.33,589268
2023-05-29 08:00:00,00000000790,20230529080000,0.032,0.007,0.016,0.0,0.0,0.0,1.0,4,0.0,0.0,21.88,50.0,589268
2023-05-29 09:00:00,00000000790,20230529090000,0.302,0.01,0.014,0.0,0.0,0.0,1.0,4,0.0,0.0,3.31,4.64,589268
2023-05-29 10:00:00,00000000790,20230529100000,0.196,0.025,0.005,0.0,0.0,0.0,1.0,4,0.0,0.0,12.76,2.55,589268
2023-05-29 11:00:00,00000000790,20230529110000,0.061,0.025,0.003,0.0,0.0,0.0,1.0,4,0.0,0.0,40.98,4.92,589268
2023-05-29 12:00:00,00000000790,20230529120000,0.062,0.015,0.006,0.0,0.0,0.0,1.0,4,0.0,0.0,24.19,9.68,589268
2023-05-29 13:00:00,00000000790,20230529130000,0.044,0.01,0.009,0.0,0.0,0.0,1.0,4,0.0,0.0,22.73,20.45,589268
2023-05-29 14:00:00,00000000790,20230529140000,0.411,0.034,0.002,0.0,0.0,0.0,1.0,4,0.0,0.0,8.27,0.49,589268
2023-05-29 15:00:00,00000000790,20230529150000,0.033,0.009,0.006,0.0,0.0,0.0,1.0,4,0.0,0.0,27.27,18.18,589268
2023-05-29 16:00:00,00000000790,20230529160000,0.041,0.014,0.006,0.0,0.0,0.0,1.0,4,0.0,0.0,34.15,14.63,589268
2023-05-29 17:00:00,00000000790,20230529170000,0.059,0.023,0.003,0.0,0.0,0.0,1.0,4,0.0,0.0,38.98,5.08,589268
2023-05-29 18:00:00,00000000790,20230529180000,0.059,0.024,0.005,0.0,0.0,0.0,1.0,4,0.0,0.0,40.68,8.47,589268
2023-05-29 19:00:00,00000000790,20230529190000,0.029,0.007,0.006,0.0,0.0,0.0,1.0,4,0.0,0.0,24.14,20.69,589268
2023-05-29 20:00:00,00000000790,20230529200000,0.371,0.021,0.007,0.0,0.0,0.0,1.0,4,0.0,0.0,5.66,1.89,589268
2023-05-29 21:00:00,00000000790,20230529210000,0.493,0.089,0.0,0.0,0.0,0.0,1.0,4,0.0,0.0,18.05,0.0,589268
2023-05-29 22:00:00,00000000790,20230529220000,0.579,0.078,0.006,0.0,0.0,0.0,1.0,4,0.0,0.0,13.47,1.04,589268
2023-05-29 23:00:00,00000000790,20230529230000,0.566,0.104,0.003,0.0,0.0,0.0,1.0,4,0.0,0.0,18.37,0.53,589268
2023-05-30 00:00:00,00000000790,20230530000000,0.312,0.039,0.011,0.0,0.0,0.0,1.0,4,0.0,0.0,12.5,3.53,589268
2023-05-30 01:00:00,00000000790,20230530010000,0.078,0.009,0.014,0.0,0.0,0.0,1.0,4,0.0,0.0,11.54,17.95,589268
2023-05-30 02:00:00,00000000790,20230530020000,0.104,0.019,0.01,0.0,0.0,0.0,1.0,4,0.0,0.0,18.27,9.62,589268
2023-05-30 03:00:00,00000000790,20230530030000,0.055,0.0,0.019,0.0,0.0,0.0,1.0,4,0.0,0.0,0.0,34.55,589268
2023-05-30 04:00:00,00000000790,20230530040000,0.064,0.003,0.018,0.0,0.0,0.0,1.0,4,0.0,0.0,4.69,28.12,589268
2023-05-30 05:00:00,00000000790,20230530050000,0.09,0.03,0.005,0.0,0.0,0.0,1.0,4,0.0,0.0,33.33,5.56,589268
2023-05-30 06:00:00,00000000790,20230530060000,0.274,0.0,0.019,0.0,0.0,0.0,1.0,4,0.0,0.0,0.0,6.93,589268
2023-05-30 07:00:00,00000000790,20230530070000,0.07,0.022,0.009,0.0,0.0,0.0,1.0,4,0.0,0.0,31.43,12.86,589268
2023-05-30 08:00:00,00000000790,20230530080000,0.014,0.0,0.019,0.0,0.0,0.0,1.0,4,0.0,0.0,0.0,135.71,589268
2023-05-30 09:00:00,00000000790,20230530090000,0.406,0.024,0.007,0.0,0.0,0.0,1.0,4,0.0,0.0,5.91,1.72,589268
2023-05-30 10:00:00,00000000790,20230530100000,0.267,0.008,0.018,0.0,0.0,0.0,1.0,4,0.0,0.0,3.0,6.74,589268
2023-05-30 11:00:00,00000000790,20230530110000,0.047,0.022,0.004,0.0,0.0,0.0,1.0,4,0.0,0.0,46.81,8.51,589268
2023-05-30 12:00:00,00000000790,20230530120000,0.0,0.0,0.008,0.0,0.0,0.0,1.0,4,0.0,0.0,,,589268
2023-05-30 13:00:00,00000000790,20230530130000,0.059,0.027,0.004,0.0,0.0,0.0,1.0,4,0.0,0.0,45.76,6.78,589268
2023-05-30 14:00:00,00000000790,20230530140000,0.322,0.0,0.008,0.0,0.0,0.0,1.0,4,0.0,0.0,0.0,2.48,589268
2023-05-30 15:00:00,00000000790,20230530150000,0.101,0.024,0.004,0.0,0.0,0.0,1.0,4,0.0,0.0,23.76,3.96,589268
2023-05-30 16:00:00,00000000790,20230530160000,0.033,0.015,0.006,0.0,0.0,0.0,1.0,4,0.0,0.0,45.45,18.18,589268
2023-05-30 17:00:00,00000000790,20230530170000,0.037,0.019,0.006,0.0,0.0,0.0,1.0,4,0.0,0.0,51.35,16.22,589268
2023-05-30 18:00:00,00000000790,20230530180000,0.038,0.017,0.004,0.0,0.0,0.0,1.0,4,0.0,0.0,44.74,10.53,589268
2023-05-30 19:00:00,00000000790,20230530190000,0.69,0.004,0.007,0.0,0.0,0.0,1.0,4,0.0,0.0,0.58,1.01,589268
2023-05-30 20:00:00,00000000790,20230530200000,0.558,0.022,0.004,0.0,0.0,0.0,1.0,4,0.0,0.0,3.94,0.72,589268
2023-05-30 21:00:00,00000000790,20230530210000,0.016,0.005,0.007,0.0,0.0,0.0,1.0,4,0.0,0.0,31.25,43.75,589268
2023-05-30 22:00:00,00000000790,20230530220000,0.16,0.019,0.011,0.0,0.0,0.0,1.0,4,0.0,0.0,11.88,6.87,589268
2023-05-30 23:00:00,00000000790,20230530230000,0.107,0.015,0.012,0.0,0.0,0.0,1.0,4,0.0,0.0,14.02,11.21,589268
2023-05-31 00:00:00,00000000790,20230531000000,0.114,0.017,0.009,0.0,0.0,0.0,1.0,4,0.0,0.0,14.91,7.89,589268
2023-05-31 01:00:00,00000000790,20230531010000,0.084,0.018,0.009,0.0,0.0,0.0,1.0,4,0.0,0.0,21.43,10.71,589268
2023-05-31 02:00:00,00000000790,20230531020000,0.069,0.019,0.01,0.0,0.0,0.0,1.0,4,0.0,0.0,27.54,14.49,589268
2023-05-31 03:00:00,00000000790,20230531030000,0.352,0.015,0.011,0.0,0.0,0.0,1.0,4,0.0,0.0,4.26,3.12,589268
2023-05-31 04:00:00,00000000790,20230531040000,0.044,0.008,0.015,0.0,0.0,0.0,1.0,4,0.0,0.0,18.18,34.09,589268
2023-05-31 05:00:00,00000000790,20230531050000,0.055,0.013,0.012,0.0,0.0,0.0,1.0,4,0.0,0.0,23.64,21.82,589268
2023-05-31 06:00:00,00000000790,20230531060000,0.069,0.02,0.011,0.0,0.0,0.0,1.0,4,0.0,0.0,28.99,15.94,589268
2023-05-31 07:00:00,00000000790,20230531070000,0.038,0.007,0.015,0.0,0.0,0.0,1.0,4,0.0,0.0,18.42,39.47,589268
2023-05-31 08:00:00,00000000790,20230531080000,0.015,0.003,0.017,0.0,0.0,0.0,1.0,4,0.0,0.0,20.0,113.33,589268
2023-05-31 09:00:00,00000000790,20230531090000,0.03,0.011,0.013,0.0,0.0,0.0,1.0,4,0.0,0.0,36.67,43.33,589268
2023-05-31 10:00:00,00000000790,20230531100000,0.485,0.0,0.017,0.0,0.0,0.0,1.0,4,0.0,0.0,0.0,3.51,589268
2023-05-31 11:00:00,00000000790,20230531110000,0.327,0.016,0.011,0.0,0.0,0.0,1.0,4,0.0,0.0,4.89,3.36,589268
2023-05-31 12:00:00,00000000790,20230531120000,0.125,0.016,0.01,0.0,0.0,0.0,1.0,4,0.0,0.0,12.8,8.0,589268
2023-05-31 13:00:00,00000000790,20230531130000,0.0,0.0,0.018,0.0,0.0,0.0,1.0,4,0.0,0.0,,,589268
2023-05-31 14:00:00,00000000790,20230531140000,0.045,0.02,0.005,0.0,0.0,0.0,1.0,4,0.0,0.0,44.44,11.11,589268
2023-05-31 15:00:00,00000000790,20230531150000,0.045,0.019,0.005,0.0,0.0,0.0,1.0,4,0.0,0.0,42.22,11.11,589268
2023-05-31 16:00:00,00000000790,20230531160000,0.051,0.02,0.005,0.0,0.0,0.0,1.0,4,0.0,0.0,39.22,9.8,589268
2023-05-31 17:00:00,00000000790,20230531170000,0.059,0.023,0.003,0.0,0.0,0.0,1.0,4,0.0,0.0,38.98,5.08,589268
2023-05-31 18:00:00,00000000790,20230531180000,0.092,0.023,0.006,0.0,0.0,0.0,1.0,4,0.0,0.0,25.0,6.52,589268
2023-05-31 19:00:00,00000000790,20230531190000,0.454,0.007,0.016,0.0,0.0,0.0,1.0,4,0.0,0.0,1.54,3.52,589268
2023-05-31 20:00:00,00000000790,20230531200000,0.287,0.029,0.004,0.0,0.0,0.0,1.0,4,0.0,0.0,10.1,1.39,589268
2023-05-31 21:00:00,00000000790,20230531210000,0.18,0.012,0.012,0.0,0.0,0.0,1.0,4,0.0,0.0,6.67,6.67,589268
2023-05-31 22:00:00,00000000790,20230531220000,0.134,0.007,0.017,0.0,0.0,0.0,1.0,4,0.0,0.0,5.22,12.69,589268
2023-05-31 23:00:00,00000000790,20230531230000,0.124,0.013,0.012,0.0,0.0,0.0,1.0,4,0.0,0.0,10.48,9.68,589268
2023-06-01 00:00:00,00000000790,20230601000000,0.165,0.015,0.015,0.0,0.0,0.0,1.0,4,0.0,0.0,9.09,9.09,589268
2023-06-01 01:00:00,00000000790,20230601010000,0.488,0.016,0.015,0.0,0.0,0.0,1.0,4,0.0,0.0,3.28,3.07,589268
2023-06-01 02:00:00,00000000790,20230601020000,0.106,0.01,0.017,0.0,0.0,0.0,1.0,4,0.0,0.0,9.43,16.04,589268
2023-06-01 03:00:00,00000000790,20230601030000,0.064,0.008,0.017,0.0,0.0,0.0,1.0,4,0.0,0.0,12.5,26.56,589268
2023-06-01 04:00:00,00000000790,20230601040000,0.037,0.007,0.017,0.0,0.0,0.0,1.0,4,0.0,0.0,18.92,45.95,589268
2023-06-01 05:00:00,00000000790,20230601050000,0.037,0.008,0.016,0.0,0.0,0.0,1.0,4,0.0,0.0,21.62,43.24,589268
2023-06-01 06:00:00,00000000790,20230601060000,0.024,0.003,0.02,0.0,0.0,0.0,1.0,4,0.0,0.0,12.5,83.33,589268
2023-06-01 07:00:00,00000000790,20230601070000,0.052,0.013,0.013,0.0,0.0,0.0,1.0,4,0.0,0.0,25.0,25.0,589268
2023-06-01 08:00:00,00000000790,20230601080000,0.035,0.007,0.017,0.0,0.0,0.0,1.0,4,0.0,0.0,20.0,48.57,589268
2023-06-01 09:00:00,00000000790,20230601090000,0.473,0.008,0.015,0.0,0.0,0.0,1.0,4,0.0,0.0,1.69,3.17,589268
2023-06-01 10:00:00,00000000790,20230601100000,0.415,0.015,0.011,0.0,0.0,0.0,1.0,4,0.0,0.0,3.61,2.65,589268
2023-06-01 11:00:00,00000000790,20230601110000,0.016,0.005,0.017,0.0,0.0,0.0,1.0,4,0.0,0.0,31.25,106.25,589268
2023-06-01 12:00:00,00000000790,20230601120000,0.073,0.029,0.004,0.0,0.0,0.0,1.0,4,0.0,0.0,39.73,5.48,589268
2023-06-01 13:00:00,00000000790,20230601130000,0.063,0.025,0.005,0.0,0.0,0.0,1.0,4,0.0,0.0,39.68,7.94,589268
2023-06-01 14:00:00,00000000790,20230601140000,0.048,0.016,0.006,0.0,0.0,0.0,1.0,4,0.0,0.0,33.33,12.5,589268
2023-06-01 15:00:00,00000000790,20230601150000,0.032,0.009,0.008,0.0,0.0,0.0,1.0,4,0.0,0.0,28.12,25.0,589268
2023-06-01 16:00:00,00000000790,20230601160000,0.053,0.02,0.006,0.0,0.0,0.0,1.0,4,0.0,0.0,37.74,11.32,589268
2023-06-01 17:00:00,00000000790,20230601170000,0.297,0.025,0.004,0.0,0.0,0.0,1.0,4,0.0,0.0,8.42,1.35,589268
2023-06-01 18:00:00,00000000790,20230601180000,0.061,0.013,0.013,0.0,0.0,0.0,1.0,4,0.0,0.0,21.31,21.31,589268
2023-06-01 19:00:00,00000000790,20230601190000,0.77,0.004,0.017,0.0,0.0,0.0,1.0,4,0.0,0.0,0.52,2.21,589268
2023-06-01 20:00:00,00000000790,20230601200000,1.026,0.006,0.016,0.0,0.0,0.0,1.0,4,0.0,0.0,0.58,1.56,589268
2023-06-01 21:00:00,00000000790,20230601210000,0.179,0.014,0.011,0.0,0.0,0.0,1.0,4,0.0,0.0,7.82,6.15,589268
2023-06-01 22:00:00,00000000790,20230601220000,0.067,0.002,0.02,0.0,0.0,0.0,1.0,4,0.0,0.0,2.99,29.85,589268
2023-06-01 23:00:00,00000000790,20230601230000,0.113,0.015,0.012,0.0,0.0,0.0,1.0,4,0.0,0.0,13.27,10.62,589268
2023-06-02 00:00:00,00000000790,20230602000000,0.102,0.013,0.013,0.0,0.0,0.0,1.0,4,0.0,0.0,12.75,12.75,589268
2023-06-02 01:00:00,00000000790,20230602010000,0.016,0.0,0.02,0.0,0.0,0.0,1.0,4,0.0,0.0,0.0,125.0,589268
2023-06-02 02:00:00,00000000790,20230602020000,0.067,0.017,0.011,0.0,0.0,0.0,1.0,4,0.0,0.0,25.37,16.42,589268
2023-06-02 03:00:00,00000000790,20230602030000,0.31,0.003,0.019,0.0,0.0,0.0,1.0,4,0.0,0.0,0.97,6.13,589268
2023-06-02 04:00:00,00000000790,20230602040000,0.049,0.012,0.013,0.0,0.0,0.0,1.0,4,0.0,0.0,24.49,26.53,589268
2023-06-02 05:00:00,00000000790,20230602050000,0.09,0.028,0.007,0.0,0.0,0.0,1.0,4,0.0,0.0,31.11,7.78,589268
2023-06-02 06:00:00,00000000790,20230602060000,0.062,0.015,0.013,0.0,0.0,0.0,1.0,4,0.0,0.0,24.19,20.97,589268
2023-06-02 07:00:00,00000000790,20230602070000,0.049,0.01,0.015,0.0,0.0,0.0,1.0,4,0.0,0.0,20.41,30.61,589268
2023-06-02 08:00:00,00000000790,20230602080000,0.15,0.014,0.013,0.0,0.0,0.0,1.0,4,0.0,0.0,9.33,8.67,589268
2023-06-02 09:00:00,00000000790,20230602090000,1.123,0.019,0.008,0.0,0.0,0.0,1.0,4,0.0,0.0,1.69,0.71,589268
2023-06-02 10:00:00,00000000790,20230602100000,0.163,0.017,0.01,0.0,0.0,0.0,1.0,4,0.0,0.0,10.43,6.13,589268
2023-06-02 11:00:00,00000000790,20230602110000,0.048,0.009,0.016,0.0,0.0,0.0,1.0,4,0.0,0.0,18.75,33.33,589268
2023-06-02 12:00:00,00000000790,20230602120000,0.037,0.009,0.015,0.0,0.0,0.0,1.0,4,0.0,0.0,24.32,40.54,589268
2023-06-02 13:00:00,00000000790,20230602130000,0.428,0.007,0.017,0.0,0.0,0.0,1.0,4,0.0,0.0,1.64,3.97,589268
2023-06-02 14:00:00,00000000790,20230602140000,0.12,0.017,0.01,0.0,0.0,0.0,1.0,4,0.0,0.0,14.17,8.33,589268
2023-06-02 15:00:00,00000000790,20230602150000,0.004,0.0,0.02,0.0,0.0,0.0,1.0,4,0.0,0.0,0.0,500.0,589268
2023-06-02 16:00:00,00000000790,20230602160000,0.045,0.015,0.012,0.0,0.0,0.0,1.0,4,0.0,0.0,33.33,26.67,589268
2023-06-02 17:00:00,00000000790,20230602170000,0.033,0.005,0.017,0.0,0.0,0.0,1.0,4,0.0,0.0,15.15,51.52,589268
2023-06-02 18:00:00,00000000790,20230602180000,0.073,0.009,0.015,0.0,0.0,0.0,1.0,4,0.0,0.0,12.33,20.55,589268
2023-06-02 19:00:00,00000000790,20230602190000,0.086,0.015,0.012,0.0,0.0,0.0,1.0,4,0.0,0.0,17.44,13.95,589268
2023-06-02 20:00:00,00000000790,20230602200000,0.151,0.0,0.019,0.0,0.0,0.0,1.0,4,0.0,0.0,0.0,12.58,589268
2023-06-02 21:00:00,00000000790,20230602210000,0.282,0.022,0.004,0.0,0.0,0.0,1.0,4,0.0,0.0,7.8,1.42,589268
2023-06-02 22:00:00,00000000790,20230602220000,0.121,0.018,0.01,0.0,0.0,0.0,1.0,4,0.0,0.0,14.88,8.26,589268
2023-06-02 23:00:00,00000000790,20230602230000,0.386,0.022,0.008,0.0,0.0,0.0,1.0,4,0.0,0.0,5.7,2.07,589268
2023-06-03 00:00:00,00000000790,20230603000000,0.721,0.163,0.007,0.0,0.0,0.0,1.0,4,0.0,0.0,22.61,0.97,589268
2023-06-03 01:00:00,00000000790,20230603010000,0.224,0.106,0.006,0.0,0.0,0.0,1.0,4,0.0,0.0,47.32,2.68,589268
2023-06-03 02:00:00,00000000790,20230603020000,0.077,0.013,0.015,0.0,0.0,0.0,1.0,4,0.0,0.0,16.88,19.48,589268
2023-06-03 03:00:00,00000000790,20230603030000,0.083,0.022,0.008,0.0,0.0,0.0,1.0,4,0.0,0.0,26.51,9.64,589268
2023-06-03 04:00:00,00000000790,20230603040000,0.077,0.021,0.01,0.0,0.0,0.0,1.0,4,0.0,0.0,27.27,12.99,589268
2023-06-03 05:00:00,00000000790,20230603050000,0.163,0.02,0.01,0.0,0.0,0.0,1.0,4,0.0,0.0,12.27,6.13,589268
2023-06-03 06:00:00,00000000790,20230603060000,0.235,0.011,0.015,0.0,0.0,0.0,1.0,4,0.0,0.0,4.68,6.38,589268
2023-06-03 07:00:00,00000000790,20230603070000,0.04,0.011,0.015,0.0,0.0,0.0,1.0,4,0.0,0.0,27.5,37.5,589268
2023-06-03 08:00:00,00000000790,20230603080000,0.062,0.02,0.01,0.0,0.0,0.0,1.0,4,0.0,0.0,32.26,16.13,589268
2023-06-03 09:00:00,00000000790,20230603090000,0.459,0.011,0.014,0.0,0.0,0.0,1.0,4,0.0,0.0,2.4,3.05,589268
2023-06-03 10:00:00,00000000790,20230603100000,0.125,0.013,0.013,0.0,0.0,0.0,1.0,4,0.0,0.0,10.4,10.4,589268
2023-06-03 11:00:00,00000000790,20230603110000,0.015,0.006,0.009,0.0,0.0,0.0,1.0,4,0.0,0.0,40.0,60.0,589268
2023-06-03 12:00:00,00000000790,20230603120000,0.321,0.017,0.005,0.0,0.0,0.0,1.0,4,0.0,0.0,5.3,1.56,589268
2023-06-03 13:00:00,00000000790,20230603130000,0.003,0.001,0.01,0.0,0.0,0.0,1.0,4,0.0,0.0,33.33,333.33,589268
2023-06-03 14:00:00,00000000790,20230603140000,0.048,0.019,0.006,0.0,0.0,0.0,1.0,4,0.0,0.0,39.58,12.5,589268
2023-06-03 15:00:00,00000000790,20230603150000,0.001,0.0,0.009,0.0,0.0,0.0,1.0,4,0.0,0.0,0.0,900.0,589268
2023-06-03 16:00:00,00000000790,20230603160000,0.048,0.02,0.006,0.0,0.0,0.0,1.0,4,0.0,0.0,41.67,12.5,589268
2023-06-03 17:00:00,00000000790,20230603170000,0.041,0.016,0.006,0.0,0.0,0.0,1.0,4,0.0,0.0,39.02,14.63,589268
2023-06-03 18:00:00,00000000790,20230603180000,0.332,0.018,0.006,0.0,0.0,0.0,1.0,4,0.0,0.0,5.42,1.81,589268
2023-06-03 19:00:00,00000000790,20230603190000,0.063,0.024,0.005,0.0,0.0,0.0,1.0,4,0.0,0.0,38.1,7.94,589268
2023-06-03 20:00:00,00000000790,20230603200000,0.06,0.022,0.004,0.0,0.0,0.0,1.0,4,0.0,0.0,36.67,6.67,589268
2023-06-03 21:00:00,00000000790,20230603210000,0.045,0.014,0.007,0.0,0.0,0.0,1.0,4,0.0,0.0,31.11,15.56,589268
2023-06-03 22:00:00,00000000790,20230603220000,0.031,0.008,0.008,0.0,0.0,0.0,1.0,4,0.0,0.0,25.81,25.81,589268
2023-06-03 23:00:00,00000000790,20230603230000,0.3,0.02,0.005,0.0,0.0,0.0,1.0,4,0.0,0.0,6.67,1.67,589268
2023-06-04 00:00:00,00000000790,20230604000000,0.586,0.026,0.005,0.0,0.0,0.0,1.0,4,0.0,0.0,4.44,0.85,589268
2023-06-04 01:00:00,00000000790,20230604010000,0.127,0.001,0.022,0.0,0.0,0.0,1.0,4,0.0,0.0,0.79,17.32,589268
2023-06-04 02:00:00,00000000790,20230604020000,0.085,0.007,0.017,0.0,0.0,0.0,1.0,4,0.0,0.0,8.24,20.0,589268
2023-06-04 03:00:00,00000000790,20230604030000,0.065,0.016,0.011,0.0,0.0,0.0,1.0,4,0.0,0.0,24.62,16.92,589268
2023-06-04 04:00:00,00000000790,20230604040000,0.038,0.008,0.016,0.0,0.0,0.0,1.0,4,0.0,0.0,21.05,42.11,589268
2023-06-04 05:00:00,00000000790,20230604050000,0.036,0.007,0.017,0.0,0.0,0.0,1.0,4,0.0,0.0,19.44,47.22,589268
2023-06-04 06:00:00,00000000790,20230604060000,0.06,0.017,0.013,0.0,0.0,0.0,1.0,4,0.0,0.0,28.33,21.67,589268
2023-06-04 07:00:00,00000000790,20230604070000,0.316,0.0,0.02,0.0,0.0,0.0,1.0,4,0.0,0.0,0.0,6.33,589268
2023-06-04 08:00:00,00000000790,20230604080000,0.059,0.016,0.013,0.0,0.0,0.0,1.0,4,0.0,0.0,27.12,22.03,589268
2023-06-04 09:00:00,00000000790,20230604090000,0.025,0.003,0.018,0.0,0.0,0.0,1.0,4,0.0,0.0,12.0,72.0,589268
2023-06-04 10:00:00,00000000790,20230604100000,0.369,0.014,0.014,0.0,0.0,0.0,1.0,4,0.0,0.0,3.79,3.79,589268
2023-06-04 11:00:00,00000000790,20230604110000,0.369,0.024,0.007,0.0,0.0,0.0,1.0,4,0.0,0.0,6.5,1.9,589268
2023-06-04 12:00:00,00000000790,20230604120000,0.14,0.013,0.006,0.0,0.0,0.0,1.0,4,0.0,0.0,9.29,4.29,589268
2023-06-04 13:00:00,00000000790,20230604130000,0.284,0.021,0.005,0.0,0.0,0.0,1.0,4,0.0,0.0,7.39,1.76,589268
2023-06-04 14:00:00,00000000790,20230604140000,0.058,0.022,0.006,0.0,0.0,0.0,1.0,4,0.0,0.0,37.93,10.34,589268
2023-06-04 15:00:00,00000000790,20230604150000,0.059,0.021,0.005,0.0,0.0,0.0,1.0,4,0.0,0.0,35.59,8.47,589268
2023-06-04 16:00:00,00000000790,20230604160000,0.035,0.011,0.008,0.0,0.0,0.0,1.0,4,0.0,0.0,31.43,22.86,589268
2023-06-04 17:00:00,00000000790,20230604170000,0.037,0.012,0.007,0.0,0.0,0.0,1.0,4,0.0,0.0,32.43,18.92,589268
2023-06-04 18:00:00,00000000790,20230604180000,0.058,0.022,0.005,0.0,0.0,0.0,1.0,4,0.0,0.0,37.93,8.62,589268
2023-06-04 19:00:00,00000000790,20230604190000,0.007,0.0,0.01,0.0,0.0,0.0,1.0,4,0.0,0.0,0.0,142.86,589268
2023-06-04 20:00:00,00000000790,20230604200000,0.042,0.017,0.006,0.0,0.0,0.0,1.0,4,0.0,0.0,40.48,14.29,589268
2023-06-04 21:00:00,00000000790,20230604210000,0.272,0.0,0.01,0.0,0.0,0.0,1.0,4,0.0,0.0,0.0,3.68,589268
2023-06-04 22:00:00,00000000790,20230604220000,0.043,0.017,0.006,0.0,0.0,0.0,1.0,4,0.0,0.0,39.53,13.95,589268
2023-06-04 23:00:00,00000000790,20230604230000,0.023,0.009,0.007,0.0,0.0,0.0,1.0,4,0.0,0.0,39.13,30.43,589268
2023-06-05 00:00:00,00000000790,20230605000000,0.039,0.009,0.012,0.0,0.0,0.0,1.0,4,0.0,0.0,23.08,30.77,589268
2023-06-05 01:00:00,00000000790,20230605010000,0.147,0.011,0.015,0.0,0.0,0.0,1.0,4,0.0,0.0,7.48,10.2,589268
2023-06-05 02:00:00,00000000790,20230605020000,0.064,0.001,0.025,0.0,0.0,0.0,1.0,4,0.0,0.0,1.56,39.06,589268
2023-06-05 03:00:00,00000000790,20230605030000,0.09,0.027,0.007,0.0,0.0,0.0,1.0,4,0.0,0.0,30.0,7.78,589268
2023-06-05 04:00:00,00000000790,20230605040000,0.074,0.02,0.01,0.0,0.0,0.0,1.0,4,0.0,0.0,27.03,13.51,589268
2023-06-05 05:00:00,00000000790,20230605050000,0.066,0.018,0.012,0.0,0.0,0.0,1.0,4,0.0,0.0,27.27,18.18,589268
2023-06-05 06:00:00,00000000790,20230605060000,0.651,0.005,0.018,0.0,0.0,0.0,1.0,4,0.0,0.0,0.77,2.76,589268
2023-06-05 07:00:00,00000000790,20230605070000,0.308,0.03,0.005,0.0,0.0,0.0,1.0,4,0.0,0.0,9.74,1.62,589268
2023-06-05 08:00:00,00000000790,20230605080000,0.408,0.008,0.015,0.0,0.0,0.0,1.0,4,0.0,0.0,1.96,3.68,589268
2023-06-21 10:00:00,00000000790,20230621100000,1.228,0.1,0.0,0.0,0.0,0.0,1.0,4,0.0,0.0,8.14,0.0,589268
2023-06-21 11:00:00,00000000790,20230621110000,0.303,0.056,0.0,0.0,0.0,0.0,1.0,4,0.0,0.0,18.48,0.0,589268
2023-06-21 12:00:00,00000000790,20230621120000,0.115,0.035,0.0,0.0,0.0,0.0,1.0,4,0.0,0.0,30.43,0.0,589268
2023-06-21 13:00:00,00000000790,20230621130000,0.109,0.033,0.0,0.0,0.0,0.0,1.0,4,0.0,0.0,30.28,0.0,589268
2023-06-21 14:00:00,00000000790,20230621140000,0.106,0.03,0.0,0.0,0.0,0.0,1.0,4,0.0,0.0,28.3,0.0,589268
2023-06-21 15:00:00,00000000790,20230621150000,0.086,0.025,0.003,0.0,0.0,0.0,1.0,4,0.0,0.0,29.07,3.49,589268
2023-06-21 16:00:00,00000000790,20230621160000,0.026,0.002,0.018,0.0,0.0,0.0,1.0,4,0.0,0.0,7.69,69.23,589268
2023-06-21 17:00:00,00000000790,20230621170000,0.435,0.031,0.0,0.0,0.0,0.0,1.0,4,0.0,0.0,7.13,0.0,589268
2023-06-21 18:00:00,00000000790,20230621180000,0.094,0.013,0.011,0.0,0.0,0.0,1.0,4,0.0,0.0,13.83,11.7,589268
2023-06-21 19:00:00,00000000790,20230621190000,0.347,0.03,0.001,0.0,0.0,0.0,1.0,4,0.0,0.0,8.65,0.29,589268
2023-06-21 20:00:00,00000000790,20230621200000,0.233,0.01,0.013,0.0,0.0,0.0,1.0,4,0.0,0.0,4.29,5.58,589268
2023-06-21 21:00:00,00000000790,20230621210000,0.234,0.019,0.007,0.0,0.0,0.0,1.0,4,0.0,0.0,8.12,2.99,589268
2023-06-21 22:00:00,00000000790,20230621220000,0.126,0.017,0.008,0.0,0.0,0.0,1.0,4,0.0,0.0,13.49,6.35,589268
2023-06-21 23:00:00,00000000790,20230621230000,0.316,0.077,0.005,0.0,0.0,0.0,1.0,4,0.0,0.0,24.37,1.58,589268
2023-06-22 00:00:00,00000000790,20230622000000,0.12,0.013,0.016,0.0,0.0,0.0,1.0,4,0.0,0.0,10.83,13.33,589268
2023-06-22 01:00:00,00000000790,20230622010000,0.358,0.017,0.009,0.0,0.0,0.0,1.0,4,0.0,0.0,4.75,2.51,589268
2023-06-22 02:00:00,00000000790,20230622020000,0.068,0.018,0.01,0.0,0.0,0.0,1.0,4,0.0,0.0,26.47,14.71,589268
2023-06-22 03:00:00,00000000790,20230622030000,0.014,0.0,0.02,0.0,0.0,0.0,1.0,4,0.0,0.0,0.0,142.86,589268
2023-06-22 04:00:00,00000000790,20230622040000,0.068,0.018,0.011,0.0,0.0,0.0,1.0,4,0.0,0.0,26.47,16.18,589268
2023-06-22 05:00:00,00000000790,20230622050000,0.04,0.009,0.016,0.0,0.0,0.0,1.0,4,0.0,0.0,22.5,40.0,589268
2023-06-22 06:00:00,00000000790,20230622060000,0.043,0.01,0.015,0.0,0.0,0.0,1.0,4,0.0,0.0,23.26,34.88,589268
2023-06-22 07:00:00,00000000790,20230622070000,0.426,0.016,0.008,0.0,0.0,0.0,1.0,4,0.0,0.0,3.76,1.88,589268
2023-06-22 08:00:00,00000000790,20230622080000,0.189,0.017,0.007,0.0,0.0,0.0,1.0,4,0.0,0.0,8.99,3.7,589268
2023-06-22 09:00:00,00000000790,20230622090000,0.059,0.021,0.005,0.0,0.0,0.0,1.0,4,0.0,0.0,35.59,8.47,589268
2023-06-22 10:00:00,00000000790,20230622100000,0.282,0.009,0.008,0.0,0.0,0.0,1.0,4,0.0,0.0,3.19,2.84,589268
2023-06-22 11:00:00,00000000790,20230622110000,0.054,0.021,0.004,0.0,0.0,0.0,1.0,4,0.0,0.0,38.89,7.41,589268
2023-06-22 12:00:00,00000000790,20230622120000,0.011,0.004,0.009,0.0,0.0,0.0,1.0,4,0.0,0.0,36.36,81.82,589268
2023-06-22 13:00:00,00000000790,20230622130000,0.042,0.016,0.006,0.0,0.0,0.0,1.0,4,0.0,0.0,38.1,14.29,589268
2023-06-22 14:00:00,00000000790,20230622140000,0.03,0.01,0.007,0.0,0.0,0.0,1.0,4,0.0,0.0,33.33,23.33,589268
2023-06-22 15:00:00,00000000790,20230622150000,0.039,0.015,0.006,0.0,0.0,0.0,1.0,4,0.0,0.0,38.46,15.38,589268
2023-06-22 16:00:00,00000000790,20230622160000,0.05,0.019,0.005,0.0,0.0,0.0,1.0,4,0.0,0.0,38.0,10.0,589268
2023-06-22 17:00:00,00000000790,20230622170000,0.281,0.001,0.008,0.0,0.0,0.0,1.0,4,0.0,0.0,0.36,2.85,589268
2023-06-22 18:00:00,00000000790,20230622180000,0.055,0.021,0.005,0.0,0.0,0.0,1.0,4,0.0,0.0,38.18,9.09,589268
2023-06-22 19:00:00,00000000790,20230622190000,0.013,0.0,0.012,0.0,0.0,0.0,1.0,4,0.0,0.0,0.0,92.31,589268
2023-06-22 20:00:00,00000000790,20230622200000,0.145,0.029,0.001,0.0,0.0,0.0,1.0,4,0.0,0.0,20.0,0.69,589268
2023-06-22 21:00:00,00000000790,20230622210000,0.12,0.015,0.009,0.0,0.0,0.0,1.0,4,0.0,0.0,12.5,7.5,589268
2023-06-22 22:00:00,00000000790,20230622220000,0.113,0.012,0.011,0.0,0.0,0.0,1.0,4,0.0,0.0,10.62,9.73,589268
2023-06-22 23:00:00,00000000790,20230622230000,0.155,0.025,0.002,0.0,0.0,0.0,1.0,4,0.0,0.0,16.13,1.29,589268
2023-06-23 00:00:00,00000000790,20230623000000,0.235,0.012,0.013,0.0,0.0,0.0,1.0,4,0.0,0.0,5.11,5.53,589268
2023-06-23 01:00:00,00000000790,20230623010000,0.538,0.16,0.007,0.0,0.0,0.0,1.0,4,0.0,0.0,29.74,1.3,589268
2023-06-23 02:00:00,00000000790,20230623020000,0.671,0.114,0.002,0.0,0.0,0.0,1.0,4,0.0,0.0,16.99,0.3,589268
2023-06-23 03:00:00,00000000790,20230623030000,0.055,0.015,0.012,0.0,0.0,0.0,1.0,4,0.0,0.0,27.27,21.82,589268
2023-06-23 04:00:00,00000000790,20230623040000,0.064,0.017,0.011,0.0,0.0,0.0,1.0,4,0.0,0.0,26.56,17.19,589268
2023-06-23 05:00:00,00000000790,20230623050000,0.062,0.017,0.011,0.0,0.0,0.0,1.0,4,0.0,0.0,27.42,17.74,589268
2023-06-23 06:00:00,00000000790,20230623060000,0.059,0.016,0.012,0.0,0.0,0.0,1.0,4,0.0,0.0,27.12,20.34,589268
2023-06-23 07:00:00,00000000790,20230623070000,0.038,0.002,0.02,0.0,0.0,0.0,1.0,4,0.0,0.0,5.26,52.63,589268
2023-06-23 08:00:00,00000000790,20230623080000,0.109,0.02,0.008,0.0,0.0,0.0,1.0,4,0.0,0.0,18.35,7.34,589268
2023-06-23 09:00:00,00000000790,20230623090000,0.067,0.008,0.016,0.0,0.0,0.0,1.0,4,0.0,0.0,11.94,23.88,589268
2023-06-23 10:00:00,00000000790,20230623100000,0.358,0.007,0.015,0.0,0.0,0.0,1.0,4,0.0,0.0,1.96,4.19,589268
2023-06-23 11:00:00,00000000790,20230623110000,0.416,0.02,0.007,0.0,0.0,0.0,1.0,4,0.0,0.0,4.81,1.68,589268
2023-06-23 12:00:00,00000000790,20230623120000,0.046,0.014,0.011,0.0,0.0,0.0,1.0,4,0.0,0.0,30.43,23.91,589268
2023-06-23 13:00:00,00000000790,20230623130000,1.249,0.003,0.017,0.0,0.0,0.0,1.0,4,0.0,0.0,0.24,1.36,589268
2023-06-23 14:00:00,00000000790,20230623140000,0.103,0.017,0.009,0.0,0.0,0.0,1.0,4,0.0,0.0,16.5,8.74,589268
2023-06-23 15:00:00,00000000790,20230623150000,0.269,0.012,0.011,0.0,0.0,0.0,1.0,4,0.0,0.0,4.46,4.09,589268
2023-06-23 16:00:00,00000000790,20230623160000,0.009,0.003,0.017,0.0,0.0,0.0,1.0,4,0.0,0.0,33.33,188.89,589268
2023-06-23 17:00:00,00000000790,20230623170000,0.094,0.015,0.01,0.0,0.0,0.0,1.0,4,0.0,0.0,15.96,10.64,589268
2023-06-23 18:00:00,00000000790,20230623180000,0.079,0.01,0.013,0.0,0.0,0.0,1.0,4,0.0,0.0,12.66,16.46,589268
2023-06-23 19:00:00,00000000790,20230623190000,0.026,0.005,0.016,0.0,0.0,0.0,1.0,4,0.0,0.0,19.23,61.54,589268
2023-06-23 20:00:00,00000000790,20230623200000,0.051,0.014,0.01,0.0,0.0,0.0,1.0,4,0.0,0.0,27.45,19.61,589268
2023-06-23 21:00:00,00000000790,20230623210000,0.309,0.013,0.01,0.0,0.0,0.0,1.0,4,0.0,0.0,4.21,3.24,589268
2023-06-23 22:00:00,00000000790,20230623220000,0.003,0.001,0.018,0.0,0.0,0.0,1.0,4,0.0,0.0,33.33,600.0,589268
2023-06-23 23:00:00,00000000790,20230623230000,0.053,0.015,0.01,0.0,0.0,0.0,1.0,4,0.0,0.0,28.3,18.87,589268
2023-06-24 00:00:00,00000000790,20230624000000,0.02,0.005,0.016,0.0,0.0,0.0,1.0,4,0.0,0.0,25.0,80.0,589268
2023-06-24 01:00:00,00000000790,20230624010000,0.083,0.01,0.014,0.0,0.0,0.0,1.0,4,0.0,0.0,12.05,16.87,589268
2023-06-24 02:00:00,00000000790,20230624020000,0.114,0.017,0.01,0.0,0.0,0.0,1.0,4,0.0,0.0,14.91,8.77,589268
2023-06-24 03:00:00,00000000790,20230624030000,0.086,0.011,0.014,0.0,0.0,0.0,1.0,4,0.0,0.0,12.79,16.28,589268
2023-06-24 04:00:00,00000000790,20230624040000,0.049,0.011,0.014,0.0,0.0,0.0,1.0,4,0.0,0.0,22.45,28.57,589268
2023-06-24 05:00:00,00000000790,20230624050000,0.327,0.018,0.01,0.0,0.0,0.0,1.0,4,0.0,0.0,5.5,3.06,589268
2023-06-24 06:00:00,00000000790,20230624060000,0.023,0.003,0.019,0.0,0.0,0.0,1.0,4,0.0,0.0,13.04,82.61,589268
2023-06-24 07:00:00,00000000790,20230624070000,0.052,0.01,0.015,0.0,0.0,0.0,1.0,4,0.0,0.0,19.23,28.85,589268
2023-06-24 08:00:00,00000000790,20230624080000,0.089,0.022,0.008,0.0,0.0,0.0,1.0,4,0.0,0.0,24.72,8.99,589268
2023-06-24 09:00:00,00000000790,20230624090000,0.065,0.006,0.017,0.0,0.0,0.0,1.0,4,0.0,0.0,9.23,26.15,589268
2023-06-24 10:00:00,00000000790,20230624100000,0.684,0.009,0.015,0.0,0.0,0.0,1.0,4,0.0,0.0,1.32,2.19,589268
2023-06-24 11:00:00,00000000790,20230624110000,0.265,0.016,0.01,0.0,0.0,0.0,1.0,4,0.0,0.0,6.04,3.77,589268
2023-06-24 12:00:00,00000000790,20230624120000,0.348,0.014,0.009,0.0,0.0,0.0,1.0,4,0.0,0.0,4.02,2.59,589268
2023-06-24 13:00:00,00000000790,20230624130000,0.023,0.005,0.008,0.0,0.0,0.0,1.0,4,0.0,0.0,21.74,34.78,589268
2023-06-24 14:00:00,00000000790,20230624140000,0.072,0.027,0.004,0.0,0.0,0.0,1.0,4,0.0,0.0,37.5,5.56,589268
2023-06-24 15:00:00,00000000790,20230624150000,0.034,0.012,0.006,0.0,0.0,0.0,1.0,4,0.0,0.0,35.29,17.65,589268
2023-06-24 16:00:00,00000000790,20230624160000,0.018,0.008,0.008,0.0,0.0,0.0,1.0,4,0.0,0.0,44.44,44.44,589268
2023-06-24 17:00:00,00000000790,20230624170000,0.053,0.019,0.005,0.0,0.0,0.0,1.0,4,0.0,0.0,35.85,9.43,589268
2023-06-24 18:00:00,00000000790,20230624180000,0.024,0.006,0.007,0.0,0.0,0.0,1.0,4,0.0,0.0,25.0,29.17,589268
2023-06-24 19:00:00,00000000790,20230624190000,0.092,0.011,0.014,0.0,0.0,0.0,1.0,4,0.0,0.0,11.96,15.22,589268
2023-06-24 20:00:00,00000000790,20230624200000,0.099,0.014,0.009,0.0,0.0,0.0,1.0,4,0.0,0.0,14.14,9.09,589268
2023-06-24 21:00:00,00000000790,20230624210000,0.814,0.084,0.0,0.0,0.0,0.0,1.0,4,0.0,0.0,10.32,0.0,589268
2023-06-24 22:00:00,00000000790,20230624220000,0.692,0.137,0.003,0.0,0.0,0.0,1.0,4,0.0,0.0,19.8,0.43,589268
2023-06-24 23:00:00,00000000790,20230624230000,0.825,0.013,0.008,0.0,0.0,0.0,1.0,4,0.0,0.0,1.58,0.97,589268
2023-06-25 00:00:00,00000000790,20230625000000,0.065,0.0,0.023,0.0,0.0,0.0,1.0,4,0.0,0.0,0.0,35.38,589268
2023-06-25 01:00:00,00000000790,20230625010000,0.129,0.019,0.008,0.0,0.0,0.0,1.0,4,0.0,0.0,14.73,6.2,589268
2023-06-25 02:00:00,00000000790,20230625020000,0.083,0.006,0.019,0.0,0.0,0.0,1.0,4,0.0,0.0,7.23,22.89,589268
2023-06-25 03:00:00,00000000790,20230625030000,0.065,0.01,0.015,0.0,0.0,0.0,1.0,4,0.0,0.0,15.38,23.08,589268
2023-06-25 04:00:00,00000000790,20230625040000,0.099,0.009,0.016,0.0,0.0,0.0,1.0,4,0.0,0.0,9.09,16.16,589268
2023-06-25 05:00:00,00000000790,20230625050000,0.084,0.019,0.01,0.0,0.0,0.0,1.0,4,0.0,0.0,22.62,11.9,589268
2023-06-25 06:00:00,00000000790,20230625060000,0.032,0.008,0.016,0.0,0.0,0.0,1.0,4,0.0,0.0,25.0,50.0,589268
2023-06-25 07:00:00,00000000790,20230625070000,0.319,0.015,0.012,0.0,0.0,0.0,1.0,4,0.0,0.0,4.7,3.76,589268
2023-06-25 08:00:00,00000000790,20230625080000,0.036,0.012,0.013,0.0,0.0,0.0,1.0,4,0.0,0.0,33.33,36.11,589268
2023-06-25 09:00:00,00000000790,20230625090000,0.059,0.018,0.01,0.0,0.0,0.0,1.0,4,0.0,0.0,30.51,16.95,589268
2023-06-25 10:00:00,00000000790,20230625100000,0.26,0.003,0.018,0.0,0.0,0.0,1.0,4,0.0,0.0,1.15,6.92,589268
2023-06-25 11:00:00,00000000790,20230625110000,0.263,0.02,0.007,0.0,0.0,0.0,1.0,4,0.0,0.0,7.6,2.66,589268
2023-06-25 12:00:00,00000000790,20230625120000,0.12,0.001,0.021,0.0,0.0,0.0,1.0,4,0.0,0.0,0.83,17.5,589268
2023-06-25 13:00:00,00000000790,20230625130000,0.068,0.025,0.003,0.0,0.0,0.0,1.0,4,0.0,0.0,36.76,4.41,589268
2023-06-25 14:00:00,00000000790,20230625140000,0.297,0.012,0.007,0.0,0.0,0.0,1.0,4,0.0,0.0,4.04,2.36,589268
2023-06-25 15:00:00,00000000790,20230625150000,0.023,0.008,0.007,0.0,0.0,0.0,1.0,4,0.0,0.0,34.78,30.43,589268
2023-06-25 16:00:00,00000000790,20230625160000,0.055,0.02,0.005,0.0,0.0,0.0,1.0,4,0.0,0.0,36.36,9.09,589268
2023-06-25 17:00:00,00000000790,20230625170000,0.043,0.006,0.011,0.0,0.0,0.0,1.0,4,0.0,0.0,13.95,25.58,589268
2023-06-25 18:00:00,00000000790,20230625180000,0.056,0.007,0.014,0.0,0.0,0.0,1.0,4,0.0,0.0,12.5,25.0,589268
2023-06-25 19:00:00,00000000790,20230625190000,0.052,0.014,0.009,0.0,0.0,0.0,1.0,4,0.0,0.0,26.92,17.31,589268
2023-06-25 20:00:00,00000000790,20230625200000,0.42,0.077,0.007,0.0,0.0,0.0,1.0,4,0.0,0.0,18.33,1.67,589268
2023-06-25 21:00:00,00000000790,20230625210000,0.069,0.001,0.02,0.0,0.0,0.0,1.0,4,0.0,0.0,1.45,28.99,589268
2023-06-25 22:00:00,00000000790,20230625220000,0.378,0.012,0.011,0.0,0.0,0.0,1.0,4,0.0,0.0,3.17,2.91,589268
2023-06-25 23:00:00,00000000790,20230625230000,0.092,0.001,0.027,0.0,0.0,0.0,1.0,4,0.0,0.0,1.09,29.35,589268
2023-06-26 00:00:00,00000000790,20230626000000,0.261,0.015,0.013,0.0,0.0,0.0,1.0,4,0.0,0.0,5.75,4.98,589268
2023-06-26 01:00:00,00000000790,20230626010000,0.135,0.017,0.009,0.0,0.0,0.0,1.0,4,0.0,0.0,12.59,6.67,589268
2023-06-26 02:00:00,00000000790,20230626020000,0.113,0.016,0.011,0.0,0.0,0.0,1.0,4,0.0,0.0,14.16,9.73,589268
2023-06-26 03:00:00,00000000790,20230626030000,0.094,0.016,0.012,0.0,0.0,0.0,1.0,4,0.0,0.0,17.02,12.77,589268
2023-06-26 04:00:00,00000000790,20230626040000,0.082,0.012,0.014,0.0,0.0,0.0,1.0,4,0.0,0.0,14.63,17.07,589268
2023-06-26 05:00:00,00000000790,20230626050000,0.041,0.002,0.019,0.0,0.0,0.0,1.0,4,0.0,0.0,4.88,46.34,589268
2023-06-26 06:00:00,00000000790,20230626060000,0.105,0.025,0.008,0.0,0.0,0.0,1.0,4,0.0,0.0,23.81,7.62,589268
2023-06-26 07:00:00,00000000790,20230626070000,0.287,0.007,0.016,0.0,0.0,0.0,1.0,4,0.0,0.0,2.44,5.57,589268
2023-06-26 08:00:00,00000000790,20230626080000,0.049,0.014,0.011,0.0,0.0,0.0,1.0,4,0.0,0.0,28.57,22.45,589268
2023-06-26 09:00:00,00000000790,20230626090000,0.313,0.017,0.009,0.0,0.0,0.0,1.0,4,0.0,0.0,5.43,2.88,589268
2023-06-26 10:00:00,00000000790,20230626100000,0.304,0.025,0.002,0.0,0.0,0.0,1.0,4,0.0,0.0,8.22,0.66,589268
2023-06-26 11:00:00,00000000790,20230626110000,0.209,0.002,0.019,0.0,0.0,0.0,1.0,4,0.0,0.0,0.96,9.09,589268
2023-06-26 12:00:00,00000000790,20230626120000,0.092,0.011,0.013,0.0,0.0,0.0,1.0,4,0.0,0.0,11.96,14.13,589268
2023-06-26 13:00:00,00000000790,20230626130000,0.355,0.026,0.001,0.0,0.0,0.0,1.0,4,0.0,0.0,7.32,0.28,589268
2023-06-26 14:00:00,00000000790,20230626140000,0.12,0.032,0.0,0.0,0.0,0.0,1.0,4,0.0,0.0,26.67,0.0,589268
2023-06-26 15:00:00,00000000790,20230626150000,0.048,0.015,0.01,0.0,0.0,0.0,1.0,4,0.0,0.0,31.25,20.83,589268
2023-06-26 16:00:00,00000000790,20230626160000,0.034,0.011,0.013,0.0,0.0,0.0,1.0,4,0.0,0.0,32.35,38.24,589268
2023-06-26 17:00:00,00000000790,20230626170000,0.72,0.012,0.014,0.0,0.0,0.0,1.0,4,0.0,0.0,1.67,1.94,589268
2023-06-26 18:00:00,00000000790,20230626180000,0.082,0.013,0.012,0.0,0.0,0.0,1.0,4,0.0,0.0,15.85,14.63,589268
2023-06-26 19:00:00,00000000790,20230626190000,0.034,0.009,0.013,0.0,0.0,0.0,1.0,4,0.0,0.0,26.47,38.24,589268
2023-06-26 20:00:00,00000000790,20230626200000,0.135,0.024,0.002,0.0,0.0,0.0,1.0,4,0.0,0.0,17.78,1.48,589268
2023-06-26 21:00:00,00000000790,20230626210000,0.128,0.006,0.017,0.0,0.0,0.0,1.0,4,0.0,0.0,4.69,13.28,589268
2023-06-26 22:00:00,00000000790,20230626220000,0.398,0.018,0.009,0.0,0.0,0.0,1.0,4,0.0,0.0,4.52,2.26,589268
2023-06-26 23:00:00,00000000790,20230626230000,1.072,0.196,0.0,0.0,0.0,0.0,1.0,4,0.0,0.0,18.28,0.0,589268
2023-06-27 00:00:00,00000000790,20230627000000,0.246,0.027,0.008,0.0,0.0,0.0,1.0,4,0.0,0.0,10.98,3.25,589268
2023-06-27 01:00:00,00000000790,20230627010000,0.174,0.041,0.0,0.0,0.0,0.0,1.0,4,0.0,0.0,23.56,0.0,589268
2023-06-27 02:00:00,00000000790,20230627020000,0.144,0.036,0.0,0.0,0.0,0.0,1.0,4,0.0,0.0,25.0,0.0,589268
2023-06-27 03:00:00,00000000790,20230627030000,0.066,0.02,0.01,0.0,0.0,0.0,1.0,4,0.0,0.0,30.3,15.15,589268
2023-06-27 04:00:00,00000000790,20230627040000,0.051,0.015,0.013,0.0,0.0,0.0,1.0,4,0.0,0.0,29.41,25.49,589268
2023-06-27 05:00:00,00000000790,20230627050000,0.058,0.014,0.013,0.0,0.0,0.0,1.0,4,0.0,0.0,24.14,22.41,589268
2023-06-27 06:00:00,00000000790,20230627060000,0.349,0.022,0.011,0.0,0.0,0.0,1.0,4,0.0,0.0,6.3,3.15,589268
2023-06-27 07:00:00,00000000790,20230627070000,0.117,0.02,0.011,0.0,0.0,0.0,1.0,4,0.0,0.0,17.09,9.4,589268
2023-06-27 08:00:00,00000000790,20230627080000,0.05,0.011,0.015,0.0,0.0,0.0,1.0,4,0.0,0.0,22.0,30.0,589268
2023-06-27 09:00:00,00000000790,20230627090000,0.069,0.016,0.01,0.0,0.0,0.0,1.0,4,0.0,0.0,23.19,14.49,589268
2023-06-27 10:00:00,00000000790,20230627100000,0.811,0.021,0.006,0.0,0.0,0.0,1.0,4,0.0,0.0,2.59,0.74,589268
2023-06-27 11:00:00,00000000790,20230627110000,0.357,0.015,0.011,0.0,0.0,0.0,1.0,4,0.0,0.0,4.2,3.08,589268
2023-06-27 12:00:00,00000000790,20230627120000,0.385,0.007,0.016,0.0,0.0,0.0,1.0,4,0.0,0.0,1.82,4.16,589268
2023-06-27 13:00:00,00000000790,20230627130000,0.423,0.014,0.011,0.0,0.0,0.0,1.0,4,0.0,0.0,3.31,2.6,589268
2023-06-27 14:00:00,00000000790,20230627140000,0.214,0.021,0.007,0.0,0.0,0.0,1.0,4,0.0,0.0,9.81,3.27,589268
2023-06-27 15:00:00,00000000790,20230627150000,0.017,0.005,0.016,0.0,0.0,0.0,1.0,4,0.0,0.0,29.41,94.12,589268
2023-06-27 16:00:00,00000000790,20230627160000,0.036,0.011,0.012,0.0,0.0,0.0,1.0,4,0.0,0.0,30.56,33.33,589268
2023-06-27 17:00:00,00000000790,20230627170000,0.053,0.015,0.01,0.0,0.0,0.0,1.0,4,0.0,0.0,28.3,18.87,589268
2023-06-27 18:00:00,00000000790,20230627180000,0.807,0.011,0.014,0.0,0.0,0.0,1.0,4,0.0,0.0,1.36,1.73,589268
2023-06-27 19:00:00,00000000790,20230627190000,0.146,0.022,0.0,0.0,0.0,0.0,1.0,4,0.0,0.0,15.07,0.0,589268
2023-06-27 20:00:00,00000000790,20230627200000,0.143,0.024,0.0,0.0,0.0,0.0,1.0,4,0.0,0.0,16.78,0.0,589268
2023-06-27 21:00:00,00000000790,20230627210000,0.266,0.021,0.0,0.0,0.0,0.0,1.0,4,0.0,0.0,7.89,0.0,589268
2023-06-27 22:00:00,00000000790,20230627220000,0.335,0.012,0.01,0.0,0.0,0.0,1.0,4,0.0,0.0,3.58,2.99,589268
2023-06-27 23:00:00,00000000790,20230627230000,0.199,0.065,0.0,0.0,0.0,0.0,1.0,4,0.0,0.0,32.66,0.0,589268
2023-06-28 00:00:00,00000000790,20230628000000,0.395,0.019,0.01,0.0,0.0,0.0,1.0,4,0.0,0.0,4.81,2.53,589268
2023-06-28 01:00:00,00000000790,20230628010000,0.099,0.03,0.003,0.0,0.0,0.0,1.0,4,0.0,0.0,30.3,3.03,589268
2023-06-28 02:00:00,00000000790,20230628020000,0.118,0.041,0.01,0.0,0.0,0.0,1.0,4,0.0,0.0,34.75,8.47,589268
2023-06-28 03:00:00,00000000790,20230628030000,0.145,0.06,0.003,0.0,0.0,0.0,1.0,4,0.0,0.0,41.38,2.07,589268
2023-06-28 04:00:00,00000000790,20230628040000,0.092,0.024,0.008,0.0,0.0,0.0,1.0,4,0.0,0.0,26.09,8.7,589268
2023-06-28 05:00:00,00000000790,20230628050000,0.073,0.022,0.01,0.0,0.0,0.0,1.0,4,0.0,0.0,30.14,13.7,589268
2023-06-28 06:00:00,00000000790,20230628060000,0.296,0.004,0.018,0.0,0.0,0.0,1.0,4,0.0,0.0,1.35,6.08,589268
2023-06-28 07:00:00,00000000790,20230628070000,0.075,0.023,0.009,0.0,0.0,0.0,1.0,4,0.0,0.0,30.67,12.0,589268
2023-06-28 08:00:00,00000000790,20230628080000,0.025,0.002,0.019,0.0,0.0,0.0,1.0,4,0.0,0.0,8.0,76.0,589268
2023-06-28 09:00:00,00000000790,20230628090000,0.106,0.029,0.004,0.0,0.0,0.0,1.0,4,0.0,0.0,27.36,3.77,589268
2023-06-28 10:00:00,00000000790,20230628100000,0.288,0.012,0.012,0.0,0.0,0.0,1.0,4,0.0,0.0,4.17,4.17,589268
2023-06-28 11:00:00,00000000790,20230628110000,0.673,0.033,0.0,0.0,0.0,0.0,1.0,4,0.0,0.0,4.9,0.0,589268
2023-06-28 12:00:00,00000000790,20230628120000,0.186,0.014,0.012,0.0,0.0,0.0,1.0,4,0.0,0.0,7.53,6.45,589268
2023-06-28 13:00:00,00000000790,20230628130000,0.308,0.03,0.0,0.0,0.0,0.0,1.0,4,0.0,0.0,9.74,0.0,589268
2023-06-28 14:00:00,00000000790,20230628140000,0.093,0.003,0.02,0.0,0.0,0.0,1.0,4,0.0,0.0,3.23,21.51,589268
2023-06-28 15:00:00,00000000790,20230628150000,0.081,0.022,0.007,0.0,0.0,0.0,1.0,4,0.0,0.0,27.16,8.64,589268
2023-06-28 16:00:00,00000000790,20230628160000,0.029,0.009,0.013,0.0,0.0,0.0,1.0,4,0.0,0.0,31.03,44.83,589268
2023-06-28 17:00:00,00000000790,20230628170000,0.044,0.013,0.011,0.0,0.0,0.0,1.0,4,0.0,0.0,29.55,25.0,589268
2023-06-28 18:00:00,00000000790,20230628180000,1.093,0.024,0.004,0.0,0.0,0.0,1.0,4,0.0,0.0,2.2,0.37,589268
2023-06-28 19:00:00,00000000790,20230628190000,0.08,0.01,0.014,0.0,0.0,0.0,1.0,4,0.0,0.0,12.5,17.5,589268
2023-06-28 20:00:00,00000000790,20230628200000,0.038,0.011,0.006,0.0,0.0,0.0,1.0,4,0.0,0.0,28.95,15.79,589268
2023-06-28 21:00:00,00000000790,20230628210000,0.328,0.024,0.003,0.0,0.0,0.0,1.0,4,0.0,0.0,7.32,0.91,589268
2023-06-28 22:00:00,00000000790,20230628220000,0.019,0.007,0.008,0.0,0.0,0.0,1.0,4,0.0,0.0,36.84,42.11,589268
2023-06-28 23:00:00,00000000790,20230628230000,0.051,0.015,0.005,0.0,0.0,0.0,1.0,4,0.0,0.0,29.41,9.8,589268
2023-06-29 00:00:00,00000000790,20230629000000,0.052,0.02,0.005,0.0,0.0,0.0,1.0,4,0.0,0.0,38.46,9.62,589268
2023-06-29 01:00:00,00000000790,20230629010000,0.412,0.024,0.01,0.0,0.0,0.0,1.0,4,0.0,0.0,5.83,2.43,589268
2023-06-29 02:00:00,00000000790,20230629020000,0.202,0.067,0.001,0.0,0.0,0.0,1.0,4,0.0,0.0,33.17,0.5,589268
2023-06-29 03:00:00,00000000790,20230629030000,0.096,0.005,0.023,0.0,0.0,0.0,1.0,4,0.0,0.0,5.21,23.96,589268
2023-06-29 04:00:00,00000000790,20230629040000,0.123,0.025,0.006,0.0,0.0,0.0,1.0,4,0.0,0.0,20.33,4.88,589268
2023-06-29 05:00:00,00000000790,20230629050000,0.061,0.017,0.013,0.0,0.0,0.0,1.0,4,0.0,0.0,27.87,21.31,589268
2023-06-29 06:00:00,00000000790,20230629060000,0.06,0.018,0.013,0.0,0.0,0.0,1.0,4,0.0,0.0,30.0,21.67,589268
2023-06-29 07:00:00,00000000790,20230629070000,0.06,0.017,0.013,0.0,0.0,0.0,1.0,4,0.0,0.0,28.33,21.67,589268
2023-06-29 08:00:00,00000000790,20230629080000,0.043,0.012,0.015,0.0,0.0,0.0,1.0,4,0.0,0.0,27.91,34.88,589268
2023-06-29 09:00:00,00000000790,20230629090000,0.613,0.01,0.016,0.0,0.0,0.0,1.0,4,0.0,0.0,1.63,2.61,589268
2023-06-29 10:00:00,00000000790,20230629100000,0.435,0.02,0.009,0.0,0.0,0.0,1.0,4,0.0,0.0,4.6,2.07,589268
2023-06-29 11:00:00,00000000790,20230629110000,0.358,0.018,0.011,0.0,0.0,0.0,1.0,4,0.0,0.0,5.03,3.07,589268
2023-06-29 12:00:00,00000000790,20230629120000,0.048,0.015,0.006,0.0,0.0,0.0,1.0,4,0.0,0.0,31.25,12.5,589268
2023-06-29 13:00:00,00000000790,20230629130000,0.423,0.016,0.011,0.0,0.0,0.0,1.0,4,0.0,0.0,3.78,2.6,589268
2023-06-29 14:00:00,00000000790,20230629140000,0.046,0.014,0.012,0.0,0.0,0.0,1.0,4,0.0,0.0,30.43,26.09,589268
2023-06-29 15:00:00,00000000790,20230629150000,0.691,0.009,0.014,0.0,0.0,0.0,1.0,4,0.0,0.0,1.3,2.03,589268
2023-06-29 16:00:00,00000000790,20230629160000,0.069,0.008,0.018,0.0,0.0,0.0,1.0,4,0.0,0.0,11.59,26.09,589268
2023-06-29 17:00:00,00000000790,20230629170000,0.108,0.017,0.01,0.0,0.0,0.0,1.0,4,0.0,0.0,15.74,9.26,589268
2023-06-29 18:00:00,00000000790,20230629180000,0.21,0.026,0.002,0.0,0.0,0.0,1.0,4,0.0,0.0,12.38,0.95,589268
2023-06-29 19:00:00,00000000790,20230629190000,0.102,0.032,0.0,0.0,0.0,0.0,1.0,4,0.0,0.0,31.37,0.0,589268
2023-06-29 20:00:00,00000000790,20230629200000,0.413,0.038,0.0,0.0,0.0,0.0,1.0,4,0.0,0.0,9.2,0.0,589268
2023-06-29 21:00:00,00000000790,20230629210000,0.714,0.146,0.0,0.0,0.0,0.0,1.0,4,0.0,0.0,20.45,0.0,589268
2023-06-29 22:00:00,00000000790,20230629220000,0.231,0.189,0.0,0.0,0.0,0.0,1.0,4,0.0,0.0,81.82,0.0,589268
2023-06-29 23:00:00,00000000790,20230629230000,0.378,0.019,0.009,0.0,0.0,0.0,1.0,4,0.0,0.0,5.03,2.38,589268
2023-06-30 00:00:00,00000000790,20230630000000,0.211,0.044,0.008,0.0,0.0,0.0,1.0,4,0.0,0.0,20.85,3.79,589268
2023-06-30 01:00:00,00000000790,20230630010000,0.76,0.273,0.003,0.0,0.0,0.0,1.0,4,0.0,0.0,35.92,0.39,589268
2023-06-30 02:00:00,00000000790,20230630020000,0.101,0.013,0.014,0.0,0.0,0.0,1.0,4,0.0,0.0,12.87,13.86,589268
2023-06-30 03:00:00,00000000790,20230630030000,0.048,0.012,0.014,0.0,0.0,0.0,1.0,4,0.0,0.0,25.0,29.17,589268
2023-06-30 04:00:00,00000000790,20230630040000,0.047,0.012,0.015,0.0,0.0,0.0,1.0,4,0.0,0.0,25.53,31.91,589268
2023-06-30 05:00:00,00000000790,20230630050000,0.046,0.011,0.015,0.0,0.0,0.0,1.0,4,0.0,0.0,23.91,32.61,589268
2023-06-30 06:00:00,00000000790,20230630060000,0.041,0.013,0.014,0.0,0.0,0.0,1.0,4,0.0,0.0,31.71,34.15,589268
2023-06-30 07:00:00,00000000790,20230630070000,0.035,0.013,0.015,0.0,0.0,0.0,1.0,4,0.0,0.0,37.14,42.86,589268
2023-06-30 08:00:00,00000000790,20230630080000,0.024,0.008,0.016,0.0,0.0,0.0,1.0,4,0.0,0.0,33.33,66.67,589268
2023-06-30 09:00:00,00000000790,20230630090000,0.277,0.006,0.016,0.0,0.0,0.0,1.0,4,0.0,0.0,2.17,5.78,589268
2023-06-30 10:00:00,00000000790,20230630100000,0.036,0.008,0.014,0.0,0.0,0.0,1.0,4,0.0,0.0,22.22,38.89,589268
2023-06-30 11:00:00,00000000790,20230630110000,0.514,0.021,0.004,0.0,0.0,0.0,1.0,4,0.0,0.0,4.09,0.78,589268
2023-06-30 12:00:00,00000000790,20230630120000,0.276,0.014,0.011,0.0,0.0,0.0,1.0,4,0.0,0.0,5.07,3.99,589268
2023-06-30 13:00:00,00000000790,20230630130000,0.056,0.017,0.009,0.0,0.0,0.0,1.0,4,0.0,0.0,30.36,16.07,589268
2023-06-30 14:00:00,00000000790,20230630140000,0.039,0.016,0.006,0.0,0.0,0.0,1.0,4,0.0,0.0,41.03,15.38,589268
2023-06-30 15:00:00,00000000790,20230630150000,0.044,0.018,0.005,0.0,0.0,0.0,1.0,4,0.0,0.0,40.91,11.36,589268
2023-06-30 16:00:00,00000000790,20230630160000,0.295,0.009,0.007,0.0,0.0,0.0,1.0,4,0.0,0.0,3.05,2.37,589268
2023-06-30 17:00:00,00000000790,20230630170000,0.058,0.022,0.005,0.0,0.0,0.0,1.0,4,0.0,0.0,37.93,8.62,589268
2023-06-30 18:00:00,00000000790,20230630180000,0.097,0.014,0.011,0.0,0.0,0.0,1.0,4,0.0,0.0,14.43,11.34,589268
2023-06-30 19:00:00,00000000790,20230630190000,0.046,0.01,0.012,0.0,0.0,0.0,1.0,4,0.0,0.0,21.74,26.09,589268
2023-06-30 20:00:00,00000000790,20230630200000,0.029,0.008,0.013,0.0,0.0,0.0,1.0,4,0.0,0.0,27.59,44.83,589268
2023-06-30 21:00:00,00000000790,20230630210000,0.042,0.011,0.011,0.0,0.0,0.0,1.0,4,0.0,0.0,26.19,26.19,589268
2023-06-30 22:00:00,00000000790,20230630220000,0.012,0.001,0.017,0.0,0.0,0.0,1.0,4,0.0,0.0,8.33,141.67,589268
2023-06-30 23:00:00,00000000790,20230630230000,0.058,0.016,0.009,0.0,0.0,0.0,1.0,4,0.0,0.0,27.59,15.52,589268
2023-07-01 00:00:00,00000000790,20230701000000,0.327,0.006,0.018,0.0,0.0,0.0,1.0,4,0.0,0.0,1.83,5.5,589268
2023-07-01 01:00:00,00000000790,20230701010000,0.347,0.012,0.014,0.0,0.0,0.0,1.0,4,0.0,0.0,3.46,4.03,589268
2023-07-01 02:00:00,00000000790,20230701020000,0.049,0.007,0.017,0.0,0.0,0.0,1.0,4,0.0,0.0,14.29,34.69,589268
2023-07-01 03:00:00,00000000790,20230701030000,0.122,0.02,0.011,0.0,0.0,0.0,1.0,4,0.0,0.0,16.39,9.02,589268
2023-07-01 04:00:00,00000000790,20230701040000,0.034,0.005,0.017,0.0,0.0,0.0,1.0,4,0.0,0.0,14.71,50.0,589268
2023-07-01 05:00:00,00000000790,20230701050000,0.061,0.015,0.014,0.0,0.0,0.0,1.0,4,0.0,0.0,24.59,22.95,589268
2023-07-01 06:00:00,00000000790,20230701060000,0.063,0.018,0.012,0.0,0.0,0.0,1.0,4,0.0,0.0,28.57,19.05,589268
2023-07-01 07:00:00,00000000790,20230701070000,0.038,0.009,0.017,0.0,0.0,0.0,1.0,4,0.0,0.0,23.68,44.74,589268
2023-07-01 08:00:00,00000000790,20230701080000,0.057,0.015,0.013,0.0,0.0,0.0,1.0,4,0.0,0.0,26.32,22.81,589268
2023-07-01 09:00:00,00000000790,20230701090000,0.778,0.01,0.016,0.0,0.0,0.0,1.0,4,0.0,0.0,1.29,2.06,589268
2023-07-01 10:00:00,00000000790,20230701100000,0.691,0.006,0.018,0.0,0.0,0.0,1.0,4,0.0,0.0,0.87,2.6,589268
2023-07-01 11:00:00,00000000790,20230701110000,0.063,0.023,0.004,0.0,0.0,0.0,1.0,4,0.0,0.0,36.51,6.35,589268
2023-07-01 12:00:00,00000000790,20230701120000,0.029,0.011,0.007,0.0,0.0,0.0,1.0,4,0.0,0.0,37.93,24.14,589268
2023-07-01 13:00:00,00000000790,20230701130000,0.047,0.018,0.005,0.0,0.0,0.0,1.0,4,0.0,0.0,38.3,10.64,589268
2023-07-01 14:00:00,00000000790,20230701140000,0.025,0.01,0.008,0.0,0.0,0.0,1.0,4,0.0,0.0,40.0,32.0,589268
2023-07-01 15:00:00,00000000790,20230701150000,0.044,0.017,0.005,0.0,0.0,0.0,1.0,4,0.0,0.0,38.64,11.36,589268
2023-07-01 16:00:00,00000000790,20230701160000,0.035,0.01,0.007,0.0,0.0,0.0,1.0,4,0.0,0.0,28.57,20.0,589268
2023-07-01 17:00:00,00000000790,20230701170000,0.111,0.014,0.006,0.0,0.0,0.0,1.0,4,0.0,0.0,12.61,5.41,589268
2023-07-01 18:00:00,00000000790,20230701180000,0.248,0.017,0.005,0.0,0.0,0.0,1.0,4,0.0,0.0,6.85,2.02,589268
2023-07-01 19:00:00,00000000790,20230701190000,0.029,0.01,0.007,0.0,0.0,0.0,1.0,4,0.0,0.0,34.48,24.14,589268
2023-07-01 20:00:00,00000000790,20230701200000,0.706,0.156,0.002,0.0,0.0,0.0,1.0,4,0.0,0.0,22.1,0.28,589268
2023-07-01 21:00:00,00000000790,20230701210000,1.794,0.119,0.0,0.0,0.0,0.0,1.0,4,0.0,0.0,6.63,0.0,589268
2023-07-01 22:00:00,00000000790,20230701220000,1.298,0.062,0.0,0.0,0.0,0.0,1.0,4,0.0,0.0,4.78,0.0,589268
2023-07-01 23:00:00,00000000790,20230701230000,0.606,0.068,0.0,0.0,0.0,0.0,1.0,4,0.0,0.0,11.22,0.0,589268
2023-07-02 00:00:00,00000000790,20230702000000,0.395,0.115,0.001,0.0,0.0,0.0,1.0,4,0.0,0.0,29.11,0.25,589268
2023-07-02 01:00:00,00000000790,20230702010000,0.098,0.013,0.014,0.0,0.0,0.0,1.0,4,0.0,0.0,13.27,14.29,589268
2023-07-02 02:00:00,00000000790,20230702020000,0.087,0.011,0.016,0.0,0.0,0.0,1.0,4,0.0,0.0,12.64,18.39,589268
2023-07-02 03:00:00,00000000790,20230702030000,0.07,0.002,0.023,0.0,0.0,0.0,1.0,4,0.0,0.0,2.86,32.86,589268
2023-07-02 04:00:00,00000000790,20230702040000,0.134,0.011,0.016,0.0,0.0,0.0,1.0,4,0.0,0.0,8.21,11.94,589268
2023-07-02 05:00:00,00000000790,20230702050000,0.083,0.021,0.01,0.0,0.0,0.0,1.0,4,0.0,0.0,25.3,12.05,589268
2023-07-02 06:00:00,00000000790,20230702060000,0.349,0.015,0.014,0.0,0.0,0.0,1.0,4,0.0,0.0,4.3,4.01,589268
2023-07-02 07:00:00,00000000790,20230702070000,0.065,0.017,0.012,0.0,0.0,0.0,1.0,4,0.0,0.0,26.15,18.46,589268
2023-07-02 08:00:00,00000000790,20230702080000,0.062,0.016,0.012,0.0,0.0,0.0,1.0,4,0.0,0.0,25.81,19.35,589268
2023-07-02 09:00:00,00000000790,20230702090000,0.045,0.013,0.013,0.0,0.0,0.0,1.0,4,0.0,0.0,28.89,28.89,589268
2023-07-02 10:00:00,00000000790,20230702100000,1.035,0.134,0.013,0.0,0.0,0.0,1.0,4,0.0,0.0,12.95,1.26,589268
2023-07-02 11:00:00,00000000790,20230702110000,0.582,0.17,0.003,0.0,0.0,0.0,1.0,4,0.0,0.0,29.21,0.52,589268
2023-07-02 12:00:00,00000000790,20230702120000,0.805,0.188,0.004,0.0,0.0,0.0,1.0,4,0.0,0.0,23.35,0.5,589268
2023-07-02 13:00:00,00000000790,20230702130000,1.094,0.058,0.014,0.0,0.0,0.0,1.0,4,0.0,0.0,5.3,1.28,589268
2023-07-02 14:00:00,00000000790,20230702140000,1.499,0.194,0.005,0.0,0.0,0.0,1.0,4,0.0,0.0,12.94,0.33,589268
2023-07-02 15:00:00,00000000790,20230702150000,0.816,0.146,0.0,0.0,0.0,0.0,1.0,4,0.0,0.0,17.89,0.0,589268
2023-07-02 16:00:00,00000000790,20230702160000,1.202,0.211,0.0,0.0,0.0,0.0,1.0,4,0.0,0.0,17.55,0.0,589268
2023-07-02 17:00:00,00000000790,20230702170000,0.951,0.027,0.006,0.0,0.0,0.0,1.0,4,0.0,0.0,2.84,0.63,589268
2023-07-02 18:00:00,00000000790,20230702180000,0.086,0.032,0.001,0.0,0.0,0.0,1.0,4,0.0,0.0,37.21,1.16,589268
2023-07-02 19:00:00,00000000790,20230702190000,0.076,0.03,0.002,0.0,0.0,0.0,1.0,4,0.0,0.0,39.47,2.63,589268
2023-07-02 20:00:00,00000000790,20230702200000,0.057,0.022,0.004,0.0,0.0,0.0,1.0,4,0.0,0.0,38.6,7.02,589268
2023-07-02 21:00:00,00000000790,20230702210000,0.008,0.0,0.009,0.0,0.0,0.0,1.0,4,0.0,0.0,0.0,112.5,589268
2023-07-02 22:00:00,00000000790,20230702220000,0.161,0.054,0.0,0.0,0.0,0.0,1.0,4,0.0,0.0,33.54,0.0,589268
2023-07-02 23:00:00,00000000790,20230702230000,0.966,0.212,0.0,0.0,0.0,0.0,1.0,4,0.0,0.0,21.95,0.0,589268
2023-07-03 00:00:00,00000000790,20230703000000,0.143,0.046,0.0,0.0,0.0,0.0,1.0,4,0.0,0.0,32.17,0.0,589268
2023-07-03 01:00:00,00000000790,20230703010000,0.187,0.061,0.005,0.0,0.0,0.0,1.0,4,0.0,0.0,32.62,2.67,589268
2023-07-03 02:00:00,00000000790,20230703020000,0.148,0.011,0.018,0.0,0.0,0.0,1.0,4,0.0,0.0,7.43,12.16,589268
2023-07-03 03:00:00,00000000790,20230703030000,0.096,0.003,0.032,0.0,0.0,0.0,1.0,4,0.0,0.0,3.12,33.33,589268
2023-07-03 04:00:00,00000000790,20230703040000,0.417,0.014,0.016,0.0,0.0,0.0,1.0,4,0.0,0.0,3.36,3.84,589268
2023-07-03 05:00:00,00000000790,20230703050000,0.103,0.012,0.02,0.0,0.0,0.0,1.0,4,0.0,0.0,11.65,19.42,589268
2023-07-03 06:00:00,00000000790,20230703060000,0.179,0.015,0.017,0.0,0.0,0.0,1.0,4,0.0,0.0,8.38,9.5,589268
2023-07-03 07:00:00,00000000790,20230703070000,0.066,0.002,0.031,0.0,0.0,0.0,1.0,4,0.0,0.0,3.03,46.97,589268
2023-07-03 08:00:00,00000000790,20230703080000,0.075,0.016,0.011,0.0,0.0,0.0,1.0,4,0.0,0.0,21.33,14.67,589268
2023-07-03 09:00:00,00000000790,20230703090000,0.029,0.003,0.017,0.0,0.0,0.0,1.0,4,0.0,0.0,10.34,58.62,589268
2023-07-03 10:00:00,00000000790,20230703100000,1.193,0.111,0.006,0.0,0.0,0.0,1.0,4,0.0,0.0,9.3,0.5,589268
2023-07-03 11:00:00,00000000790,20230703110000,0.275,0.021,0.006,0.0,0.0,0.0,1.0,4,0.0,0.0,7.64,2.18,589268
2023-07-03 12:00:00,00000000790,20230703120000,0.776,0.039,0.005,0.0,0.0,0.0,1.0,4,0.0,0.0,5.03,0.64,589268
2023-07-03 13:00:00,00000000790,20230703130000,0.941,0.019,0.001,0.0,0.0,0.0,1.0,4,0.0,0.0,2.02,0.11,589268
2023-07-03 14:00:00,00000000790,20230703140000,1.219,0.057,0.001,0.0,0.0,0.0,1.0,4,0.0,0.0,4.68,0.08,589268
2023-07-03 15:00:00,00000000790,20230703150000,0.047,0.013,0.006,0.0,0.0,0.0,1.0,4,0.0,0.0,27.66,12.77,589268
2023-07-03 16:00:00,00000000790,20230703160000,0.331,0.022,0.004,0.0,0.0,0.0,1.0,4,0.0,0.0,6.65,1.21,589268
2023-07-03 17:00:00,00000000790,20230703170000,0.056,0.02,0.005,0.0,0.0,0.0,1.0,4,0.0,0.0,35.71,8.93,589268
2023-07-03 18:00:00,00000000790,20230703180000,0.159,0.023,0.004,0.0,0.0,0.0,1.0,4,0.0,0.0,14.47,2.52,589268
2023-07-03 19:00:00,00000000790,20230703190000,0.753,0.021,0.01,0.0,0.0,0.0,1.0,4,0.0,0.0,2.79,1.33,589268
2023-07-03 20:00:00,00000000790,20230703200000,0.013,0.004,0.007,0.0,0.0,0.0,1.0,4,0.0,0.0,30.77,53.85,589268
2023-07-03 21:00:00,00000000790,20230703210000,0.254,0.017,0.005,0.0,0.0,0.0,1.0,4,0.0,0.0,6.69,1.97,589268
2023-07-03 22:00:00,00000000790,20230703220000,0.156,0.03,0.003,0.0,0.0,0.0,1.0,4,0.0,0.0,19.23,1.92,589268
2023-07-03 23:00:00,00000000790,20230703230000,0.006,0.002,0.009,0.0,0.0,0.0,1.0,4,0.0,0.0,33.33,150.0,589268
2023-07-04 00:00:00,00000000790,20230704000000,0.294,0.068,0.0,0.0,0.0,0.0,1.0,4,0.0,0.0,23.13,0.0,589268
2023-07-04 01:00:00,00000000790,20230704010000,0.193,0.048,0.006,0.0,0.0,0.0,1.0,4,0.0,0.0,24.87,3.11,589268
2023-07-04 02:00:00,00000000790,20230704020000,0.434,0.008,0.024,0.0,0.0,0.0,1.0,4,0.0,0.0,1.84,5.53,589268
2023-07-04 03:00:00,00000000790,20230704030000,0.132,0.007,0.025,0.0,0.0,0.0,1.0,4,0.0,0.0,5.3,18.94,589268
2023-07-04 04:00:00,00000000790,20230704040000,0.051,0.004,0.01,0.0,0.0,0.0,1.0,4,0.0,0.0,7.84,19.61,589268
2023-07-04 05:00:00,00000000790,20230704050000,0.133,0.021,0.009,0.0,0.0,0.0,1.0,4,0.0,0.0,15.79,6.77,589268
2023-07-04 06:00:00,00000000790,20230704060000,0.103,0.014,0.02,0.0,0.0,0.0,1.0,4,0.0,0.0,13.59,19.42,589268
2023-07-04 07:00:00,00000000790,20230704070000,0.306,0.004,0.018,0.0,0.0,0.0,1.0,4,0.0,0.0,1.31,5.88,589268
2023-07-04 08:00:00,00000000790,20230704080000,0.124,0.022,0.01,0.0,0.0,0.0,1.0,4,0.0,0.0,17.74,8.06,589268
2023-07-04 09:00:00,00000000790,20230704090000,0.135,0.026,0.007,0.0,0.0,0.0,1.0,4,0.0,0.0,19.26,5.19,589268
2023-07-04 10:00:00,00000000790,20230704100000,0.39,0.019,0.017,0.0,0.0,0.0,1.0,4,0.0,0.0,4.87,4.36,589268
2023-07-04 11:00:00,00000000790,20230704110000,0.713,0.134,0.005,0.0,0.0,0.0,1.0,4,0.0,0.0,18.79,0.7,589268
2023-07-04 12:00:00,00000000790,20230704120000,0.418,0.097,0.004,0.0,0.0,0.0,1.0,4,0.0,0.0,23.21,0.96,589268
2023-07-04 13:00:00,00000000790,20230704130000,0.197,0.048,0.011,0.0,0.0,0.0,1.0,4,0.0,0.0,24.37,5.58,589268
2023-07-04 14:00:00,00000000790,20230704140000,0.733,0.168,0.002,0.0,0.0,0.0,1.0,4,0.0,0.0,22.92,0.27,589268
2023-07-04 15:00:00,00000000790,20230704150000,0.092,0.04,0.002,0.0,0.0,0.0,1.0,4,0.0,0.0,43.48,2.17,589268
2023-07-04 16:00:00,00000000790,20230704160000,0.013,0.0,0.009,0.0,0.0,0.0,1.0,4,0.0,0.0,0.0,69.23,589268
2023-07-04 17:00:00,00000000790,20230704170000,0.112,0.048,0.0,0.0,0.0,0.0,1.0,4,0.0,0.0,42.86,0.0,589268
2023-07-04 18:00:00,00000000790,20230704180000,0.034,0.014,0.007,0.0,0.0,0.0,1.0,4,0.0,0.0,41.18,20.59,589268
2023-07-04 19:00:00,00000000790,20230704190000,1.184,0.131,0.0,0.0,0.0,0.0,1.0,4,0.0,0.0,11.06,0.0,589268
2023-07-04 20:00:00,00000000790,20230704200000,1.35,0.1,0.0,0.0,0.0,0.0,1.0,4,0.0,0.0,7.41,0.0,589268
2023-07-04 21:00:00,00000000790,20230704210000,0.594,0.11,0.0,0.0,0.0,0.0,1.0,4,0.0,0.0,18.52,0.0,589268
2023-07-04 22:00:00,00000000790,20230704220000,0.318,0.07,0.0,0.0,0.0,0.0,1.0,4,0.0,0.0,22.01,0.0,589268
2023-07-04 23:00:00,00000000790,20230704230000,0.796,0.138,0.0,0.0,0.0,0.0,1.0,4,0.0,0.0,17.34,0.0,589268
2023-07-05 00:00:00,00000000790,20230705000000,0.513,0.107,0.0,0.0,0.0,0.0,1.0,4,0.0,0.0,20.86,0.0,589268
2023-07-05 01:00:00,00000000790,20230705010000,0.18,0.016,0.013,0.0,0.0,0.0,1.0,4,0.0,0.0,8.89,7.22,589268
2023-07-05 02:00:00,00000000790,20230705020000,0.127,0.021,0.011,0.0,0.0,0.0,1.0,4,0.0,0.0,16.54,8.66,589268
2023-07-05 03:00:00,00000000790,20230705030000,0.115,0.021,0.011,0.0,0.0,0.0,1.0,4,0.0,0.0,18.26,9.57,589268
2023-07-05 04:00:00,00000000790,20230705040000,0.111,0.019,0.012,0.0,0.0,0.0,1.0,4,0.0,0.0,17.12,10.81,589268
2023-07-05 05:00:00,00000000790,20230705050000,0.104,0.016,0.014,0.0,0.0,0.0,1.0,4,0.0,0.0,15.38,13.46,589268
2023-07-05 06:00:00,00000000790,20230705060000,0.089,0.016,0.014,0.0,0.0,0.0,1.0,4,0.0,0.0,17.98,15.73,589268
2023-07-05 07:00:00,00000000790,20230705070000,0.054,0.015,0.014,0.0,0.0,0.0,1.0,4,0.0,0.0,27.78,25.93,589268
2023-07-05 08:00:00,00000000790,20230705080000,0.054,0.013,0.014,0.0,0.0,0.0,1.0,4,0.0,0.0,24.07,25.93,589268
2023-07-05 09:00:00,00000000790,20230705090000,0.044,0.009,0.016,0.0,0.0,0.0,1.0,4,0.0,0.0,20.45,36.36,589268
2023-07-05 10:00:00,00000000790,20230705100000,0.419,0.017,0.01,0.0,0.0,0.0,1.0,4,0.0,0.0,4.06,2.39,589268
2023-07-05 11:00:00,00000000790,20230705110000,0.369,0.078,0.0,0.0,0.0,0.0,1.0,4,0.0,0.0,21.14,0.0,589268
2023-07-05 12:00:00,00000000790,20230705120000,0.454,0.083,0.0,0.0,0.0,0.0,1.0,4,0.0,0.0,18.28,0.0,589268
2023-07-05 13:00:00,00000000790,20230705130000,0.285,0.086,0.0,0.0,0.0,0.0,1.0,4,0.0,0.0,30.18,0.0,589268
2023-07-05 14:00:00,00000000790,20230705140000,0.191,0.066,0.0,0.0,0.0,0.0,1.0,4,0.0,0.0,34.55,0.0,589268
2023-07-05 15:00:00,00000000790,20230705150000,0.058,0.023,0.004,0.0,0.0,0.0,1.0,4,0.0,0.0,39.66,6.9,589268
2023-07-05 16:00:00,00000000790,20230705160000,0.016,0.002,0.009,0.0,0.0,0.0,1.0,4,0.0,0.0,12.5,56.25,589268
2023-07-05 17:00:00,00000000790,20230705170000,0.089,0.036,0.002,0.0,0.0,0.0,1.0,4,0.0,0.0,40.45,2.25,589268
2023-07-05 18:00:00,00000000790,20230705180000,0.052,0.022,0.004,0.0,0.0,0.0,1.0,4,0.0,0.0,42.31,7.69,589268
2023-07-05 19:00:00,00000000790,20230705190000,0.044,0.017,0.006,0.0,0.0,0.0,1.0,4,0.0,0.0,38.64,13.64,589268
2023-07-05 20:00:00,00000000790,20230705200000,1.447,0.153,0.002,0.0,0.0,0.0,1.0,4,0.0,0.0,10.57,0.14,589268
2023-07-05 21:00:00,00000000790,20230705210000,1.871,0.167,0.0,0.0,0.0,0.0,1.0,4,0.0,0.0,8.93,0.0,589268
2023-07-05 22:00:00,00000000790,20230705220000,1.49,0.051,0.0,0.0,0.0,0.0,1.0,4,0.0,0.0,3.42,0.0,589268
2023-07-05 23:00:00,00000000790,20230705230000,0.722,0.089,0.0,0.0,0.0,0.0,1.0,4,0.0,0.0,12.33,0.0,589268
2023-07-06 00:00:00,00000000790,20230706000000,0.361,0.087,0.0,0.0,0.0,0.0,1.0,4,0.0,0.0,24.1,0.0,589268
2023-07-06 01:00:00,00000000790,20230706010000,0.215,0.057,0.0,0.0,0.0,0.0,1.0,4,0.0,0.0,26.51,0.0,589268
2023-07-06 02:00:00,00000000790,20230706020000,0.517,0.011,0.016,0.0,0.0,0.0,1.0,4,0.0,0.0,2.13,3.09,589268
2023-07-06 03:00:00,00000000790,20230706030000,0.164,0.035,0.004,0.0,0.0,0.0,1.0,4,0.0,0.0,21.34,2.44,589268
2023-07-06 04:00:00,00000000790,20230706040000,0.06,0.009,0.016,0.0,0.0,0.0,1.0,4,0.0,0.0,15.0,26.67,589268
2023-07-06 05:00:00,00000000790,20230706050000,0.067,0.016,0.014,0.0,0.0,0.0,1.0,4,0.0,0.0,23.88,20.9,589268
2023-07-06 06:00:00,00000000790,20230706060000,0.075,0.024,0.01,0.0,0.0,0.0,1.0,4,0.0,0.0,32.0,13.33,589268
2023-07-06 07:00:00,00000000790,20230706070000,0.394,0.024,0.009,0.0,0.0,0.0,1.0,4,0.0,0.0,6.09,2.28,589268
2023-07-06 08:00:00,00000000790,20230706080000,0.087,0.015,0.013,0.0,0.0,0.0,1.0,4,0.0,0.0,17.24,14.94,589268
2023-07-06 09:00:00,00000000790,20230706090000,0.45,0.291,0.0,0.0,0.0,0.0,1.0,4,0.0,0.0,64.67,0.0,589268
2023-07-06 10:00:00,00000000790,20230706100000,1.674,0.291,0.001,0.0,0.0,0.0,1.0,4,0.0,0.0,17.38,0.06,589268
2023-07-06 11:00:00,00000000790,20230706110000,0.756,0.085,0.014,0.0,0.0,0.0,1.0,4,0.0,0.0,11.24,1.85,589268
2023-07-06 12:00:00,00000000790,20230706120000,1.348,0.133,0.0,0.0,0.0,0.0,1.0,4,0.0,0.0,9.87,0.0,589268
2023-07-06 13:00:00,00000000790,20230706130000,0.221,0.032,0.0,0.0,0.0,0.0,1.0,4,0.0,0.0,14.48,0.0,589268
2023-07-06 14:00:00,00000000790,20230706140000,0.189,0.025,0.006,0.0,0.0,0.0,1.0,4,0.0,0.0,13.23,3.17,589268
2023-07-06 15:00:00,00000000790,20230706150000,0.1,0.044,0.0,0.0,0.0,0.0,1.0,4,0.0,0.0,44.0,0.0,589268
2023-07-06 16:00:00,00000000790,20230706160000,0.03,0.012,0.007,0.0,0.0,0.0,1.0,4,0.0,0.0,40.0,23.33,589268
2023-07-06 17:00:00,00000000790,20230706170000,0.321,0.0,0.009,0.0,0.0,0.0,1.0,4,0.0,0.0,0.0,2.8,589268
2023-07-06 18:00:00,00000000790,20230706180000,0.1,0.041,0.001,0.0,0.0,0.0,1.0,4,0.0,0.0,41.0,1.0,589268
2023-07-06 19:00:00,00000000790,20230706190000,1.192,0.044,0.002,0.0,0.0,0.0,1.0,4,0.0,0.0,3.69,0.17,589268
2023-07-06 20:00:00,00000000790,20230706200000,0.455,0.096,0.0,0.0,0.0,0.0,1.0,4,0.0,0.0,21.1,0.0,589268
2023-07-06 21:00:00,00000000790,20230706210000,0.35,0.09,0.0,0.0,0.0,0.0,1.0,4,0.0,0.0,25.71,0.0,589268
2023-07-06 22:00:00,00000000790,20230706220000,0.513,0.091,0.0,0.0,0.0,0.0,1.0,4,0.0,0.0,17.74,0.0,589268
2023-07-06 23:00:00,00000000790,20230706230000,0.901,0.09,0.0,0.0,0.0,0.0,1.0,4,0.0,0.0,9.99,0.0,589268
2023-07-07 00:00:00,00000000790,20230707000000,0.526,0.088,0.0,0.0,0.0,0.0,1.0,4,0.0,0.0,16.73,0.0,589268
2023-07-07 01:00:00,00000000790,20230707010000,0.137,0.04,0.006,0.0,0.0,0.0,1.0,4,0.0,0.0,29.2,4.38,589268
2023-07-07 02:00:00,00000000790,20230707020000,0.074,0.015,0.013,0.0,0.0,0.0,1.0,4,0.0,0.0,20.27,17.57,589268
2023-07-07 03:00:00,00000000790,20230707030000,0.342,0.015,0.012,0.0,0.0,0.0,1.0,4,0.0,0.0,4.39,3.51,589268
2023-07-07 04:00:00,00000000790,20230707040000,0.119,0.02,0.011,0.0,0.0,0.0,1.0,4,0.0,0.0,16.81,9.24,589268
2023-07-07 05:00:00,00000000790,20230707050000,0.036,0.011,0.016,0.0,0.0,0.0,1.0,4,0.0,0.0,30.56,44.44,589268
2023-07-07 06:00:00,00000000790,20230707060000,0.059,0.017,0.012,0.0,0.0,0.0,1.0,4,0.0,0.0,28.81,20.34,589268
2023-07-07 07:00:00,00000000790,20230707070000,0.054,0.019,0.012,0.0,0.0,0.0,1.0,4,0.0,0.0,35.19,22.22,589268
2023-07-07 08:00:00,00000000790,20230707080000,0.367,0.016,0.011,0.0,0.0,0.0,1.0,4,0.0,0.0,4.36,3.0,589268
2023-07-07 09:00:00,00000000790,20230707090000,0.048,0.013,0.012,0.0,0.0,0.0,1.0,4,0.0,0.0,27.08,25.0,589268
2023-07-07 10:00:00,00000000790,20230707100000,0.475,0.021,0.008,0.0,0.0,0.0,1.0,4,0.0,0.0,4.42,1.68,589268
2023-07-07 11:00:00,00000000790,20230707110000,0.394,0.02,0.007,0.0,0.0,0.0,1.0,4,0.0,0.0,5.08,1.78,589268
2023-07-07 12:00:00,00000000790,20230707120000,0.392,0.016,0.009,0.0,0.0,0.0,1.0,4,0.0,0.0,4.08,2.3,589268
2023-07-07 13:00:00,00000000790,20230707130000,1.016,0.174,0.0,0.0,0.0,0.0,1.0,4,0.0,0.0,17.13,0.0,589268
2023-07-07 14:00:00,00000000790,20230707140000,1.038,0.107,0.009,0.0,0.0,0.0,1.0,4,0.0,0.0,10.31,0.87,589268
2023-07-07 15:00:00,00000000790,20230707150000,0.131,0.024,0.004,0.0,0.0,0.0,1.0,4,0.0,0.0,18.32,3.05,589268
2023-07-07 16:00:00,00000000790,20230707160000,0.045,0.016,0.007,0.0,0.0,0.0,1.0,4,0.0,0.0,35.56,15.56,589268
2023-07-07 17:00:00,00000000790,20230707170000,0.048,0.016,0.008,0.0,0.0,0.0,1.0,4,0.0,0.0,33.33,16.67,589268
2023-07-07 18:00:00,00000000790,20230707180000,0.351,0.059,0.008,0.0,0.0,0.0,1.0,4,0.0,0.0,16.81,2.28,589268
2023-07-07 19:00:00,00000000790,20230707190000,0.107,0.038,0.0,0.0,0.0,0.0,1.0,4,0.0,0.0,35.51,0.0,589268
2023-07-07 20:00:00,00000000790,20230707200000,0.07,0.026,0.005,0.0,0.0,0.0,1.0,4,0.0,0.0,37.14,7.14,589268
2023-07-07 21:00:00,00000000790,20230707210000,0.048,0.016,0.007,0.0,0.0,0.0,1.0,4,0.0,0.0,33.33,14.58,589268
2023-07-07 22:00:00,00000000790,20230707220000,0.045,0.016,0.007,0.0,0.0,0.0,1.0,4,0.0,0.0,35.56,15.56,589268
2023-07-07 23:00:00,00000000790,20230707230000,0.032,0.009,0.01,0.0,0.0,0.0,1.0,4,0.0,0.0,28.12,31.25,589268
2023-07-08 00:00:00,00000000790,20230708000000,0.137,0.053,0.003,0.0,0.0,0.0,1.0,4,0.0,0.0,38.69,2.19,589268
2023-07-08 01:00:00,00000000790,20230708010000,0.245,0.07,0.0,0.0,0.0,0.0,1.0,4,0.0,0.0,28.57,0.0,589268
2023-07-08 02:00:00,00000000790,20230708020000,0.183,0.053,0.003,0.0,0.0,0.0,1.0,4,0.0,0.0,28.96,1.64,589268
2023-07-08 03:00:00,00000000790,20230708030000,0.099,0.016,0.013,0.0,0.0,0.0,1.0,4,0.0,0.0,16.16,13.13,589268
2023-07-08 04:00:00,00000000790,20230708040000,0.1,0.018,0.011,0.0,0.0,0.0,1.0,4,0.0,0.0,18.0,11.0,589268
2023-07-08 05:00:00,00000000790,20230708050000,0.063,0.01,0.018,0.0,0.0,0.0,1.0,4,0.0,0.0,15.87,28.57,589268
2023-07-08 06:00:00,00000000790,20230708060000,0.101,0.016,0.015,0.0,0.0,0.0,1.0,4,0.0,0.0,15.84,14.85,589268
2023-07-08 07:00:00,00000000790,20230708070000,0.066,0.022,0.011,0.0,0.0,0.0,1.0,4,0.0,0.0,33.33,16.67,589268
2023-07-08 08:00:00,00000000790,20230708080000,0.061,0.02,0.012,0.0,0.0,0.0,1.0,4,0.0,0.0,32.79,19.67,589268
2023-07-08 09:00:00,00000000790,20230708090000,0.054,0.016,0.012,0.0,0.0,0.0,1.0,4,0.0,0.0,29.63,22.22,589268
2023-07-08 10:00:00,00000000790,20230708100000,0.616,0.014,0.013,0.0,0.0,0.0,1.0,4,0.0,0.0,2.27,2.11,589268
2023-07-08 11:00:00,00000000790,20230708110000,0.701,0.204,0.0,0.0,0.0,0.0,1.0,4,0.0,0.0,29.1,0.0,589268
2023-07-08 12:00:00,00000000790,20230708120000,0.816,0.106,0.0,0.0,0.0,0.0,1.0,4,0.0,0.0,12.99,0.0,589268
2023-07-08 13:00:00,00000000790,20230708130000,0.433,0.12,0.0,0.0,0.0,0.0,1.0,4,0.0,0.0,27.71,0.0,589268
2023-07-08 14:00:00,00000000790,20230708140000,0.396,0.066,0.0,0.0,0.0,0.0,1.0,4,0.0,0.0,16.67,0.0,589268
2023-07-08 15:00:00,00000000790,20230708150000,0.034,0.015,0.006,0.0,0.0,0.0,1.0,4,0.0,0.0,44.12,17.65,589268
2023-07-08 16:00:00,00000000790,20230708160000,0.053,0.022,0.004,0.0,0.0,0.0,1.0,4,0.0,0.0,41.51,7.55,589268
2023-07-08 17:00:00,00000000790,20230708170000,0.056,0.022,0.005,0.0,0.0,0.0,1.0,4,0.0,0.0,39.29,8.93,589268
2023-07-08 18:00:00,00000000790,20230708180000,1.54,0.014,0.012,0.0,0.0,0.0,1.0,4,0.0,0.0,0.91,0.78,589268
2023-07-08 19:00:00,00000000790,20230708190000,0.119,0.02,0.003,0.0,0.0,0.0,1.0,4,0.0,0.0,16.81,2.52,589268
2023-07-08 20:00:00,00000000790,20230708200000,0.062,0.025,0.004,0.0,0.0,0.0,1.0,4,0.0,0.0,40.32,6.45,589268
2023-07-08 21:00:00,00000000790,20230708210000,0.059,0.022,0.004,0.0,0.0,0.0,1.0,4,0.0,0.0,37.29,6.78,589268
2023-07-08 22:00:00,00000000790,20230708220000,0.056,0.022,0.005,0.0,0.0,0.0,1.0,4,0.0,0.0,39.29,8.93,589268
2023-07-08 23:00:00,00000000790,20230708230000,0.019,0.005,0.008,0.0,0.0,0.0,1.0,4,0.0,0.0,26.32,42.11,589268
2023-07-09 00:00:00,00000000790,20230709000000,0.065,0.025,0.005,0.0,0.0,0.0,1.0,4,0.0,0.0,38.46,7.69,589268
2023-07-09 01:00:00,00000000790,20230709010000,0.193,0.052,0.0,0.0,0.0,0.0,1.0,4,0.0,0.0,26.94,0.0,589268
2023-07-09 02:00:00,00000000790,20230709020000,0.514,0.061,0.006,0.0,0.0,0.0,1.0,4,0.0,0.0,11.87,1.17,589268
2023-07-09 03:00:00,00000000790,20230709030000,0.107,0.018,0.011,0.0,0.0,0.0,1.0,4,0.0,0.0,16.82,10.28,589268
2023-07-09 04:00:00,00000000790,20230709040000,0.068,0.02,0.011,0.0,0.0,0.0,1.0,4,0.0,0.0,29.41,16.18,589268
2023-07-09 05:00:00,00000000790,20230709050000,0.028,0.002,0.019,0.0,0.0,0.0,1.0,4,0.0,0.0,7.14,67.86,589268
2023-07-09 06:00:00,00000000790,20230709060000,0.102,0.035,0.005,0.0,0.0,0.0,1.0,4,0.0,0.0,34.31,4.9,589268
2023-07-09 07:00:00,00000000790,20230709070000,0.073,0.004,0.019,0.0,0.0,0.0,1.0,4,0.0,0.0,5.48,26.03,589268
2023-07-09 08:00:00,00000000790,20230709080000,0.091,0.028,0.008,0.0,0.0,0.0,1.0,4,0.0,0.0,30.77,8.79,589268
2023-07-09 09:00:00,00000000790,20230709090000,0.075,0.019,0.011,0.0,0.0,0.0,1.0,4,0.0,0.0,25.33,14.67,589268
2023-07-09 10:00:00,00000000790,20230709100000,0.32,0.014,0.012,0.0,0.0,0.0,1.0,4,0.0,0.0,4.38,3.75,589268
2023-07-09 11:00:00,00000000790,20230709110000,0.785,0.094,0.007,0.0,0.0,0.0,1.0,4,0.0,0.0,11.97,0.89,589268
2023-07-09 12:00:00,00000000790,20230709120000,0.373,0.007,0.018,0.0,0.0,0.0,1.0,4,0.0,0.0,1.88,4.83,589268
2023-07-09 13:00:00,00000000790,20230709130000,0.415,0.024,0.008,0.0,0.0,0.0,1.0,4,0.0,0.0,5.78,1.93,589268
2023-07-09 14:00:00,00000000790,20230709140000,1.179,0.03,0.0,0.0,0.0,0.0,1.0,4,0.0,0.0,2.54,0.0,589268
2023-07-09 15:00:00,00000000790,20230709150000,0.225,0.034,0.0,0.0,0.0,0.0,1.0,4,0.0,0.0,15.11,0.0,589268
2023-07-09 16:00:00,00000000790,20230709160000,1.197,0.075,0.0,0.0,0.0,0.0,1.0,4,0.0,0.0,6.27,0.0,589268
2023-07-09 17:00:00,00000000790,20230709170000,0.081,0.037,0.002,0.0,0.0,0.0,1.0,4,0.0,0.0,45.68,2.47,589268
2023-07-09 18:00:00,00000000790,20230709180000,0.012,0.0,0.01,0.0,0.0,0.0,1.0,4,0.0,0.0,0.0,83.33,589268
2023-07-09 19:00:00,00000000790,20230709190000,0.606,0.045,0.001,0.0,0.0,0.0,1.0,4,0.0,0.0,7.43,0.17,589268
2023-07-09 20:00:00,00000000790,20230709200000,0.546,0.087,0.0,0.0,0.0,0.0,1.0,4,0.0,0.0,15.93,0.0,589268
2023-07-09 21:00:00,00000000790,20230709210000,0.686,0.143,0.0,0.0,0.0,0.0,1.0,4,0.0,0.0,20.85,0.0,589268
2023-07-09 22:00:00,00000000790,20230709220000,0.685,0.119,0.0,0.0,0.0,0.0,1.0,4,0.0,0.0,17.37,0.0,589268
2023-07-09 23:00:00,00000000790,20230709230000,0.221,0.093,0.0,0.0,0.0,0.0,1.0,4,0.0,0.0,42.08,0.0,589268
2023-07-10 00:00:00,00000000790,20230710000000,0.278,0.073,0.0,0.0,0.0,0.0,1.0,4,0.0,0.0,26.26,0.0,589268
2023-07-10 01:00:00,00000000790,20230710010000,0.395,0.103,0.0,0.0,0.0,0.0,1.0,4,0.0,0.0,26.08,0.0,589268
2023-07-10 02:00:00,00000000790,20230710020000,0.135,0.089,0.0,0.0,0.0,0.0,1.0,4,0.0,0.0,65.93,0.0,589268
2023-07-10 03:00:00,00000000790,20230710030000,0.183,0.045,0.006,0.0,0.0,0.0,1.0,4,0.0,0.0,24.59,3.28,589268
2023-07-10 04:00:00,00000000790,20230710040000,0.102,0.018,0.013,0.0,0.0,0.0,1.0,4,0.0,0.0,17.65,12.75,589268
2023-07-10 05:00:00,00000000790,20230710050000,0.097,0.014,0.015,0.0,0.0,0.0,1.0,4,0.0,0.0,14.43,15.46,589268
2023-07-10 06:00:00,00000000790,20230710060000,0.093,0.012,0.017,0.0,0.0,0.0,1.0,4,0.0,0.0,12.9,18.28,589268
2023-07-10 07:00:00,00000000790,20230710070000,0.07,0.012,0.016,0.0,0.0,0.0,1.0,4,0.0,0.0,17.14,22.86,589268
2023-07-10 08:00:00,00000000790,20230710080000,0.031,0.003,0.019,0.0,0.0,0.0,1.0,4,0.0,0.0,9.68,61.29,589268
2023-07-10 09:00:00,00000000790,20230710090000,0.038,0.003,0.018,0.0,0.0,0.0,1.0,4,0.0,0.0,7.89,47.37,589268
2023-07-10 10:00:00,00000000790,20230710100000,0.377,0.034,0.0,0.0,0.0,0.0,1.0,4,0.0,0.0,9.02,0.0,589268
2023-07-10 11:00:00,00000000790,20230710110000,0.612,0.028,0.006,0.0,0.0,0.0,1.0,4,0.0,0.0,4.58,0.98,589268
2023-07-10 12:00:00,00000000790,20230710120000,0.346,0.07,0.0,0.0,0.0,0.0,1.0,4,0.0,0.0,20.23,0.0,589268
2023-07-10 13:00:00,00000000790,20230710130000,0.278,0.082,0.0,0.0,0.0,0.0,1.0,4,0.0,0.0,29.5,0.0,589268
2023-07-10 14:00:00,00000000790,20230710140000,0.146,0.05,0.001,0.0,0.0,0.0,1.0,4,0.0,0.0,34.25,0.68,589268
2023-07-10 15:00:00,00000000790,20230710150000,0.25,0.0,0.008,0.0,0.0,0.0,1.0,4,0.0,0.0,0.0,3.2,589268
2023-07-10 16:00:00,00000000790,20230710160000,0.088,0.03,0.002,0.0,0.0,0.0,1.0,4,0.0,0.0,34.09,2.27,589268
2023-07-10 17:00:00,00000000790,20230710170000,0.063,0.023,0.003,0.0,0.0,0.0,1.0,4,0.0,0.0,36.51,4.76,589268
2023-07-10 18:00:00,00000000790,20230710180000,1.786,0.016,0.008,0.0,0.0,0.0,1.0,4,0.0,0.0,0.9,0.45,589268
2023-07-10 19:00:00,00000000790,20230710190000,0.229,0.018,0.006,0.0,0.0,0.0,1.0,4,0.0,0.0,7.86,2.62,589268
2023-07-10 20:00:00,00000000790,20230710200000,0.043,0.016,0.005,0.0,0.0,0.0,1.0,4,0.0,0.0,37.21,11.63,589268
2023-07-10 21:00:00,00000000790,20230710210000,0.031,0.008,0.007,0.0,0.0,0.0,1.0,4,0.0,0.0,25.81,22.58,589268
2023-07-10 22:00:00,00000000790,20230710220000,0.084,0.028,0.003,0.0,0.0,0.0,1.0,4,0.0,0.0,33.33,3.57,589268
2023-07-10 23:00:00,00000000790,20230710230000,0.445,0.084,0.004,0.0,0.0,0.0,1.0,4,0.0,0.0,18.88,0.9,589268
2023-07-11 00:00:00,00000000790,20230711000000,0.654,0.263,0.0,0.0,0.0,0.0,1.0,4,0.0,0.0,40.21,0.0,589268
2023-07-11 01:00:00,00000000790,20230711010000,0.45,0.095,0.0,0.0,0.0,0.0,1.0,4,0.0,0.0,21.11,0.0,589268
2023-07-11 02:00:00,00000000790,20230711020000,0.179,0.073,0.004,0.0,0.0,0.0,1.0,4,0.0,0.0,40.78,2.23,589268
2023-07-11 03:00:00,00000000790,20230711030000,0.096,0.017,0.011,0.0,0.0,0.0,1.0,4,0.0,0.0,17.71,11.46,589268
2023-07-11 04:00:00,00000000790,20230711040000,0.108,0.018,0.011,0.0,0.0,0.0,1.0,4,0.0,0.0,16.67,10.19,589268
2023-07-11 05:00:00,00000000790,20230711050000,0.095,0.016,0.012,0.0,0.0,0.0,1.0,4,0.0,0.0,16.84,12.63,589268
2023-07-11 06:00:00,00000000790,20230711060000,0.083,0.015,0.014,0.0,0.0,0.0,1.0,4,0.0,0.0,18.07,16.87,589268
2023-07-11 07:00:00,00000000790,20230711070000,0.038,0.013,0.014,0.0,0.0,0.0,1.0,4,0.0,0.0,34.21,36.84,589268
2023-07-11 08:00:00,00000000790,20230711080000,0.038,0.012,0.013,0.0,0.0,0.0,1.0,4,0.0,0.0,31.58,34.21,589268
2023-07-11 09:00:00,00000000790,20230711090000,0.046,0.012,0.013,0.0,0.0,0.0,1.0,4,0.0,0.0,26.09,28.26,589268
2023-07-11 10:00:00,00000000790,20230711100000,0.07,0.019,0.008,0.0,0.0,0.0,1.0,4,0.0,0.0,27.14,11.43,589268
2023-07-11 11:00:00,00000000790,20230711110000,0.62,0.025,0.004,0.0,0.0,0.0,1.0,4,0.0,0.0,4.03,0.65,589268
2023-07-11 12:00:00,00000000790,20230711120000,0.362,0.015,0.01,0.0,0.0,0.0,1.0,4,0.0,0.0,4.14,2.76,589268
2023-07-11 13:00:00,00000000790,20230711130000,0.252,0.03,0.003,0.0,0.0,0.0,1.0,4,0.0,0.0,11.9,1.19,589268
2023-07-11 14:00:00,00000000790,20230711140000,1.076,0.148,0.0,0.0,0.0,0.0,1.0,4,0.0,0.0,13.75,0.0,589268
2023-07-11 15:00:00,00000000790,20230711150000,0.272,0.06,0.0,0.0,0.0,0.0,1.0,4,0.0,0.0,22.06,0.0,589268
2023-07-11 16:00:00,00000000790,20230711160000,0.233,0.049,0.0,0.0,0.0,0.0,1.0,4,0.0,0.0,21.03,0.0,589268
2023-07-11 17:00:00,00000000790,20230711170000,0.055,0.021,0.005,0.0,0.0,0.0,1.0,4,0.0,0.0,38.18,9.09,589268
2023-07-11 18:00:00,00000000790,20230711180000,0.047,0.017,0.005,0.0,0.0,0.0,1.0,4,0.0,0.0,36.17,10.64,589268
2023-07-11 19:00:00,00000000790,20230711190000,1.224,0.043,0.004,0.0,0.0,0.0,1.0,4,0.0,0.0,3.51,0.33,589268
2023-07-11 20:00:00,00000000790,20230711200000,1.878,0.103,0.0,0.0,0.0,0.0,1.0,4,0.0,0.0,5.48,0.0,589268
2023-07-11 21:00:00,00000000790,20230711210000,0.518,0.081,0.0,0.0,0.0,0.0,1.0,4,0.0,0.0,15.64,0.0,589268
2023-07-11 22:00:00,00000000790,20230711220000,0.182,0.061,0.0,0.0,0.0,0.0,1.0,4,0.0,0.0,33.52,0.0,589268
2023-07-11 23:00:00,00000000790,20230711230000,0.1,0.04,0.001,0.0,0.0,0.0,1.0,4,0.0,0.0,40.0,1.0,589268
2023-07-12 00:00:00,00000000790,20230712000000,0.425,0.03,0.003,0.0,0.0,0.0,1.0,4,0.0,0.0,7.06,0.71,589268
2023-07-12 01:00:00,00000000790,20230712010000,0.289,0.082,0.0,0.0,0.0,0.0,1.0,4,0.0,0.0,28.37,0.0,589268
2023-07-12 02:00:00,00000000790,20230712020000,0.269,0.061,0.0,0.0,0.0,0.0,1.0,4,0.0,0.0,22.68,0.0,589268
2023-07-12 03:00:00,00000000790,20230712030000,0.123,0.02,0.009,0.0,0.0,0.0,1.0,4,0.0,0.0,16.26,7.32,589268
2023-07-12 04:00:00,00000000790,20230712040000,0.102,0.011,0.012,0.0,0.0,0.0,1.0,4,0.0,0.0,10.78,11.76,589268
2023-07-12 05:00:00,00000000790,20230712050000,0.453,0.016,0.011,0.0,0.0,0.0,1.0,4,0.0,0.0,3.53,2.43,589268
2023-07-12 06:00:00,00000000790,20230712060000,0.088,0.018,0.01,0.0,0.0,0.0,1.0,4,0.0,0.0,20.45,11.36,589268
2023-07-12 07:00:00,00000000790,20230712070000,0.055,0.012,0.014,0.0,0.0,0.0,1.0,4,0.0,0.0,21.82,25.45,589268
2023-07-12 08:00:00,00000000790,20230712080000,0.051,0.01,0.013,0.0,0.0,0.0,1.0,4,0.0,0.0,19.61,25.49,589268
2023-07-12 09:00:00,00000000790,20230712090000,0.051,0.01,0.013,0.0,0.0,0.0,1.0,4,0.0,0.0,19.61,25.49,589268
2023-07-12 10:00:00,00000000790,20230712100000,0.036,0.005,0.01,0.0,0.0,0.0,1.0,4,0.0,0.0,13.89,27.78,589268
2023-07-12 11:00:00,00000000790,20230712110000,0.714,0.015,0.0,0.0,0.0,0.0,1.0,4,0.0,0.0,2.1,0.0,589268
2023-07-12 12:00:00,00000000790,20230712120000,0.374,0.089,0.0,0.0,0.0,0.0,1.0,4,0.0,0.0,23.8,0.0,589268
2023-07-12 13:00:00,00000000790,20230712130000,0.937,0.102,0.0,0.0,0.0,0.0,1.0,4,0.0,0.0,10.89,0.0,589268
2023-07-12 14:00:00,00000000790,20230712140000,0.002,0.001,0.0,0.0,0.0,0.0,1.0,4,0.0,0.0,50.0,0.0,589268
2023-07-12 15:00:00,00000000790,20230712150000,0.34,0.095,0.0,0.0,0.0,0.0,1.0,4,0.0,0.0,27.94,0.0,589268
2023-07-12 16:00:00,00000000790,20230712160000,0.072,0.027,0.004,0.0,0.0,0.0,1.0,4,0.0,0.0,37.5,5.56,589268
2023-07-12 17:00:00,00000000790,20230712170000,0.065,0.025,0.004,0.0,0.0,0.0,1.0,4,0.0,0.0,38.46,6.15,589268
2023-07-12 18:00:00,00000000790,20230712180000,0.05,0.017,0.005,0.0,0.0,0.0,1.0,4,0.0,0.0,34.0,10.0,589268
2023-07-12 19:00:00,00000000790,20230712190000,0.049,0.016,0.006,0.0,0.0,0.0,1.0,4,0.0,0.0,32.65,12.24,589268
2023-07-12 20:00:00,00000000790,20230712200000,1.487,0.029,0.001,0.0,0.0,0.0,1.0,4,0.0,0.0,1.95,0.07,589268
2023-07-12 21:00:00,00000000790,20230712210000,0.438,0.073,0.0,0.0,0.0,0.0,1.0,4,0.0,0.0,16.67,0.0,589268
2023-07-12 22:00:00,00000000790,20230712220000,0.815,0.178,0.0,0.0,0.0,0.0,1.0,4,0.0,0.0,21.84,0.0,589268
2023-07-12 23:00:00,00000000790,20230712230000,0.218,0.043,0.0,0.0,0.0,0.0,1.0,4,0.0,0.0,19.72,0.0,589268
2023-07-13 00:00:00,00000000790,20230713000000,0.556,0.117,0.0,0.0,0.0,0.0,1.0,4,0.0,0.0,21.04,0.0,589268
2023-07-13 01:00:00,00000000790,20230713010000,0.65,0.136,0.0,0.0,0.0,0.0,1.0,4,0.0,0.0,20.92,0.0,589268
2023-07-13 02:00:00,00000000790,20230713020000,0.458,0.082,0.0,0.0,0.0,0.0,1.0,4,0.0,0.0,17.9,0.0,589268
2023-07-13 03:00:00,00000000790,20230713030000,0.207,0.04,0.0,0.0,0.0,0.0,1.0,4,0.0,0.0,19.32,0.0,589268
2023-07-13 04:00:00,00000000790,20230713040000,0.189,0.034,0.004,0.0,0.0,0.0,1.0,4,0.0,0.0,17.99,2.12,589268
2023-07-13 05:00:00,00000000790,20230713050000,0.122,0.001,0.023,0.0,0.0,0.0,1.0,4,0.0,0.0,0.82,18.85,589268
2023-07-13 06:00:00,00000000790,20230713060000,0.194,0.008,0.019,0.0,0.0,0.0,1.0,4,0.0,0.0,4.12,9.79,589268
2023-07-13 07:00:00,00000000790,20230713070000,0.549,0.042,0.0,0.0,0.0,0.0,1.0,4,0.0,0.0,7.65,0.0,589268
2023-07-13 08:00:00,00000000790,20230713080000,0.177,0.024,0.009,0.0,0.0,0.0,1.0,4,0.0,0.0,13.56,5.08,589268
2023-07-13 09:00:00,00000000790,20230713090000,0.402,0.02,0.009,0.0,0.0,0.0,1.0,4,0.0,0.0,4.98,2.24,589268
2023-07-13 10:00:00,00000000790,20230713100000,0.268,0.023,0.007,0.0,0.0,0.0,1.0,4,0.0,0.0,8.58,2.61,589268
2023-07-13 11:00:00,00000000790,20230713110000,0.365,0.037,0.0,0.0,0.0,0.0,1.0,4,0.0,0.0,10.14,0.0,589268
2023-07-13 12:00:00,00000000790,20230713120000,0.374,0.055,0.0,0.0,0.0,0.0,1.0,4,0.0,0.0,14.71,0.0,589268
2023-07-13 13:00:00,00000000790,20230713130000,0.751,0.14,0.0,0.0,0.0,0.0,1.0,4,0.0,0.0,18.64,0.0,589268
2023-07-13 14:00:00,00000000790,20230713140000,1.16,0.167,0.0,0.0,0.0,0.0,1.0,4,0.0,0.0,14.4,0.0,589268
2023-07-13 15:00:00,00000000790,20230713150000,0.185,0.068,0.0,0.0,0.0,0.0,1.0,4,0.0,0.0,36.76,0.0,589268
2023-07-13 16:00:00,00000000790,20230713160000,0.057,0.024,0.004,0.0,0.0,0.0,1.0,4,0.0,0.0,42.11,7.02,589268
2023-07-13 17:00:00,00000000790,20230713170000,0.045,0.019,0.005,0.0,0.0,0.0,1.0,4,0.0,0.0,42.22,11.11,589268
2023-07-13 18:00:00,00000000790,20230713180000,0.033,0.01,0.007,0.0,0.0,0.0,1.0,4,0.0,0.0,30.3,21.21,589268
2023-07-13 19:00:00,00000000790,20230713190000,0.571,0.03,0.004,0.0,0.0,0.0,1.0,4,0.0,0.0,5.25,0.7,589268
2023-07-13 20:00:00,00000000790,20230713200000,0.591,0.091,0.0,0.0,0.0,0.0,1.0,4,0.0,0.0,15.4,0.0,589268
2023-07-13 21:00:00,00000000790,20230713210000,0.287,0.087,0.0,0.0,0.0,0.0,1.0,4,0.0,0.0,30.31,0.0,589268
2023-07-13 22:00:00,00000000790,20230713220000,0.391,0.09,0.0,0.0,0.0,0.0,1.0,4,0.0,0.0,23.02,0.0,589268
2023-07-13 23:00:00,00000000790,20230713230000,0.459,0.065,0.0,0.0,0.0,0.0,1.0,4,0.0,0.0,14.16,0.0,589268
2023-07-14 00:00:00,00000000790,20230714000000,0.055,0.016,0.011,0.0,0.0,0.0,1.0,4,0.0,0.0,29.09,20.0,589268
2023-07-14 01:00:00,00000000790,20230714010000,0.258,0.06,0.016,0.0,0.0,0.0,1.0,4,0.0,0.0,23.26,6.2,589268
2023-07-14 02:00:00,00000000790,20230714020000,1.006,0.28,0.0,0.0,0.0,0.0,1.0,4,0.0,0.0,27.83,0.0,589268
2023-07-14 03:00:00,00000000790,20230714030000,0.212,0.057,0.0,0.0,0.0,0.0,1.0,4,0.0,0.0,26.89,0.0,589268
2023-07-14 04:00:00,00000000790,20230714040000,0.518,0.041,0.0,0.0,0.0,0.0,1.0,4,0.0,0.0,7.92,0.0,589268
2023-07-14 05:00:00,00000000790,20230714050000,0.205,0.04,0.0,0.0,0.0,0.0,1.0,4,0.0,0.0,19.51,0.0,589268
2023-07-14 06:00:00,00000000790,20230714060000,0.155,0.026,0.009,0.0,0.0,0.0,1.0,4,0.0,0.0,16.77,5.81,589268
2023-07-14 07:00:00,00000000790,20230714070000,0.089,0.0,0.022,0.0,0.0,0.0,1.0,4,0.0,0.0,0.0,24.72,589268
2023-07-14 08:00:00,00000000790,20230714080000,0.195,0.027,0.007,0.0,0.0,0.0,1.0,4,0.0,0.0,13.85,3.59,589268
2023-07-14 09:00:00,00000000790,20230714090000,0.139,0.025,0.006,0.0,0.0,0.0,1.0,4,0.0,0.0,17.99,4.32,589268
2023-07-14 10:00:00,00000000790,20230714100000,0.423,0.017,0.008,0.0,0.0,0.0,1.0,4,0.0,0.0,4.02,1.89,589268
2023-07-14 11:00:00,00000000790,20230714110000,0.572,0.031,0.006,0.0,0.0,0.0,1.0,4,0.0,0.0,5.42,1.05,589268
2023-07-14 12:00:00,00000000790,20230714120000,0.441,0.09,0.0,0.0,0.0,0.0,1.0,4,0.0,0.0,20.41,0.0,589268
2023-07-14 13:00:00,00000000790,20230714130000,0.416,0.065,0.0,0.0,0.0,0.0,1.0,4,0.0,0.0,15.62,0.0,589268
2023-07-14 14:00:00,00000000790,20230714140000,0.544,0.079,0.0,0.0,0.0,0.0,1.0,4,0.0,0.0,14.52,0.0,589268
2023-07-14 15:00:00,00000000790,20230714150000,0.729,0.092,0.0,0.0,0.0,0.0,1.0,4,0.0,0.0,12.62,0.0,589268
2023-07-14 16:00:00,00000000790,20230714160000,0.187,0.027,0.003,0.0,0.0,0.0,1.0,4,0.0,0.0,14.44,1.6,589268
2023-07-14 17:00:00,00000000790,20230714170000,0.068,0.026,0.003,0.0,0.0,0.0,1.0,4,0.0,0.0,38.24,4.41,589268
2023-07-14 18:00:00,00000000790,20230714180000,0.065,0.025,0.003,0.0,0.0,0.0,1.0,4,0.0,0.0,38.46,4.62,589268
2023-07-14 19:00:00,00000000790,20230714190000,0.035,0.012,0.006,0.0,0.0,0.0,1.0,4,0.0,0.0,34.29,17.14,589268
2023-07-14 20:00:00,00000000790,20230714200000,0.062,0.005,0.01,0.0,0.0,0.0,1.0,4,0.0,0.0,8.06,16.13,589268
2023-07-14 21:00:00,00000000790,20230714210000,0.222,0.077,0.0,0.0,0.0,0.0,1.0,4,0.0,0.0,34.68,0.0,589268
2023-07-14 22:00:00,00000000790,20230714220000,0.776,0.126,0.0,0.0,0.0,0.0,1.0,4,0.0,0.0,16.24,0.0,589268
2023-07-14 23:00:00,00000000790,20230714230000,0.1,0.029,0.0,0.0,0.0,0.0,1.0,4,0.0,0.0,29.0,0.0,589268
2023-07-15 00:00:00,00000000790,20230715000000,0.13,0.016,0.01,0.0,0.0,0.0,1.0,4,0.0,0.0,12.31,7.69,589268
2023-07-15 01:00:00,00000000790,20230715010000,0.726,0.157,0.0,0.0,0.0,0.0,1.0,4,0.0,0.0,21.63,0.0,589268
2023-07-15 02:00:00,00000000790,20230715020000,1.17,0.193,0.0,0.0,0.0,0.0,1.0,4,0.0,0.0,16.5,0.0,589268
2023-07-15 03:00:00,00000000790,20230715030000,1.369,0.026,0.002,0.0,0.0,0.0,1.0,4,0.0,0.0,1.9,0.15,589268
2023-07-15 04:00:00,00000000790,20230715040000,1.325,0.038,0.0,0.0,0.0,0.0,1.0,4,0.0,0.0,2.87,0.0,589268
2023-07-15 05:00:00,00000000790,20230715050000,1.315,0.046,0.0,0.0,0.0,0.0,1.0,4,0.0,0.0,3.5,0.0,589268
2023-07-15 06:00:00,00000000790,20230715060000,1.259,0.065,0.0,0.0,0.0,0.0,1.0,4,0.0,0.0,5.16,0.0,589268
2023-07-15 07:00:00,00000000790,20230715070000,0.32,0.024,0.009,0.0,0.0,0.0,1.0,4,0.0,0.0,7.5,2.81,589268
2023-07-15 08:00:00,00000000790,20230715080000,0.079,0.013,0.015,0.0,0.0,0.0,1.0,4,0.0,0.0,16.46,18.99,589268
2023-07-15 09:00:00,00000000790,20230715090000,0.095,0.0,0.024,0.0,0.0,0.0,1.0,4,0.0,0.0,0.0,25.26,589268
2023-07-15 10:00:00,00000000790,20230715100000,0.197,0.022,0.005,0.0,0.0,0.0,1.0,4,0.0,0.0,11.17,2.54,589268
2023-07-15 11:00:00,00000000790,20230715110000,0.851,0.084,0.0,0.0,0.0,0.0,1.0,4,0.0,0.0,9.87,0.0,589268
2023-07-15 12:00:00,00000000790,20230715120000,0.369,0.093,0.0,0.0,0.0,0.0,1.0,4,0.0,0.0,25.2,0.0,589268
2023-07-15 13:00:00,00000000790,20230715130000,1.115,0.188,0.0,0.0,0.0,0.0,1.0,4,0.0,0.0,16.86,0.0,589268
2023-07-15 14:00:00,00000000790,20230715140000,0.168,0.04,0.001,0.0,0.0,0.0,1.0,4,0.0,0.0,23.81,0.6,589268
2023-07-15 15:00:00,00000000790,20230715150000,0.009,0.0,0.009,0.0,0.0,0.0,1.0,4,0.0,0.0,0.0,100.0,589268
2023-07-15 16:00:00,00000000790,20230715160000,0.08,0.03,0.003,0.0,0.0,0.0,1.0,4,0.0,0.0,37.5,3.75,589268
2023-07-15 17:00:00,00000000790,20230715170000,0.043,0.017,0.005,0.0,0.0,0.0,1.0,4,0.0,0.0,39.53,11.63,589268
2023-07-15 18:00:00,00000000790,20230715180000,0.068,0.025,0.004,0.0,0.0,0.0,1.0,4,0.0,0.0,36.76,5.88,589268
2023-07-15 19:00:00,00000000790,20230715190000,0.034,0.012,0.006,0.0,0.0,0.0,1.0,4,0.0,0.0,35.29,17.65,589268
2023-07-15 20:00:00,00000000790,20230715200000,0.066,0.024,0.003,0.0,0.0,0.0,1.0,4,0.0,0.0,36.36,4.55,589268
2023-07-15 21:00:00,00000000790,20230715210000,0.01,0.001,0.008,0.0,0.0,0.0,1.0,4,0.0,0.0,10.0,80.0,589268
2023-07-15 22:00:00,00000000790,20230715220000,0.068,0.023,0.004,0.0,0.0,0.0,1.0,4,0.0,0.0,33.82,5.88,589268
2023-07-15 23:00:00,00000000790,20230715230000,0.06,0.022,0.004,0.0,0.0,0.0,1.0,4,0.0,0.0,36.67,6.67,589268
2023-07-16 00:00:00,00000000790,20230716000000,0.042,0.016,0.005,0.0,0.0,0.0,1.0,4,0.0,0.0,38.1,11.9,589268
2023-07-16 01:00:00,00000000790,20230716010000,0.083,0.014,0.01,0.0,0.0,0.0,1.0,4,0.0,0.0,16.87,12.05,589268
2023-07-16 02:00:00,00000000790,20230716020000,0.161,0.032,0.003,0.0,0.0,0.0,1.0,4,0.0,0.0,19.88,1.86,589268
2023-07-16 03:00:00,00000000790,20230716030000,0.609,0.024,0.005,0.0,0.0,0.0,1.0,4,0.0,0.0,3.94,0.82,589268
2023-07-16 04:00:00,00000000790,20230716040000,0.101,0.011,0.015,0.0,0.0,0.0,1.0,4,0.0,0.0,10.89,14.85,589268
2023-07-16 05:00:00,00000000790,20230716050000,0.135,0.025,0.007,0.0,0.0,0.0,1.0,4,0.0,0.0,18.52,5.19,589268
2023-07-16 06:00:00,00000000790,20230716060000,0.102,0.016,0.014,0.0,0.0,0.0,1.0,4,0.0,0.0,15.69,13.73,589268
2023-07-16 07:00:00,00000000790,20230716070000,0.115,0.023,0.01,0.0,0.0,0.0,1.0,4,0.0,0.0,20.0,8.7,589268
2023-07-16 08:00:00,00000000790,20230716080000,0.053,0.012,0.014,0.0,0.0,0.0,1.0,4,0.0,0.0,22.64,26.42,589268
2023-07-16 09:00:00,00000000790,20230716090000,0.054,0.01,0.014,0.0,0.0,0.0,1.0,4,0.0,0.0,18.52,25.93,589268
2023-07-16 10:00:00,00000000790,20230716100000,0.085,0.021,0.008,0.0,0.0,0.0,1.0,4,0.0,0.0,24.71,9.41,589268
2023-07-16 11:00:00,00000000790,20230716110000,0.052,0.012,0.013,0.0,0.0,0.0,1.0,4,0.0,0.0,23.08,25.0,589268
2023-07-16 12:00:00,00000000790,20230716120000,0.684,0.059,0.002,0.0,0.0,0.0,1.0,4,0.0,0.0,8.63,0.29,589268
2023-07-16 13:00:00,00000000790,20230716130000,1.325,0.185,0.0,0.0,0.0,0.0,1.0,4,0.0,0.0,13.96,0.0,589268
2023-07-16 14:00:00,00000000790,20230716140000,0.315,0.067,0.0,0.0,0.0,0.0,1.0,4,0.0,0.0,21.27,0.0,589268
2023-07-16 15:00:00,00000000790,20230716150000,1.041,0.168,0.0,0.0,0.0,0.0,1.0,4,0.0,0.0,16.14,0.0,589268
2023-07-16 16:00:00,00000000790,20230716160000,0.13,0.048,0.0,0.0,0.0,0.0,1.0,4,0.0,0.0,36.92,0.0,589268
2023-07-16 17:00:00,00000000790,20230716170000,0.111,0.043,0.0,0.0,0.0,0.0,1.0,4,0.0,0.0,38.74,0.0,589268
2023-07-16 18:00:00,00000000790,20230716180000,0.135,0.023,0.005,0.0,0.0,0.0,1.0,4,0.0,0.0,17.04,3.7,589268
2023-07-16 19:00:00,00000000790,20230716190000,0.922,0.09,0.0,0.0,0.0,0.0,1.0,4,0.0,0.0,9.76,0.0,589268
2023-07-16 20:00:00,00000000790,20230716200000,1.378,0.112,0.0,0.0,0.0,0.0,1.0,4,0.0,0.0,8.13,0.0,589268
2023-07-16 21:00:00,00000000790,20230716210000,0.895,0.103,0.0,0.0,0.0,0.0,1.0,4,0.0,0.0,11.51,0.0,589268
2023-07-16 22:00:00,00000000790,20230716220000,0.276,0.232,0.0,0.0,0.0,0.0,1.0,4,0.0,0.0,84.06,0.0,589268
2023-07-16 23:00:00,00000000790,20230716230000,0.09,0.036,0.001,0.0,0.0,0.0,1.0,4,0.0,0.0,40.0,1.11,589268
2023-07-17 00:00:00,00000000790,20230717000000,0.073,0.03,0.004,0.0,0.0,0.0,1.0,4,0.0,0.0,41.1,5.48,589268
2023-07-17 01:00:00,00000000790,20230717010000,0.218,0.059,0.0,0.0,0.0,0.0,1.0,4,0.0,0.0,27.06,0.0,589268
2023-07-17 02:00:00,00000000790,20230717020000,0.848,0.163,0.0,0.0,0.0,0.0,1.0,4,0.0,0.0,19.22,0.0,589268
2023-07-17 03:00:00,00000000790,20230717030000,0.451,0.123,0.001,0.0,0.0,0.0,1.0,4,0.0,0.0,27.27,0.22,589268
2023-07-17 04:00:00,00000000790,20230717040000,0.132,0.027,0.006,0.0,0.0,0.0,1.0,4,0.0,0.0,20.45,4.55,589268
2023-07-17 05:00:00,00000000790,20230717050000,0.13,0.027,0.007,0.0,0.0,0.0,1.0,4,0.0,0.0,20.77,5.38,589268
2023-07-17 06:00:00,00000000790,20230717060000,0.096,0.015,0.015,0.0,0.0,0.0,1.0,4,0.0,0.0,15.62,15.62,589268
2023-07-17 07:00:00,00000000790,20230717070000,0.347,0.023,0.009,0.0,0.0,0.0,1.0,4,0.0,0.0,6.63,2.59,589268
2023-07-17 08:00:00,00000000790,20230717080000,0.06,0.015,0.012,0.0,0.0,0.0,1.0,4,0.0,0.0,25.0,20.0,589268
2023-07-17 09:00:00,00000000790,20230717090000,0.049,0.012,0.014,0.0,0.0,0.0,1.0,4,0.0,0.0,24.49,28.57,589268
2023-07-17 10:00:00,00000000790,20230717100000,0.057,0.01,0.014,0.0,0.0,0.0,1.0,4,0.0,0.0,17.54,24.56,589268
2023-07-17 11:00:00,00000000790,20230717110000,0.092,0.023,0.006,0.0,0.0,0.0,1.0,4,0.0,0.0,25.0,6.52,589268
2023-07-17 12:00:00,00000000790,20230717120000,0.066,0.016,0.01,0.0,0.0,0.0,1.0,4,0.0,0.0,24.24,15.15,589268
2023-07-17 13:00:00,00000000790,20230717130000,0.308,0.013,0.012,0.0,0.0,0.0,1.0,4,0.0,0.0,4.22,3.9,589268
2023-07-17 14:00:00,00000000790,20230717140000,0.298,0.032,0.001,0.0,0.0,0.0,1.0,4,0.0,0.0,10.74,0.34,589268
2023-07-17 15:00:00,00000000790,20230717150000,0.587,0.024,0.006,0.0,0.0,0.0,1.0,4,0.0,0.0,4.09,1.02,589268
2023-07-17 16:00:00,00000000790,20230717160000,0.101,0.003,0.017,0.0,0.0,0.0,1.0,4,0.0,0.0,2.97,16.83,589268
2023-07-17 17:00:00,00000000790,20230717170000,0.181,0.048,0.0,0.0,0.0,0.0,1.0,4,0.0,0.0,26.52,0.0,589268
2023-07-17 18:00:00,00000000790,20230717180000,0.189,0.087,0.0,0.0,0.0,0.0,1.0,4,0.0,0.0,46.03,0.0,589268
2023-07-17 19:00:00,00000000790,20230717190000,0.313,0.08,0.0,0.0,0.0,0.0,1.0,4,0.0,0.0,25.56,0.0,589268
2023-07-17 20:00:00,00000000790,20230717200000,0.279,0.076,0.0,0.0,0.0,0.0,1.0,4,0.0,0.0,27.24,0.0,589268
2023-07-17 21:00:00,00000000790,20230717210000,0.248,0.039,0.007,0.0,0.0,0.0,1.0,4,0.0,0.0,15.73,2.82,589268
2023-07-17 22:00:00,00000000790,20230717220000,0.342,0.035,0.014,0.0,0.0,0.0,1.0,4,0.0,0.0,10.23,4.09,589268
2023-07-17 23:00:00,00000000790,20230717230000,0.11,0.011,0.018,0.0,0.0,0.0,1.0,4,0.0,0.0,10.0,16.36,589268
2023-07-18 00:00:00,00000000790,20230718000000,0.239,0.048,0.0,0.0,0.0,0.0,1.0,4,0.0,0.0,20.08,0.0,589268
2023-07-18 01:00:00,00000000790,20230718010000,0.193,0.041,0.006,0.0,0.0,0.0,1.0,4,0.0,0.0,21.24,3.11,589268
2023-07-18 02:00:00,00000000790,20230718020000,0.361,0.026,0.008,0.0,0.0,0.0,1.0,4,0.0,0.0,7.2,2.22,589268
2023-07-18 03:00:00,00000000790,20230718030000,0.081,0.025,0.007,0.0,0.0,0.0,1.0,4,0.0,0.0,30.86,8.64,589268
2023-07-18 04:00:00,00000000790,20230718040000,0.092,0.026,0.012,0.0,0.0,0.0,1.0,4,0.0,0.0,28.26,13.04,589268
2023-07-18 05:00:00,00000000790,20230718050000,0.157,0.042,0.014,0.0,0.0,0.0,1.0,4,0.0,0.0,26.75,8.92,589268
2023-07-18 06:00:00,00000000790,20230718060000,0.086,0.027,0.008,0.0,0.0,0.0,1.0,4,0.0,0.0,31.4,9.3,589268
2023-07-18 07:00:00,00000000790,20230718070000,0.066,0.019,0.011,0.0,0.0,0.0,1.0,4,0.0,0.0,28.79,16.67,589268
2023-07-18 08:00:00,00000000790,20230718080000,0.203,0.051,0.01,0.0,0.0,0.0,1.0,4,0.0,0.0,25.12,4.93,589268
2023-07-18 09:00:00,00000000790,20230718090000,0.127,0.033,0.009,0.0,0.0,0.0,1.0,4,0.0,0.0,25.98,7.09,589268
2023-07-18 10:00:00,00000000790,20230718100000,0.076,0.016,0.013,0.0,0.0,0.0,1.0,4,0.0,0.0,21.05,17.11,589268
2023-07-18 11:00:00,00000000790,20230718110000,0.518,0.043,0.009,0.0,0.0,0.0,1.0,4,0.0,0.0,8.3,1.74,589268
2023-07-18 12:00:00,00000000790,20230718120000,0.27,0.026,0.007,0.0,0.0,0.0,1.0,4,0.0,0.0,9.63,2.59,589268
2023-07-18 13:00:00,00000000790,20230718130000,0.634,0.098,0.0,0.0,0.0,0.0,1.0,4,0.0,0.0,15.46,0.0,589268
2023-07-18 14:00:00,00000000790,20230718140000,0.575,0.109,0.0,0.0,0.0,0.0,1.0,4,0.0,0.0,18.96,0.0,589268
2023-07-18 15:00:00,00000000790,20230718150000,0.55,0.111,0.0,0.0,0.0,0.0,1.0,4,0.0,0.0,20.18,0.0,589268
2023-07-18 16:00:00,00000000790,20230718160000,0.455,0.102,0.0,0.0,0.0,0.0,1.0,4,0.0,0.0,22.42,0.0,589268
2023-07-18 17:00:00,00000000790,20230718170000,0.211,0.06,0.0,0.0,0.0,0.0,1.0,4,0.0,0.0,28.44,0.0,589268
2023-07-18 18:00:00,00000000790,20230718180000,0.221,0.093,0.0,0.0,0.0,0.0,1.0,4,0.0,0.0,42.08,0.0,589268
2023-07-18 19:00:00,00000000790,20230718190000,0.602,0.145,0.0,0.0,0.0,0.0,1.0,4,0.0,0.0,24.09,0.0,589268
2023-07-18 20:00:00,00000000790,20230718200000,0.282,0.072,0.0,0.0,0.0,0.0,1.0,4,0.0,0.0,25.53,0.0,589268
2023-07-18 21:00:00,00000000790,20230718210000,0.078,0.022,0.008,0.0,0.0,0.0,1.0,4,0.0,0.0,28.21,10.26,589268
2023-07-18 22:00:00,00000000790,20230718220000,0.055,0.015,0.01,0.0,0.0,0.0,1.0,4,0.0,0.0,27.27,18.18,589268
2023-07-18 23:00:00,00000000790,20230718230000,0.176,0.049,0.004,0.0,0.0,0.0,1.0,4,0.0,0.0,27.84,2.27,589268
2023-07-19 00:00:00,00000000790,20230719000000,0.577,0.102,0.0,0.0,0.0,0.0,1.0,4,0.0,0.0,17.68,0.0,589268
2023-07-19 01:00:00,00000000790,20230719010000,0.184,0.059,0.003,0.0,0.0,0.0,1.0,4,0.0,0.0,32.07,1.63,589268
2023-07-19 02:00:00,00000000790,20230719020000,0.108,0.017,0.011,0.0,0.0,0.0,1.0,4,0.0,0.0,15.74,10.19,589268
2023-07-19 03:00:00,00000000790,20230719030000,0.115,0.02,0.011,0.0,0.0,0.0,1.0,4,0.0,0.0,17.39,9.57,589268
2023-07-19 04:00:00,00000000790,20230719040000,0.112,0.018,0.011,0.0,0.0,0.0,1.0,4,0.0,0.0,16.07,9.82,589268
2023-07-19 05:00:00,00000000790,20230719050000,0.083,0.006,0.018,0.0,0.0,0.0,1.0,4,0.0,0.0,7.23,21.69,589268
2023-07-19 06:00:00,00000000790,20230719060000,0.105,0.034,0.004,0.0,0.0,0.0,1.0,4,0.0,0.0,32.38,3.81,589268
2023-07-19 07:00:00,00000000790,20230719070000,0.073,0.021,0.011,0.0,0.0,0.0,1.0,4,0.0,0.0,28.77,15.07,589268
2023-07-19 08:00:00,00000000790,20230719080000,0.068,0.018,0.011,0.0,0.0,0.0,1.0,4,0.0,0.0,26.47,16.18,589268
2023-07-19 09:00:00,00000000790,20230719090000,0.067,0.016,0.01,0.0,0.0,0.0,1.0,4,0.0,0.0,23.88,14.93,589268
2023-07-19 10:00:00,00000000790,20230719100000,0.732,0.04,0.007,0.0,0.0,0.0,1.0,4,0.0,0.0,5.46,0.96,589268
2023-07-19 11:00:00,00000000790,20230719110000,0.228,0.007,0.016,0.0,0.0,0.0,1.0,4,0.0,0.0,3.07,7.02,589268
2023-07-19 12:00:00,00000000790,20230719120000,0.73,0.055,0.0,0.0,0.0,0.0,1.0,4,0.0,0.0,7.53,0.0,589268
2023-07-19 13:00:00,00000000790,20230719130000,0.871,0.119,0.001,0.0,0.0,0.0,1.0,4,0.0,0.0,13.66,0.11,589268
2023-07-19 14:00:00,00000000790,20230719140000,0.155,0.019,0.007,0.0,0.0,0.0,1.0,4,0.0,0.0,12.26,4.52,589268
2023-07-19 15:00:00,00000000790,20230719150000,0.102,0.037,0.0,0.0,0.0,0.0,1.0,4,0.0,0.0,36.27,0.0,589268
2023-07-19 16:00:00,00000000790,20230719160000,0.048,0.015,0.007,0.0,0.0,0.0,1.0,4,0.0,0.0,31.25,14.58,589268
2023-07-19 17:00:00,00000000790,20230719170000,0.013,0.0,0.013,0.0,0.0,0.0,1.0,4,0.0,0.0,0.0,100.0,589268
2023-07-19 18:00:00,00000000790,20230719180000,0.088,0.029,0.003,0.0,0.0,0.0,1.0,4,0.0,0.0,32.95,3.41,589268
2023-07-19 19:00:00,00000000790,20230719190000,1.749,0.028,0.0,0.0,0.0,0.0,1.0,4,0.0,0.0,1.6,0.0,589268
2023-07-19 20:00:00,00000000790,20230719200000,0.931,0.082,0.0,0.0,0.0,0.0,1.0,4,0.0,0.0,8.81,0.0,589268
2023-07-19 21:00:00,00000000790,20230719210000,0.352,0.047,0.0,0.0,0.0,0.0,1.0,4,0.0,0.0,13.35,0.0,589268
2023-07-19 22:00:00,00000000790,20230719220000,0.21,0.037,0.0,0.0,0.0,0.0,1.0,4,0.0,0.0,17.62,0.0,589268
2023-07-19 23:00:00,00000000790,20230719230000,0.109,0.037,0.0,0.0,0.0,0.0,1.0,4,0.0,0.0,33.94,0.0,589268
2023-07-20 00:00:00,00000000790,20230720000000,0.537,0.123,0.0,0.0,0.0,0.0,1.0,4,0.0,0.0,22.91,0.0,589268
2023-07-20 01:00:00,00000000790,20230720010000,0.602,0.168,0.0,0.0,0.0,0.0,1.0,4,0.0,0.0,27.91,0.0,589268
2023-07-20 02:00:00,00000000790,20230720020000,0.601,0.117,0.0,0.0,0.0,0.0,1.0,4,0.0,0.0,19.47,0.0,589268
2023-07-20 03:00:00,00000000790,20230720030000,0.219,0.02,0.011,0.0,0.0,0.0,1.0,4,0.0,0.0,9.13,5.02,589268
2023-07-20 04:00:00,00000000790,20230720040000,0.165,0.015,0.015,0.0,0.0,0.0,1.0,4,0.0,0.0,9.09,9.09,589268
2023-07-20 05:00:00,00000000790,20230720050000,0.132,0.006,0.022,0.0,0.0,0.0,1.0,4,0.0,0.0,4.55,16.67,589268
2023-07-20 06:00:00,00000000790,20230720060000,0.258,0.053,0.013,0.0,0.0,0.0,1.0,4,0.0,0.0,20.54,5.04,589268
2023-07-20 07:00:00,00000000790,20230720070000,0.133,0.015,0.016,0.0,0.0,0.0,1.0,4,0.0,0.0,11.28,12.03,589268
2023-07-20 08:00:00,00000000790,20230720080000,0.108,0.013,0.015,0.0,0.0,0.0,1.0,4,0.0,0.0,12.04,13.89,589268
2023-07-20 09:00:00,00000000790,20230720090000,0.167,0.026,0.015,0.0,0.0,0.0,1.0,4,0.0,0.0,15.57,8.98,589268
2023-07-20 10:00:00,00000000790,20230720100000,0.676,0.052,0.009,0.0,0.0,0.0,1.0,4,0.0,0.0,7.69,1.33,589268
2023-07-20 11:00:00,00000000790,20230720110000,0.668,0.078,0.0,0.0,0.0,0.0,1.0,4,0.0,0.0,11.68,0.0,589268
2023-07-20 12:00:00,00000000790,20230720120000,0.285,0.065,0.0,0.0,0.0,0.0,1.0,4,0.0,0.0,22.81,0.0,589268
2023-07-20 13:00:00,00000000790,20230720130000,0.427,0.05,0.0,0.0,0.0,0.0,1.0,4,0.0,0.0,11.71,0.0,589268
2023-07-20 14:00:00,00000000790,20230720140000,1.061,0.125,0.0,0.0,0.0,0.0,1.0,4,0.0,0.0,11.78,0.0,589268
2023-07-20 15:00:00,00000000790,20230720150000,0.41,0.093,0.0,0.0,0.0,0.0,1.0,4,0.0,0.0,22.68,0.0,589268
2023-07-20 16:00:00,00000000790,20230720160000,0.068,0.026,0.003,0.0,0.0,0.0,1.0,4,0.0,0.0,38.24,4.41,589268
2023-07-20 17:00:00,00000000790,20230720170000,0.057,0.021,0.004,0.0,0.0,0.0,1.0,4,0.0,0.0,36.84,7.02,589268
2023-07-20 18:00:00,00000000790,20230720180000,0.049,0.018,0.006,0.0,0.0,0.0,1.0,4,0.0,0.0,36.73,12.24,589268
2023-07-20 19:00:00,00000000790,20230720190000,0.163,0.002,0.009,0.0,0.0,0.0,1.0,4,0.0,0.0,1.23,5.52,589268
2023-07-20 20:00:00,00000000790,20230720200000,0.735,0.065,0.001,0.0,0.0,0.0,1.0,4,0.0,0.0,8.84,0.14,589268
2023-07-20 21:00:00,00000000790,20230720210000,0.055,0.019,0.005,0.0,0.0,0.0,1.0,4,0.0,0.0,34.55,9.09,589268
2023-07-20 22:00:00,00000000790,20230720220000,0.107,0.016,0.005,0.0,0.0,0.0,1.0,4,0.0,0.0,14.95,4.67,589268
2023-07-20 23:00:00,00000000790,20230720230000,0.065,0.023,0.005,0.0,0.0,0.0,1.0,4,0.0,0.0,35.38,7.69,589268
2023-07-21 00:00:00,00000000790,20230721000000,0.168,0.042,0.004,0.0,0.0,0.0,1.0,4,0.0,0.0,25.0,2.38,589268
2023-07-21 01:00:00,00000000790,20230721010000,0.801,0.15,0.004,0.0,0.0,0.0,1.0,4,0.0,0.0,18.73,0.5,589268
2023-07-21 02:00:00,00000000790,20230721020000,0.629,0.046,0.003,0.0,0.0,0.0,1.0,4,0.0,0.0,7.31,0.48,589268
2023-07-21 03:00:00,00000000790,20230721030000,0.703,0.038,0.0,0.0,0.0,0.0,1.0,4,0.0,0.0,5.41,0.0,589268
2023-07-21 04:00:00,00000000790,20230721040000,0.211,0.036,0.0,0.0,0.0,0.0,1.0,4,0.0,0.0,17.06,0.0,589268
2023-07-21 05:00:00,00000000790,20230721050000,0.31,0.064,0.0,0.0,0.0,0.0,1.0,4,0.0,0.0,20.65,0.0,589268
2023-07-21 06:00:00,00000000790,20230721060000,0.21,0.038,0.0,0.0,0.0,0.0,1.0,4,0.0,0.0,18.1,0.0,589268
2023-07-21 07:00:00,00000000790,20230721070000,0.174,0.023,0.01,0.0,0.0,0.0,1.0,4,0.0,0.0,13.22,5.75,589268
2023-07-21 08:00:00,00000000790,20230721080000,0.158,0.016,0.011,0.0,0.0,0.0,1.0,4,0.0,0.0,10.13,6.96,589268
2023-07-21 09:00:00,00000000790,20230721090000,0.551,0.047,0.01,0.0,0.0,0.0,1.0,4,0.0,0.0,8.53,1.81,589268
2023-07-21 10:00:00,00000000790,20230721100000,0.35,0.041,0.0,0.0,0.0,0.0,1.0,4,0.0,0.0,11.71,0.0,589268
2023-07-21 11:00:00,00000000790,20230721110000,0.585,0.044,0.0,0.0,0.0,0.0,1.0,4,0.0,0.0,7.52,0.0,589268
2023-07-21 12:00:00,00000000790,20230721120000,0.571,0.067,0.0,0.0,0.0,0.0,1.0,4,0.0,0.0,11.73,0.0,589268
2023-07-21 13:00:00,00000000790,20230721130000,1.058,0.13,0.0,0.0,0.0,0.0,1.0,4,0.0,0.0,12.29,0.0,589268
2023-07-21 14:00:00,00000000790,20230721140000,1.353,0.096,0.0,0.0,0.0,0.0,1.0,4,0.0,0.0,7.1,0.0,589268
2023-07-21 15:00:00,00000000790,20230721150000,1.235,0.186,0.0,0.0,0.0,0.0,1.0,4,0.0,0.0,15.06,0.0,589268
2023-07-21 16:00:00,00000000790,20230721160000,0.323,0.066,0.0,0.0,0.0,0.0,1.0,4,0.0,0.0,20.43,0.0,589268
2023-07-21 23:00:00,00000000790,20230721230000,0.014,0.002,0.008,0.0,0.0,0.0,1.0,4,0.0,0.0,14.29,57.14,589268
2023-07-22 00:00:00,00000000790,20230722000000,0.364,0.062,0.003,0.0,0.0,0.0,1.0,4,0.0,0.0,17.03,0.82,589268
2023-07-22 01:00:00,00000000790,20230722010000,1.021,0.168,0.0,0.0,0.0,0.0,1.0,4,0.0,0.0,16.45,0.0,589268
2023-07-22 02:00:00,00000000790,20230722020000,0.371,0.072,0.0,0.0,0.0,0.0,1.0,4,0.0,0.0,19.41,0.0,589268
2023-07-22 03:00:00,00000000790,20230722030000,0.201,0.029,0.001,0.0,0.0,0.0,1.0,4,0.0,0.0,14.43,0.5,589268
2023-07-22 04:00:00,00000000790,20230722040000,0.145,0.021,0.009,0.0,0.0,0.0,1.0,4,0.0,0.0,14.48,6.21,589268
2023-07-22 05:00:00,00000000790,20230722050000,0.083,0.004,0.02,0.0,0.0,0.0,1.0,4,0.0,0.0,4.82,24.1,589268
2023-07-22 06:00:00,00000000790,20230722060000,0.139,0.024,0.008,0.0,0.0,0.0,1.0,4,0.0,0.0,17.27,5.76,589268
2023-07-22 07:00:00,00000000790,20230722070000,0.19,0.017,0.013,0.0,0.0,0.0,1.0,4,0.0,0.0,8.95,6.84,589268
2023-07-22 08:00:00,00000000790,20230722080000,0.102,0.012,0.014,0.0,0.0,0.0,1.0,4,0.0,0.0,11.76,13.73,589268
2023-07-22 09:00:00,00000000790,20230722090000,0.361,0.016,0.009,0.0,0.0,0.0,1.0,4,0.0,0.0,4.43,2.49,589268
2023-07-22 10:00:00,00000000790,20230722100000,0.134,0.023,0.008,0.0,0.0,0.0,1.0,4,0.0,0.0,17.16,5.97,589268
2023-07-22 11:00:00,00000000790,20230722110000,0.825,0.066,0.001,0.0,0.0,0.0,1.0,4,0.0,0.0,8.0,0.12,589268
2023-07-22 12:00:00,00000000790,20230722120000,0.327,0.079,0.0,0.0,0.0,0.0,1.0,4,0.0,0.0,24.16,0.0,589268
2023-07-22 13:00:00,00000000790,20230722130000,0.517,0.091,0.0,0.0,0.0,0.0,1.0,4,0.0,0.0,17.6,0.0,589268
2023-07-22 14:00:00,00000000790,20230722140000,0.462,0.113,0.0,0.0,0.0,0.0,1.0,4,0.0,0.0,24.46,0.0,589268
2023-07-22 15:00:00,00000000790,20230722150000,0.454,0.11,0.0,0.0,0.0,0.0,1.0,4,0.0,0.0,24.23,0.0,589268
2023-07-22 16:00:00,00000000790,20230722160000,0.306,0.007,0.008,0.0,0.0,0.0,1.0,4,0.0,0.0,2.29,2.61,589268
2023-07-22 17:00:00,00000000790,20230722170000,0.078,0.028,0.002,0.0,0.0,0.0,1.0,4,0.0,0.0,35.9,2.56,589268
2023-07-22 18:00:00,00000000790,20230722180000,0.055,0.019,0.005,0.0,0.0,0.0,1.0,4,0.0,0.0,34.55,9.09,589268
2023-07-22 19:00:00,00000000790,20230722190000,0.054,0.018,0.004,0.0,0.0,0.0,1.0,4,0.0,0.0,33.33,7.41,589268
2023-07-22 20:00:00,00000000790,20230722200000,0.751,0.021,0.002,0.0,0.0,0.0,1.0,4,0.0,0.0,2.8,0.27,589268
2023-07-22 21:00:00,00000000790,20230722210000,0.818,0.118,0.0,0.0,0.0,0.0,1.0,4,0.0,0.0,14.43,0.0,589268
2023-07-22 22:00:00,00000000790,20230722220000,0.446,0.047,0.0,0.0,0.0,0.0,1.0,4,0.0,0.0,10.54,0.0,589268
2023-07-22 23:00:00,00000000790,20230722230000,0.384,0.027,0.005,0.0,0.0,0.0,1.0,4,0.0,0.0,7.03,1.3,589268
2023-07-23 00:00:00,00000000790,20230723000000,0.393,0.034,0.001,0.0,0.0,0.0,1.0,4,0.0,0.0,8.65,0.25,589268
2023-07-23 01:00:00,00000000790,20230723010000,1.003,0.205,0.002,0.0,0.0,0.0,1.0,4,0.0,0.0,20.44,0.2,589268
2023-07-23 02:00:00,00000000790,20230723020000,0.221,0.076,0.0,0.0,0.0,0.0,1.0,4,0.0,0.0,34.39,0.0,589268
2023-07-23 03:00:00,00000000790,20230723030000,0.2,0.037,0.018,0.0,0.0,0.0,1.0,4,0.0,0.0,18.5,9.0,589268
2023-07-23 04:00:00,00000000790,20230723040000,0.15,0.009,0.021,0.0,0.0,0.0,1.0,4,0.0,0.0,6.0,14.0,589268
2023-07-23 05:00:00,00000000790,20230723050000,0.169,0.014,0.012,0.0,0.0,0.0,1.0,4,0.0,0.0,8.28,7.1,589268
2023-07-23 06:00:00,00000000790,20230723060000,0.263,0.045,0.014,0.0,0.0,0.0,1.0,4,0.0,0.0,17.11,5.32,589268
2023-07-23 07:00:00,00000000790,20230723070000,0.124,0.014,0.014,0.0,0.0,0.0,1.0,4,0.0,0.0,11.29,11.29,589268
2023-07-23 08:00:00,00000000790,20230723080000,0.113,0.011,0.016,0.0,0.0,0.0,1.0,4,0.0,0.0,9.73,14.16,589268
2023-07-23 09:00:00,00000000790,20230723090000,0.105,0.008,0.018,0.0,0.0,0.0,1.0,4,0.0,0.0,7.62,17.14,589268
2023-07-23 10:00:00,00000000790,20230723100000,0.107,0.009,0.017,0.0,0.0,0.0,1.0,4,0.0,0.0,8.41,15.89,589268
2023-07-23 11:00:00,00000000790,20230723110000,0.369,0.032,0.012,0.0,0.0,0.0,1.0,4,0.0,0.0,8.67,3.25,589268
2023-07-23 12:00:00,00000000790,20230723120000,0.537,0.085,0.0,0.0,0.0,0.0,1.0,4,0.0,0.0,15.83,0.0,589268
2023-07-23 13:00:00,00000000790,20230723130000,1.179,0.159,0.0,0.0,0.0,0.0,1.0,4,0.0,0.0,13.49,0.0,589268
2023-07-23 14:00:00,00000000790,20230723140000,0.725,0.09,0.0,0.0,0.0,0.0,1.0,4,0.0,0.0,12.41,0.0,589268
2023-07-23 15:00:00,00000000790,20230723150000,0.643,0.091,0.0,0.0,0.0,0.0,1.0,4,0.0,0.0,14.15,0.0,589268
2023-07-23 16:00:00,00000000790,20230723160000,0.891,0.142,0.0,0.0,0.0,0.0,1.0,4,0.0,0.0,15.94,0.0,589268
2023-07-23 17:00:00,00000000790,20230723170000,0.36,0.072,0.0,0.0,0.0,0.0,1.0,4,0.0,0.0,20.0,0.0,589268
2023-07-23 18:00:00,00000000790,20230723180000,0.954,0.166,0.0,0.0,0.0,0.0,1.0,4,0.0,0.0,17.4,0.0,589268
2023-07-23 19:00:00,00000000790,20230723190000,0.923,0.143,0.0,0.0,0.0,0.0,1.0,4,0.0,0.0,15.49,0.0,589268
2023-07-23 20:00:00,00000000790,20230723200000,0.589,0.113,0.0,0.0,0.0,0.0,1.0,4,0.0,0.0,19.19,0.0,589268
2023-07-23 21:00:00,00000000790,20230723210000,0.056,0.02,0.003,0.0,0.0,0.0,1.0,4,0.0,0.0,35.71,5.36,589268
2023-07-23 22:00:00,00000000790,20230723220000,0.329,0.032,0.001,0.0,0.0,0.0,1.0,4,0.0,0.0,9.73,0.3,589268
2023-07-23 23:00:00,00000000790,20230723230000,0.06,0.022,0.004,0.0,0.0,0.0,1.0,4,0.0,0.0,36.67,6.67,589268
2023-07-24 00:00:00,00000000790,20230724000000,0.26,0.058,0.005,0.0,0.0,0.0,1.0,4,0.0,0.0,22.31,1.92,589268
2023-07-24 01:00:00,00000000790,20230724010000,1.353,0.236,0.0,0.0,0.0,0.0,1.0,4,0.0,0.0,17.44,0.0,589268
2023-07-24 02:00:00,00000000790,20230724020000,0.456,0.116,0.0,0.0,0.0,0.0,1.0,4,0.0,0.0,25.44,0.0,589268
2023-07-24 03:00:00,00000000790,20230724030000,0.184,0.021,0.003,0.0,0.0,0.0,1.0,4,0.0,0.0,11.41,1.63,589268
2023-07-24 04:00:00,00000000790,20230724040000,0.129,0.002,0.032,0.0,0.0,0.0,1.0,4,0.0,0.0,1.55,24.81,589268
2023-07-24 05:00:00,00000000790,20230724050000,0.176,0.027,0.0,0.0,0.0,0.0,1.0,4,0.0,0.0,15.34,0.0,589268
2023-07-24 06:00:00,00000000790,20230724060000,0.058,0.009,0.015,0.0,0.0,0.0,1.0,4,0.0,0.0,15.52,25.86,589268
2023-07-24 07:00:00,00000000790,20230724070000,0.14,0.043,0.009,0.0,0.0,0.0,1.0,4,0.0,0.0,30.71,6.43,589268
2023-07-24 08:00:00,00000000790,20230724080000,0.086,0.022,0.007,0.0,0.0,0.0,1.0,4,0.0,0.0,25.58,8.14,589268
2023-07-24 09:00:00,00000000790,20230724090000,0.172,0.029,0.014,0.0,0.0,0.0,1.0,4,0.0,0.0,16.86,8.14,589268
2023-07-24 10:00:00,00000000790,20230724100000,0.064,0.015,0.01,0.0,0.0,0.0,1.0,4,0.0,0.0,23.44,15.62,589268
2023-07-24 11:00:00,00000000790,20230724110000,0.611,0.029,0.005,0.0,0.0,0.0,1.0,4,0.0,0.0,4.75,0.82,589268
2023-07-24 12:00:00,00000000790,20230724120000,0.553,0.083,0.0,0.0,0.0,0.0,1.0,4,0.0,0.0,15.01,0.0,589268
2023-07-24 13:00:00,00000000790,20230724130000,0.255,0.041,0.0,0.0,0.0,0.0,1.0,4,0.0,0.0,16.08,0.0,589268
2023-07-24 14:00:00,00000000790,20230724140000,0.319,0.077,0.0,0.0,0.0,0.0,1.0,4,0.0,0.0,24.14,0.0,589268
2023-07-24 15:00:00,00000000790,20230724150000,0.738,0.147,0.0,0.0,0.0,0.0,1.0,4,0.0,0.0,19.92,0.0,589268
2023-07-24 16:00:00,00000000790,20230724160000,0.116,0.046,0.0,0.0,0.0,0.0,1.0,4,0.0,0.0,39.66,0.0,589268
2023-07-24 17:00:00,00000000790,20230724170000,0.1,0.04,0.0,0.0,0.0,0.0,1.0,4,0.0,0.0,40.0,0.0,589268
2023-07-24 18:00:00,00000000790,20230724180000,0.06,0.025,0.004,0.0,0.0,0.0,1.0,4,0.0,0.0,41.67,6.67,589268
2023-07-24 19:00:00,00000000790,20230724190000,0.009,0.0,0.009,0.0,0.0,0.0,1.0,4,0.0,0.0,0.0,100.0,589268
2023-07-24 20:00:00,00000000790,20230724200000,0.316,0.052,0.0,0.0,0.0,0.0,1.0,4,0.0,0.0,16.46,0.0,589268
2023-07-24 21:00:00,00000000790,20230724210000,1.248,0.205,0.0,0.0,0.0,0.0,1.0,4,0.0,0.0,16.43,0.0,589268
2023-07-24 22:00:00,00000000790,20230724220000,0.242,0.149,0.0,0.0,0.0,0.0,1.0,4,0.0,0.0,61.57,0.0,589268
2023-07-24 23:00:00,00000000790,20230724230000,0.104,0.033,0.0,0.0,0.0,0.0,1.0,4,0.0,0.0,31.73,0.0,589268
2023-07-25 00:00:00,00000000790,20230725000000,0.054,0.018,0.009,0.0,0.0,0.0,1.0,4,0.0,0.0,33.33,16.67,589268
2023-07-25 01:00:00,00000000790,20230725010000,0.043,0.014,0.012,0.0,0.0,0.0,1.0,4,0.0,0.0,32.56,27.91,589268
2023-07-25 02:00:00,00000000790,20230725020000,0.68,0.192,0.0,0.0,0.0,0.0,1.0,4,0.0,0.0,28.24,0.0,589268
2023-07-25 03:00:00,00000000790,20230725030000,0.616,0.176,0.0,0.0,0.0,0.0,1.0,4,0.0,0.0,28.57,0.0,589268
2023-07-25 04:00:00,00000000790,20230725040000,0.303,0.076,0.0,0.0,0.0,0.0,1.0,4,0.0,0.0,25.08,0.0,589268
2023-07-25 05:00:00,00000000790,20230725050000,0.062,0.015,0.014,0.0,0.0,0.0,1.0,4,0.0,0.0,24.19,22.58,589268
2023-07-25 06:00:00,00000000790,20230725060000,0.05,0.012,0.016,0.0,0.0,0.0,1.0,4,0.0,0.0,24.0,32.0,589268
2023-07-25 07:00:00,00000000790,20230725070000,0.116,0.042,0.0,0.0,0.0,0.0,1.0,4,0.0,0.0,36.21,0.0,589268
2023-07-25 08:00:00,00000000790,20230725080000,0.32,0.019,0.01,0.0,0.0,0.0,1.0,4,0.0,0.0,5.94,3.12,589268
2023-07-25 09:00:00,00000000790,20230725090000,0.078,0.022,0.008,0.0,0.0,0.0,1.0,4,0.0,0.0,28.21,10.26,589268
2023-07-25 10:00:00,00000000790,20230725100000,0.229,0.046,0.005,0.0,0.0,0.0,1.0,4,0.0,0.0,20.09,2.18,589268
2023-07-25 11:00:00,00000000790,20230725110000,0.304,0.011,0.011,0.0,0.0,0.0,1.0,4,0.0,0.0,3.62,3.62,589268
2023-07-25 12:00:00,00000000790,20230725120000,0.617,0.062,0.005,0.0,0.0,0.0,1.0,4,0.0,0.0,10.05,0.81,589268
2023-07-25 13:00:00,00000000790,20230725130000,0.55,0.079,0.0,0.0,0.0,0.0,1.0,4,0.0,0.0,14.36,0.0,589268
2023-07-25 14:00:00,00000000790,20230725140000,0.548,0.116,0.0,0.0,0.0,0.0,1.0,4,0.0,0.0,21.17,0.0,589268
2023-07-25 15:00:00,00000000790,20230725150000,0.882,0.15,0.0,0.0,0.0,0.0,1.0,4,0.0,0.0,17.01,0.0,589268
2023-07-25 16:00:00,00000000790,20230725160000,0.455,0.118,0.0,0.0,0.0,0.0,1.0,4,0.0,0.0,25.93,0.0,589268
2023-07-25 17:00:00,00000000790,20230725170000,0.087,0.036,0.005,0.0,0.0,0.0,1.0,4,0.0,0.0,41.38,5.75,589268
2023-07-25 18:00:00,00000000790,20230725180000,0.031,0.008,0.007,0.0,0.0,0.0,1.0,4,0.0,0.0,25.81,22.58,589268
2023-07-25 19:00:00,00000000790,20230725190000,0.121,0.038,0.0,0.0,0.0,0.0,1.0,4,0.0,0.0,31.4,0.0,589268
2023-07-25 20:00:00,00000000790,20230725200000,1.146,0.075,0.0,0.0,0.0,0.0,1.0,4,0.0,0.0,6.54,0.0,589268
2023-07-25 21:00:00,00000000790,20230725210000,0.818,0.103,0.0,0.0,0.0,0.0,1.0,4,0.0,0.0,12.59,0.0,589268
2023-07-25 22:00:00,00000000790,20230725220000,0.129,0.031,0.001,0.0,0.0,0.0,1.0,4,0.0,0.0,24.03,0.78,589268
2023-07-25 23:00:00,00000000790,20230725230000,0.11,0.033,0.0,0.0,0.0,0.0,1.0,4,0.0,0.0,30.0,0.0,589268
2023-07-26 00:00:00,00000000790,20230726000000,0.106,0.034,0.0,0.0,0.0,0.0,1.0,4,0.0,0.0,32.08,0.0,589268
2023-07-26 01:00:00,00000000790,20230726010000,0.451,0.139,0.0,0.0,0.0,0.0,1.0,4,0.0,0.0,30.82,0.0,589268
2023-07-26 02:00:00,00000000790,20230726020000,0.536,0.183,0.0,0.0,0.0,0.0,1.0,4,0.0,0.0,34.14,0.0,589268
2023-07-26 03:00:00,00000000790,20230726030000,0.276,0.079,0.0,0.0,0.0,0.0,1.0,4,0.0,0.0,28.62,0.0,589268
2023-07-26 04:00:00,00000000790,20230726040000,0.324,0.092,0.0,0.0,0.0,0.0,1.0,4,0.0,0.0,28.4,0.0,589268
2023-07-26 05:00:00,00000000790,20230726050000,0.718,0.137,0.007,0.0,0.0,0.0,1.0,4,0.0,0.0,19.08,0.97,589268
2023-07-26 06:00:00,00000000790,20230726060000,0.069,0.018,0.012,0.0,0.0,0.0,1.0,4,0.0,0.0,26.09,17.39,589268
2023-07-26 07:00:00,00000000790,20230726070000,0.081,0.021,0.009,0.0,0.0,0.0,1.0,4,0.0,0.0,25.93,11.11,589268
2023-07-26 08:00:00,00000000790,20230726080000,0.053,0.012,0.013,0.0,0.0,0.0,1.0,4,0.0,0.0,22.64,24.53,589268
2023-07-26 09:00:00,00000000790,20230726090000,0.388,0.067,0.002,0.0,0.0,0.0,1.0,4,0.0,0.0,17.27,0.52,589268
2023-07-26 10:00:00,00000000790,20230726100000,0.047,0.009,0.013,0.0,0.0,0.0,1.0,4,0.0,0.0,19.15,27.66,589268
2023-07-26 11:00:00,00000000790,20230726110000,0.912,0.037,0.006,0.0,0.0,0.0,1.0,4,0.0,0.0,4.06,0.66,589268
2023-07-26 12:00:00,00000000790,20230726120000,0.26,0.022,0.006,0.0,0.0,0.0,1.0,4,0.0,0.0,8.46,2.31,589268
2023-07-26 13:00:00,00000000790,20230726130000,0.288,0.079,0.0,0.0,0.0,0.0,1.0,4,0.0,0.0,27.43,0.0,589268
2023-07-26 14:00:00,00000000790,20230726140000,0.321,0.051,0.0,0.0,0.0,0.0,1.0,4,0.0,0.0,15.89,0.0,589268
2023-07-26 15:00:00,00000000790,20230726150000,0.088,0.032,0.002,0.0,0.0,0.0,1.0,4,0.0,0.0,36.36,2.27,589268
2023-07-26 16:00:00,00000000790,20230726160000,0.077,0.028,0.003,0.0,0.0,0.0,1.0,4,0.0,0.0,36.36,3.9,589268
2023-07-26 17:00:00,00000000790,20230726170000,0.32,0.018,0.005,0.0,0.0,0.0,1.0,4,0.0,0.0,5.62,1.56,589268
2023-07-26 18:00:00,00000000790,20230726180000,0.068,0.025,0.003,0.0,0.0,0.0,1.0,4,0.0,0.0,36.76,4.41,589268
2023-07-26 19:00:00,00000000790,20230726190000,0.044,0.015,0.006,0.0,0.0,0.0,1.0,4,0.0,0.0,34.09,13.64,589268
2023-07-26 20:00:00,00000000790,20230726200000,0.052,0.019,0.004,0.0,0.0,0.0,1.0,4,0.0,0.0,36.54,7.69,589268
2023-07-26 21:00:00,00000000790,20230726210000,0.047,0.017,0.005,0.0,0.0,0.0,1.0,4,0.0,0.0,36.17,10.64,589268
2023-07-26 22:00:00,00000000790,20230726220000,0.036,0.011,0.007,0.0,0.0,0.0,1.0,4,0.0,0.0,30.56,19.44,589268
2023-07-26 23:00:00,00000000790,20230726230000,0.012,0.0,0.009,0.0,0.0,0.0,1.0,4,0.0,0.0,0.0,75.0,589268
2023-07-27 00:00:00,00000000790,20230727000000,0.103,0.038,0.001,0.0,0.0,0.0,1.0,4,0.0,0.0,36.89,0.97,589268
2023-07-27 01:00:00,00000000790,20230727010000,0.057,0.023,0.004,0.0,0.0,0.0,1.0,4,0.0,0.0,40.35,7.02,589268
2023-07-27 02:00:00,00000000790,20230727020000,0.682,0.039,0.008,0.0,0.0,0.0,1.0,4,0.0,0.0,5.72,1.17,589268
2023-07-27 03:00:00,00000000790,20230727030000,0.528,0.076,0.007,0.0,0.0,0.0,1.0,4,0.0,0.0,14.39,1.33,589268
2023-07-27 04:00:00,00000000790,20230727040000,0.103,0.015,0.014,0.0,0.0,0.0,1.0,4,0.0,0.0,14.56,13.59,589268
2023-07-27 05:00:00,00000000790,20230727050000,0.045,0.004,0.018,0.0,0.0,0.0,1.0,4,0.0,0.0,8.89,40.0,589268
2023-07-27 06:00:00,00000000790,20230727060000,0.099,0.03,0.006,0.0,0.0,0.0,1.0,4,0.0,0.0,30.3,6.06,589268
2023-07-27 07:00:00,00000000790,20230727070000,0.067,0.019,0.011,0.0,0.0,0.0,1.0,4,0.0,0.0,28.36,16.42,589268
2023-07-27 08:00:00,00000000790,20230727080000,0.081,0.02,0.009,0.0,0.0,0.0,1.0,4,0.0,0.0,24.69,11.11,589268
2023-07-27 09:00:00,00000000790,20230727090000,0.055,0.011,0.014,0.0,0.0,0.0,1.0,4,0.0,0.0,20.0,25.45,589268
2023-07-27 10:00:00,00000000790,20230727100000,0.086,0.02,0.008,0.0,0.0,0.0,1.0,4,0.0,0.0,23.26,9.3,589268
2023-07-27 11:00:00,00000000790,20230727110000,0.027,0.001,0.02,0.0,0.0,0.0,1.0,4,0.0,0.0,3.7,74.07,589268
2023-07-27 12:00:00,00000000790,20230727120000,0.655,0.038,0.0,0.0,0.0,0.0,1.0,4,0.0,0.0,5.8,0.0,589268
2023-07-27 13:00:00,00000000790,20230727130000,0.306,0.027,0.0,0.0,0.0,0.0,1.0,4,0.0,0.0,8.82,0.0,589268
2023-07-27 14:00:00,00000000790,20230727140000,0.74,0.027,0.0,0.0,0.0,0.0,1.0,4,0.0,0.0,3.65,0.0,589268
2023-07-27 15:00:00,00000000790,20230727150000,0.246,0.048,0.0,0.0,0.0,0.0,1.0,4,0.0,0.0,19.51,0.0,589268
2023-07-27 16:00:00,00000000790,20230727160000,0.273,0.059,0.001,0.0,0.0,0.0,1.0,4,0.0,0.0,21.61,0.37,589268
2023-07-27 17:00:00,00000000790,20230727170000,0.045,0.016,0.005,0.0,0.0,0.0,1.0,4,0.0,0.0,35.56,11.11,589268
2023-07-27 18:00:00,00000000790,20230727180000,0.559,0.006,0.008,0.0,0.0,0.0,1.0,4,0.0,0.0,1.07,1.43,589268
2023-07-27 19:00:00,00000000790,20230727190000,0.29,0.053,0.0,0.0,0.0,0.0,1.0,4,0.0,0.0,18.28,0.0,589268
2023-07-27 20:00:00,00000000790,20230727200000,0.076,0.027,0.002,0.0,0.0,0.0,1.0,4,0.0,0.0,35.53,2.63,589268
2023-07-27 21:00:00,00000000790,20230727210000,0.072,0.025,0.003,0.0,0.0,0.0,1.0,4,0.0,0.0,34.72,4.17,589268
2023-07-27 22:00:00,00000000790,20230727220000,0.068,0.025,0.004,0.0,0.0,0.0,1.0,4,0.0,0.0,36.76,5.88,589268
2023-07-27 23:00:00,00000000790,20230727230000,0.042,0.016,0.006,0.0,0.0,0.0,1.0,4,0.0,0.0,38.1,14.29,589268
2023-07-28 00:00:00,00000000790,20230728000000,0.144,0.042,0.004,0.0,0.0,0.0,1.0,4,0.0,0.0,29.17,2.78,589268
2023-07-28 01:00:00,00000000790,20230728010000,0.232,0.083,0.0,0.0,0.0,0.0,1.0,4,0.0,0.0,35.78,0.0,589268
2023-07-28 02:00:00,00000000790,20230728020000,0.114,0.018,0.01,0.0,0.0,0.0,1.0,4,0.0,0.0,15.79,8.77,589268
2023-07-28 03:00:00,00000000790,20230728030000,0.094,0.011,0.016,0.0,0.0,0.0,1.0,4,0.0,0.0,11.7,17.02,589268
2023-07-28 04:00:00,00000000790,20230728040000,0.057,0.012,0.014,0.0,0.0,0.0,1.0,4,0.0,0.0,21.05,24.56,589268
2023-07-28 05:00:00,00000000790,20230728050000,0.054,0.011,0.015,0.0,0.0,0.0,1.0,4,0.0,0.0,20.37,27.78,589268
2023-07-28 06:00:00,00000000790,20230728060000,0.066,0.013,0.014,0.0,0.0,0.0,1.0,4,0.0,0.0,19.7,21.21,589268
2023-07-28 07:00:00,00000000790,20230728070000,0.081,0.023,0.008,0.0,0.0,0.0,1.0,4,0.0,0.0,28.4,9.88,589268
2023-07-28 08:00:00,00000000790,20230728080000,0.049,0.011,0.014,0.0,0.0,0.0,1.0,4,0.0,0.0,22.45,28.57,589268
2023-07-28 09:00:00,00000000790,20230728090000,0.302,0.013,0.012,0.0,0.0,0.0,1.0,4,0.0,0.0,4.3,3.97,589268
2023-07-28 10:00:00,00000000790,20230728100000,0.442,0.022,0.006,0.0,0.0,0.0,1.0,4,0.0,0.0,4.98,1.36,589268
2023-07-28 11:00:00,00000000790,20230728110000,0.249,0.009,0.014,0.0,0.0,0.0,1.0,4,0.0,0.0,3.61,5.62,589268
2023-07-28 12:00:00,00000000790,20230728120000,0.451,0.059,0.008,0.0,0.0,0.0,1.0,4,0.0,0.0,13.08,1.77,589268
2023-07-28 13:00:00,00000000790,20230728130000,1.743,0.06,0.006,0.0,0.0,0.0,1.0,4,0.0,0.0,3.44,0.34,589268
2023-07-28 14:00:00,00000000790,20230728140000,0.975,0.112,0.0,0.0,0.0,0.0,1.0,4,0.0,0.0,11.49,0.0,589268
2023-07-28 15:00:00,00000000790,20230728150000,0.102,0.037,0.002,0.0,0.0,0.0,1.0,4,0.0,0.0,36.27,1.96,589268
2023-07-28 16:00:00,00000000790,20230728160000,0.048,0.019,0.005,0.0,0.0,0.0,1.0,4,0.0,0.0,39.58,10.42,589268
2023-07-28 17:00:00,00000000790,20230728170000,0.122,0.021,0.006,0.0,0.0,0.0,1.0,4,0.0,0.0,17.21,4.92,589268
2023-07-28 18:00:00,00000000790,20230728180000,0.029,0.007,0.008,0.0,0.0,0.0,1.0,4,0.0,0.0,24.14,27.59,589268
2023-07-28 19:00:00,00000000790,20230728190000,0.53,0.039,0.0,0.0,0.0,0.0,1.0,4,0.0,0.0,7.36,0.0,589268
2023-07-28 20:00:00,00000000790,20230728200000,0.631,0.075,0.0,0.0,0.0,0.0,1.0,4,0.0,0.0,11.89,0.0,589268
2023-07-28 21:00:00,00000000790,20230728210000,0.529,0.081,0.0,0.0,0.0,0.0,1.0,4,0.0,0.0,15.31,0.0,589268
2023-07-28 22:00:00,00000000790,20230728220000,0.162,0.056,0.0,0.0,0.0,0.0,1.0,4,0.0,0.0,34.57,0.0,589268
2023-07-28 23:00:00,00000000790,20230728230000,0.098,0.042,0.0,0.0,0.0,0.0,1.0,4,0.0,0.0,42.86,0.0,589268
2023-07-29 00:00:00,00000000790,20230729000000,0.013,0.0,0.01,0.0,0.0,0.0,1.0,4,0.0,0.0,0.0,76.92,589268
2023-07-29 01:00:00,00000000790,20230729010000,0.404,0.073,0.005,0.0,0.0,0.0,1.0,4,0.0,0.0,18.07,1.24,589268
2023-07-29 02:00:00,00000000790,20230729020000,0.276,0.119,0.0,0.0,0.0,0.0,1.0,4,0.0,0.0,43.12,0.0,589268
2023-07-29 03:00:00,00000000790,20230729030000,0.26,0.099,0.0,0.0,0.0,0.0,1.0,4,0.0,0.0,38.08,0.0,589268
2023-07-29 04:00:00,00000000790,20230729040000,0.131,0.039,0.0,0.0,0.0,0.0,1.0,4,0.0,0.0,29.77,0.0,589268
2023-07-29 05:00:00,00000000790,20230729050000,0.123,0.041,0.0,0.0,0.0,0.0,1.0,4,0.0,0.0,33.33,0.0,589268
2023-07-29 06:00:00,00000000790,20230729060000,0.365,0.042,0.0,0.0,0.0,0.0,1.0,4,0.0,0.0,11.51,0.0,589268
2023-07-29 07:00:00,00000000790,20230729070000,0.093,0.03,0.005,0.0,0.0,0.0,1.0,4,0.0,0.0,32.26,5.38,589268
2023-07-29 08:00:00,00000000790,20230729080000,0.704,0.033,0.0,0.0,0.0,0.0,1.0,4,0.0,0.0,4.69,0.0,589268
2023-07-29 09:00:00,00000000790,20230729090000,0.58,0.124,0.0,0.0,0.0,0.0,1.0,4,0.0,0.0,21.38,0.0,589268
2023-07-29 10:00:00,00000000790,20230729100000,0.357,0.084,0.0,0.0,0.0,0.0,1.0,4,0.0,0.0,23.53,0.0,589268
2023-07-29 11:00:00,00000000790,20230729110000,0.319,0.073,0.0,0.0,0.0,0.0,1.0,4,0.0,0.0,22.88,0.0,589268
2023-07-29 12:00:00,00000000790,20230729120000,0.34,0.076,0.0,0.0,0.0,0.0,1.0,4,0.0,0.0,22.35,0.0,589268
2023-07-29 13:00:00,00000000790,20230729130000,0.882,0.128,0.0,0.0,0.0,0.0,1.0,4,0.0,0.0,14.51,0.0,589268
2023-07-29 14:00:00,00000000790,20230729140000,0.516,0.106,0.0,0.0,0.0,0.0,1.0,4,0.0,0.0,20.54,0.0,589268
2023-07-29 15:00:00,00000000790,20230729150000,0.261,0.054,0.003,0.0,0.0,0.0,1.0,4,0.0,0.0,20.69,1.15,589268
2023-07-29 16:00:00,00000000790,20230729160000,0.047,0.021,0.005,0.0,0.0,0.0,1.0,4,0.0,0.0,44.68,10.64,589268
2023-07-29 17:00:00,00000000790,20230729170000,0.062,0.025,0.004,0.0,0.0,0.0,1.0,4,0.0,0.0,40.32,6.45,589268
2023-07-29 18:00:00,00000000790,20230729180000,0.009,0.0,0.009,0.0,0.0,0.0,1.0,4,0.0,0.0,0.0,100.0,589268
2023-07-29 19:00:00,00000000790,20230729190000,1.34,0.014,0.007,0.0,0.0,0.0,1.0,4,0.0,0.0,1.04,0.52,589268
2023-07-29 20:00:00,00000000790,20230729200000,0.343,0.018,0.006,0.0,0.0,0.0,1.0,4,0.0,0.0,5.25,1.75,589268
2023-07-29 21:00:00,00000000790,20230729210000,0.069,0.019,0.007,0.0,0.0,0.0,1.0,4,0.0,0.0,27.54,10.14,589268
2023-07-29 22:00:00,00000000790,20230729220000,0.059,0.016,0.009,0.0,0.0,0.0,1.0,4,0.0,0.0,27.12,15.25,589268
2023-07-29 23:00:00,00000000790,20230729230000,0.04,0.012,0.013,0.0,0.0,0.0,1.0,4,0.0,0.0,30.0,32.5,589268
2023-07-30 00:00:00,00000000790,20230730000000,0.735,0.143,0.008,0.0,0.0,0.0,1.0,4,0.0,0.0,19.46,1.09,589268
2023-07-30 01:00:00,00000000790,20230730010000,0.16,0.038,0.002,0.0,0.0,0.0,1.0,4,0.0,0.0,23.75,1.25,589268
2023-07-30 02:00:00,00000000790,20230730020000,0.159,0.035,0.002,0.0,0.0,0.0,1.0,4,0.0,0.0,22.01,1.26,589268
2023-07-30 03:00:00,00000000790,20230730030000,0.431,0.02,0.007,0.0,0.0,0.0,1.0,4,0.0,0.0,4.64,1.62,589268
2023-07-30 04:00:00,00000000790,20230730040000,0.109,0.013,0.018,0.0,0.0,0.0,1.0,4,0.0,0.0,11.93,16.51,589268
2023-07-30 05:00:00,00000000790,20230730050000,0.124,0.014,0.016,0.0,0.0,0.0,1.0,4,0.0,0.0,11.29,12.9,589268
2023-07-30 06:00:00,00000000790,20230730060000,0.111,0.014,0.02,0.0,0.0,0.0,1.0,4,0.0,0.0,12.61,18.02,589268
2023-07-30 07:00:00,00000000790,20230730070000,0.068,0.002,0.032,0.0,0.0,0.0,1.0,4,0.0,0.0,2.94,47.06,589268
2023-07-30 08:00:00,00000000790,20230730080000,0.114,0.013,0.018,0.0,0.0,0.0,1.0,4,0.0,0.0,11.4,15.79,589268
2023-07-30 09:00:00,00000000790,20230730090000,0.461,0.013,0.014,0.0,0.0,0.0,1.0,4,0.0,0.0,2.82,3.04,589268
2023-07-30 10:00:00,00000000790,20230730100000,0.397,0.023,0.001,0.0,0.0,0.0,1.0,4,0.0,0.0,5.79,0.25,589268
2023-07-30 11:00:00,00000000790,20230730110000,0.476,0.055,0.009,0.0,0.0,0.0,1.0,4,0.0,0.0,11.55,1.89,589268
2023-07-30 12:00:00,00000000790,20230730120000,0.508,0.071,0.0,0.0,0.0,0.0,1.0,4,0.0,0.0,13.98,0.0,589268
2023-07-30 13:00:00,00000000790,20230730130000,0.437,0.121,0.005,0.0,0.0,0.0,1.0,4,0.0,0.0,27.69,1.14,589268
2023-07-30 14:00:00,00000000790,20230730140000,0.161,0.143,0.01,0.0,0.0,0.0,1.0,4,0.0,0.0,88.82,6.21,589268
2023-07-30 15:00:00,00000000790,20230730150000,0.129,0.02,0.009,0.0,0.0,0.0,1.0,4,0.0,0.0,15.5,6.98,589268
2023-07-30 16:00:00,00000000790,20230730160000,0.134,0.041,0.0,0.0,0.0,0.0,1.0,4,0.0,0.0,30.6,0.0,589268
2023-07-30 17:00:00,00000000790,20230730170000,0.373,0.04,0.0,0.0,0.0,0.0,1.0,4,0.0,0.0,10.72,0.0,589268
2023-07-30 18:00:00,00000000790,20230730180000,0.099,0.04,0.0,0.0,0.0,0.0,1.0,4,0.0,0.0,40.4,0.0,589268
2023-07-30 19:00:00,00000000790,20230730190000,1.222,0.071,0.0,0.0,0.0,0.0,1.0,4,0.0,0.0,5.81,0.0,589268
2023-07-30 20:00:00,00000000790,20230730200000,0.75,0.139,0.0,0.0,0.0,0.0,1.0,4,0.0,0.0,18.53,0.0,589268
2023-07-30 21:00:00,00000000790,20230730210000,0.253,0.07,0.0,0.0,0.0,0.0,1.0,4,0.0,0.0,27.67,0.0,589268
2023-07-30 22:00:00,00000000790,20230730220000,0.06,0.016,0.008,0.0,0.0,0.0,1.0,4,0.0,0.0,26.67,13.33,589268
2023-07-30 23:00:00,00000000790,20230730230000,0.053,0.016,0.011,0.0,0.0,0.0,1.0,4,0.0,0.0,30.19,20.75,589268
2023-07-31 00:00:00,00000000790,20230731000000,0.125,0.022,0.01,0.0,0.0,0.0,1.0,4,0.0,0.0,17.6,8.0,589268
2023-07-31 01:00:00,00000000790,20230731010000,0.668,0.275,0.001,0.0,0.0,0.0,1.0,4,0.0,0.0,41.17,0.15,589268
2023-07-31 02:00:00,00000000790,20230731020000,0.373,0.107,0.0,0.0,0.0,0.0,1.0,4,0.0,0.0,28.69,0.0,589268
2023-07-31 03:00:00,00000000790,20230731030000,0.198,0.018,0.013,0.0,0.0,0.0,1.0,4,0.0,0.0,9.09,6.57,589268
2023-07-31 04:00:00,00000000790,20230731040000,0.162,0.032,0.001,0.0,0.0,0.0,1.0,4,0.0,0.0,19.75,0.62,589268
2023-07-31 05:00:00,00000000790,20230731050000,0.081,0.02,0.011,0.0,0.0,0.0,1.0,4,0.0,0.0,24.69,13.58,589268
2023-07-31 06:00:00,00000000790,20230731060000,0.074,0.02,0.012,0.0,0.0,0.0,1.0,4,0.0,0.0,27.03,16.22,589268
2023-07-31 07:00:00,00000000790,20230731070000,0.071,0.018,0.012,0.0,0.0,0.0,1.0,4,0.0,0.0,25.35,16.9,589268
2023-07-31 08:00:00,00000000790,20230731080000,0.069,0.016,0.013,0.0,0.0,0.0,1.0,4,0.0,0.0,23.19,18.84,589268
2023-07-31 09:00:00,00000000790,20230731090000,0.393,0.027,0.012,0.0,0.0,0.0,1.0,4,0.0,0.0,6.87,3.05,589268
2023-07-31 10:00:00,00000000790,20230731100000,0.07,0.015,0.012,0.0,0.0,0.0,1.0,4,0.0,0.0,21.43,17.14,589268
2023-07-31 11:00:00,00000000790,20230731110000,0.06,0.011,0.015,0.0,0.0,0.0,1.0,4,0.0,0.0,18.33,25.0,589268
2023-07-31 12:00:00,00000000790,20230731120000,0.421,0.006,0.016,0.0,0.0,0.0,1.0,4,0.0,0.0,1.43,3.8,589268
2023-07-31 13:00:00,00000000790,20230731130000,0.342,0.063,0.0,0.0,0.0,0.0,1.0,4,0.0,0.0,18.42,0.0,589268
2023-07-31 14:00:00,00000000790,20230731140000,0.804,0.112,0.0,0.0,0.0,0.0,1.0,4,0.0,0.0,13.93,0.0,589268
2023-07-31 15:00:00,00000000790,20230731150000,0.336,0.108,0.0,0.0,0.0,0.0,1.0,4,0.0,0.0,32.14,0.0,589268
2023-07-31 16:00:00,00000000790,20230731160000,0.674,0.046,0.0,0.0,0.0,0.0,1.0,4,0.0,0.0,6.82,0.0,589268
2023-07-31 17:00:00,00000000790,20230731170000,0.046,0.018,0.006,0.0,0.0,0.0,1.0,4,0.0,0.0,39.13,13.04,589268
2023-07-31 18:00:00,00000000790,20230731180000,0.012,0.0,0.009,0.0,0.0,0.0,1.0,4,0.0,0.0,0.0,75.0,589268
2023-07-31 19:00:00,00000000790,20230731190000,0.113,0.029,0.004,0.0,0.0,0.0,1.0,4,0.0,0.0,25.66,3.54,589268
2023-07-31 20:00:00,00000000790,20230731200000,1.013,0.053,0.005,0.0,0.0,0.0,1.0,4,0.0,0.0,5.23,0.49,589268
2023-07-31 21:00:00,00000000790,20230731210000,0.264,0.068,0.0,0.0,0.0,0.0,1.0,4,0.0,0.0,25.76,0.0,589268
2023-07-31 22:00:00,00000000790,20230731220000,0.065,0.019,0.007,0.0,0.0,0.0,1.0,4,0.0,0.0,29.23,10.77,589268
2023-07-31 23:00:00,00000000790,20230731230000,0.068,0.02,0.007,0.0,0.0,0.0,1.0,4,0.0,0.0,29.41,10.29,589268
2023-08-01 00:00:00,00000000790,20230801000000,1.065,0.067,0.012,0.0,0.0,0.0,1.0,4,0.0,0.0,6.29,1.13,589268
2023-08-01 01:00:00,00000000790,20230801010000,1.1,0.368,0.0,0.0,0.0,0.0,1.0,4,0.0,0.0,33.45,0.0,589268
2023-08-01 02:00:00,00000000790,20230801020000,0.322,0.115,0.0,0.0,0.0,0.0,1.0,4,0.0,0.0,35.71,0.0,589268
2023-08-01 03:00:00,00000000790,20230801030000,0.103,0.023,0.008,0.0,0.0,0.0,1.0,4,0.0,0.0,22.33,7.77,589268
2023-08-01 04:00:00,00000000790,20230801040000,0.328,0.012,0.015,0.0,0.0,0.0,1.0,4,0.0,0.0,3.66,4.57,589268
2023-08-01 05:00:00,00000000790,20230801050000,0.048,0.012,0.014,0.0,0.0,0.0,1.0,4,0.0,0.0,25.0,29.17,589268
2023-08-01 06:00:00,00000000790,20230801060000,0.094,0.035,0.004,0.0,0.0,0.0,1.0,4,0.0,0.0,37.23,4.26,589268
2023-08-01 07:00:00,00000000790,20230801070000,0.061,0.021,0.01,0.0,0.0,0.0,1.0,4,0.0,0.0,34.43,16.39,589268
2023-08-01 08:00:00,00000000790,20230801080000,0.054,0.018,0.01,0.0,0.0,0.0,1.0,4,0.0,0.0,33.33,18.52,589268
2023-08-01 09:00:00,00000000790,20230801090000,0.052,0.016,0.01,0.0,0.0,0.0,1.0,4,0.0,0.0,30.77,19.23,589268
2023-08-01 10:00:00,00000000790,20230801100000,0.167,0.015,0.011,0.0,0.0,0.0,1.0,4,0.0,0.0,8.98,6.59,589268
2023-08-01 11:00:00,00000000790,20230801110000,0.697,0.057,0.008,0.0,0.0,0.0,1.0,4,0.0,0.0,8.18,1.15,589268
2023-08-01 12:00:00,00000000790,20230801120000,0.448,0.095,0.0,0.0,0.0,0.0,1.0,4,0.0,0.0,21.21,0.0,589268
2023-08-01 13:00:00,00000000790,20230801130000,0.423,0.096,0.0,0.0,0.0,0.0,1.0,4,0.0,0.0,22.7,0.0,589268
2023-08-01 14:00:00,00000000790,20230801140000,0.374,0.108,0.0,0.0,0.0,0.0,1.0,4,0.0,0.0,28.88,0.0,589268
2023-08-01 15:00:00,00000000790,20230801150000,0.182,0.054,0.001,0.0,0.0,0.0,1.0,4,0.0,0.0,29.67,0.55,589268
2023-08-01 16:00:00,00000000790,20230801160000,0.044,0.017,0.006,0.0,0.0,0.0,1.0,4,0.0,0.0,38.64,13.64,589268
2023-08-01 17:00:00,00000000790,20230801170000,0.043,0.013,0.006,0.0,0.0,0.0,1.0,4,0.0,0.0,30.23,13.95,589268
2023-08-01 18:00:00,00000000790,20230801180000,0.687,0.054,0.0,0.0,0.0,0.0,1.0,4,0.0,0.0,7.86,0.0,589268
2023-08-01 19:00:00,00000000790,20230801190000,0.386,0.079,0.0,0.0,0.0,0.0,1.0,4,0.0,0.0,20.47,0.0,589268
2023-08-01 20:00:00,00000000790,20230801200000,0.129,0.016,0.01,0.0,0.0,0.0,1.0,4,0.0,0.0,12.4,7.75,589268
2023-08-01 21:00:00,00000000790,20230801210000,0.116,0.03,0.0,0.0,0.0,0.0,1.0,4,0.0,0.0,25.86,0.0,589268
2023-08-01 22:00:00,00000000790,20230801220000,0.076,0.022,0.005,0.0,0.0,0.0,1.0,4,0.0,0.0,28.95,6.58,589268
2023-08-01 23:00:00,00000000790,20230801230000,0.063,0.019,0.008,0.0,0.0,0.0,1.0,4,0.0,0.0,30.16,12.7,589268
2023-08-02 00:00:00,00000000790,20230802000000,0.052,0.016,0.01,0.0,0.0,0.0,1.0,4,0.0,0.0,30.77,19.23,589268
2023-08-02 01:00:00,00000000790,20230802010000,0.729,0.136,0.0,0.0,0.0,0.0,1.0,4,0.0,0.0,18.66,0.0,589268
2023-08-02 02:00:00,00000000790,20230802020000,0.305,0.078,0.005,0.0,0.0,0.0,1.0,4,0.0,0.0,25.57,1.64,589268
2023-08-02 03:00:00,00000000790,20230802030000,0.148,0.012,0.019,0.0,0.0,0.0,1.0,4,0.0,0.0,8.11,12.84,589268
2023-08-02 04:00:00,00000000790,20230802040000,0.09,0.008,0.023,0.0,0.0,0.0,1.0,4,0.0,0.0,8.89,25.56,589268
2023-08-02 05:00:00,00000000790,20230802050000,0.07,0.0,0.033,0.0,0.0,0.0,1.0,4,0.0,0.0,0.0,47.14,589268
2023-08-02 06:00:00,00000000790,20230802060000,0.135,0.02,0.012,0.0,0.0,0.0,1.0,4,0.0,0.0,14.81,8.89,589268
2023-08-02 07:00:00,00000000790,20230802070000,0.112,0.013,0.018,0.0,0.0,0.0,1.0,4,0.0,0.0,11.61,16.07,589268
2023-08-02 08:00:00,00000000790,20230802080000,0.109,0.013,0.017,0.0,0.0,0.0,1.0,4,0.0,0.0,11.93,15.6,589268
2023-08-02 09:00:00,00000000790,20230802090000,0.097,0.009,0.019,0.0,0.0,0.0,1.0,4,0.0,0.0,9.28,19.59,589268
2023-08-02 10:00:00,00000000790,20230802100000,0.394,0.015,0.016,0.0,0.0,0.0,1.0,4,0.0,0.0,3.81,4.06,589268
2023-08-02 11:00:00,00000000790,20230802110000,0.529,0.032,0.018,0.0,0.0,0.0,1.0,4,0.0,0.0,6.05,3.4,589268
2023-08-02 12:00:00,00000000790,20230802120000,0.356,0.088,0.0,0.0,0.0,0.0,1.0,4,0.0,0.0,24.72,0.0,589268
2023-08-02 13:00:00,00000000790,20230802130000,0.522,0.11,0.0,0.0,0.0,0.0,1.0,4,0.0,0.0,21.07,0.0,589268
2023-08-02 14:00:00,00000000790,20230802140000,0.428,0.09,0.0,0.0,0.0,0.0,1.0,4,0.0,0.0,21.03,0.0,589268
2023-08-02 15:00:00,00000000790,20230802150000,0.212,0.081,0.0,0.0,0.0,0.0,1.0,4,0.0,0.0,38.21,0.0,589268
2023-08-02 16:00:00,00000000790,20230802160000,0.051,0.018,0.005,0.0,0.0,0.0,1.0,4,0.0,0.0,35.29,9.8,589268
2023-08-02 17:00:00,00000000790,20230802170000,0.026,0.006,0.007,0.0,0.0,0.0,1.0,4,0.0,0.0,23.08,26.92,589268
2023-08-02 18:00:00,00000000790,20230802180000,0.098,0.037,0.001,0.0,0.0,0.0,1.0,4,0.0,0.0,37.76,1.02,589268
2023-08-02 19:00:00,00000000790,20230802190000,0.13,0.018,0.004,0.0,0.0,0.0,1.0,4,0.0,0.0,13.85,3.08,589268
2023-08-02 20:00:00,00000000790,20230802200000,0.582,0.07,0.002,0.0,0.0,0.0,1.0,4,0.0,0.0,12.03,0.34,589268
2023-08-02 21:00:00,00000000790,20230802210000,1.492,0.218,0.0,0.0,0.0,0.0,1.0,4,0.0,0.0,14.61,0.0,589268
2023-08-02 22:00:00,00000000790,20230802220000,0.93,0.199,0.0,0.0,0.0,0.0,1.0,4,0.0,0.0,21.4,0.0,589268
2023-08-02 23:00:00,00000000790,20230802230000,0.829,0.11,0.0,0.0,0.0,0.0,1.0,4,0.0,0.0,13.27,0.0,589268
2023-08-03 00:00:00,00000000790,20230803000000,0.581,0.139,0.0,0.0,0.0,0.0,1.0,4,0.0,0.0,23.92,0.0,589268
2023-08-03 01:00:00,00000000790,20230803010000,0.474,0.154,0.0,0.0,0.0,0.0,1.0,4,0.0,0.0,32.49,0.0,589268
2023-08-03 02:00:00,00000000790,20230803020000,0.689,0.187,0.0,0.0,0.0,0.0,1.0,4,0.0,0.0,27.14,0.0,589268
2023-08-03 03:00:00,00000000790,20230803030000,0.495,0.068,0.0,0.0,0.0,0.0,1.0,4,0.0,0.0,13.74,0.0,589268
2023-08-03 04:00:00,00000000790,20230803040000,0.73,0.047,0.0,0.0,0.0,0.0,1.0,4,0.0,0.0,6.44,0.0,589268
2023-08-03 05:00:00,00000000790,20230803050000,0.134,0.023,0.007,0.0,0.0,0.0,1.0,4,0.0,0.0,17.16,5.22,589268
2023-08-03 06:00:00,00000000790,20230803060000,0.081,0.004,0.029,0.0,0.0,0.0,1.0,4,0.0,0.0,4.94,35.8,589268
2023-08-03 07:00:00,00000000790,20230803070000,0.133,0.021,0.008,0.0,0.0,0.0,1.0,4,0.0,0.0,15.79,6.02,589268
2023-08-03 08:00:00,00000000790,20230803080000,0.101,0.011,0.018,0.0,0.0,0.0,1.0,4,0.0,0.0,10.89,17.82,589268
2023-08-03 09:00:00,00000000790,20230803090000,0.11,0.012,0.014,0.0,0.0,0.0,1.0,4,0.0,0.0,10.91,12.73,589268
2023-08-03 10:00:00,00000000790,20230803100000,0.106,0.01,0.015,0.0,0.0,0.0,1.0,4,0.0,0.0,9.43,14.15,589268
2023-08-03 11:00:00,00000000790,20230803110000,0.747,0.05,0.004,0.0,0.0,0.0,1.0,4,0.0,0.0,6.69,0.54,589268
2023-08-03 12:00:00,00000000790,20230803120000,0.464,0.096,0.0,0.0,0.0,0.0,1.0,4,0.0,0.0,20.69,0.0,589268
2023-08-03 13:00:00,00000000790,20230803130000,1.343,0.053,0.0,0.0,0.0,0.0,1.0,4,0.0,0.0,3.95,0.0,589268
2023-08-03 14:00:00,00000000790,20230803140000,0.851,0.069,0.0,0.0,0.0,0.0,1.0,4,0.0,0.0,8.11,0.0,589268
2023-08-03 15:00:00,00000000790,20230803150000,1.434,0.2,0.0,0.0,0.0,0.0,1.0,4,0.0,0.0,13.95,0.0,589268
2023-08-03 16:00:00,00000000790,20230803160000,0.185,0.05,0.0,0.0,0.0,0.0,1.0,4,0.0,0.0,27.03,0.0,589268
2023-08-03 17:00:00,00000000790,20230803170000,1.563,0.216,0.0,0.0,0.0,0.0,1.0,4,0.0,0.0,13.82,0.0,589268
2023-08-03 18:00:00,00000000790,20230803180000,0.6,0.127,0.0,0.0,0.0,0.0,1.0,4,0.0,0.0,21.17,0.0,589268
2023-08-03 19:00:00,00000000790,20230803190000,0.516,0.103,0.0,0.0,0.0,0.0,1.0,4,0.0,0.0,19.96,0.0,589268
2023-08-03 20:00:00,00000000790,20230803200000,0.329,0.088,0.0,0.0,0.0,0.0,1.0,4,0.0,0.0,26.75,0.0,589268
2023-08-03 21:00:00,00000000790,20230803210000,0.906,0.052,0.0,0.0,0.0,0.0,1.0,4,0.0,0.0,5.74,0.0,589268
2023-08-03 22:00:00,00000000790,20230803220000,1.414,0.081,0.0,0.0,0.0,0.0,1.0,4,0.0,0.0,5.73,0.0,589268
2023-08-03 23:00:00,00000000790,20230803230000,0.177,0.091,0.0,0.0,0.0,0.0,1.0,4,0.0,0.0,51.41,0.0,589268
2023-08-04 00:00:00,00000000790,20230804000000,0.168,0.099,0.0,0.0,0.0,0.0,1.0,4,0.0,0.0,58.93,0.0,589268
2023-08-04 01:00:00,00000000790,20230804010000,0.168,0.103,0.0,0.0,0.0,0.0,1.0,4,0.0,0.0,61.31,0.0,589268
2023-08-04 02:00:00,00000000790,20230804020000,0.861,0.251,0.0,0.0,0.0,0.0,1.0,4,0.0,0.0,29.15,0.0,589268
2023-08-04 03:00:00,00000000790,20230804030000,0.439,0.04,0.0,0.0,0.0,0.0,1.0,4,0.0,0.0,9.11,0.0,589268
2023-08-04 04:00:00,00000000790,20230804040000,0.118,0.041,0.0,0.0,0.0,0.0,1.0,4,0.0,0.0,34.75,0.0,589268
2023-08-04 05:00:00,00000000790,20230804050000,0.119,0.041,0.0,0.0,0.0,0.0,1.0,4,0.0,0.0,34.45,0.0,589268
2023-08-04 06:00:00,00000000790,20230804060000,0.039,0.004,0.02,0.0,0.0,0.0,1.0,4,0.0,0.0,10.26,51.28,589268
2023-08-04 07:00:00,00000000790,20230804070000,0.108,0.035,0.003,0.0,0.0,0.0,1.0,4,0.0,0.0,32.41,2.78,589268
2023-08-04 08:00:00,00000000790,20230804080000,0.264,0.074,0.008,0.0,0.0,0.0,1.0,4,0.0,0.0,28.03,3.03,589268
2023-08-04 09:00:00,00000000790,20230804090000,0.431,0.033,0.007,0.0,0.0,0.0,1.0,4,0.0,0.0,7.66,1.62,589268
2023-08-04 10:00:00,00000000790,20230804100000,0.619,0.074,0.004,0.0,0.0,0.0,1.0,4,0.0,0.0,11.95,0.65,589268
2023-08-04 11:00:00,00000000790,20230804110000,0.537,0.091,0.0,0.0,0.0,0.0,1.0,4,0.0,0.0,16.95,0.0,589268
2023-08-04 12:00:00,00000000790,20230804120000,0.36,0.088,0.0,0.0,0.0,0.0,1.0,4,0.0,0.0,24.44,0.0,589268
2023-08-04 13:00:00,00000000790,20230804130000,0.681,0.11,0.0,0.0,0.0,0.0,1.0,4,0.0,0.0,16.15,0.0,589268
2023-08-04 14:00:00,00000000790,20230804140000,1.113,0.109,0.0,0.0,0.0,0.0,1.0,4,0.0,0.0,9.79,0.0,589268
2023-08-04 15:00:00,00000000790,20230804150000,0.328,0.078,0.0,0.0,0.0,0.0,1.0,4,0.0,0.0,23.78,0.0,589268
2023-08-04 16:00:00,00000000790,20230804160000,0.103,0.04,0.0,0.0,0.0,0.0,1.0,4,0.0,0.0,38.83,0.0,589268
2023-08-04 17:00:00,00000000790,20230804170000,0.076,0.029,0.002,0.0,0.0,0.0,1.0,4,0.0,0.0,38.16,2.63,589268
2023-08-04 18:00:00,00000000790,20230804180000,1.95,0.065,0.0,0.0,0.0,0.0,1.0,4,0.0,0.0,3.33,0.0,589268
2023-08-04 19:00:00,00000000790,20230804190000,0.858,0.097,0.0,0.0,0.0,0.0,1.0,4,0.0,0.0,11.31,0.0,589268
2023-08-04 20:00:00,00000000790,20230804200000,0.837,0.137,0.0,0.0,0.0,0.0,1.0,4,0.0,0.0,16.37,0.0,589268
2023-08-04 21:00:00,00000000790,20230804210000,0.591,0.087,0.0,0.0,0.0,0.0,1.0,4,0.0,0.0,14.72,0.0,589268
2023-08-04 22:00:00,00000000790,20230804220000,0.194,0.052,0.0,0.0,0.0,0.0,1.0,4,0.0,0.0,26.8,0.0,589268
2023-08-04 23:00:00,00000000790,20230804230000,0.539,0.047,0.0,0.0,0.0,0.0,1.0,4,0.0,0.0,8.72,0.0,589268
2023-08-05 00:00:00,00000000790,20230805000000,0.546,0.147,0.0,0.0,0.0,0.0,1.0,4,0.0,0.0,26.92,0.0,589268
2023-08-05 01:00:00,00000000790,20230805010000,1.229,0.315,0.0,0.0,0.0,0.0,1.0,4,0.0,0.0,25.63,0.0,589268
2023-08-05 02:00:00,00000000790,20230805020000,0.302,0.116,0.0,0.0,0.0,0.0,1.0,4,0.0,0.0,38.41,0.0,589268
2023-08-05 03:00:00,00000000790,20230805030000,0.817,0.132,0.0,0.0,0.0,0.0,1.0,4,0.0,0.0,16.16,0.0,589268
2023-08-05 04:00:00,00000000790,20230805040000,0.132,0.038,0.0,0.0,0.0,0.0,1.0,4,0.0,0.0,28.79,0.0,589268
2023-08-05 05:00:00,00000000790,20230805050000,0.537,0.045,0.0,0.0,0.0,0.0,1.0,4,0.0,0.0,8.38,0.0,589268
2023-08-05 06:00:00,00000000790,20230805060000,0.159,0.024,0.01,0.0,0.0,0.0,1.0,4,0.0,0.0,15.09,6.29,589268
2023-08-05 07:00:00,00000000790,20230805070000,0.107,0.033,0.005,0.0,0.0,0.0,1.0,4,0.0,0.0,30.84,4.67,589268
2023-08-05 08:00:00,00000000790,20230805080000,0.278,0.065,0.009,0.0,0.0,0.0,1.0,4,0.0,0.0,23.38,3.24,589268
2023-08-05 09:00:00,00000000790,20230805090000,0.12,0.014,0.012,0.0,0.0,0.0,1.0,4,0.0,0.0,11.67,10.0,589268
2023-08-05 10:00:00,00000000790,20230805100000,0.054,0.006,0.001,0.0,0.0,0.0,1.0,4,0.0,0.0,11.11,1.85,589268
2023-08-05 11:00:00,00000000790,20230805110000,0.0,0.0,0.0,0.0,0.0,0.0,1.0,4,0.0,0.0,,,589268
2023-08-05 12:00:00,00000000790,20230805120000,0.007,0.0,0.0,0.0,0.0,0.0,1.0,4,0.0,0.0,0.0,0.0,589268
2023-08-05 13:00:00,00000000790,20230805130000,0.941,0.069,0.001,0.0,0.0,0.0,1.0,4,0.0,0.0,7.33,0.11,589268
2023-08-05 14:00:00,00000000790,20230805140000,1.13,0.085,0.0,0.0,0.0,0.0,1.0,4,0.0,0.0,7.52,0.0,589268
2023-08-05 15:00:00,00000000790,20230805150000,0.104,0.036,0.0,0.0,0.0,0.0,1.0,4,0.0,0.0,34.62,0.0,589268
2023-08-05 16:00:00,00000000790,20230805160000,0.099,0.036,0.0,0.0,0.0,0.0,1.0,4,0.0,0.0,36.36,0.0,589268
2023-08-05 17:00:00,00000000790,20230805170000,0.097,0.037,0.0,0.0,0.0,0.0,1.0,4,0.0,0.0,38.14,0.0,589268
2023-08-05 18:00:00,00000000790,20230805180000,0.096,0.035,0.0,0.0,0.0,0.0,1.0,4,0.0,0.0,36.46,0.0,589268
2023-08-05 19:00:00,00000000790,20230805190000,0.349,0.018,0.005,0.0,0.0,0.0,1.0,4,0.0,0.0,5.16,1.43,589268
2023-08-05 20:00:00,00000000790,20230805200000,1.121,0.005,0.004,0.0,0.0,0.0,1.0,4,0.0,0.0,0.45,0.36,589268
2023-08-05 21:00:00,00000000790,20230805210000,1.033,0.087,0.0,0.0,0.0,0.0,1.0,4,0.0,0.0,8.42,0.0,589268
2023-08-05 22:00:00,00000000790,20230805220000,0.679,0.076,0.0,0.0,0.0,0.0,1.0,4,0.0,0.0,11.19,0.0,589268
2023-08-05 23:00:00,00000000790,20230805230000,0.351,0.078,0.0,0.0,0.0,0.0,1.0,4,0.0,0.0,22.22,0.0,589268
2023-08-06 00:00:00,00000000790,20230806000000,0.2,0.086,0.0,0.0,0.0,0.0,1.0,4,0.0,0.0,43.0,0.0,589268
2023-08-06 01:00:00,00000000790,20230806010000,0.199,0.091,0.0,0.0,0.0,0.0,1.0,4,0.0,0.0,45.73,0.0,589268
2023-08-06 02:00:00,00000000790,20230806020000,0.697,0.152,0.0,0.0,0.0,0.0,1.0,4,0.0,0.0,21.81,0.0,589268
2023-08-06 03:00:00,00000000790,20230806030000,0.291,0.063,0.009,0.0,0.0,0.0,1.0,4,0.0,0.0,21.65,3.09,589268
2023-08-06 04:00:00,00000000790,20230806040000,0.015,0.0,0.02,0.0,0.0,0.0,1.0,4,0.0,0.0,0.0,133.33,589268
2023-08-06 05:00:00,00000000790,20230806050000,0.087,0.007,0.016,0.0,0.0,0.0,1.0,4,0.0,0.0,8.05,18.39,589268
2023-08-06 06:00:00,00000000790,20230806060000,0.467,0.06,0.0,0.0,0.0,0.0,1.0,4,0.0,0.0,12.85,0.0,589268
2023-08-06 07:00:00,00000000790,20230806070000,0.063,0.02,0.01,0.0,0.0,0.0,1.0,4,0.0,0.0,31.75,15.87,589268
2023-08-06 08:00:00,00000000790,20230806080000,0.04,0.013,0.013,0.0,0.0,0.0,1.0,4,0.0,0.0,32.5,32.5,589268
2023-08-06 09:00:00,00000000790,20230806090000,0.026,0.007,0.016,0.0,0.0,0.0,1.0,4,0.0,0.0,26.92,61.54,589268
2023-08-06 10:00:00,00000000790,20230806100000,0.202,0.037,0.009,0.0,0.0,0.0,1.0,4,0.0,0.0,18.32,4.46,589268
2023-08-06 11:00:00,00000000790,20230806110000,1.178,0.044,0.002,0.0,0.0,0.0,1.0,4,0.0,0.0,3.74,0.17,589268
2023-08-06 12:00:00,00000000790,20230806120000,1.432,0.176,0.0,0.0,0.0,0.0,1.0,4,0.0,0.0,12.29,0.0,589268
2023-08-06 13:00:00,00000000790,20230806130000,0.473,0.049,0.001,0.0,0.0,0.0,1.0,4,0.0,0.0,10.36,0.21,589268
2023-08-06 14:00:00,00000000790,20230806140000,0.446,0.043,0.0,0.0,0.0,0.0,1.0,4,0.0,0.0,9.64,0.0,589268
2023-08-06 15:00:00,00000000790,20230806150000,0.496,0.103,0.0,0.0,0.0,0.0,1.0,4,0.0,0.0,20.77,0.0,589268
2023-08-06 16:00:00,00000000790,20230806160000,0.298,0.089,0.0,0.0,0.0,0.0,1.0,4,0.0,0.0,29.87,0.0,589268
2023-08-06 17:00:00,00000000790,20230806170000,0.799,0.088,0.0,0.0,0.0,0.0,1.0,4,0.0,0.0,11.01,0.0,589268
2023-08-06 18:00:00,00000000790,20230806180000,0.864,0.085,0.0,0.0,0.0,0.0,1.0,4,0.0,0.0,9.84,0.0,589268
2023-08-06 19:00:00,00000000790,20230806190000,0.841,0.083,0.0,0.0,0.0,0.0,1.0,4,0.0,0.0,9.87,0.0,589268
2023-08-06 20:00:00,00000000790,20230806200000,0.546,0.031,0.0,0.0,0.0,0.0,1.0,4,0.0,0.0,5.68,0.0,589268
2023-08-06 21:00:00,00000000790,20230806210000,0.447,0.063,0.0,0.0,0.0,0.0,1.0,4,0.0,0.0,14.09,0.0,589268
2023-08-06 22:00:00,00000000790,20230806220000,0.715,0.065,0.0,0.0,0.0,0.0,1.0,4,0.0,0.0,9.09,0.0,589268
2023-08-06 23:00:00,00000000790,20230806230000,0.418,0.083,0.0,0.0,0.0,0.0,1.0,4,0.0,0.0,19.86,0.0,589268
2023-08-07 00:00:00,00000000790,20230807000000,0.339,0.079,0.0,0.0,0.0,0.0,1.0,4,0.0,0.0,23.3,0.0,589268
2023-08-07 01:00:00,00000000790,20230807010000,1.773,0.118,0.0,0.0,0.0,0.0,1.0,4,0.0,0.0,6.66,0.0,589268
2023-08-07 02:00:00,00000000790,20230807020000,0.463,0.116,0.0,0.0,0.0,0.0,1.0,4,0.0,0.0,25.05,0.0,589268
2023-08-07 03:00:00,00000000790,20230807030000,0.439,0.119,0.0,0.0,0.0,0.0,1.0,4,0.0,0.0,27.11,0.0,589268
2023-08-07 04:00:00,00000000790,20230807040000,0.096,0.027,0.005,0.0,0.0,0.0,1.0,4,0.0,0.0,28.12,5.21,589268
2023-08-07 05:00:00,00000000790,20230807050000,0.078,0.022,0.009,0.0,0.0,0.0,1.0,4,0.0,0.0,28.21,11.54,589268
2023-08-07 06:00:00,00000000790,20230807060000,0.375,0.109,0.007,0.0,0.0,0.0,1.0,4,0.0,0.0,29.07,1.87,589268
2023-08-07 07:00:00,00000000790,20230807070000,0.459,0.117,0.002,0.0,0.0,0.0,1.0,4,0.0,0.0,25.49,0.44,589268
2023-08-07 08:00:00,00000000790,20230807080000,0.345,0.013,0.011,0.0,0.0,0.0,1.0,4,0.0,0.0,3.77,3.19,589268
2023-08-07 09:00:00,00000000790,20230807090000,0.044,0.012,0.012,0.0,0.0,0.0,1.0,4,0.0,0.0,27.27,27.27,589268
2023-08-07 10:00:00,00000000790,20230807100000,0.476,0.035,0.008,0.0,0.0,0.0,1.0,4,0.0,0.0,7.35,1.68,589268
2023-08-07 11:00:00,00000000790,20230807110000,0.56,0.079,0.0,0.0,0.0,0.0,1.0,4,0.0,0.0,14.11,0.0,589268
2023-08-07 12:00:00,00000000790,20230807120000,0.546,0.075,0.0,0.0,0.0,0.0,1.0,4,0.0,0.0,13.74,0.0,589268
2023-08-07 13:00:00,00000000790,20230807130000,0.327,0.09,0.0,0.0,0.0,0.0,1.0,4,0.0,0.0,27.52,0.0,589268
2023-08-07 14:00:00,00000000790,20230807140000,0.418,0.045,0.0,0.0,0.0,0.0,1.0,4,0.0,0.0,10.77,0.0,589268
2023-08-07 15:00:00,00000000790,20230807150000,0.209,0.052,0.0,0.0,0.0,0.0,1.0,4,0.0,0.0,24.88,0.0,589268
2023-08-07 16:00:00,00000000790,20230807160000,0.102,0.041,0.0,0.0,0.0,0.0,1.0,4,0.0,0.0,40.2,0.0,589268
2023-08-07 17:00:00,00000000790,20230807170000,0.099,0.042,0.0,0.0,0.0,0.0,1.0,4,0.0,0.0,42.42,0.0,589268
2023-08-07 18:00:00,00000000790,20230807180000,0.098,0.041,0.0,0.0,0.0,0.0,1.0,4,0.0,0.0,41.84,0.0,589268
2023-08-07 19:00:00,00000000790,20230807190000,0.566,0.042,0.0,0.0,0.0,0.0,1.0,4,0.0,0.0,7.42,0.0,589268
2023-08-07 20:00:00,00000000790,20230807200000,0.751,0.034,0.0,0.0,0.0,0.0,1.0,4,0.0,0.0,4.53,0.0,589268
2023-08-07 21:00:00,00000000790,20230807210000,0.908,0.109,0.0,0.0,0.0,0.0,1.0,4,0.0,0.0,12.0,0.0,589268
2023-08-07 22:00:00,00000000790,20230807220000,0.435,0.061,0.0,0.0,0.0,0.0,1.0,4,0.0,0.0,14.02,0.0,589268
2023-08-07 23:00:00,00000000790,20230807230000,0.344,0.087,0.0,0.0,0.0,0.0,1.0,4,0.0,0.0,25.29,0.0,589268
2023-08-08 00:00:00,00000000790,20230808000000,0.828,0.094,0.0,0.0,0.0,0.0,1.0,4,0.0,0.0,11.35,0.0,589268
2023-08-08 01:00:00,00000000790,20230808010000,0.182,0.104,0.0,0.0,0.0,0.0,1.0,4,0.0,0.0,57.14,0.0,589268
2023-08-08 02:00:00,00000000790,20230808020000,0.189,0.052,0.003,0.0,0.0,0.0,1.0,4,0.0,0.0,27.51,1.59,589268
2023-08-08 03:00:00,00000000790,20230808030000,0.086,0.022,0.009,0.0,0.0,0.0,1.0,4,0.0,0.0,25.58,10.47,589268
2023-08-08 04:00:00,00000000790,20230808040000,0.071,0.02,0.011,0.0,0.0,0.0,1.0,4,0.0,0.0,28.17,15.49,589268
2023-08-08 05:00:00,00000000790,20230808050000,0.067,0.017,0.012,0.0,0.0,0.0,1.0,4,0.0,0.0,25.37,17.91,589268
2023-08-08 06:00:00,00000000790,20230808060000,0.068,0.017,0.013,0.0,0.0,0.0,1.0,4,0.0,0.0,25.0,19.12,589268
2023-08-08 07:00:00,00000000790,20230808070000,0.718,0.037,0.016,0.0,0.0,0.0,1.0,4,0.0,0.0,5.15,2.23,589268
2023-08-08 08:00:00,00000000790,20230808080000,0.533,0.069,0.0,0.0,0.0,0.0,1.0,4,0.0,0.0,12.95,0.0,589268
2023-08-08 09:00:00,00000000790,20230808090000,0.483,0.26,0.0,0.0,0.0,0.0,1.0,4,0.0,0.0,53.83,0.0,589268
2023-08-08 10:00:00,00000000790,20230808100000,1.047,0.24,0.001,0.0,0.0,0.0,1.0,4,0.0,0.0,22.92,0.1,589268
2023-08-08 11:00:00,00000000790,20230808110000,0.207,0.125,0.001,0.0,0.0,0.0,1.0,4,0.0,0.0,60.39,0.48,589268
2023-08-08 12:00:00,00000000790,20230808120000,0.895,0.065,0.0,0.0,0.0,0.0,1.0,4,0.0,0.0,7.26,0.0,589268
2023-08-08 13:00:00,00000000790,20230808130000,0.986,0.076,0.0,0.0,0.0,0.0,1.0,4,0.0,0.0,7.71,0.0,589268
2023-08-08 14:00:00,00000000790,20230808140000,0.259,0.255,0.0,0.0,0.0,0.0,1.0,4,0.0,0.0,98.46,0.0,589268
2023-08-08 15:00:00,00000000790,20230808150000,0.142,0.034,0.0,0.0,0.0,0.0,1.0,4,0.0,0.0,23.94,0.0,589268
2023-08-08 16:00:00,00000000790,20230808160000,0.173,0.034,0.0,0.0,0.0,0.0,1.0,4,0.0,0.0,19.65,0.0,589268
2023-08-08 17:00:00,00000000790,20230808170000,0.054,0.023,0.004,0.0,0.0,0.0,1.0,4,0.0,0.0,42.59,7.41,589268
2023-08-08 18:00:00,00000000790,20230808180000,0.0,0.0,0.009,0.0,0.0,0.0,1.0,4,0.0,0.0,,,589268
2023-08-08 19:00:00,00000000790,20230808190000,0.005,0.001,0.009,0.0,0.0,0.0,1.0,4,0.0,0.0,20.0,180.0,589268
2023-08-08 20:00:00,00000000790,20230808200000,0.122,0.043,0.0,0.0,0.0,0.0,1.0,4,0.0,0.0,35.25,0.0,589268
2023-08-08 21:00:00,00000000790,20230808210000,0.354,0.042,0.0,0.0,0.0,0.0,1.0,4,0.0,0.0,11.86,0.0,589268
2023-08-08 22:00:00,00000000790,20230808220000,0.103,0.045,0.0,0.0,0.0,0.0,1.0,4,0.0,0.0,43.69,0.0,589268
2023-08-08 23:00:00,00000000790,20230808230000,0.082,0.035,0.002,0.0,0.0,0.0,1.0,4,0.0,0.0,42.68,2.44,589268
2023-08-09 00:00:00,00000000790,20230809000000,0.11,0.029,0.008,0.0,0.0,0.0,1.0,4,0.0,0.0,26.36,7.27,589268
2023-08-09 01:00:00,00000000790,20230809010000,0.167,0.029,0.005,0.0,0.0,0.0,1.0,4,0.0,0.0,17.37,2.99,589268
2023-08-09 02:00:00,00000000790,20230809020000,0.186,0.02,0.012,0.0,0.0,0.0,1.0,4,0.0,0.0,10.75,6.45,589268
2023-08-09 03:00:00,00000000790,20230809030000,0.084,0.021,0.011,0.0,0.0,0.0,1.0,4,0.0,0.0,25.0,13.1,589268
2023-08-09 04:00:00,00000000790,20230809040000,0.309,0.019,0.012,0.0,0.0,0.0,1.0,4,0.0,0.0,6.15,3.88,589268
2023-08-09 05:00:00,00000000790,20230809050000,0.057,0.016,0.013,0.0,0.0,0.0,1.0,4,0.0,0.0,28.07,22.81,589268
2023-08-09 06:00:00,00000000790,20230809060000,0.056,0.016,0.014,0.0,0.0,0.0,1.0,4,0.0,0.0,28.57,25.0,589268
2023-08-09 07:00:00,00000000790,20230809070000,0.055,0.015,0.014,0.0,0.0,0.0,1.0,4,0.0,0.0,27.27,25.45,589268
2023-08-09 08:00:00,00000000790,20230809080000,0.051,0.014,0.013,0.0,0.0,0.0,1.0,4,0.0,0.0,27.45,25.49,589268
2023-08-09 09:00:00,00000000790,20230809090000,0.051,0.015,0.013,0.0,0.0,0.0,1.0,4,0.0,0.0,29.41,25.49,589268
2023-08-09 10:00:00,00000000790,20230809100000,0.029,0.006,0.016,0.0,0.0,0.0,1.0,4,0.0,0.0,20.69,55.17,589268
2023-08-09 11:00:00,00000000790,20230809110000,0.307,0.011,0.015,0.0,0.0,0.0,1.0,4,0.0,0.0,3.58,4.89,589268
2023-08-09 12:00:00,00000000790,20230809120000,0.275,0.037,0.0,0.0,0.0,0.0,1.0,4,0.0,0.0,13.45,0.0,589268
2023-08-09 13:00:00,00000000790,20230809130000,0.589,0.037,0.0,0.0,0.0,0.0,1.0,4,0.0,0.0,6.28,0.0,589268
2023-08-09 14:00:00,00000000790,20230809140000,0.497,0.269,0.0,0.0,0.0,0.0,1.0,4,0.0,0.0,54.12,0.0,589268
2023-08-09 15:00:00,00000000790,20230809150000,0.103,0.047,0.0,0.0,0.0,0.0,1.0,4,0.0,0.0,45.63,0.0,589268
2023-08-09 16:00:00,00000000790,20230809160000,0.284,0.018,0.005,0.0,0.0,0.0,1.0,4,0.0,0.0,6.34,1.76,589268
2023-08-09 17:00:00,00000000790,20230809170000,0.013,0.0,0.01,0.0,0.0,0.0,1.0,4,0.0,0.0,0.0,76.92,589268
2023-08-09 18:00:00,00000000790,20230809180000,0.106,0.043,0.001,0.0,0.0,0.0,1.0,4,0.0,0.0,40.57,0.94,589268
2023-08-09 19:00:00,00000000790,20230809190000,0.061,0.024,0.004,0.0,0.0,0.0,1.0,4,0.0,0.0,39.34,6.56,589268
2023-08-09 20:00:00,00000000790,20230809200000,0.68,0.013,0.007,0.0,0.0,0.0,1.0,4,0.0,0.0,1.91,1.03,589268
2023-08-09 21:00:00,00000000790,20230809210000,0.905,0.048,0.002,0.0,0.0,0.0,1.0,4,0.0,0.0,5.3,0.22,589268
2023-08-09 22:00:00,00000000790,20230809220000,0.474,0.106,0.0,0.0,0.0,0.0,1.0,4,0.0,0.0,22.36,0.0,589268
2023-08-09 23:00:00,00000000790,20230809230000,0.438,0.04,0.0,0.0,0.0,0.0,1.0,4,0.0,0.0,9.13,0.0,589268
2023-08-10 00:00:00,00000000790,20230810000000,0.253,0.081,0.0,0.0,0.0,0.0,1.0,4,0.0,0.0,32.02,0.0,589268
2023-08-10 01:00:00,00000000790,20230810010000,0.654,0.265,0.0,0.0,0.0,0.0,1.0,4,0.0,0.0,40.52,0.0,589268
2023-08-10 02:00:00,00000000790,20230810020000,0.431,0.211,0.0,0.0,0.0,0.0,1.0,4,0.0,0.0,48.96,0.0,589268
2023-08-10 03:00:00,00000000790,20230810030000,0.627,0.099,0.0,0.0,0.0,0.0,1.0,4,0.0,0.0,15.79,0.0,589268
2023-08-10 04:00:00,00000000790,20230810040000,0.126,0.026,0.01,0.0,0.0,0.0,1.0,4,0.0,0.0,20.63,7.94,589268
2023-08-10 05:00:00,00000000790,20230810050000,0.122,0.022,0.011,0.0,0.0,0.0,1.0,4,0.0,0.0,18.03,9.02,589268
2023-08-10 06:00:00,00000000790,20230810060000,0.115,0.021,0.013,0.0,0.0,0.0,1.0,4,0.0,0.0,18.26,11.3,589268
2023-08-10 07:00:00,00000000790,20230810070000,0.105,0.017,0.015,0.0,0.0,0.0,1.0,4,0.0,0.0,16.19,14.29,589268
2023-08-10 08:00:00,00000000790,20230810080000,0.058,0.013,0.016,0.0,0.0,0.0,1.0,4,0.0,0.0,22.41,27.59,589268
2023-08-10 09:00:00,00000000790,20230810090000,0.052,0.012,0.017,0.0,0.0,0.0,1.0,4,0.0,0.0,23.08,32.69,589268
2023-08-10 10:00:00,00000000790,20230810100000,0.05,0.01,0.016,0.0,0.0,0.0,1.0,4,0.0,0.0,20.0,32.0,589268
2023-08-10 11:00:00,00000000790,20230810110000,1.209,0.138,0.01,0.0,0.0,0.0,1.0,4,0.0,0.0,11.41,0.83,589268
2023-08-10 12:00:00,00000000790,20230810120000,0.836,0.098,0.0,0.0,0.0,0.0,1.0,4,0.0,0.0,11.72,0.0,589268
2023-08-10 13:00:00,00000000790,20230810130000,0.476,0.077,0.0,0.0,0.0,0.0,1.0,4,0.0,0.0,16.18,0.0,589268
2023-08-10 14:00:00,00000000790,20230810140000,0.397,0.097,0.0,0.0,0.0,0.0,1.0,4,0.0,0.0,24.43,0.0,589268
2023-08-10 15:00:00,00000000790,20230810150000,0.216,0.072,0.0,0.0,0.0,0.0,1.0,4,0.0,0.0,33.33,0.0,589268
2023-08-10 16:00:00,00000000790,20230810160000,0.731,0.093,0.0,0.0,0.0,0.0,1.0,4,0.0,0.0,12.72,0.0,589268
2023-08-10 17:00:00,00000000790,20230810170000,0.209,0.056,0.0,0.0,0.0,0.0,1.0,4,0.0,0.0,26.79,0.0,589268
2023-08-10 18:00:00,00000000790,20230810180000,0.288,0.092,0.0,0.0,0.0,0.0,1.0,4,0.0,0.0,31.94,0.0,589268
2023-08-10 19:00:00,00000000790,20230810190000,0.233,0.082,0.0,0.0,0.0,0.0,1.0,4,0.0,0.0,35.19,0.0,589268
2023-08-10 20:00:00,00000000790,20230810200000,0.279,0.063,0.0,0.0,0.0,0.0,1.0,4,0.0,0.0,22.58,0.0,589268
2023-08-10 21:00:00,00000000790,20230810210000,0.57,0.052,0.0,0.0,0.0,0.0,1.0,4,0.0,0.0,9.12,0.0,589268
2023-08-10 22:00:00,00000000790,20230810220000,0.044,0.014,0.011,0.0,0.0,0.0,1.0,4,0.0,0.0,31.82,25.0,589268
2023-08-10 23:00:00,00000000790,20230810230000,0.015,0.001,0.019,0.0,0.0,0.0,1.0,4,0.0,0.0,6.67,126.67,589268
2023-08-11 00:00:00,00000000790,20230811000000,0.611,0.058,0.0,0.0,0.0,0.0,1.0,4,0.0,0.0,9.49,0.0,589268
2023-08-11 01:00:00,00000000790,20230811010000,0.879,0.072,0.0,0.0,0.0,0.0,1.0,4,0.0,0.0,8.19,0.0,589268
2023-08-11 02:00:00,00000000790,20230811020000,0.142,0.033,0.006,0.0,0.0,0.0,1.0,4,0.0,0.0,23.24,4.23,589268
2023-08-11 03:00:00,00000000790,20230811030000,0.191,0.019,0.012,0.0,0.0,0.0,1.0,4,0.0,0.0,9.95,6.28,589268
2023-08-11 04:00:00,00000000790,20230811040000,0.101,0.022,0.011,0.0,0.0,0.0,1.0,4,0.0,0.0,21.78,10.89,589268
2023-08-11 05:00:00,00000000790,20230811050000,0.067,0.019,0.013,0.0,0.0,0.0,1.0,4,0.0,0.0,28.36,19.4,589268
2023-08-11 06:00:00,00000000790,20230811060000,0.061,0.017,0.013,0.0,0.0,0.0,1.0,4,0.0,0.0,27.87,21.31,589268
2023-08-11 07:00:00,00000000790,20230811070000,0.057,0.016,0.014,0.0,0.0,0.0,1.0,4,0.0,0.0,28.07,24.56,589268
2023-08-11 08:00:00,00000000790,20230811080000,0.307,0.014,0.014,0.0,0.0,0.0,1.0,4,0.0,0.0,4.56,4.56,589268
2023-08-11 09:00:00,00000000790,20230811090000,0.484,0.039,0.0,0.0,0.0,0.0,1.0,4,0.0,0.0,8.06,0.0,589268
2023-08-11 10:00:00,00000000790,20230811100000,1.333,0.018,0.01,0.0,0.0,0.0,1.0,4,0.0,0.0,1.35,0.75,589268
2023-08-11 11:00:00,00000000790,20230811110000,0.807,0.009,0.01,0.0,0.0,0.0,1.0,4,0.0,0.0,1.12,1.24,589268
2023-08-11 12:00:00,00000000790,20230811120000,0.25,0.012,0.0,0.0,0.0,0.0,1.0,4,0.0,0.0,4.8,0.0,589268
2023-08-18 23:00:00,00000000790,20230818230000,0.0,0.0,0.0,0.0,0.0,0.0,1.0,4,0.0,0.0,,,589268
2023-08-19 00:00:00,00000000790,20230819000000,0.0,0.0,0.0,0.0,0.0,0.0,1.0,4,0.0,0.0,,,589268
2023-08-19 01:00:00,00000000790,20230819010000,0.0,0.0,0.0,0.0,0.0,0.0,1.0,4,0.0,0.0,,,589268
2023-08-19 02:00:00,00000000790,20230819020000,0.0,0.0,0.0,0.0,0.0,0.0,1.0,4,0.0,0.0,,,589268
2023-08-19 03:00:00,00000000790,20230819030000,0.0,0.0,0.0,0.0,0.0,0.0,1.0,4,0.0,0.0,,,589268
2023-08-19 04:00:00,00000000790,20230819040000,0.0,0.0,0.0,0.0,0.0,0.0,1.0,4,0.0,0.0,,,589268
2023-08-19 05:00:00,00000000790,20230819050000,0.0,0.0,0.0,0.0,0.0,0.0,1.0,4,0.0,0.0,,,589268
2023-08-19 06:00:00,00000000790,20230819060000,0.0,0.0,0.0,0.0,0.0,0.0,1.0,4,0.0,0.0,,,589268
2023-08-19 07:00:00,00000000790,20230819070000,0.0,0.0,0.0,0.0,0.0,0.0,1.0,4,0.0,0.0,,,589268
2023-08-19 08:00:00,00000000790,20230819080000,0.0,0.0,0.0,0.0,0.0,0.0,1.0,4,0.0,0.0,,,589268
2023-08-19 09:00:00,00000000790,20230819090000,0.0,0.0,0.0,0.0,0.0,0.0,1.0,4,0.0,0.0,,,589268
2023-08-19 10:00:00,00000000790,20230819100000,0.0,0.0,0.0,0.0,0.0,0.0,1.0,4,0.0,0.0,,,589268
2023-08-19 11:00:00,00000000790,20230819110000,0.0,0.0,0.0,0.0,0.0,0.0,1.0,4,0.0,0.0,,,589268
2023-08-19 12:00:00,00000000790,20230819120000,0.0,0.0,0.0,0.0,0.0,0.0,1.0,4,0.0,0.0,,,589268
2023-08-19 13:00:00,00000000790,20230819130000,0.0,0.0,0.0,0.0,0.0,0.0,1.0,4,0.0,0.0,,,589268
2023-08-19 14:00:00,00000000790,20230819140000,0.0,0.0,0.0,0.0,0.0,0.0,1.0,4,0.0,0.0,,,589268
2023-08-19 15:00:00,00000000790,20230819150000,0.0,0.0,0.0,0.0,0.0,0.0,1.0,4,0.0,0.0,,,589268
2023-08-19 16:00:00,00000000790,20230819160000,0.0,0.0,0.0,0.0,0.0,0.0,1.0,4,0.0,0.0,,,589268
2023-08-19 17:00:00,00000000790,20230819170000,0.0,0.0,0.0,0.0,0.0,0.0,1.0,4,0.0,0.0,,,589268
2023-08-19 18:00:00,00000000790,20230819180000,0.0,0.0,0.0,0.0,0.0,0.0,1.0,4,0.0,0.0,,,589268
2023-08-19 19:00:00,00000000790,20230819190000,0.0,0.0,0.0,0.0,0.0,0.0,1.0,4,0.0,0.0,,,589268
2023-08-19 20:00:00,00000000790,20230819200000,0.0,0.0,0.0,0.0,0.0,0.0,1.0,4,0.0,0.0,,,589268
2023-08-19 21:00:00,00000000790,20230819210000,0.0,0.0,0.0,0.0,0.0,0.0,1.0,4,0.0,0.0,,,589268
2023-08-19 22:00:00,00000000790,20230819220000,0.0,0.0,0.0,0.0,0.0,0.0,1.0,4,0.0,0.0,,,589268
2023-08-19 23:00:00,00000000790,20230819230000,0.0,0.0,0.0,0.0,0.0,0.0,1.0,4,0.0,0.0,,,589268
2023-08-20 00:00:00,00000000790,20230820000000,0.0,0.0,0.0,0.0,0.0,0.0,1.0,4,0.0,0.0,,,589268
2023-08-20 01:00:00,00000000790,20230820010000,0.0,0.0,0.0,0.0,0.0,0.0,1.0,4,0.0,0.0,,,589268
2023-08-20 02:00:00,00000000790,20230820020000,0.0,0.0,0.0,0.0,0.0,0.0,1.0,4,0.0,0.0,,,589268
2023-08-20 03:00:00,00000000790,20230820030000,0.0,0.0,0.0,0.0,0.0,0.0,1.0,4,0.0,0.0,,,589268
2023-08-20 04:00:00,00000000790,20230820040000,0.0,0.0,0.0,0.0,0.0,0.0,1.0,4,0.0,0.0,,,589268
2023-08-20 05:00:00,00000000790,20230820050000,0.0,0.0,0.0,0.0,0.0,0.0,1.0,4,0.0,0.0,,,589268
2023-08-20 06:00:00,00000000790,20230820060000,0.0,0.0,0.0,0.0,0.0,0.0,1.0,4,0.0,0.0,,,589268
2023-08-20 07:00:00,00000000790,20230820070000,0.957,0.046,0.001,0.0,0.0,0.0,1.0,4,0.0,0.0,4.81,0.1,589268
2023-08-20 08:00:00,00000000790,20230820080000,0.44,0.117,0.0,0.0,0.0,0.0,1.0,4,0.0,0.0,26.59,0.0,589268
2023-08-20 09:00:00,00000000790,20230820090000,0.167,0.036,0.0,0.0,0.0,0.0,1.0,4,0.0,0.0,21.56,0.0,589268
2023-08-20 10:00:00,00000000790,20230820100000,0.162,0.033,0.0,0.0,0.0,0.0,1.0,4,0.0,0.0,20.37,0.0,589268
2023-08-20 11:00:00,00000000790,20230820110000,0.159,0.034,0.0,0.0,0.0,0.0,1.0,4,0.0,0.0,21.38,0.0,589268
2023-08-20 12:00:00,00000000790,20230820120000,0.132,0.034,0.0,0.0,0.0,0.0,1.0,4,0.0,0.0,25.76,0.0,589268
2023-08-20 13:00:00,00000000790,20230820130000,0.106,0.033,0.002,0.0,0.0,0.0,1.0,4,0.0,0.0,31.13,1.89,589268
2023-08-20 14:00:00,00000000790,20230820140000,0.313,0.011,0.012,0.0,0.0,0.0,1.0,4,0.0,0.0,3.51,3.83,589268
2023-08-20 15:00:00,00000000790,20230820150000,0.68,0.031,0.0,0.0,0.0,0.0,1.0,4,0.0,0.0,4.56,0.0,589268
2023-08-20 16:00:00,00000000790,20230820160000,0.473,0.055,0.0,0.0,0.0,0.0,1.0,4,0.0,0.0,11.63,0.0,589268
2023-08-20 17:00:00,00000000790,20230820170000,0.188,0.039,0.0,0.0,0.0,0.0,1.0,4,0.0,0.0,20.74,0.0,589268
2023-08-20 18:00:00,00000000790,20230820180000,0.101,0.041,0.0,0.0,0.0,0.0,1.0,4,0.0,0.0,40.59,0.0,589268
2023-08-20 19:00:00,00000000790,20230820190000,0.1,0.041,0.0,0.0,0.0,0.0,1.0,4,0.0,0.0,41.0,0.0,589268
2023-08-20 20:00:00,00000000790,20230820200000,0.098,0.039,0.0,0.0,0.0,0.0,1.0,4,0.0,0.0,39.8,0.0,589268
2023-08-20 21:00:00,00000000790,20230820210000,0.017,0.007,0.008,0.0,0.0,0.0,1.0,4,0.0,0.0,41.18,47.06,589268
2023-08-20 22:00:00,00000000790,20230820220000,0.134,0.012,0.006,0.0,0.0,0.0,1.0,4,0.0,0.0,8.96,4.48,589268
2023-08-20 23:00:00,00000000790,20230820230000,1.39,0.083,0.0,0.0,0.0,0.0,1.0,4,0.0,0.0,5.97,0.0,589268
2023-08-21 00:00:00,00000000790,20230821000000,0.496,0.142,0.0,0.0,0.0,0.0,1.0,4,0.0,0.0,28.63,0.0,589268
2023-08-21 01:00:00,00000000790,20230821010000,0.236,0.033,0.0,0.0,0.0,0.0,1.0,4,0.0,0.0,13.98,0.0,589268
2023-08-21 02:00:00,00000000790,20230821020000,0.55,0.147,0.001,0.0,0.0,0.0,1.0,4,0.0,0.0,26.73,0.18,589268
2023-08-21 03:00:00,00000000790,20230821030000,0.078,0.019,0.012,0.0,0.0,0.0,1.0,4,0.0,0.0,24.36,15.38,589268
2023-08-21 04:00:00,00000000790,20230821040000,0.076,0.014,0.018,0.0,0.0,0.0,1.0,4,0.0,0.0,18.42,23.68,589268
2023-08-21 05:00:00,00000000790,20230821050000,0.054,0.022,0.01,0.0,0.0,0.0,1.0,4,0.0,0.0,40.74,18.52,589268
2023-08-21 06:00:00,00000000790,20230821060000,0.134,0.053,0.008,0.0,0.0,0.0,1.0,4,0.0,0.0,39.55,5.97,589268
2023-08-21 07:00:00,00000000790,20230821070000,0.139,0.035,0.013,0.0,0.0,0.0,1.0,4,0.0,0.0,25.18,9.35,589268
2023-08-21 08:00:00,00000000790,20230821080000,0.379,0.012,0.014,0.0,0.0,0.0,1.0,4,0.0,0.0,3.17,3.69,589268
2023-08-21 09:00:00,00000000790,20230821090000,0.304,0.025,0.006,0.0,0.0,0.0,1.0,4,0.0,0.0,8.22,1.97,589268
2023-08-21 10:00:00,00000000790,20230821100000,0.547,0.031,0.0,0.0,0.0,0.0,1.0,4,0.0,0.0,5.67,0.0,589268
2023-08-21 11:00:00,00000000790,20230821110000,0.22,0.031,0.0,0.0,0.0,0.0,1.0,4,0.0,0.0,14.09,0.0,589268
2023-08-21 12:00:00,00000000790,20230821120000,0.083,0.009,0.014,0.0,0.0,0.0,1.0,4,0.0,0.0,10.84,16.87,589268
2023-08-21 13:00:00,00000000790,20230821130000,0.11,0.02,0.007,0.0,0.0,0.0,1.0,4,0.0,0.0,18.18,6.36,589268
2023-08-21 14:00:00,00000000790,20230821140000,0.033,0.01,0.007,0.0,0.0,0.0,1.0,4,0.0,0.0,30.3,21.21,589268
2023-08-21 15:00:00,00000000790,20230821150000,0.052,0.016,0.005,0.0,0.0,0.0,1.0,4,0.0,0.0,30.77,9.62,589268
2023-08-21 16:00:00,00000000790,20230821160000,0.067,0.025,0.003,0.0,0.0,0.0,1.0,4,0.0,0.0,37.31,4.48,589268
2023-08-21 17:00:00,00000000790,20230821170000,0.069,0.027,0.003,0.0,0.0,0.0,1.0,4,0.0,0.0,39.13,4.35,589268
2023-08-21 18:00:00,00000000790,20230821180000,0.027,0.01,0.007,0.0,0.0,0.0,1.0,4,0.0,0.0,37.04,25.93,589268
2023-08-21 19:00:00,00000000790,20230821190000,0.041,0.016,0.006,0.0,0.0,0.0,1.0,4,0.0,0.0,39.02,14.63,589268
2023-08-21 20:00:00,00000000790,20230821200000,0.215,0.016,0.007,0.0,0.0,0.0,1.0,4,0.0,0.0,7.44,3.26,589268
2023-08-21 21:00:00,00000000790,20230821210000,1.017,0.081,0.006,0.0,0.0,0.0,1.0,4,0.0,0.0,7.96,0.59,589268
2023-08-21 22:00:00,00000000790,20230821220000,0.788,0.153,0.0,0.0,0.0,0.0,1.0,4,0.0,0.0,19.42,0.0,589268
2023-08-21 23:00:00,00000000790,20230821230000,0.38,0.064,0.0,0.0,0.0,0.0,1.0,4,0.0,0.0,16.84,0.0,589268
2023-08-22 00:00:00,00000000790,20230822000000,1.304,0.29,0.0,0.0,0.0,0.0,1.0,4,0.0,0.0,22.24,0.0,589268
2023-08-22 01:00:00,00000000790,20230822010000,0.595,0.139,0.0,0.0,0.0,0.0,1.0,4,0.0,0.0,23.36,0.0,589268
2023-08-22 02:00:00,00000000790,20230822020000,0.112,0.014,0.014,0.0,0.0,0.0,1.0,4,0.0,0.0,12.5,12.5,589268
2023-08-22 03:00:00,00000000790,20230822030000,0.034,0.003,0.018,0.0,0.0,0.0,1.0,4,0.0,0.0,8.82,52.94,589268
2023-08-22 04:00:00,00000000790,20230822040000,0.105,0.033,0.003,0.0,0.0,0.0,1.0,4,0.0,0.0,31.43,2.86,589268
2023-08-22 05:00:00,00000000790,20230822050000,0.07,0.021,0.01,0.0,0.0,0.0,1.0,4,0.0,0.0,30.0,14.29,589268
2023-08-22 06:00:00,00000000790,20230822060000,0.047,0.012,0.014,0.0,0.0,0.0,1.0,4,0.0,0.0,25.53,29.79,589268
2023-08-22 07:00:00,00000000790,20230822070000,0.04,0.01,0.015,0.0,0.0,0.0,1.0,4,0.0,0.0,25.0,37.5,589268
2023-08-22 08:00:00,00000000790,20230822080000,0.083,0.02,0.01,0.0,0.0,0.0,1.0,4,0.0,0.0,24.1,12.05,589268
2023-08-22 09:00:00,00000000790,20230822090000,0.101,0.018,0.011,0.0,0.0,0.0,1.0,4,0.0,0.0,17.82,10.89,589268
2023-08-22 10:00:00,00000000790,20230822100000,0.069,0.008,0.014,0.0,0.0,0.0,1.0,4,0.0,0.0,11.59,20.29,589268
2023-08-22 11:00:00,00000000790,20230822110000,0.781,0.034,0.0,0.0,0.0,0.0,1.0,4,0.0,0.0,4.35,0.0,589268
2023-08-22 12:00:00,00000000790,20230822120000,0.293,0.032,0.0,0.0,0.0,0.0,1.0,4,0.0,0.0,10.92,0.0,589268
2023-08-22 13:00:00,00000000790,20230822130000,0.209,0.06,0.0,0.0,0.0,0.0,1.0,4,0.0,0.0,28.71,0.0,589268
2023-08-22 14:00:00,00000000790,20230822140000,0.107,0.047,0.005,0.0,0.0,0.0,1.0,4,0.0,0.0,43.93,4.67,589268
2023-08-22 15:00:00,00000000790,20230822150000,0.053,0.017,0.005,0.0,0.0,0.0,1.0,4,0.0,0.0,32.08,9.43,589268
2023-08-22 16:00:00,00000000790,20230822160000,0.082,0.033,0.002,0.0,0.0,0.0,1.0,4,0.0,0.0,40.24,2.44,589268
2023-08-22 17:00:00,00000000790,20230822170000,0.07,0.028,0.003,0.0,0.0,0.0,1.0,4,0.0,0.0,40.0,4.29,589268
2023-08-22 18:00:00,00000000790,20230822180000,0.043,0.016,0.005,0.0,0.0,0.0,1.0,4,0.0,0.0,37.21,11.63,589268
2023-08-22 19:00:00,00000000790,20230822190000,0.038,0.015,0.006,0.0,0.0,0.0,1.0,4,0.0,0.0,39.47,15.79,589268
2023-08-22 20:00:00,00000000790,20230822200000,0.052,0.017,0.005,0.0,0.0,0.0,1.0,4,0.0,0.0,32.69,9.62,589268
2023-08-22 21:00:00,00000000790,20230822210000,0.07,0.024,0.003,0.0,0.0,0.0,1.0,4,0.0,0.0,34.29,4.29,589268
2023-08-22 22:00:00,00000000790,20230822220000,0.035,0.012,0.006,0.0,0.0,0.0,1.0,4,0.0,0.0,34.29,17.14,589268
2023-08-22 23:00:00,00000000790,20230822230000,0.047,0.018,0.005,0.0,0.0,0.0,1.0,4,0.0,0.0,38.3,10.64,589268
2023-08-23 00:00:00,00000000790,20230823000000,0.069,0.024,0.006,0.0,0.0,0.0,1.0,4,0.0,0.0,34.78,8.7,589268
2023-08-23 01:00:00,00000000790,20230823010000,1.005,0.201,0.005,0.0,0.0,0.0,1.0,4,0.0,0.0,20.0,0.5,589268
2023-08-23 02:00:00,00000000790,20230823020000,0.482,0.031,0.016,0.0,0.0,0.0,1.0,4,0.0,0.0,6.43,3.32,589268
2023-08-23 03:00:00,00000000790,20230823030000,0.662,0.161,0.007,0.0,0.0,0.0,1.0,4,0.0,0.0,24.32,1.06,589268
2023-08-23 04:00:00,00000000790,20230823040000,0.685,0.208,0.0,0.0,0.0,0.0,1.0,4,0.0,0.0,30.36,0.0,589268
2023-08-23 05:00:00,00000000790,20230823050000,0.149,0.042,0.007,0.0,0.0,0.0,1.0,4,0.0,0.0,28.19,4.7,589268
2023-08-23 06:00:00,00000000790,20230823060000,0.041,0.009,0.015,0.0,0.0,0.0,1.0,4,0.0,0.0,21.95,36.59,589268
2023-08-23 07:00:00,00000000790,20230823070000,0.064,0.019,0.011,0.0,0.0,0.0,1.0,4,0.0,0.0,29.69,17.19,589268
2023-08-23 08:00:00,00000000790,20230823080000,0.068,0.021,0.009,0.0,0.0,0.0,1.0,4,0.0,0.0,30.88,13.24,589268
2023-08-23 09:00:00,00000000790,20230823090000,0.046,0.011,0.013,0.0,0.0,0.0,1.0,4,0.0,0.0,23.91,28.26,589268
2023-08-23 10:00:00,00000000790,20230823100000,0.047,0.014,0.012,0.0,0.0,0.0,1.0,4,0.0,0.0,29.79,25.53,589268
2023-08-23 11:00:00,00000000790,20230823110000,0.459,0.019,0.007,0.0,0.0,0.0,1.0,4,0.0,0.0,4.14,1.53,589268
2023-08-23 12:00:00,00000000790,20230823120000,0.289,0.026,0.003,0.0,0.0,0.0,1.0,4,0.0,0.0,9.0,1.04,589268
2023-08-23 13:00:00,00000000790,20230823130000,0.55,0.018,0.01,0.0,0.0,0.0,1.0,4,0.0,0.0,3.27,1.82,589268
2023-08-23 14:00:00,00000000790,20230823140000,0.012,0.003,0.008,0.0,0.0,0.0,1.0,4,0.0,0.0,25.0,66.67,589268
2023-08-23 15:00:00,00000000790,20230823150000,0.076,0.026,0.003,0.0,0.0,0.0,1.0,4,0.0,0.0,34.21,3.95,589268
2023-08-23 16:00:00,00000000790,20230823160000,0.029,0.011,0.006,0.0,0.0,0.0,1.0,4,0.0,0.0,37.93,20.69,589268
2023-08-23 17:00:00,00000000790,20230823170000,0.051,0.019,0.005,0.0,0.0,0.0,1.0,4,0.0,0.0,37.25,9.8,589268
2023-08-23 18:00:00,00000000790,20230823180000,0.061,0.023,0.004,0.0,0.0,0.0,1.0,4,0.0,0.0,37.7,6.56,589268
2023-08-23 19:00:00,00000000790,20230823190000,0.047,0.017,0.005,0.0,0.0,0.0,1.0,4,0.0,0.0,36.17,10.64,589268
2023-08-23 20:00:00,00000000790,20230823200000,0.022,0.005,0.007,0.0,0.0,0.0,1.0,4,0.0,0.0,22.73,31.82,589268
2023-08-23 21:00:00,00000000790,20230823210000,0.081,0.029,0.003,0.0,0.0,0.0,1.0,4,0.0,0.0,35.8,3.7,589268
2023-08-23 22:00:00,00000000790,20230823220000,0.048,0.018,0.005,0.0,0.0,0.0,1.0,4,0.0,0.0,37.5,10.42,589268
2023-08-23 23:00:00,00000000790,20230823230000,0.022,0.008,0.007,0.0,0.0,0.0,1.0,4,0.0,0.0,36.36,31.82,589268
2023-08-24 00:00:00,00000000790,20230824000000,0.14,0.031,0.005,0.0,0.0,0.0,1.0,4,0.0,0.0,22.14,3.57,589268
2023-08-24 01:00:00,00000000790,20230824010000,0.573,0.259,0.003,0.0,0.0,0.0,1.0,4,0.0,0.0,45.2,0.52,589268
2023-08-24 02:00:00,00000000790,20230824020000,1.248,0.201,0.0,0.0,0.0,0.0,1.0,4,0.0,0.0,16.11,0.0,589268
2023-08-24 03:00:00,00000000790,20230824030000,0.748,0.185,0.0,0.0,0.0,0.0,1.0,4,0.0,0.0,24.73,0.0,589268
2023-08-24 04:00:00,00000000790,20230824040000,0.15,0.038,0.01,0.0,0.0,0.0,1.0,4,0.0,0.0,25.33,6.67,589268
2023-08-24 05:00:00,00000000790,20230824050000,0.039,0.009,0.015,0.0,0.0,0.0,1.0,4,0.0,0.0,23.08,38.46,589268
2023-08-24 06:00:00,00000000790,20230824060000,0.076,0.022,0.009,0.0,0.0,0.0,1.0,4,0.0,0.0,28.95,11.84,589268
2023-08-24 07:00:00,00000000790,20230824070000,0.077,0.022,0.009,0.0,0.0,0.0,1.0,4,0.0,0.0,28.57,11.69,589268
2023-08-24 08:00:00,00000000790,20230824080000,0.024,0.001,0.02,0.0,0.0,0.0,1.0,4,0.0,0.0,4.17,83.33,589268
2023-08-24 09:00:00,00000000790,20230824090000,0.087,0.024,0.006,0.0,0.0,0.0,1.0,4,0.0,0.0,27.59,6.9,589268
2023-08-24 10:00:00,00000000790,20230824100000,0.278,0.017,0.009,0.0,0.0,0.0,1.0,4,0.0,0.0,6.12,3.24,589268
2023-08-24 11:00:00,00000000790,20230824110000,0.353,0.023,0.005,0.0,0.0,0.0,1.0,4,0.0,0.0,6.52,1.42,589268
2023-08-24 12:00:00,00000000790,20230824120000,0.277,0.012,0.015,0.0,0.0,0.0,1.0,4,0.0,0.0,4.33,5.42,589268
2023-08-24 13:00:00,00000000790,20230824130000,0.147,0.02,0.006,0.0,0.0,0.0,1.0,4,0.0,0.0,13.61,4.08,589268
2023-08-24 14:00:00,00000000790,20230824140000,0.032,0.006,0.016,0.0,0.0,0.0,1.0,4,0.0,0.0,18.75,50.0,589268
2023-08-24 15:00:00,00000000790,20230824150000,0.07,0.022,0.006,0.0,0.0,0.0,1.0,4,0.0,0.0,31.43,8.57,589268
2023-08-24 16:00:00,00000000790,20230824160000,0.063,0.018,0.008,0.0,0.0,0.0,1.0,4,0.0,0.0,28.57,12.7,589268
2023-08-24 17:00:00,00000000790,20230824170000,0.043,0.013,0.011,0.0,0.0,0.0,1.0,4,0.0,0.0,30.23,25.58,589268
2023-08-24 18:00:00,00000000790,20230824180000,0.024,0.007,0.014,0.0,0.0,0.0,1.0,4,0.0,0.0,29.17,58.33,589268
2023-08-24 19:00:00,00000000790,20230824190000,0.058,0.015,0.009,0.0,0.0,0.0,1.0,4,0.0,0.0,25.86,15.52,589268
2023-08-24 20:00:00,00000000790,20230824200000,0.064,0.016,0.008,0.0,0.0,0.0,1.0,4,0.0,0.0,25.0,12.5,589268
2023-08-24 21:00:00,00000000790,20230824210000,0.024,0.007,0.014,0.0,0.0,0.0,1.0,4,0.0,0.0,29.17,58.33,589268
2023-08-24 22:00:00,00000000790,20230824220000,0.057,0.016,0.009,0.0,0.0,0.0,1.0,4,0.0,0.0,28.07,15.79,589268
2023-08-24 23:00:00,00000000790,20230824230000,0.506,0.027,0.005,0.0,0.0,0.0,1.0,4,0.0,0.0,5.34,0.99,589268
2023-08-25 00:00:00,00000000790,20230825000000,0.159,0.06,0.0,0.0,0.0,0.0,1.0,4,0.0,0.0,37.74,0.0,589268
2023-08-25 01:00:00,00000000790,20230825010000,0.924,0.225,0.0,0.0,0.0,0.0,1.0,4,0.0,0.0,24.35,0.0,589268
2023-08-25 02:00:00,00000000790,20230825020000,0.442,0.091,0.005,0.0,0.0,0.0,1.0,4,0.0,0.0,20.59,1.13,589268
2023-08-25 03:00:00,00000000790,20230825030000,0.132,0.018,0.007,0.0,0.0,0.0,1.0,4,0.0,0.0,13.64,5.3,589268
2023-08-25 04:00:00,00000000790,20230825040000,0.143,0.024,0.008,0.0,0.0,0.0,1.0,4,0.0,0.0,16.78,5.59,589268
2023-08-25 05:00:00,00000000790,20230825050000,0.048,0.011,0.014,0.0,0.0,0.0,1.0,4,0.0,0.0,22.92,29.17,589268
2023-08-25 06:00:00,00000000790,20230825060000,0.063,0.018,0.012,0.0,0.0,0.0,1.0,4,0.0,0.0,28.57,19.05,589268
2023-08-25 07:00:00,00000000790,20230825070000,0.063,0.022,0.009,0.0,0.0,0.0,1.0,4,0.0,0.0,34.92,14.29,589268
2023-08-25 08:00:00,00000000790,20230825080000,0.091,0.01,0.014,0.0,0.0,0.0,1.0,4,0.0,0.0,10.99,15.38,589268
2023-08-25 09:00:00,00000000790,20230825090000,0.353,0.016,0.011,0.0,0.0,0.0,1.0,4,0.0,0.0,4.53,3.12,589268
2023-08-25 10:00:00,00000000790,20230825100000,0.355,0.025,0.004,0.0,0.0,0.0,1.0,4,0.0,0.0,7.04,1.13,589268
2023-08-25 11:00:00,00000000790,20230825110000,0.24,0.015,0.011,0.0,0.0,0.0,1.0,4,0.0,0.0,6.25,4.58,589268
2023-08-25 12:00:00,00000000790,20230825120000,0.24,0.019,0.007,0.0,0.0,0.0,1.0,4,0.0,0.0,7.92,2.92,589268
2023-08-25 13:00:00,00000000790,20230825130000,0.126,0.015,0.01,0.0,0.0,0.0,1.0,4,0.0,0.0,11.9,7.94,589268
2023-08-25 14:00:00,00000000790,20230825140000,0.085,0.009,0.014,0.0,0.0,0.0,1.0,4,0.0,0.0,10.59,16.47,589268
2023-08-25 15:00:00,00000000790,20230825150000,1.126,0.171,0.0,0.0,0.0,0.0,1.0,4,0.0,0.0,15.19,0.0,589268
2023-08-25 16:00:00,00000000790,20230825160000,0.084,0.02,0.008,0.0,0.0,0.0,1.0,4,0.0,0.0,23.81,9.52,589268
2023-08-25 17:00:00,00000000790,20230825170000,0.051,0.014,0.009,0.0,0.0,0.0,1.0,4,0.0,0.0,27.45,17.65,589268
2023-08-25 18:00:00,00000000790,20230825180000,0.035,0.01,0.013,0.0,0.0,0.0,1.0,4,0.0,0.0,28.57,37.14,589268
2023-08-25 19:00:00,00000000790,20230825190000,0.47,0.011,0.013,0.0,0.0,0.0,1.0,4,0.0,0.0,2.34,2.77,589268
2023-08-25 20:00:00,00000000790,20230825200000,0.173,0.018,0.007,0.0,0.0,0.0,1.0,4,0.0,0.0,10.4,4.05,589268
2023-08-25 21:00:00,00000000790,20230825210000,0.363,0.013,0.01,0.0,0.0,0.0,1.0,4,0.0,0.0,3.58,2.75,589268
2023-08-25 22:00:00,00000000790,20230825220000,0.345,0.066,0.0,0.0,0.0,0.0,1.0,4,0.0,0.0,19.13,0.0,589268
2023-08-25 23:00:00,00000000790,20230825230000,0.735,0.148,0.0,0.0,0.0,0.0,1.0,4,0.0,0.0,20.14,0.0,589268
2023-08-26 00:00:00,00000000790,20230826000000,0.633,0.162,0.0,0.0,0.0,0.0,1.0,4,0.0,0.0,25.59,0.0,589268
2023-08-26 01:00:00,00000000790,20230826010000,0.512,0.127,0.0,0.0,0.0,0.0,1.0,4,0.0,0.0,24.8,0.0,589268
2023-08-26 02:00:00,00000000790,20230826020000,0.316,0.064,0.0,0.0,0.0,0.0,1.0,4,0.0,0.0,20.25,0.0,589268
2023-08-26 03:00:00,00000000790,20230826030000,0.105,0.017,0.011,0.0,0.0,0.0,1.0,4,0.0,0.0,16.19,10.48,589268
2023-08-26 04:00:00,00000000790,20230826040000,0.114,0.02,0.01,0.0,0.0,0.0,1.0,4,0.0,0.0,17.54,8.77,589268
2023-08-26 05:00:00,00000000790,20230826050000,0.327,0.064,0.012,0.0,0.0,0.0,1.0,4,0.0,0.0,19.57,3.67,589268
2023-08-26 06:00:00,00000000790,20230826060000,0.203,0.047,0.01,0.0,0.0,0.0,1.0,4,0.0,0.0,23.15,4.93,589268
2023-08-26 07:00:00,00000000790,20230826070000,0.122,0.023,0.008,0.0,0.0,0.0,1.0,4,0.0,0.0,18.85,6.56,589268
2023-08-26 08:00:00,00000000790,20230826080000,0.098,0.012,0.015,0.0,0.0,0.0,1.0,4,0.0,0.0,12.24,15.31,589268
2023-08-26 09:00:00,00000000790,20230826090000,0.366,0.027,0.005,0.0,0.0,0.0,1.0,4,0.0,0.0,7.38,1.37,589268
2023-08-26 10:00:00,00000000790,20230826100000,0.451,0.033,0.0,0.0,0.0,0.0,1.0,4,0.0,0.0,7.32,0.0,589268
2023-08-26 11:00:00,00000000790,20230826110000,0.303,0.032,0.0,0.0,0.0,0.0,1.0,4,0.0,0.0,10.56,0.0,589268
2023-08-26 12:00:00,00000000790,20230826120000,0.23,0.032,0.0,0.0,0.0,0.0,1.0,4,0.0,0.0,13.91,0.0,589268
2023-08-26 13:00:00,00000000790,20230826130000,1.128,0.006,0.016,0.0,0.0,0.0,1.0,4,0.0,0.0,0.53,1.42,589268
2023-08-26 14:00:00,00000000790,20230826140000,0.177,0.017,0.005,0.0,0.0,0.0,1.0,4,0.0,0.0,9.6,2.82,589268
2023-08-26 15:00:00,00000000790,20230826150000,0.047,0.018,0.006,0.0,0.0,0.0,1.0,4,0.0,0.0,38.3,12.77,589268
2023-08-26 16:00:00,00000000790,20230826160000,0.049,0.018,0.005,0.0,0.0,0.0,1.0,4,0.0,0.0,36.73,10.2,589268
2023-08-26 17:00:00,00000000790,20230826170000,0.049,0.018,0.005,0.0,0.0,0.0,1.0,4,0.0,0.0,36.73,10.2,589268
2023-08-26 18:00:00,00000000790,20230826180000,0.032,0.012,0.006,0.0,0.0,0.0,1.0,4,0.0,0.0,37.5,18.75,589268
2023-08-26 19:00:00,00000000790,20230826190000,0.03,0.011,0.006,0.0,0.0,0.0,1.0,4,0.0,0.0,36.67,20.0,589268
2023-08-26 20:00:00,00000000790,20230826200000,0.04,0.013,0.006,0.0,0.0,0.0,1.0,4,0.0,0.0,32.5,15.0,589268
2023-08-26 21:00:00,00000000790,20230826210000,0.049,0.015,0.005,0.0,0.0,0.0,1.0,4,0.0,0.0,30.61,10.2,589268
2023-08-26 22:00:00,00000000790,20230826220000,0.075,0.026,0.004,0.0,0.0,0.0,1.0,4,0.0,0.0,34.67,5.33,589268
2023-08-26 23:00:00,00000000790,20230826230000,0.043,0.016,0.005,0.0,0.0,0.0,1.0,4,0.0,0.0,37.21,11.63,589268
2023-08-27 00:00:00,00000000790,20230827000000,0.805,0.099,0.005,0.0,0.0,0.0,1.0,4,0.0,0.0,12.3,0.62,589268
2023-08-27 01:00:00,00000000790,20230827010000,0.814,0.171,0.0,0.0,0.0,0.0,1.0,4,0.0,0.0,21.01,0.0,589268
2023-08-27 02:00:00,00000000790,20230827020000,0.877,0.224,0.0,0.0,0.0,0.0,1.0,4,0.0,0.0,25.54,0.0,589268
2023-08-27 03:00:00,00000000790,20230827030000,0.233,0.055,0.014,0.0,0.0,0.0,1.0,4,0.0,0.0,23.61,6.01,589268
2023-08-27 04:00:00,00000000790,20230827040000,0.104,0.018,0.011,0.0,0.0,0.0,1.0,4,0.0,0.0,17.31,10.58,589268
2023-08-27 05:00:00,00000000790,20230827050000,0.095,0.018,0.011,0.0,0.0,0.0,1.0,4,0.0,0.0,18.95,11.58,589268
2023-08-27 06:00:00,00000000790,20230827060000,0.125,0.022,0.01,0.0,0.0,0.0,1.0,4,0.0,0.0,17.6,8.0,589268
2023-08-27 07:00:00,00000000790,20230827070000,0.253,0.083,0.007,0.0,0.0,0.0,1.0,4,0.0,0.0,32.81,2.77,589268
2023-08-27 08:00:00,00000000790,20230827080000,0.062,0.021,0.009,0.0,0.0,0.0,1.0,4,0.0,0.0,33.87,14.52,589268
2023-08-27 09:00:00,00000000790,20230827090000,0.024,0.008,0.016,0.0,0.0,0.0,1.0,4,0.0,0.0,33.33,66.67,589268
2023-08-27 10:00:00,00000000790,20230827100000,0.036,0.009,0.015,0.0,0.0,0.0,1.0,4,0.0,0.0,25.0,41.67,589268
2023-08-27 11:00:00,00000000790,20230827110000,0.671,0.028,0.003,0.0,0.0,0.0,1.0,4,0.0,0.0,4.17,0.45,589268
2023-08-27 12:00:00,00000000790,20230827120000,0.258,0.018,0.009,0.0,0.0,0.0,1.0,4,0.0,0.0,6.98,3.49,589268
2023-08-27 13:00:00,00000000790,20230827130000,0.502,0.031,0.0,0.0,0.0,0.0,1.0,4,0.0,0.0,6.18,0.0,589268
2023-08-27 14:00:00,00000000790,20230827140000,0.189,0.029,0.0,0.0,0.0,0.0,1.0,4,0.0,0.0,15.34,0.0,589268
2023-08-27 15:00:00,00000000790,20230827150000,0.079,0.026,0.003,0.0,0.0,0.0,1.0,4,0.0,0.0,32.91,3.8,589268
2023-08-27 16:00:00,00000000790,20230827160000,0.175,0.004,0.008,0.0,0.0,0.0,1.0,4,0.0,0.0,2.29,4.57,589268
2023-08-27 17:00:00,00000000790,20230827170000,0.877,0.07,0.0,0.0,0.0,0.0,1.0,4,0.0,0.0,7.98,0.0,589268
2023-08-27 18:00:00,00000000790,20230827180000,0.264,0.021,0.005,0.0,0.0,0.0,1.0,4,0.0,0.0,7.95,1.89,589268
2023-08-27 19:00:00,00000000790,20230827190000,0.553,0.061,0.005,0.0,0.0,0.0,1.0,4,0.0,0.0,11.03,0.9,589268
2023-08-27 20:00:00,00000000790,20230827200000,0.214,0.013,0.011,0.0,0.0,0.0,1.0,4,0.0,0.0,6.07,5.14,589268
2023-08-27 21:00:00,00000000790,20230827210000,0.445,0.063,0.011,0.0,0.0,0.0,1.0,4,0.0,0.0,14.16,2.47,589268
2023-08-27 22:00:00,00000000790,20230827220000,0.075,0.0,0.022,0.0,0.0,0.0,1.0,4,0.0,0.0,0.0,29.33,589268
2023-08-27 23:00:00,00000000790,20230827230000,0.606,0.099,0.004,0.0,0.0,0.0,1.0,4,0.0,0.0,16.34,0.66,589268
2023-08-28 00:00:00,00000000790,20230828000000,1.233,0.086,0.003,0.0,0.0,0.0,1.0,4,0.0,0.0,6.97,0.24,589268
2023-08-28 01:00:00,00000000790,20230828010000,0.414,0.082,0.002,0.0,0.0,0.0,1.0,4,0.0,0.0,19.81,0.48,589268
2023-08-28 02:00:00,00000000790,20230828020000,0.38,0.108,0.0,0.0,0.0,0.0,1.0,4,0.0,0.0,28.42,0.0,589268
2023-08-28 03:00:00,00000000790,20230828030000,0.289,0.091,0.0,0.0,0.0,0.0,1.0,4,0.0,0.0,31.49,0.0,589268
2023-08-28 04:00:00,00000000790,20230828040000,0.266,0.077,0.0,0.0,0.0,0.0,1.0,4,0.0,0.0,28.95,0.0,589268
2023-08-28 05:00:00,00000000790,20230828050000,0.279,0.096,0.0,0.0,0.0,0.0,1.0,4,0.0,0.0,34.41,0.0,589268
2023-08-28 06:00:00,00000000790,20230828060000,0.19,0.066,0.006,0.0,0.0,0.0,1.0,4,0.0,0.0,34.74,3.16,589268
2023-08-28 07:00:00,00000000790,20230828070000,0.048,0.018,0.012,0.0,0.0,0.0,1.0,4,0.0,0.0,37.5,25.0,589268
2023-08-28 08:00:00,00000000790,20230828080000,0.11,0.023,0.008,0.0,0.0,0.0,1.0,4,0.0,0.0,20.91,7.27,589268
2023-08-28 09:00:00,00000000790,20230828090000,0.043,0.013,0.012,0.0,0.0,0.0,1.0,4,0.0,0.0,30.23,27.91,589268
2023-08-28 10:00:00,00000000790,20230828100000,0.316,0.003,0.018,0.0,0.0,0.0,1.0,4,0.0,0.0,0.95,5.7,589268
2023-08-28 11:00:00,00000000790,20230828110000,0.31,0.028,0.001,0.0,0.0,0.0,1.0,4,0.0,0.0,9.03,0.32,589268
2023-08-28 12:00:00,00000000790,20230828120000,0.749,0.028,0.0,0.0,0.0,0.0,1.0,4,0.0,0.0,3.74,0.0,589268
2023-08-28 13:00:00,00000000790,20230828130000,0.341,0.018,0.011,0.0,0.0,0.0,1.0,4,0.0,0.0,5.28,3.23,589268
2023-08-28 14:00:00,00000000790,20230828140000,0.149,0.019,0.005,0.0,0.0,0.0,1.0,4,0.0,0.0,12.75,3.36,589268
2023-08-28 15:00:00,00000000790,20230828150000,0.045,0.018,0.005,0.0,0.0,0.0,1.0,4,0.0,0.0,40.0,11.11,589268
2023-08-28 16:00:00,00000000790,20230828160000,0.016,0.002,0.009,0.0,0.0,0.0,1.0,4,0.0,0.0,12.5,56.25,589268
2023-08-28 17:00:00,00000000790,20230828170000,0.089,0.033,0.002,0.0,0.0,0.0,1.0,4,0.0,0.0,37.08,2.25,589268
2023-08-28 18:00:00,00000000790,20230828180000,0.048,0.019,0.005,0.0,0.0,0.0,1.0,4,0.0,0.0,39.58,10.42,589268
2023-08-28 19:00:00,00000000790,20230828190000,0.045,0.016,0.005,0.0,0.0,0.0,1.0,4,0.0,0.0,35.56,11.11,589268
2023-08-28 20:00:00,00000000790,20230828200000,0.042,0.015,0.005,0.0,0.0,0.0,1.0,4,0.0,0.0,35.71,11.9,589268
2023-08-28 21:00:00,00000000790,20230828210000,0.043,0.016,0.005,0.0,0.0,0.0,1.0,4,0.0,0.0,37.21,11.63,589268
2023-08-28 22:00:00,00000000790,20230828220000,0.031,0.008,0.008,0.0,0.0,0.0,1.0,4,0.0,0.0,25.81,25.81,589268
2023-08-28 23:00:00,00000000790,20230828230000,0.046,0.018,0.005,0.0,0.0,0.0,1.0,4,0.0,0.0,39.13,10.87,589268
2023-08-29 00:00:00,00000000790,20230829000000,0.304,0.019,0.005,0.0,0.0,0.0,1.0,4,0.0,0.0,6.25,1.64,589268
2023-08-29 01:00:00,00000000790,20230829010000,0.051,0.018,0.007,0.0,0.0,0.0,1.0,4,0.0,0.0,35.29,13.73,589268
2023-08-29 02:00:00,00000000790,20230829020000,0.482,0.142,0.0,0.0,0.0,0.0,1.0,4,0.0,0.0,29.46,0.0,589268
2023-08-29 03:00:00,00000000790,20230829030000,0.428,0.12,0.0,0.0,0.0,0.0,1.0,4,0.0,0.0,28.04,0.0,589268
2023-08-29 04:00:00,00000000790,20230829040000,0.054,0.004,0.02,0.0,0.0,0.0,1.0,4,0.0,0.0,7.41,37.04,589268
2023-08-29 05:00:00,00000000790,20230829050000,0.245,0.077,0.0,0.0,0.0,0.0,1.0,4,0.0,0.0,31.43,0.0,589268
2023-08-29 06:00:00,00000000790,20230829060000,0.584,0.11,0.0,0.0,0.0,0.0,1.0,4,0.0,0.0,18.84,0.0,589268
2023-08-29 07:00:00,00000000790,20230829070000,0.276,0.096,0.0,0.0,0.0,0.0,1.0,4,0.0,0.0,34.78,0.0,589268
2023-08-29 08:00:00,00000000790,20230829080000,0.268,0.083,0.0,0.0,0.0,0.0,1.0,4,0.0,0.0,30.97,0.0,589268
2023-08-29 09:00:00,00000000790,20230829090000,0.351,0.078,0.0,0.0,0.0,0.0,1.0,4,0.0,0.0,22.22,0.0,589268
2023-08-29 10:00:00,00000000790,20230829100000,0.101,0.024,0.014,0.0,0.0,0.0,1.0,4,0.0,0.0,23.76,13.86,589268
2023-08-29 11:00:00,00000000790,20230829110000,0.326,0.021,0.008,0.0,0.0,0.0,1.0,4,0.0,0.0,6.44,2.45,589268
2023-08-29 12:00:00,00000000790,20230829120000,0.348,0.032,0.0,0.0,0.0,0.0,1.0,4,0.0,0.0,9.2,0.0,589268
2023-08-29 13:00:00,00000000790,20230829130000,0.257,0.018,0.008,0.0,0.0,0.0,1.0,4,0.0,0.0,7.0,3.11,589268
2023-08-29 14:00:00,00000000790,20230829140000,0.276,0.019,0.005,0.0,0.0,0.0,1.0,4,0.0,0.0,6.88,1.81,589268
2023-08-29 15:00:00,00000000790,20230829150000,0.054,0.023,0.004,0.0,0.0,0.0,1.0,4,0.0,0.0,42.59,7.41,589268
2023-08-29 16:00:00,00000000790,20230829160000,0.017,0.002,0.009,0.0,0.0,0.0,1.0,4,0.0,0.0,11.76,52.94,589268
2023-08-29 17:00:00,00000000790,20230829170000,0.325,0.03,0.003,0.0,0.0,0.0,1.0,4,0.0,0.0,9.23,0.92,589268
2023-08-29 18:00:00,00000000790,20230829180000,0.054,0.021,0.005,0.0,0.0,0.0,1.0,4,0.0,0.0,38.89,9.26,589268
2023-08-29 19:00:00,00000000790,20230829190000,0.043,0.016,0.005,0.0,0.0,0.0,1.0,4,0.0,0.0,37.21,11.63,589268
2023-08-29 20:00:00,00000000790,20230829200000,0.043,0.015,0.005,0.0,0.0,0.0,1.0,4,0.0,0.0,34.88,11.63,589268
2023-08-29 21:00:00,00000000790,20230829210000,0.041,0.015,0.006,0.0,0.0,0.0,1.0,4,0.0,0.0,36.59,14.63,589268
2023-08-29 22:00:00,00000000790,20230829220000,0.03,0.009,0.007,0.0,0.0,0.0,1.0,4,0.0,0.0,30.0,23.33,589268
2023-08-29 23:00:00,00000000790,20230829230000,0.048,0.019,0.005,0.0,0.0,0.0,1.0,4,0.0,0.0,39.58,10.42,589268
2023-08-30 00:00:00,00000000790,20230830000000,0.047,0.019,0.005,0.0,0.0,0.0,1.0,4,0.0,0.0,40.43,10.64,589268
2023-08-30 01:00:00,00000000790,20230830010000,0.53,0.134,0.003,0.0,0.0,0.0,1.0,4,0.0,0.0,25.28,0.57,589268
2023-08-30 02:00:00,00000000790,20230830020000,0.389,0.067,0.006,0.0,0.0,0.0,1.0,4,0.0,0.0,17.22,1.54,589268
2023-08-30 03:00:00,00000000790,20230830030000,0.44,0.048,0.015,0.0,0.0,0.0,1.0,4,0.0,0.0,10.91,3.41,589268
2023-08-30 04:00:00,00000000790,20230830040000,0.057,0.012,0.014,0.0,0.0,0.0,1.0,4,0.0,0.0,21.05,24.56,589268
2023-08-30 05:00:00,00000000790,20230830050000,0.062,0.017,0.011,0.0,0.0,0.0,1.0,4,0.0,0.0,27.42,17.74,589268
2023-08-30 06:00:00,00000000790,20230830060000,0.099,0.034,0.012,0.0,0.0,0.0,1.0,4,0.0,0.0,34.34,12.12,589268
2023-08-30 07:00:00,00000000790,20230830070000,0.294,0.109,0.0,0.0,0.0,0.0,1.0,4,0.0,0.0,37.07,0.0,589268
2023-08-30 08:00:00,00000000790,20230830080000,0.276,0.088,0.0,0.0,0.0,0.0,1.0,4,0.0,0.0,31.88,0.0,589268
2023-08-30 09:00:00,00000000790,20230830090000,0.173,0.045,0.006,0.0,0.0,0.0,1.0,4,0.0,0.0,26.01,3.47,589268
2023-08-30 10:00:00,00000000790,20230830100000,0.152,0.016,0.011,0.0,0.0,0.0,1.0,4,0.0,0.0,10.53,7.24,589268
2023-08-30 11:00:00,00000000790,20230830110000,0.518,0.016,0.012,0.0,0.0,0.0,1.0,4,0.0,0.0,3.09,2.32,589268
2023-08-30 12:00:00,00000000790,20230830120000,0.294,0.017,0.009,0.0,0.0,0.0,1.0,4,0.0,0.0,5.78,3.06,589268
2023-08-30 13:00:00,00000000790,20230830130000,0.299,0.031,0.0,0.0,0.0,0.0,1.0,4,0.0,0.0,10.37,0.0,589268
2023-08-30 14:00:00,00000000790,20230830140000,0.578,0.036,0.006,0.0,0.0,0.0,1.0,4,0.0,0.0,6.23,1.04,589268
2023-08-30 15:00:00,00000000790,20230830150000,0.053,0.022,0.004,0.0,0.0,0.0,1.0,4,0.0,0.0,41.51,7.55,589268
2023-08-30 16:00:00,00000000790,20230830160000,0.012,0.0,0.009,0.0,0.0,0.0,1.0,4,0.0,0.0,0.0,75.0,589268
2023-08-30 17:00:00,00000000790,20230830170000,0.084,0.031,0.003,0.0,0.0,0.0,1.0,4,0.0,0.0,36.9,3.57,589268
2023-08-30 18:00:00,00000000790,20230830180000,0.044,0.017,0.005,0.0,0.0,0.0,1.0,4,0.0,0.0,38.64,11.36,589268
2023-08-30 19:00:00,00000000790,20230830190000,0.042,0.015,0.006,0.0,0.0,0.0,1.0,4,0.0,0.0,35.71,14.29,589268
2023-08-30 20:00:00,00000000790,20230830200000,0.132,0.016,0.005,0.0,0.0,0.0,1.0,4,0.0,0.0,12.12,3.79,589268
2023-08-30 21:00:00,00000000790,20230830210000,1.09,0.072,0.005,0.0,0.0,0.0,1.0,4,0.0,0.0,6.61,0.46,589268
2023-08-30 22:00:00,00000000790,20230830220000,0.494,0.058,0.015,0.0,0.0,0.0,1.0,4,0.0,0.0,11.74,3.04,589268
2023-08-30 23:00:00,00000000790,20230830230000,0.396,0.077,0.004,0.0,0.0,0.0,1.0,4,0.0,0.0,19.44,1.01,589268
2023-08-31 00:00:00,00000000790,20230831000000,0.112,0.015,0.012,0.0,0.0,0.0,1.0,4,0.0,0.0,13.39,10.71,589268
2023-08-31 01:00:00,00000000790,20230831010000,0.307,0.066,0.003,0.0,0.0,0.0,1.0,4,0.0,0.0,21.5,0.98,589268
2023-08-31 02:00:00,00000000790,20230831020000,0.403,0.082,0.009,0.0,0.0,0.0,1.0,4,0.0,0.0,20.35,2.23,589268
2023-08-31 03:00:00,00000000790,20230831030000,0.306,0.015,0.012,0.0,0.0,0.0,1.0,4,0.0,0.0,4.9,3.92,589268
2023-08-31 04:00:00,00000000790,20230831040000,0.127,0.038,0.008,0.0,0.0,0.0,1.0,4,0.0,0.0,29.92,6.3,589268
2023-08-31 05:00:00,00000000790,20230831050000,0.329,0.104,0.0,0.0,0.0,0.0,1.0,4,0.0,0.0,31.61,0.0,589268
2023-08-31 06:00:00,00000000790,20230831060000,0.284,0.093,0.0,0.0,0.0,0.0,1.0,4,0.0,0.0,32.75,0.0,589268
2023-08-31 07:00:00,00000000790,20230831070000,0.254,0.083,0.0,0.0,0.0,0.0,1.0,4,0.0,0.0,32.68,0.0,589268
2023-08-31 08:00:00,00000000790,20230831080000,0.267,0.078,0.0,0.0,0.0,0.0,1.0,4,0.0,0.0,29.21,0.0,589268
2023-08-31 09:00:00,00000000790,20230831090000,0.088,0.017,0.014,0.0,0.0,0.0,1.0,4,0.0,0.0,19.32,15.91,589268
2023-08-31 10:00:00,00000000790,20230831100000,0.438,0.02,0.007,0.0,0.0,0.0,1.0,4,0.0,0.0,4.57,1.6,589268
2023-08-31 11:00:00,00000000790,20230831110000,0.313,0.028,0.002,0.0,0.0,0.0,1.0,4,0.0,0.0,8.95,0.64,589268
2023-08-31 12:00:00,00000000790,20230831120000,0.237,0.016,0.009,0.0,0.0,0.0,1.0,4,0.0,0.0,6.75,3.8,589268
2023-08-31 13:00:00,00000000790,20230831130000,0.172,0.02,0.007,0.0,0.0,0.0,1.0,4,0.0,0.0,11.63,4.07,589268
2023-08-31 14:00:00,00000000790,20230831140000,0.057,0.021,0.005,0.0,0.0,0.0,1.0,4,0.0,0.0,36.84,8.77,589268
2023-08-31 15:00:00,00000000790,20230831150000,0.034,0.012,0.006,0.0,0.0,0.0,1.0,4,0.0,0.0,35.29,17.65,589268
2023-08-31 16:00:00,00000000790,20230831160000,0.039,0.011,0.007,0.0,0.0,0.0,1.0,4,0.0,0.0,28.21,17.95,589268
2023-08-31 17:00:00,00000000790,20230831170000,0.054,0.021,0.005,0.0,0.0,0.0,1.0,4,0.0,0.0,38.89,9.26,589268
2023-08-31 18:00:00,00000000790,20230831180000,0.299,0.021,0.005,0.0,0.0,0.0,1.0,4,0.0,0.0,7.02,1.67,589268
2023-08-31 19:00:00,00000000790,20230831190000,0.049,0.02,0.005,0.0,0.0,0.0,1.0,4,0.0,0.0,40.82,10.2,589268
2023-08-31 20:00:00,00000000790,20230831200000,0.049,0.018,0.005,0.0,0.0,0.0,1.0,4,0.0,0.0,36.73,10.2,589268
2023-08-31 21:00:00,00000000790,20230831210000,0.027,0.01,0.007,0.0,0.0,0.0,1.0,4,0.0,0.0,37.04,25.93,589268
2023-08-31 22:00:00,00000000790,20230831220000,0.072,0.028,0.004,0.0,0.0,0.0,1.0,4,0.0,0.0,38.89,5.56,589268
2023-08-31 23:00:00,00000000790,20230831230000,0.045,0.018,0.005,0.0,0.0,0.0,1.0,4,0.0,0.0,40.0,11.11,589268
2023-09-01 00:00:00,00000000790,20230901000000,0.043,0.019,0.006,0.0,0.0,0.0,1.0,4,0.0,0.0,44.19,13.95,589268
2023-09-01 01:00:00,00000000790,20230901010000,0.043,0.019,0.006,0.0,0.0,0.0,1.0,4,0.0,0.0,44.19,13.95,589268
2023-09-01 02:00:00,00000000790,20230901020000,0.658,0.014,0.012,0.0,0.0,0.0,1.0,4,0.0,0.0,2.13,1.82,589268
2023-09-01 03:00:00,00000000790,20230901030000,0.081,0.013,0.02,0.0,0.0,0.0,1.0,4,0.0,0.0,16.05,24.69,589268
2023-09-01 04:00:00,00000000790,20230901040000,0.06,0.018,0.013,0.0,0.0,0.0,1.0,4,0.0,0.0,30.0,21.67,589268
2023-09-01 05:00:00,00000000790,20230901050000,0.057,0.016,0.012,0.0,0.0,0.0,1.0,4,0.0,0.0,28.07,21.05,589268
2023-09-01 06:00:00,00000000790,20230901060000,0.059,0.017,0.013,0.0,0.0,0.0,1.0,4,0.0,0.0,28.81,22.03,589268
2023-09-01 07:00:00,00000000790,20230901070000,0.066,0.017,0.014,0.0,0.0,0.0,1.0,4,0.0,0.0,25.76,21.21,589268
2023-09-01 08:00:00,00000000790,20230901080000,0.046,0.011,0.015,0.0,0.0,0.0,1.0,4,0.0,0.0,23.91,32.61,589268
2023-09-01 09:00:00,00000000790,20230901090000,0.084,0.022,0.008,0.0,0.0,0.0,1.0,4,0.0,0.0,26.19,9.52,589268
2023-09-01 10:00:00,00000000790,20230901100000,0.056,0.014,0.012,0.0,0.0,0.0,1.0,4,0.0,0.0,25.0,21.43,589268
2023-09-01 11:00:00,00000000790,20230901110000,0.741,0.018,0.01,0.0,0.0,0.0,1.0,4,0.0,0.0,2.43,1.35,589268
2023-09-01 12:00:00,00000000790,20230901120000,0.73,0.141,0.001,0.0,0.0,0.0,1.0,4,0.0,0.0,19.32,0.14,589268
2023-09-01 13:00:00,00000000790,20230901130000,0.577,0.054,0.006,0.0,0.0,0.0,1.0,4,0.0,0.0,9.36,1.04,589268
2023-09-01 14:00:00,00000000790,20230901140000,0.736,0.147,0.0,0.0,0.0,0.0,1.0,4,0.0,0.0,19.97,0.0,589268
2023-09-01 15:00:00,00000000790,20230901150000,0.342,0.074,0.002,0.0,0.0,0.0,1.0,4,0.0,0.0,21.64,0.58,589268
2023-09-01 16:00:00,00000000790,20230901160000,0.05,0.02,0.005,0.0,0.0,0.0,1.0,4,0.0,0.0,40.0,10.0,589268
2023-09-01 17:00:00,00000000790,20230901170000,0.048,0.019,0.006,0.0,0.0,0.0,1.0,4,0.0,0.0,39.58,12.5,589268
2023-09-01 18:00:00,00000000790,20230901180000,0.046,0.018,0.005,0.0,0.0,0.0,1.0,4,0.0,0.0,39.13,10.87,589268
2023-09-01 19:00:00,00000000790,20230901190000,0.045,0.017,0.006,0.0,0.0,0.0,1.0,4,0.0,0.0,37.78,13.33,589268
2023-09-01 20:00:00,00000000790,20230901200000,0.009,0.002,0.008,0.0,0.0,0.0,1.0,4,0.0,0.0,22.22,88.89,589268
2023-09-01 21:00:00,00000000790,20230901210000,0.302,0.025,0.004,0.0,0.0,0.0,1.0,4,0.0,0.0,8.28,1.32,589268
2023-09-01 22:00:00,00000000790,20230901220000,0.044,0.017,0.006,0.0,0.0,0.0,1.0,4,0.0,0.0,38.64,13.64,589268
2023-09-01 23:00:00,00000000790,20230901230000,0.043,0.018,0.005,0.0,0.0,0.0,1.0,4,0.0,0.0,41.86,11.63,589268
2023-09-02 00:00:00,00000000790,20230902000000,1.049,0.163,0.002,0.0,0.0,0.0,1.0,4,0.0,0.0,15.54,0.19,589268
2023-09-02 01:00:00,00000000790,20230902010000,0.987,0.237,0.002,0.0,0.0,0.0,1.0,4,0.0,0.0,24.01,0.2,589268
2023-09-02 02:00:00,00000000790,20230902020000,0.288,0.056,0.019,0.0,0.0,0.0,1.0,4,0.0,0.0,19.44,6.6,589268
2023-09-02 03:00:00,00000000790,20230902030000,0.414,0.122,0.0,0.0,0.0,0.0,1.0,4,0.0,0.0,29.47,0.0,589268
2023-09-02 04:00:00,00000000790,20230902040000,0.396,0.12,0.0,0.0,0.0,0.0,1.0,4,0.0,0.0,30.3,0.0,589268
2023-09-02 05:00:00,00000000790,20230902050000,0.359,0.109,0.0,0.0,0.0,0.0,1.0,4,0.0,0.0,30.36,0.0,589268
2023-09-02 06:00:00,00000000790,20230902060000,0.321,0.102,0.0,0.0,0.0,0.0,1.0,4,0.0,0.0,31.78,0.0,589268
2023-09-02 07:00:00,00000000790,20230902070000,0.029,0.005,0.019,0.0,0.0,0.0,1.0,4,0.0,0.0,17.24,65.52,589268
2023-09-02 08:00:00,00000000790,20230902080000,0.269,0.015,0.013,0.0,0.0,0.0,1.0,4,0.0,0.0,5.58,4.83,589268
2023-09-02 09:00:00,00000000790,20230902090000,0.091,0.016,0.012,0.0,0.0,0.0,1.0,4,0.0,0.0,17.58,13.19,589268
2023-09-02 10:00:00,00000000790,20230902100000,0.521,0.03,0.002,0.0,0.0,0.0,1.0,4,0.0,0.0,5.76,0.38,589268
2023-09-02 11:00:00,00000000790,20230902110000,0.242,0.012,0.015,0.0,0.0,0.0,1.0,4,0.0,0.0,4.96,6.2,589268
2023-09-02 12:00:00,00000000790,20230902120000,0.274,0.024,0.006,0.0,0.0,0.0,1.0,4,0.0,0.0,8.76,2.19,589268
2023-09-02 13:00:00,00000000790,20230902130000,0.937,0.124,0.009,0.0,0.0,0.0,1.0,4,0.0,0.0,13.23,0.96,589268
2023-09-02 14:00:00,00000000790,20230902140000,0.108,0.023,0.008,0.0,0.0,0.0,1.0,4,0.0,0.0,21.3,7.41,589268
2023-09-02 15:00:00,00000000790,20230902150000,0.14,0.041,0.003,0.0,0.0,0.0,1.0,4,0.0,0.0,29.29,2.14,589268
2023-09-02 16:00:00,00000000790,20230902160000,0.056,0.022,0.005,0.0,0.0,0.0,1.0,4,0.0,0.0,39.29,8.93,589268
2023-09-02 17:00:00,00000000790,20230902170000,0.442,0.04,0.005,0.0,0.0,0.0,1.0,4,0.0,0.0,9.05,1.13,589268
2023-09-02 18:00:00,00000000790,20230902180000,0.267,0.062,0.006,0.0,0.0,0.0,1.0,4,0.0,0.0,23.22,2.25,589268
2023-09-02 19:00:00,00000000790,20230902190000,0.043,0.017,0.005,0.0,0.0,0.0,1.0,4,0.0,0.0,39.53,11.63,589268
2023-09-02 20:00:00,00000000790,20230902200000,0.027,0.006,0.008,0.0,0.0,0.0,1.0,4,0.0,0.0,22.22,29.63,589268
2023-09-02 21:00:00,00000000790,20230902210000,0.076,0.029,0.003,0.0,0.0,0.0,1.0,4,0.0,0.0,38.16,3.95,589268
2023-09-02 22:00:00,00000000790,20230902220000,0.051,0.02,0.005,0.0,0.0,0.0,1.0,4,0.0,0.0,39.22,9.8,589268
2023-09-02 23:00:00,00000000790,20230902230000,0.106,0.034,0.004,0.0,0.0,0.0,1.0,4,0.0,0.0,32.08,3.77,589268
2023-09-03 00:00:00,00000000790,20230903000000,1.623,0.282,0.0,0.0,0.0,0.0,1.0,4,0.0,0.0,17.38,0.0,589268
2023-09-03 01:00:00,00000000790,20230903010000,0.305,0.169,0.0,0.0,0.0,0.0,1.0,4,0.0,0.0,55.41,0.0,589268
2023-09-03 02:00:00,00000000790,20230903020000,0.223,0.053,0.004,0.0,0.0,0.0,1.0,4,0.0,0.0,23.77,1.79,589268
2023-09-03 03:00:00,00000000790,20230903030000,0.461,0.148,0.007,0.0,0.0,0.0,1.0,4,0.0,0.0,32.1,1.52,589268
2023-09-03 04:00:00,00000000790,20230903040000,0.073,0.023,0.01,0.0,0.0,0.0,1.0,4,0.0,0.0,31.51,13.7,589268
2023-09-03 05:00:00,00000000790,20230903050000,0.072,0.023,0.01,0.0,0.0,0.0,1.0,4,0.0,0.0,31.94,13.89,589268
2023-09-03 06:00:00,00000000790,20230903060000,0.065,0.019,0.012,0.0,0.0,0.0,1.0,4,0.0,0.0,29.23,18.46,589268
2023-09-03 07:00:00,00000000790,20230903070000,0.027,0.004,0.019,0.0,0.0,0.0,1.0,4,0.0,0.0,14.81,70.37,589268
2023-09-03 08:00:00,00000000790,20230903080000,0.093,0.029,0.006,0.0,0.0,0.0,1.0,4,0.0,0.0,31.18,6.45,589268
2023-09-03 09:00:00,00000000790,20230903090000,0.31,0.016,0.012,0.0,0.0,0.0,1.0,4,0.0,0.0,5.16,3.87,589268
2023-09-03 10:00:00,00000000790,20230903100000,0.31,0.022,0.009,0.0,0.0,0.0,1.0,4,0.0,0.0,7.1,2.9,589268
2023-09-03 11:00:00,00000000790,20230903110000,0.405,0.058,0.005,0.0,0.0,0.0,1.0,4,0.0,0.0,14.32,1.23,589268
2023-09-03 12:00:00,00000000790,20230903120000,0.688,0.019,0.01,0.0,0.0,0.0,1.0,4,0.0,0.0,2.76,1.45,589268
2023-09-03 13:00:00,00000000790,20230903130000,0.053,0.006,0.018,0.0,0.0,0.0,1.0,4,0.0,0.0,11.32,33.96,589268
2023-09-03 14:00:00,00000000790,20230903140000,0.074,0.032,0.003,0.0,0.0,0.0,1.0,4,0.0,0.0,43.24,4.05,589268
2023-09-03 15:00:00,00000000790,20230903150000,0.053,0.022,0.005,0.0,0.0,0.0,1.0,4,0.0,0.0,41.51,9.43,589268
2023-09-03 16:00:00,00000000790,20230903160000,0.112,0.024,0.005,0.0,0.0,0.0,1.0,4,0.0,0.0,21.43,4.46,589268
2023-09-03 17:00:00,00000000790,20230903170000,0.035,0.015,0.007,0.0,0.0,0.0,1.0,4,0.0,0.0,42.86,20.0,589268
2023-09-03 18:00:00,00000000790,20230903180000,0.044,0.018,0.006,0.0,0.0,0.0,1.0,4,0.0,0.0,40.91,13.64,589268
2023-09-03 19:00:00,00000000790,20230903190000,0.058,0.022,0.005,0.0,0.0,0.0,1.0,4,0.0,0.0,37.93,8.62,589268
2023-09-03 20:00:00,00000000790,20230903200000,0.063,0.022,0.005,0.0,0.0,0.0,1.0,4,0.0,0.0,34.92,7.94,589268
2023-09-03 21:00:00,00000000790,20230903210000,1.026,0.054,0.0,0.0,0.0,0.0,1.0,4,0.0,0.0,5.26,0.0,589268
2023-09-03 22:00:00,00000000790,20230903220000,1.373,0.132,0.007,0.0,0.0,0.0,1.0,4,0.0,0.0,9.61,0.51,589268
2023-09-03 23:00:00,00000000790,20230903230000,0.983,0.195,0.0,0.0,0.0,0.0,1.0,4,0.0,0.0,19.84,0.0,589268
2023-09-04 00:00:00,00000000790,20230904000000,0.695,0.143,0.001,0.0,0.0,0.0,1.0,4,0.0,0.0,20.58,0.14,589268
2023-09-04 01:00:00,00000000790,20230904010000,0.489,0.098,0.004,0.0,0.0,0.0,1.0,4,0.0,0.0,20.04,0.82,589268
2023-09-04 02:00:00,00000000790,20230904020000,0.324,0.085,0.002,0.0,0.0,0.0,1.0,4,0.0,0.0,26.23,0.62,589268
2023-09-04 03:00:00,00000000790,20230904030000,0.509,0.105,0.001,0.0,0.0,0.0,1.0,4,0.0,0.0,20.63,0.2,589268
2023-09-04 04:00:00,00000000790,20230904040000,0.321,0.043,0.003,0.0,0.0,0.0,1.0,4,0.0,0.0,13.4,0.93,589268
2023-09-04 05:00:00,00000000790,20230904050000,0.056,0.016,0.013,0.0,0.0,0.0,1.0,4,0.0,0.0,28.57,23.21,589268
2023-09-04 06:00:00,00000000790,20230904060000,0.041,0.01,0.016,0.0,0.0,0.0,1.0,4,0.0,0.0,24.39,39.02,589268
2023-09-04 07:00:00,00000000790,20230904070000,0.053,0.014,0.015,0.0,0.0,0.0,1.0,4,0.0,0.0,26.42,28.3,589268
2023-09-04 08:00:00,00000000790,20230904080000,0.091,0.027,0.007,0.0,0.0,0.0,1.0,4,0.0,0.0,29.67,7.69,589268
2023-09-04 09:00:00,00000000790,20230904090000,0.038,0.009,0.015,0.0,0.0,0.0,1.0,4,0.0,0.0,23.68,39.47,589268
2023-09-04 10:00:00,00000000790,20230904100000,0.068,0.009,0.016,0.0,0.0,0.0,1.0,4,0.0,0.0,13.24,23.53,589268
2023-09-04 11:00:00,00000000790,20230904110000,0.344,0.024,0.007,0.0,0.0,0.0,1.0,4,0.0,0.0,6.98,2.03,589268
2023-09-04 12:00:00,00000000790,20230904120000,0.648,0.039,0.0,0.0,0.0,0.0,1.0,4,0.0,0.0,6.02,0.0,589268
2023-09-04 13:00:00,00000000790,20230904130000,0.641,0.014,0.015,0.0,0.0,0.0,1.0,4,0.0,0.0,2.18,2.34,589268
2023-09-04 14:00:00,00000000790,20230904140000,0.332,0.091,0.004,0.0,0.0,0.0,1.0,4,0.0,0.0,27.41,1.2,589268
2023-09-04 15:00:00,00000000790,20230904150000,0.327,0.091,0.0,0.0,0.0,0.0,1.0,4,0.0,0.0,27.83,0.0,589268
2023-09-04 16:00:00,00000000790,20230904160000,0.164,0.02,0.01,0.0,0.0,0.0,1.0,4,0.0,0.0,12.2,6.1,589268
2023-09-04 17:00:00,00000000790,20230904170000,0.153,0.038,0.0,0.0,0.0,0.0,1.0,4,0.0,0.0,24.84,0.0,589268
2023-09-04 18:00:00,00000000790,20230904180000,0.067,0.023,0.008,0.0,0.0,0.0,1.0,4,0.0,0.0,34.33,11.94,589268
2023-09-04 19:00:00,00000000790,20230904190000,0.06,0.022,0.004,0.0,0.0,0.0,1.0,4,0.0,0.0,36.67,6.67,589268
2023-09-04 20:00:00,00000000790,20230904200000,0.053,0.023,0.005,0.0,0.0,0.0,1.0,4,0.0,0.0,43.4,9.43,589268
2023-09-04 21:00:00,00000000790,20230904210000,0.051,0.022,0.005,0.0,0.0,0.0,1.0,4,0.0,0.0,43.14,9.8,589268
2023-09-04 22:00:00,00000000790,20230904220000,0.051,0.022,0.005,0.0,0.0,0.0,1.0,4,0.0,0.0,43.14,9.8,589268
2023-09-04 23:00:00,00000000790,20230904230000,0.304,0.103,0.0,0.0,0.0,0.0,1.0,4,0.0,0.0,33.88,0.0,589268
2023-09-05 00:00:00,00000000790,20230905000000,0.49,0.056,0.014,0.0,0.0,0.0,1.0,4,0.0,0.0,11.43,2.86,589268
2023-09-05 01:00:00,00000000790,20230905010000,0.333,0.085,0.014,0.0,0.0,0.0,1.0,4,0.0,0.0,25.53,4.2,589268
2023-09-05 02:00:00,00000000790,20230905020000,0.326,0.045,0.0,0.0,0.0,0.0,1.0,4,0.0,0.0,13.8,0.0,589268
2023-09-05 03:00:00,00000000790,20230905030000,0.069,0.023,0.011,0.0,0.0,0.0,1.0,4,0.0,0.0,33.33,15.94,589268
2023-09-05 04:00:00,00000000790,20230905040000,0.168,0.067,0.004,0.0,0.0,0.0,1.0,4,0.0,0.0,39.88,2.38,589268
2023-09-05 05:00:00,00000000790,20230905050000,0.221,0.085,0.0,0.0,0.0,0.0,1.0,4,0.0,0.0,38.46,0.0,589268
2023-09-05 06:00:00,00000000790,20230905060000,0.056,0.019,0.014,0.0,0.0,0.0,1.0,4,0.0,0.0,33.93,25.0,589268
2023-09-05 07:00:00,00000000790,20230905070000,0.077,0.023,0.01,0.0,0.0,0.0,1.0,4,0.0,0.0,29.87,12.99,589268
2023-09-05 08:00:00,00000000790,20230905080000,0.046,0.012,0.015,0.0,0.0,0.0,1.0,4,0.0,0.0,26.09,32.61,589268
2023-09-05 09:00:00,00000000790,20230905090000,0.317,0.017,0.011,0.0,0.0,0.0,1.0,4,0.0,0.0,5.36,3.47,589268
2023-09-05 10:00:00,00000000790,20230905100000,0.29,0.031,0.004,0.0,0.0,0.0,1.0,4,0.0,0.0,10.69,1.38,589268
2023-09-05 11:00:00,00000000790,20230905110000,0.217,0.027,0.006,0.0,0.0,0.0,1.0,4,0.0,0.0,12.44,2.76,589268
2023-09-05 12:00:00,00000000790,20230905120000,0.066,0.006,0.017,0.0,0.0,0.0,1.0,4,0.0,0.0,9.09,25.76,589268
2023-09-05 13:00:00,00000000790,20230905130000,0.412,0.017,0.011,0.0,0.0,0.0,1.0,4,0.0,0.0,4.13,2.67,589268
2023-09-05 14:00:00,00000000790,20230905140000,0.427,0.014,0.007,0.0,0.0,0.0,1.0,4,0.0,0.0,3.28,1.64,589268
2023-09-05 15:00:00,00000000790,20230905150000,0.053,0.023,0.005,0.0,0.0,0.0,1.0,4,0.0,0.0,43.4,9.43,589268
2023-09-05 16:00:00,00000000790,20230905160000,0.051,0.023,0.006,0.0,0.0,0.0,1.0,4,0.0,0.0,45.1,11.76,589268
2023-09-05 17:00:00,00000000790,20230905170000,0.052,0.023,0.005,0.0,0.0,0.0,1.0,4,0.0,0.0,44.23,9.62,589268
2023-09-05 18:00:00,00000000790,20230905180000,0.112,0.023,0.006,0.0,0.0,0.0,1.0,4,0.0,0.0,20.54,5.36,589268
2023-09-05 19:00:00,00000000790,20230905190000,0.034,0.01,0.007,0.0,0.0,0.0,1.0,4,0.0,0.0,29.41,20.59,589268
2023-09-05 20:00:00,00000000790,20230905200000,0.051,0.021,0.005,0.0,0.0,0.0,1.0,4,0.0,0.0,41.18,9.8,589268
2023-09-05 21:00:00,00000000790,20230905210000,0.054,0.023,0.005,0.0,0.0,0.0,1.0,4,0.0,0.0,42.59,9.26,589268
2023-09-05 22:00:00,00000000790,20230905220000,0.638,0.016,0.005,0.0,0.0,0.0,1.0,4,0.0,0.0,2.51,0.78,589268
2023-09-05 23:00:00,00000000790,20230905230000,1.219,0.221,0.008,0.0,0.0,0.0,1.0,4,0.0,0.0,18.13,0.66,589268
2023-09-06 00:00:00,00000000790,20230906000000,0.282,0.066,0.006,0.0,0.0,0.0,1.0,4,0.0,0.0,23.4,2.13,589268
2023-09-06 01:00:00,00000000790,20230906010000,0.691,0.081,0.004,0.0,0.0,0.0,1.0,4,0.0,0.0,11.72,0.58,589268
2023-09-06 02:00:00,00000000790,20230906020000,0.056,0.012,0.014,0.0,0.0,0.0,1.0,4,0.0,0.0,21.43,25.0,589268
2023-09-06 03:00:00,00000000790,20230906030000,0.068,0.02,0.011,0.0,0.0,0.0,1.0,4,0.0,0.0,29.41,16.18,589268
2023-09-06 04:00:00,00000000790,20230906040000,0.068,0.021,0.011,0.0,0.0,0.0,1.0,4,0.0,0.0,30.88,16.18,589268
2023-09-06 05:00:00,00000000790,20230906050000,0.028,0.004,0.019,0.0,0.0,0.0,1.0,4,0.0,0.0,14.29,67.86,589268
2023-09-06 06:00:00,00000000790,20230906060000,0.061,0.016,0.013,0.0,0.0,0.0,1.0,4,0.0,0.0,26.23,21.31,589268
2023-09-06 07:00:00,00000000790,20230906070000,0.077,0.028,0.008,0.0,0.0,0.0,1.0,4,0.0,0.0,36.36,10.39,589268
2023-09-06 08:00:00,00000000790,20230906080000,0.018,0.006,0.018,0.0,0.0,0.0,1.0,4,0.0,0.0,33.33,100.0,589268
2023-09-06 09:00:00,00000000790,20230906090000,0.308,0.014,0.013,0.0,0.0,0.0,1.0,4,0.0,0.0,4.55,4.22,589268
2023-09-06 10:00:00,00000000790,20230906100000,0.436,0.024,0.008,0.0,0.0,0.0,1.0,4,0.0,0.0,5.5,1.83,589268
2023-09-06 11:00:00,00000000790,20230906110000,0.308,0.031,0.003,0.0,0.0,0.0,1.0,4,0.0,0.0,10.06,0.97,589268
2023-09-06 12:00:00,00000000790,20230906120000,0.217,0.002,0.019,0.0,0.0,0.0,1.0,4,0.0,0.0,0.92,8.76,589268
2023-09-06 13:00:00,00000000790,20230906130000,1.001,0.091,0.007,0.0,0.0,0.0,1.0,4,0.0,0.0,9.09,0.7,589268
2023-09-06 14:00:00,00000000790,20230906140000,0.076,0.011,0.014,0.0,0.0,0.0,1.0,4,0.0,0.0,14.47,18.42,589268
2023-09-06 15:00:00,00000000790,20230906150000,0.223,0.009,0.016,0.0,0.0,0.0,1.0,4,0.0,0.0,4.04,7.17,589268
2023-09-06 16:00:00,00000000790,20230906160000,0.062,0.014,0.006,0.0,0.0,0.0,1.0,4,0.0,0.0,22.58,9.68,589268
2023-09-06 17:00:00,00000000790,20230906170000,0.336,0.094,0.003,0.0,0.0,0.0,1.0,4,0.0,0.0,27.98,0.89,589268
2023-09-06 18:00:00,00000000790,20230906180000,0.529,0.06,0.011,0.0,0.0,0.0,1.0,4,0.0,0.0,11.34,2.08,589268
2023-09-06 19:00:00,00000000790,20230906190000,0.13,0.028,0.005,0.0,0.0,0.0,1.0,4,0.0,0.0,21.54,3.85,589268
2023-09-06 20:00:00,00000000790,20230906200000,0.042,0.016,0.006,0.0,0.0,0.0,1.0,4,0.0,0.0,38.1,14.29,589268
2023-09-06 21:00:00,00000000790,20230906210000,0.062,0.026,0.004,0.0,0.0,0.0,1.0,4,0.0,0.0,41.94,6.45,589268
2023-09-06 22:00:00,00000000790,20230906220000,0.057,0.024,0.005,0.0,0.0,0.0,1.0,4,0.0,0.0,42.11,8.77,589268
2023-09-06 23:00:00,00000000790,20230906230000,0.062,0.012,0.007,0.0,0.0,0.0,1.0,4,0.0,0.0,19.35,11.29,589268
2023-09-07 00:00:00,00000000790,20230907000000,0.367,0.097,0.01,0.0,0.0,0.0,1.0,4,0.0,0.0,26.43,2.72,589268
2023-09-07 01:00:00,00000000790,20230907010000,0.568,0.02,0.012,0.0,0.0,0.0,1.0,4,0.0,0.0,3.52,2.11,589268
2023-09-07 02:00:00,00000000790,20230907020000,0.058,0.016,0.013,0.0,0.0,0.0,1.0,4,0.0,0.0,27.59,22.41,589268
2023-09-07 03:00:00,00000000790,20230907030000,0.072,0.023,0.009,0.0,0.0,0.0,1.0,4,0.0,0.0,31.94,12.5,589268
2023-09-07 04:00:00,00000000790,20230907040000,0.07,0.022,0.011,0.0,0.0,0.0,1.0,4,0.0,0.0,31.43,15.71,589268
2023-09-07 05:00:00,00000000790,20230907050000,0.036,0.008,0.016,0.0,0.0,0.0,1.0,4,0.0,0.0,22.22,44.44,589268
2023-09-07 06:00:00,00000000790,20230907060000,0.054,0.014,0.015,0.0,0.0,0.0,1.0,4,0.0,0.0,25.93,27.78,589268
2023-09-07 07:00:00,00000000790,20230907070000,0.083,0.029,0.007,0.0,0.0,0.0,1.0,4,0.0,0.0,34.94,8.43,589268
2023-09-07 08:00:00,00000000790,20230907080000,0.016,0.005,0.018,0.0,0.0,0.0,1.0,4,0.0,0.0,31.25,112.5,589268
2023-09-07 09:00:00,00000000790,20230907090000,0.042,0.016,0.013,0.0,0.0,0.0,1.0,4,0.0,0.0,38.1,30.95,589268
2023-09-07 10:00:00,00000000790,20230907100000,0.057,0.02,0.01,0.0,0.0,0.0,1.0,4,0.0,0.0,35.09,17.54,589268
2023-09-07 11:00:00,00000000790,20230907110000,0.548,0.007,0.015,0.0,0.0,0.0,1.0,4,0.0,0.0,1.28,2.74,589268
2023-09-07 12:00:00,00000000790,20230907120000,0.245,0.012,0.015,0.0,0.0,0.0,1.0,4,0.0,0.0,4.9,6.12,589268
2023-09-07 13:00:00,00000000790,20230907130000,0.753,0.035,0.003,0.0,0.0,0.0,1.0,4,0.0,0.0,4.65,0.4,589268
2023-09-07 14:00:00,00000000790,20230907140000,0.034,0.014,0.006,0.0,0.0,0.0,1.0,4,0.0,0.0,41.18,17.65,589268
2023-09-07 15:00:00,00000000790,20230907150000,0.025,0.011,0.008,0.0,0.0,0.0,1.0,4,0.0,0.0,44.0,32.0,589268
2023-09-07 16:00:00,00000000790,20230907160000,0.047,0.02,0.005,0.0,0.0,0.0,1.0,4,0.0,0.0,42.55,10.64,589268
2023-09-07 17:00:00,00000000790,20230907170000,0.051,0.021,0.005,0.0,0.0,0.0,1.0,4,0.0,0.0,41.18,9.8,589268
2023-09-07 18:00:00,00000000790,20230907180000,0.037,0.011,0.007,0.0,0.0,0.0,1.0,4,0.0,0.0,29.73,18.92,589268
2023-09-07 19:00:00,00000000790,20230907190000,0.044,0.019,0.006,0.0,0.0,0.0,1.0,4,0.0,0.0,43.18,13.64,589268
2023-09-07 20:00:00,00000000790,20230907200000,0.212,0.019,0.005,0.0,0.0,0.0,1.0,4,0.0,0.0,8.96,2.36,589268
2023-09-07 21:00:00,00000000790,20230907210000,0.213,0.022,0.005,0.0,0.0,0.0,1.0,4,0.0,0.0,10.33,2.35,589268
2023-09-07 22:00:00,00000000790,20230907220000,0.058,0.024,0.005,0.0,0.0,0.0,1.0,4,0.0,0.0,41.38,8.62,589268
2023-09-07 23:00:00,00000000790,20230907230000,0.756,0.025,0.005,0.0,0.0,0.0,1.0,4,0.0,0.0,3.31,0.66,589268
2023-09-08 00:00:00,00000000790,20230908000000,0.938,0.023,0.024,0.0,0.0,0.0,1.0,4,0.0,0.0,2.45,2.56,589268
2023-09-08 01:00:00,00000000790,20230908010000,0.848,0.108,0.003,0.0,0.0,0.0,1.0,4,0.0,0.0,12.74,0.35,589268
2023-09-08 02:00:00,00000000790,20230908020000,0.487,0.161,0.002,0.0,0.0,0.0,1.0,4,0.0,0.0,33.06,0.41,589268
2023-09-08 03:00:00,00000000790,20230908030000,0.077,0.025,0.009,0.0,0.0,0.0,1.0,4,0.0,0.0,32.47,11.69,589268
2023-09-08 04:00:00,00000000790,20230908040000,0.063,0.02,0.012,0.0,0.0,0.0,1.0,4,0.0,0.0,31.75,19.05,589268
2023-09-08 05:00:00,00000000790,20230908050000,0.054,0.016,0.013,0.0,0.0,0.0,1.0,4,0.0,0.0,29.63,24.07,589268
2023-09-08 06:00:00,00000000790,20230908060000,0.031,0.002,0.02,0.0,0.0,0.0,1.0,4,0.0,0.0,6.45,64.52,589268
2023-09-08 07:00:00,00000000790,20230908070000,0.087,0.031,0.007,0.0,0.0,0.0,1.0,4,0.0,0.0,35.63,8.05,589268
2023-09-08 08:00:00,00000000790,20230908080000,0.424,0.017,0.011,0.0,0.0,0.0,1.0,4,0.0,0.0,4.01,2.59,589268
2023-09-08 09:00:00,00000000790,20230908090000,0.231,0.018,0.011,0.0,0.0,0.0,1.0,4,0.0,0.0,7.79,4.76,589268
2023-09-08 10:00:00,00000000790,20230908100000,0.776,0.015,0.011,0.0,0.0,0.0,1.0,4,0.0,0.0,1.93,1.42,589268
2023-09-30 23:00:00,00000000790,20230930230000,0.0,0.0,0.0,0.0,0.0,0.0,1.0,4,0.0,0.0,,,589268
2023-10-01 00:00:00,00000000790,20231001000000,0.0,0.0,0.0,0.0,0.0,0.0,1.0,4,0.0,0.0,,,589268
2023-10-01 01:00:00,00000000790,20231001010000,0.0,0.0,0.0,0.0,0.0,0.0,1.0,4,0.0,0.0,,,589268
2023-10-01 02:00:00,00000000790,20231001020000,0.0,0.0,0.0,0.0,0.0,0.0,1.0,4,0.0,0.0,,,589268
2023-10-01 03:00:00,00000000790,20231001030000,0.0,0.0,0.0,0.0,0.0,0.0,1.0,4,0.0,0.0,,,589268
2023-10-01 04:00:00,00000000790,20231001040000,0.0,0.0,0.0,0.0,0.0,0.0,1.0,4,0.0,0.0,,,589268
2023-10-01 05:00:00,00000000790,20231001050000,0.0,0.0,0.0,0.0,0.0,0.0,1.0,4,0.0,0.0,,,589268
2023-10-01 06:00:00,00000000790,20231001060000,0.0,0.0,0.0,0.0,0.0,0.0,1.0,4,0.0,0.0,,,589268
2023-10-01 07:00:00,00000000790,20231001070000,0.0,0.0,0.0,0.0,0.0,0.0,1.0,4,0.0,0.0,,,589268
2023-10-01 08:00:00,00000000790,20231001080000,0.0,0.0,0.0,0.0,0.0,0.0,1.0,4,0.0,0.0,,,589268
2023-10-01 09:00:00,00000000790,20231001090000,0.0,0.0,0.0,0.0,0.0,0.0,1.0,4,0.0,0.0,,,589268
2023-10-01 10:00:00,00000000790,20231001100000,0.0,0.0,0.0,0.0,0.0,0.0,1.0,4,0.0,0.0,,,589268
2023-10-01 11:00:00,00000000790,20231001110000,0.0,0.0,0.0,0.0,0.0,0.0,1.0,4,0.0,0.0,,,589268
2023-10-01 12:00:00,00000000790,20231001120000,0.0,0.0,0.0,0.0,0.0,0.0,1.0,4,0.0,0.0,,,589268
2023-10-01 13:00:00,00000000790,20231001130000,0.0,0.0,0.0,0.0,0.0,0.0,1.0,4,0.0,0.0,,,589268
2023-10-01 14:00:00,00000000790,20231001140000,0.0,0.0,0.0,0.0,0.0,0.0,1.0,4,0.0,0.0,,,589268
2023-10-01 15:00:00,00000000790,20231001150000,0.0,0.0,0.0,0.0,0.0,0.0,1.0,4,0.0,0.0,,,589268
2023-10-01 16:00:00,00000000790,20231001160000,0.0,0.0,0.0,0.0,0.0,0.0,1.0,4,0.0,0.0,,,589268
2023-10-01 17:00:00,00000000790,20231001170000,0.0,0.0,0.0,0.0,0.0,0.0,1.0,4,0.0,0.0,,,589268
2023-10-01 18:00:00,00000000790,20231001180000,0.0,0.0,0.0,0.0,0.0,0.0,1.0,4,0.0,0.0,,,589268
2023-10-01 19:00:00,00000000790,20231001190000,0.0,0.0,0.0,0.0,0.0,0.0,1.0,4,0.0,0.0,,,589268
2023-10-01 20:00:00,00000000790,20231001200000,0.0,0.0,0.0,0.0,0.0,0.0,1.0,4,0.0,0.0,,,589268
2023-10-01 21:00:00,00000000790,20231001210000,0.0,0.0,0.0,0.0,0.0,0.0,1.0,4,0.0,0.0,,,589268
2023-10-01 22:00:00,00000000790,20231001220000,0.0,0.0,0.0,0.0,0.0,0.0,1.0,4,0.0,0.0,,,589268
2023-10-01 23:00:00,00000000790,20231001230000,0.0,0.0,0.0,0.0,0.0,0.0,1.0,4,0.0,0.0,,,589268
2023-10-02 00:00:00,00000000790,20231002000000,0.0,0.0,0.0,0.0,0.0,0.0,1.0,4,0.0,0.0,,,589268
2023-10-02 01:00:00,00000000790,20231002010000,0.0,0.0,0.0,0.0,0.0,0.0,1.0,4,0.0,0.0,,,589268
2023-10-02 02:00:00,00000000790,20231002020000,0.0,0.0,0.0,0.0,0.0,0.0,1.0,4,0.0,0.0,,,589268
2023-10-02 03:00:00,00000000790,20231002030000,0.0,0.0,0.0,0.0,0.0,0.0,1.0,4,0.0,0.0,,,589268
2023-10-02 04:00:00,00000000790,20231002040000,0.0,0.0,0.0,0.0,0.0,0.0,1.0,4,0.0,0.0,,,589268
2023-10-02 05:00:00,00000000790,20231002050000,0.0,0.0,0.0,0.0,0.0,0.0,1.0,4,0.0,0.0,,,589268
2023-10-02 06:00:00,00000000790,20231002060000,0.0,0.0,0.0,0.0,0.0,0.0,1.0,4,0.0,0.0,,,589268
2023-10-02 07:00:00,00000000790,20231002070000,0.0,0.0,0.0,0.0,0.0,0.0,1.0,4,0.0,0.0,,,589268
2023-10-02 08:00:00,00000000790,20231002080000,0.0,0.0,0.0,0.0,0.0,0.0,1.0,4,0.0,0.0,,,589268
2023-10-02 09:00:00,00000000790,20231002090000,0.0,0.0,0.0,0.0,0.0,0.0,1.0,4,0.0,0.0,,,589268
2023-10-02 10:00:00,00000000790,20231002100000,0.0,0.0,0.0,0.0,0.0,0.0,1.0,4,0.0,0.0,,,589268
2023-10-02 11:00:00,00000000790,20231002110000,0.0,0.0,0.0,0.0,0.0,0.0,1.0,4,0.0,0.0,,,589268
2023-10-02 12:00:00,00000000790,20231002120000,0.0,0.0,0.0,0.0,0.0,0.0,1.0,4,0.0,0.0,,,589268
2023-10-02 13:00:00,00000000790,20231002130000,0.0,0.0,0.0,0.0,0.0,0.0,1.0,4,0.0,0.0,,,589268
2023-10-02 14:00:00,00000000790,20231002140000,0.0,0.0,0.0,0.0,0.0,0.0,1.0,4,0.0,0.0,,,589268
2023-10-02 15:00:00,00000000790,20231002150000,0.0,0.0,0.0,0.0,0.0,0.0,1.0,4,0.0,0.0,,,589268
2023-10-02 16:00:00,00000000790,20231002160000,0.0,0.0,0.0,0.0,0.0,0.0,1.0,4,0.0,0.0,,,589268
2023-10-02 17:00:00,00000000790,20231002170000,0.0,0.0,0.0,0.0,0.0,0.0,1.0,4,0.0,0.0,,,589268
2023-10-02 18:00:00,00000000790,20231002180000,0.0,0.0,0.0,0.0,0.0,0.0,1.0,4,0.0,0.0,,,589268
2023-10-02 19:00:00,00000000790,20231002190000,0.0,0.0,0.0,0.0,0.0,0.0,1.0,4,0.0,0.0,,,589268
2023-10-02 20:00:00,00000000790,20231002200000,0.014,0.005,0.001,0.0,0.0,0.0,1.0,4,0.0,0.0,35.71,7.14,589268
2023-10-02 21:00:00,00000000790,20231002210000,1.395,0.175,0.0,0.0,0.0,0.0,1.0,4,0.0,0.0,12.54,0.0,589268
2023-10-02 22:00:00,00000000790,20231002220000,0.653,0.05,0.0,0.0,0.0,0.0,1.0,4,0.0,0.0,7.66,0.0,589268
2023-10-02 23:00:00,00000000790,20231002230000,0.173,0.052,0.0,0.0,0.0,0.0,1.0,4,0.0,0.0,30.06,0.0,589268
2023-10-03 00:00:00,00000000790,20231003000000,0.171,0.053,0.0,0.0,0.0,0.0,1.0,4,0.0,0.0,30.99,0.0,589268
2023-10-03 01:00:00,00000000790,20231003010000,0.169,0.054,0.0,0.0,0.0,0.0,1.0,4,0.0,0.0,31.95,0.0,589268
2023-10-03 02:00:00,00000000790,20231003020000,0.17,0.054,0.0,0.0,0.0,0.0,1.0,4,0.0,0.0,31.76,0.0,589268
2023-10-03 03:00:00,00000000790,20231003030000,0.121,0.032,0.007,0.0,0.0,0.0,1.0,4,0.0,0.0,26.45,5.79,589268
2023-10-03 04:00:00,00000000790,20231003040000,0.124,0.032,0.007,0.0,0.0,0.0,1.0,4,0.0,0.0,25.81,5.65,589268
2023-10-03 05:00:00,00000000790,20231003050000,0.25,0.056,0.0,0.0,0.0,0.0,1.0,4,0.0,0.0,22.4,0.0,589268
2023-10-03 06:00:00,00000000790,20231003060000,0.365,0.055,0.0,0.0,0.0,0.0,1.0,4,0.0,0.0,15.07,0.0,589268
2023-10-03 07:00:00,00000000790,20231003070000,0.164,0.058,0.0,0.0,0.0,0.0,1.0,4,0.0,0.0,35.37,0.0,589268
2023-10-03 08:00:00,00000000790,20231003080000,0.734,0.056,0.0,0.0,0.0,0.0,1.0,4,0.0,0.0,7.63,0.0,589268
2023-10-03 09:00:00,00000000790,20231003090000,0.285,0.058,0.0,0.0,0.0,0.0,1.0,4,0.0,0.0,20.35,0.0,589268
2023-10-03 10:00:00,00000000790,20231003100000,0.093,0.06,0.0,0.0,0.0,0.0,1.0,4,0.0,0.0,64.52,0.0,589268
2023-10-03 11:00:00,00000000790,20231003110000,0.0,0.0,0.004,0.0,0.0,0.0,1.0,4,0.0,0.0,,,589268
2023-10-03 12:00:00,00000000790,20231003120000,0.083,0.031,0.003,0.0,0.0,0.0,1.0,4,0.0,0.0,37.35,3.61,589268
2023-10-03 13:00:00,00000000790,20231003130000,0.087,0.054,0.0,0.0,0.0,0.0,1.0,4,0.0,0.0,62.07,0.0,589268
2023-10-03 14:00:00,00000000790,20231003140000,0.047,0.027,0.003,0.0,0.0,0.0,1.0,4,0.0,0.0,57.45,6.38,589268
2023-10-03 15:00:00,00000000790,20231003150000,0.058,0.034,0.002,0.0,0.0,0.0,1.0,4,0.0,0.0,58.62,3.45,589268
2023-10-03 16:00:00,00000000790,20231003160000,0.317,0.029,0.002,0.0,0.0,0.0,1.0,4,0.0,0.0,9.15,0.63,589268
2023-10-03 17:00:00,00000000790,20231003170000,0.036,0.02,0.002,0.0,0.0,0.0,1.0,4,0.0,0.0,55.56,5.56,589268
2023-10-03 18:00:00,00000000790,20231003180000,0.036,0.02,0.003,0.0,0.0,0.0,1.0,4,0.0,0.0,55.56,8.33,589268
2023-10-03 19:00:00,00000000790,20231003190000,0.194,0.024,0.01,0.0,0.0,0.0,1.0,4,0.0,0.0,12.37,5.15,589268
2023-10-03 20:00:00,00000000790,20231003200000,0.354,0.001,0.019,0.0,0.0,0.0,1.0,4,0.0,0.0,0.28,5.37,589268
2023-10-03 21:00:00,00000000790,20231003210000,0.305,0.032,0.004,0.0,0.0,0.0,1.0,4,0.0,0.0,10.49,1.31,589268
2023-10-03 22:00:00,00000000790,20231003220000,0.245,0.02,0.01,0.0,0.0,0.0,1.0,4,0.0,0.0,8.16,4.08,589268
2023-10-03 23:00:00,00000000790,20231003230000,0.363,0.018,0.011,0.0,0.0,0.0,1.0,4,0.0,0.0,4.96,3.03,589268
2023-10-04 00:00:00,00000000790,20231004000000,0.122,0.021,0.011,0.0,0.0,0.0,1.0,4,0.0,0.0,17.21,9.02,589268
2023-10-04 01:00:00,00000000790,20231004010000,0.102,0.019,0.009,0.0,0.0,0.0,1.0,4,0.0,0.0,18.63,8.82,589268
2023-10-04 02:00:00,00000000790,20231004020000,0.079,0.006,0.014,0.0,0.0,0.0,1.0,4,0.0,0.0,7.59,17.72,589268
2023-10-04 03:00:00,00000000790,20231004030000,0.096,0.02,0.01,0.0,0.0,0.0,1.0,4,0.0,0.0,20.83,10.42,589268
2023-10-04 04:00:00,00000000790,20231004040000,0.096,0.019,0.01,0.0,0.0,0.0,1.0,4,0.0,0.0,19.79,10.42,589268
2023-10-04 05:00:00,00000000790,20231004050000,0.097,0.019,0.011,0.0,0.0,0.0,1.0,4,0.0,0.0,19.59,11.34,589268
2023-10-04 06:00:00,00000000790,20231004060000,0.095,0.019,0.01,0.0,0.0,0.0,1.0,4,0.0,0.0,20.0,10.53,589268
2023-10-04 07:00:00,00000000790,20231004070000,0.064,0.003,0.014,0.0,0.0,0.0,1.0,4,0.0,0.0,4.69,21.88,589268
2023-10-04 08:00:00,00000000790,20231004080000,0.374,0.025,0.008,0.0,0.0,0.0,1.0,4,0.0,0.0,6.68,2.14,589268
2023-10-04 09:00:00,00000000790,20231004090000,0.293,0.009,0.013,0.0,0.0,0.0,1.0,4,0.0,0.0,3.07,4.44,589268
2023-10-04 10:00:00,00000000790,20231004100000,0.201,0.024,0.006,0.0,0.0,0.0,1.0,4,0.0,0.0,11.94,2.99,589268
2023-10-04 11:00:00,00000000790,20231004110000,0.05,0.027,0.003,0.0,0.0,0.0,1.0,4,0.0,0.0,54.0,6.0,589268
2023-10-04 12:00:00,00000000790,20231004120000,0.421,0.026,0.002,0.0,0.0,0.0,1.0,4,0.0,0.0,6.18,0.48,589268
2023-10-04 13:00:00,00000000790,20231004130000,0.111,0.033,0.003,0.0,0.0,0.0,1.0,4,0.0,0.0,29.73,2.7,589268
2023-10-04 14:00:00,00000000790,20231004140000,0.042,0.016,0.003,0.0,0.0,0.0,1.0,4,0.0,0.0,38.1,7.14,589268
2023-10-04 15:00:00,00000000790,20231004150000,0.06,0.032,0.001,0.0,0.0,0.0,1.0,4,0.0,0.0,53.33,1.67,589268
2023-10-04 16:00:00,00000000790,20231004160000,0.042,0.022,0.003,0.0,0.0,0.0,1.0,4,0.0,0.0,52.38,7.14,589268
2023-10-04 17:00:00,00000000790,20231004170000,0.041,0.022,0.003,0.0,0.0,0.0,1.0,4,0.0,0.0,53.66,7.32,589268
2023-10-04 18:00:00,00000000790,20231004180000,0.04,0.021,0.002,0.0,0.0,0.0,1.0,4,0.0,0.0,52.5,5.0,589268
2023-10-04 19:00:00,00000000790,20231004190000,0.017,0.008,0.004,0.0,0.0,0.0,1.0,4,0.0,0.0,47.06,23.53,589268
2023-10-04 20:00:00,00000000790,20231004200000,0.134,0.017,0.011,0.0,0.0,0.0,1.0,4,0.0,0.0,12.69,8.21,589268
2023-10-04 21:00:00,00000000790,20231004210000,0.107,0.019,0.01,0.0,0.0,0.0,1.0,4,0.0,0.0,17.76,9.35,589268
2023-10-04 22:00:00,00000000790,20231004220000,0.34,0.008,0.013,0.0,0.0,0.0,1.0,4,0.0,0.0,2.35,3.82,589268
2023-10-04 23:00:00,00000000790,20231004230000,0.087,0.013,0.011,0.0,0.0,0.0,1.0,4,0.0,0.0,14.94,12.64,589268
2023-10-05 00:00:00,00000000790,20231005000000,0.177,0.057,0.005,0.0,0.0,0.0,1.0,4,0.0,0.0,32.2,2.82,589268
2023-10-05 01:00:00,00000000790,20231005010000,0.202,0.066,0.006,0.0,0.0,0.0,1.0,4,0.0,0.0,32.67,2.97,589268
2023-10-05 02:00:00,00000000790,20231005020000,0.113,0.023,0.01,0.0,0.0,0.0,1.0,4,0.0,0.0,20.35,8.85,589268
2023-10-05 03:00:00,00000000790,20231005030000,0.067,0.015,0.012,0.0,0.0,0.0,1.0,4,0.0,0.0,22.39,17.91,589268
2023-10-05 04:00:00,00000000790,20231005040000,0.019,0.003,0.015,0.0,0.0,0.0,1.0,4,0.0,0.0,15.79,78.95,589268
2023-10-05 05:00:00,00000000790,20231005050000,0.05,0.017,0.01,0.0,0.0,0.0,1.0,4,0.0,0.0,34.0,20.0,589268
2023-10-05 06:00:00,00000000790,20231005060000,0.321,0.018,0.011,0.0,0.0,0.0,1.0,4,0.0,0.0,5.61,3.43,589268
2023-10-05 07:00:00,00000000790,20231005070000,0.544,0.009,0.014,0.0,0.0,0.0,1.0,4,0.0,0.0,1.65,2.57,589268
2023-10-05 08:00:00,00000000790,20231005080000,0.157,0.018,0.011,0.0,0.0,0.0,1.0,4,0.0,0.0,11.46,7.01,589268
2023-10-05 09:00:00,00000000790,20231005090000,0.052,0.018,0.009,0.0,0.0,0.0,1.0,4,0.0,0.0,34.62,17.31,589268
2023-10-05 10:00:00,00000000790,20231005100000,0.038,0.017,0.011,0.0,0.0,0.0,1.0,4,0.0,0.0,44.74,28.95,589268
2023-10-05 11:00:00,00000000790,20231005110000,0.037,0.017,0.01,0.0,0.0,0.0,1.0,4,0.0,0.0,45.95,27.03,589268
2023-10-05 12:00:00,00000000790,20231005120000,0.023,0.008,0.01,0.0,0.0,0.0,1.0,4,0.0,0.0,34.78,43.48,589268
2023-10-05 13:00:00,00000000790,20231005130000,0.362,0.007,0.011,0.0,0.0,0.0,1.0,4,0.0,0.0,1.93,3.04,589268
2023-10-05 14:00:00,00000000790,20231005140000,0.04,0.015,0.009,0.0,0.0,0.0,1.0,4,0.0,0.0,37.5,22.5,589268
2023-10-05 15:00:00,00000000790,20231005150000,0.091,0.02,0.008,0.0,0.0,0.0,1.0,4,0.0,0.0,21.98,8.79,589268
2023-10-05 16:00:00,00000000790,20231005160000,0.02,0.007,0.012,0.0,0.0,0.0,1.0,4,0.0,0.0,35.0,60.0,589268
2023-10-05 17:00:00,00000000790,20231005170000,0.029,0.011,0.01,0.0,0.0,0.0,1.0,4,0.0,0.0,37.93,34.48,589268
2023-10-05 18:00:00,00000000790,20231005180000,0.038,0.014,0.009,0.0,0.0,0.0,1.0,4,0.0,0.0,36.84,23.68,589268
2023-10-05 19:00:00,00000000790,20231005190000,0.045,0.013,0.011,0.0,0.0,0.0,1.0,4,0.0,0.0,28.89,24.44,589268
2023-10-05 20:00:00,00000000790,20231005200000,0.097,0.013,0.011,0.0,0.0,0.0,1.0,4,0.0,0.0,13.4,11.34,589268
2023-10-05 21:00:00,00000000790,20231005210000,0.098,0.013,0.011,0.0,0.0,0.0,1.0,4,0.0,0.0,13.27,11.22,589268
2023-10-05 22:00:00,00000000790,20231005220000,0.399,0.013,0.012,0.0,0.0,0.0,1.0,4,0.0,0.0,3.26,3.01,589268
2023-10-05 23:00:00,00000000790,20231005230000,0.099,0.013,0.011,0.0,0.0,0.0,1.0,4,0.0,0.0,13.13,11.11,589268
2023-10-06 00:00:00,00000000790,20231006000000,0.091,0.011,0.012,0.0,0.0,0.0,1.0,4,0.0,0.0,12.09,13.19,589268
2023-10-06 01:00:00,00000000790,20231006010000,0.978,0.08,0.007,0.0,0.0,0.0,1.0,4,0.0,0.0,8.18,0.72,589268
2023-10-06 02:00:00,00000000790,20231006020000,0.099,0.017,0.008,0.0,0.0,0.0,1.0,4,0.0,0.0,17.17,8.08,589268
2023-10-06 03:00:00,00000000790,20231006030000,0.082,0.015,0.01,0.0,0.0,0.0,1.0,4,0.0,0.0,18.29,12.2,589268
2023-10-06 04:00:00,00000000790,20231006040000,0.081,0.014,0.009,0.0,0.0,0.0,1.0,4,0.0,0.0,17.28,11.11,589268
2023-10-06 05:00:00,00000000790,20231006050000,0.025,0.001,0.014,0.0,0.0,0.0,1.0,4,0.0,0.0,4.0,56.0,589268
2023-10-06 06:00:00,00000000790,20231006060000,0.037,0.014,0.01,0.0,0.0,0.0,1.0,4,0.0,0.0,37.84,27.03,589268
2023-10-06 07:00:00,00000000790,20231006070000,0.409,0.018,0.008,0.0,0.0,0.0,1.0,4,0.0,0.0,4.4,1.96,589268
2023-10-06 08:00:00,00000000790,20231006080000,0.188,0.015,0.009,0.0,0.0,0.0,1.0,4,0.0,0.0,7.98,4.79,589268
2023-10-06 09:00:00,00000000790,20231006090000,0.016,0.005,0.012,0.0,0.0,0.0,1.0,4,0.0,0.0,31.25,75.0,589268
2023-10-06 10:00:00,00000000790,20231006100000,0.022,0.009,0.011,0.0,0.0,0.0,1.0,4,0.0,0.0,40.91,50.0,589268
2023-10-06 11:00:00,00000000790,20231006110000,0.039,0.014,0.01,0.0,0.0,0.0,1.0,4,0.0,0.0,35.9,25.64,589268
2023-10-06 12:00:00,00000000790,20231006120000,0.295,0.013,0.009,0.0,0.0,0.0,1.0,4,0.0,0.0,4.41,3.05,589268
2023-10-06 13:00:00,00000000790,20231006130000,0.015,0.006,0.012,0.0,0.0,0.0,1.0,4,0.0,0.0,40.0,80.0,589268
2023-10-06 14:00:00,00000000790,20231006140000,0.038,0.015,0.009,0.0,0.0,0.0,1.0,4,0.0,0.0,39.47,23.68,589268
2023-10-06 15:00:00,00000000790,20231006150000,0.039,0.014,0.009,0.0,0.0,0.0,1.0,4,0.0,0.0,35.9,23.08,589268
2023-10-06 16:00:00,00000000790,20231006160000,0.049,0.006,0.012,0.0,0.0,0.0,1.0,4,0.0,0.0,12.24,24.49,589268
2023-10-06 17:00:00,00000000790,20231006170000,0.04,0.015,0.009,0.0,0.0,0.0,1.0,4,0.0,0.0,37.5,22.5,589268
2023-10-06 18:00:00,00000000790,20231006180000,0.32,0.003,0.013,0.0,0.0,0.0,1.0,4,0.0,0.0,0.94,4.06,589268
2023-10-06 19:00:00,00000000790,20231006190000,0.056,0.02,0.006,0.0,0.0,0.0,1.0,4,0.0,0.0,35.71,10.71,589268
2023-10-06 20:00:00,00000000790,20231006200000,0.038,0.013,0.009,0.0,0.0,0.0,1.0,4,0.0,0.0,34.21,23.68,589268
2023-10-06 21:00:00,00000000790,20231006210000,0.22,0.013,0.008,0.0,0.0,0.0,1.0,4,0.0,0.0,5.91,3.64,589268
2023-10-06 22:00:00,00000000790,20231006220000,0.607,0.085,0.005,0.0,0.0,0.0,1.0,4,0.0,0.0,14.0,0.82,589268
2023-10-06 23:00:00,00000000790,20231006230000,0.069,0.003,0.014,0.0,0.0,0.0,1.0,4,0.0,0.0,4.35,20.29,589268
2023-10-07 00:00:00,00000000790,20231007000000,0.11,0.018,0.01,0.0,0.0,0.0,1.0,4,0.0,0.0,16.36,9.09,589268
2023-10-07 01:00:00,00000000790,20231007010000,0.096,0.014,0.011,0.0,0.0,0.0,1.0,4,0.0,0.0,14.58,11.46,589268
2023-10-07 02:00:00,00000000790,20231007020000,0.058,0.007,0.014,0.0,0.0,0.0,1.0,4,0.0,0.0,12.07,24.14,589268
2023-10-07 03:00:00,00000000790,20231007030000,0.296,0.007,0.012,0.0,0.0,0.0,1.0,4,0.0,0.0,2.36,4.05,589268
2023-10-07 04:00:00,00000000790,20231007040000,0.071,0.015,0.011,0.0,0.0,0.0,1.0,4,0.0,0.0,21.13,15.49,589268
2023-10-07 05:00:00,00000000790,20231007050000,0.101,0.016,0.009,0.0,0.0,0.0,1.0,4,0.0,0.0,15.84,8.91,589268
2023-10-07 06:00:00,00000000790,20231007060000,0.061,0.004,0.014,0.0,0.0,0.0,1.0,4,0.0,0.0,6.56,22.95,589268
2023-10-07 07:00:00,00000000790,20231007070000,0.087,0.013,0.01,0.0,0.0,0.0,1.0,4,0.0,0.0,14.94,11.49,589268
2023-10-07 08:00:00,00000000790,20231007080000,0.415,0.019,0.008,0.0,0.0,0.0,1.0,4,0.0,0.0,4.58,1.93,589268
2023-10-07 09:00:00,00000000790,20231007090000,0.54,0.042,0.0,0.0,0.0,0.0,1.0,4,0.0,0.0,7.78,0.0,589268
2023-10-07 10:00:00,00000000790,20231007100000,0.216,0.021,0.007,0.0,0.0,0.0,1.0,4,0.0,0.0,9.72,3.24,589268
2023-10-07 11:00:00,00000000790,20231007110000,0.161,0.02,0.008,0.0,0.0,0.0,1.0,4,0.0,0.0,12.42,4.97,589268
2023-10-07 12:00:00,00000000790,20231007120000,0.051,0.021,0.002,0.0,0.0,0.0,1.0,4,0.0,0.0,41.18,3.92,589268
2023-10-07 13:00:00,00000000790,20231007130000,0.049,0.02,0.002,0.0,0.0,0.0,1.0,4,0.0,0.0,40.82,4.08,589268
2023-10-07 14:00:00,00000000790,20231007140000,0.299,0.019,0.002,0.0,0.0,0.0,1.0,4,0.0,0.0,6.35,0.67,589268
2023-10-07 15:00:00,00000000790,20231007150000,0.046,0.018,0.003,0.0,0.0,0.0,1.0,4,0.0,0.0,39.13,6.52,589268
2023-10-07 16:00:00,00000000790,20231007160000,0.034,0.012,0.003,0.0,0.0,0.0,1.0,4,0.0,0.0,35.29,8.82,589268
2023-10-07 17:00:00,00000000790,20231007170000,0.071,0.006,0.009,0.0,0.0,0.0,1.0,4,0.0,0.0,8.45,12.68,589268
2023-10-07 18:00:00,00000000790,20231007180000,0.081,0.012,0.01,0.0,0.0,0.0,1.0,4,0.0,0.0,14.81,12.35,589268
2023-10-07 19:00:00,00000000790,20231007190000,0.037,0.012,0.009,0.0,0.0,0.0,1.0,4,0.0,0.0,32.43,24.32,589268
2023-10-07 20:00:00,00000000790,20231007200000,1.41,0.11,0.011,0.0,0.0,0.0,1.0,4,0.0,0.0,7.8,0.78,589268
2023-10-07 21:00:00,00000000790,20231007210000,0.163,0.158,0.004,0.0,0.0,0.0,1.0,4,0.0,0.0,96.93,2.45,589268
2023-10-07 22:00:00,00000000790,20231007220000,0.079,0.005,0.019,0.0,0.0,0.0,1.0,4,0.0,0.0,6.33,24.05,589268
2023-10-07 23:00:00,00000000790,20231007230000,0.092,0.007,0.016,0.0,0.0,0.0,1.0,4,0.0,0.0,7.61,17.39,589268
2023-10-08 00:00:00,00000000790,20231008000000,0.104,0.012,0.014,0.0,0.0,0.0,1.0,4,0.0,0.0,11.54,13.46,589268
2023-10-08 01:00:00,00000000790,20231008010000,0.088,0.011,0.014,0.0,0.0,0.0,1.0,4,0.0,0.0,12.5,15.91,589268
2023-10-08 02:00:00,00000000790,20231008020000,0.076,0.006,0.017,0.0,0.0,0.0,1.0,4,0.0,0.0,7.89,22.37,589268
2023-10-08 03:00:00,00000000790,20231008030000,0.068,0.005,0.019,0.0,0.0,0.0,1.0,4,0.0,0.0,7.35,27.94,589268
2023-10-08 04:00:00,00000000790,20231008040000,0.089,0.011,0.014,0.0,0.0,0.0,1.0,4,0.0,0.0,12.36,15.73,589268
2023-10-08 05:00:00,00000000790,20231008050000,0.1,0.013,0.014,0.0,0.0,0.0,1.0,4,0.0,0.0,13.0,14.0,589268
2023-10-08 06:00:00,00000000790,20231008060000,0.323,0.003,0.02,0.0,0.0,0.0,1.0,4,0.0,0.0,0.93,6.19,589268
2023-10-08 07:00:00,00000000790,20231008070000,0.082,0.009,0.017,0.0,0.0,0.0,1.0,4,0.0,0.0,10.98,20.73,589268
2023-10-08 08:00:00,00000000790,20231008080000,0.09,0.011,0.016,0.0,0.0,0.0,1.0,4,0.0,0.0,12.22,17.78,589268
2023-10-08 09:00:00,00000000790,20231008090000,0.089,0.01,0.016,0.0,0.0,0.0,1.0,4,0.0,0.0,11.24,17.98,589268
2023-10-08 10:00:00,00000000790,20231008100000,0.649,0.024,0.005,0.0,0.0,0.0,1.0,4,0.0,0.0,3.7,0.77,589268
2023-10-08 11:00:00,00000000790,20231008110000,0.096,0.015,0.013,0.0,0.0,0.0,1.0,4,0.0,0.0,15.62,13.54,589268
2023-10-08 12:00:00,00000000790,20231008120000,0.136,0.022,0.008,0.0,0.0,0.0,1.0,4,0.0,0.0,16.18,5.88,589268
2023-10-08 13:00:00,00000000790,20231008130000,0.05,0.018,0.006,0.0,0.0,0.0,1.0,4,0.0,0.0,36.0,12.0,589268
2023-10-08 14:00:00,00000000790,20231008140000,0.31,0.019,0.006,0.0,0.0,0.0,1.0,4,0.0,0.0,6.13,1.94,589268
2023-10-08 15:00:00,00000000790,20231008150000,0.05,0.018,0.006,0.0,0.0,0.0,1.0,4,0.0,0.0,36.0,12.0,589268
2023-10-08 16:00:00,00000000790,20231008160000,0.05,0.018,0.005,0.0,0.0,0.0,1.0,4,0.0,0.0,36.0,10.0,589268
2023-10-08 17:00:00,00000000790,20231008170000,0.051,0.018,0.007,0.0,0.0,0.0,1.0,4,0.0,0.0,35.29,13.73,589268
2023-10-08 18:00:00,00000000790,20231008180000,0.056,0.0,0.022,0.0,0.0,0.0,1.0,4,0.0,0.0,0.0,39.29,589268
2023-10-08 19:00:00,00000000790,20231008190000,0.535,0.011,0.014,0.0,0.0,0.0,1.0,4,0.0,0.0,2.06,2.62,589268
2023-10-08 20:00:00,00000000790,20231008200000,0.246,0.009,0.017,0.0,0.0,0.0,1.0,4,0.0,0.0,3.66,6.91,589268
2023-10-08 21:00:00,00000000790,20231008210000,0.254,0.007,0.017,0.0,0.0,0.0,1.0,4,0.0,0.0,2.76,6.69,589268
2023-10-08 22:00:00,00000000790,20231008220000,0.422,0.012,0.015,0.0,0.0,0.0,1.0,4,0.0,0.0,2.84,3.55,589268
2023-10-08 23:00:00,00000000790,20231008230000,0.141,0.015,0.013,0.0,0.0,0.0,1.0,4,0.0,0.0,10.64,9.22,589268
2023-10-09 00:00:00,00000000790,20231009000000,0.083,0.003,0.02,0.0,0.0,0.0,1.0,4,0.0,0.0,3.61,24.1,589268
2023-10-09 01:00:00,00000000790,20231009010000,0.114,0.017,0.012,0.0,0.0,0.0,1.0,4,0.0,0.0,14.91,10.53,589268
2023-10-09 02:00:00,00000000790,20231009020000,0.089,0.011,0.014,0.0,0.0,0.0,1.0,4,0.0,0.0,12.36,15.73,589268
2023-10-09 03:00:00,00000000790,20231009030000,0.088,0.011,0.015,0.0,0.0,0.0,1.0,4,0.0,0.0,12.5,17.05,589268
2023-10-09 04:00:00,00000000790,20231009040000,0.07,0.012,0.015,0.0,0.0,0.0,1.0,4,0.0,0.0,17.14,21.43,589268
2023-10-09 05:00:00,00000000790,20231009050000,0.409,0.012,0.014,0.0,0.0,0.0,1.0,4,0.0,0.0,2.93,3.42,589268
2023-10-09 06:00:00,00000000790,20231009060000,0.274,0.019,0.013,0.0,0.0,0.0,1.0,4,0.0,0.0,6.93,4.74,589268
2023-10-09 07:00:00,00000000790,20231009070000,0.116,0.014,0.012,0.0,0.0,0.0,1.0,4,0.0,0.0,12.07,10.34,589268
2023-10-09 08:00:00,00000000790,20231009080000,0.138,0.013,0.013,0.0,0.0,0.0,1.0,4,0.0,0.0,9.42,9.42,589268
2023-10-09 09:00:00,00000000790,20231009090000,0.576,0.011,0.013,0.0,0.0,0.0,1.0,4,0.0,0.0,1.91,2.26,589268
2023-10-09 10:00:00,00000000790,20231009100000,0.033,0.014,0.006,0.0,0.0,0.0,1.0,4,0.0,0.0,42.42,18.18,589268
2023-10-09 11:00:00,00000000790,20231009110000,0.037,0.014,0.007,0.0,0.0,0.0,1.0,4,0.0,0.0,37.84,18.92,589268
2023-10-09 12:00:00,00000000790,20231009120000,0.05,0.02,0.006,0.0,0.0,0.0,1.0,4,0.0,0.0,40.0,12.0,589268
2023-10-09 13:00:00,00000000790,20231009130000,0.034,0.014,0.006,0.0,0.0,0.0,1.0,4,0.0,0.0,41.18,17.65,589268
2023-10-09 14:00:00,00000000790,20231009140000,0.031,0.013,0.007,0.0,0.0,0.0,1.0,4,0.0,0.0,41.94,22.58,589268
2023-10-09 15:00:00,00000000790,20231009150000,0.016,0.006,0.008,0.0,0.0,0.0,1.0,4,0.0,0.0,37.5,50.0,589268
2023-10-09 16:00:00,00000000790,20231009160000,0.274,0.008,0.008,0.0,0.0,0.0,1.0,4,0.0,0.0,2.92,2.92,589268
2023-10-09 17:00:00,00000000790,20231009170000,0.041,0.014,0.006,0.0,0.0,0.0,1.0,4,0.0,0.0,34.15,14.63,589268
2023-10-09 18:00:00,00000000790,20231009180000,0.047,0.018,0.006,0.0,0.0,0.0,1.0,4,0.0,0.0,38.3,12.77,589268
2023-10-09 19:00:00,00000000790,20231009190000,0.065,0.025,0.003,0.0,0.0,0.0,1.0,4,0.0,0.0,38.46,4.62,589268
2023-10-09 20:00:00,00000000790,20231009200000,0.115,0.021,0.007,0.0,0.0,0.0,1.0,4,0.0,0.0,18.26,6.09,589268
2023-10-09 21:00:00,00000000790,20231009210000,0.821,0.089,0.011,0.0,0.0,0.0,1.0,4,0.0,0.0,10.84,1.34,589268
2023-10-09 22:00:00,00000000790,20231009220000,0.603,0.069,0.006,0.0,0.0,0.0,1.0,4,0.0,0.0,11.44,1.0,589268
2023-10-09 23:00:00,00000000790,20231009230000,0.439,0.064,0.006,0.0,0.0,0.0,1.0,4,0.0,0.0,14.58,1.37,589268
2023-10-10 00:00:00,00000000790,20231010000000,0.433,0.015,0.014,0.0,0.0,0.0,1.0,4,0.0,0.0,3.46,3.23,589268
2023-10-10 01:00:00,00000000790,20231010010000,0.248,0.017,0.011,0.0,0.0,0.0,1.0,4,0.0,0.0,6.85,4.44,589268
2023-10-10 02:00:00,00000000790,20231010020000,0.093,0.013,0.013,0.0,0.0,0.0,1.0,4,0.0,0.0,13.98,13.98,589268
2023-10-10 03:00:00,00000000790,20231010030000,0.084,0.012,0.014,0.0,0.0,0.0,1.0,4,0.0,0.0,14.29,16.67,589268
2023-10-10 04:00:00,00000000790,20231010040000,0.083,0.011,0.014,0.0,0.0,0.0,1.0,4,0.0,0.0,13.25,16.87,589268
2023-10-10 05:00:00,00000000790,20231010050000,0.08,0.01,0.014,0.0,0.0,0.0,1.0,4,0.0,0.0,12.5,17.5,589268
2023-10-10 06:00:00,00000000790,20231010060000,0.107,0.012,0.014,0.0,0.0,0.0,1.0,4,0.0,0.0,11.21,13.08,589268
2023-10-10 07:00:00,00000000790,20231010070000,0.109,0.013,0.014,0.0,0.0,0.0,1.0,4,0.0,0.0,11.93,12.84,589268
2023-10-10 08:00:00,00000000790,20231010080000,0.041,0.0,0.019,0.0,0.0,0.0,1.0,4,0.0,0.0,0.0,46.34,589268
2023-10-10 09:00:00,00000000790,20231010090000,0.374,0.011,0.013,0.0,0.0,0.0,1.0,4,0.0,0.0,2.94,3.48,589268
2023-10-10 10:00:00,00000000790,20231010100000,0.267,0.0,0.01,0.0,0.0,0.0,1.0,4,0.0,0.0,0.0,3.75,589268
2023-10-10 11:00:00,00000000790,20231010110000,0.038,0.015,0.006,0.0,0.0,0.0,1.0,4,0.0,0.0,39.47,15.79,589268
2023-10-10 12:00:00,00000000790,20231010120000,0.0,0.0,0.009,0.0,0.0,0.0,1.0,4,0.0,0.0,,,589268
2023-10-10 13:00:00,00000000790,20231010130000,0.038,0.016,0.006,0.0,0.0,0.0,1.0,4,0.0,0.0,42.11,15.79,589268
2023-10-10 14:00:00,00000000790,20231010140000,0.018,0.007,0.008,0.0,0.0,0.0,1.0,4,0.0,0.0,38.89,44.44,589268
2023-10-10 15:00:00,00000000790,20231010150000,0.047,0.02,0.006,0.0,0.0,0.0,1.0,4,0.0,0.0,42.55,12.77,589268
2023-10-10 16:00:00,00000000790,20231010160000,0.06,0.023,0.005,0.0,0.0,0.0,1.0,4,0.0,0.0,38.33,8.33,589268
2023-10-10 17:00:00,00000000790,20231010170000,0.056,0.021,0.005,0.0,0.0,0.0,1.0,4,0.0,0.0,37.5,8.93,589268
2023-10-10 18:00:00,00000000790,20231010180000,0.052,0.019,0.005,0.0,0.0,0.0,1.0,4,0.0,0.0,36.54,9.62,589268
2023-10-10 19:00:00,00000000790,20231010190000,0.149,0.015,0.007,0.0,0.0,0.0,1.0,4,0.0,0.0,10.07,4.7,589268
2023-10-10 20:00:00,00000000790,20231010200000,0.962,0.118,0.004,0.0,0.0,0.0,1.0,4,0.0,0.0,12.27,0.42,589268
2023-10-10 21:00:00,00000000790,20231010210000,0.548,0.083,0.004,0.0,0.0,0.0,1.0,4,0.0,0.0,15.15,0.73,589268
2023-10-10 22:00:00,00000000790,20231010220000,0.54,0.089,0.006,0.0,0.0,0.0,1.0,4,0.0,0.0,16.48,1.11,589268
2023-10-10 23:00:00,00000000790,20231010230000,0.418,0.028,0.014,0.0,0.0,0.0,1.0,4,0.0,0.0,6.7,3.35,589268
2023-10-11 00:00:00,00000000790,20231011000000,0.095,0.001,0.021,0.0,0.0,0.0,1.0,4,0.0,0.0,1.05,22.11,589268
2023-10-11 01:00:00,00000000790,20231011010000,0.091,0.011,0.014,0.0,0.0,0.0,1.0,4,0.0,0.0,12.09,15.38,589268
2023-10-11 02:00:00,00000000790,20231011020000,0.065,0.003,0.018,0.0,0.0,0.0,1.0,4,0.0,0.0,4.62,27.69,589268
2023-10-11 03:00:00,00000000790,20231011030000,0.084,0.01,0.015,0.0,0.0,0.0,1.0,4,0.0,0.0,11.9,17.86,589268
2023-10-11 04:00:00,00000000790,20231011040000,0.091,0.012,0.014,0.0,0.0,0.0,1.0,4,0.0,0.0,13.19,15.38,589268
2023-10-11 05:00:00,00000000790,20231011050000,0.056,0.0,0.02,0.0,0.0,0.0,1.0,4,0.0,0.0,0.0,35.71,589268
2023-10-11 06:00:00,00000000790,20231011060000,0.099,0.014,0.013,0.0,0.0,0.0,1.0,4,0.0,0.0,14.14,13.13,589268
2023-10-11 07:00:00,00000000790,20231011070000,0.081,0.013,0.013,0.0,0.0,0.0,1.0,4,0.0,0.0,16.05,16.05,589268
2023-10-11 08:00:00,00000000790,20231011080000,0.046,0.001,0.02,0.0,0.0,0.0,1.0,4,0.0,0.0,2.17,43.48,589268
2023-10-11 09:00:00,00000000790,20231011090000,0.719,0.027,0.004,0.0,0.0,0.0,1.0,4,0.0,0.0,3.76,0.56,589268
2023-10-11 10:00:00,00000000790,20231011100000,0.452,0.019,0.008,0.0,0.0,0.0,1.0,4,0.0,0.0,4.2,1.77,589268
2023-10-11 11:00:00,00000000790,20231011110000,0.146,0.017,0.006,0.0,0.0,0.0,1.0,4,0.0,0.0,11.64,4.11,589268
2023-10-11 12:00:00,00000000790,20231011120000,0.05,0.019,0.006,0.0,0.0,0.0,1.0,4,0.0,0.0,38.0,12.0,589268
2023-10-11 13:00:00,00000000790,20231011130000,0.049,0.019,0.006,0.0,0.0,0.0,1.0,4,0.0,0.0,38.78,12.24,589268
2023-10-11 14:00:00,00000000790,20231011140000,0.05,0.018,0.006,0.0,0.0,0.0,1.0,4,0.0,0.0,36.0,12.0,589268
2023-10-11 15:00:00,00000000790,20231011150000,0.049,0.019,0.006,0.0,0.0,0.0,1.0,4,0.0,0.0,38.78,12.24,589268
2023-10-11 16:00:00,00000000790,20231011160000,0.301,0.018,0.006,0.0,0.0,0.0,1.0,4,0.0,0.0,5.98,1.99,589268
2023-10-11 17:00:00,00000000790,20231011170000,0.058,0.011,0.008,0.0,0.0,0.0,1.0,4,0.0,0.0,18.97,13.79,589268
2023-10-11 18:00:00,00000000790,20231011180000,0.052,0.003,0.018,0.0,0.0,0.0,1.0,4,0.0,0.0,5.77,34.62,589268
2023-10-11 19:00:00,00000000790,20231011190000,0.081,0.011,0.013,0.0,0.0,0.0,1.0,4,0.0,0.0,13.58,16.05,589268
2023-10-11 20:00:00,00000000790,20231011200000,0.756,0.1,0.005,0.0,0.0,0.0,1.0,4,0.0,0.0,13.23,0.66,589268
2023-10-11 21:00:00,00000000790,20231011210000,0.094,0.01,0.014,0.0,0.0,0.0,1.0,4,0.0,0.0,10.64,14.89,589268
2023-10-11 22:00:00,00000000790,20231011220000,0.109,0.01,0.013,0.0,0.0,0.0,1.0,4,0.0,0.0,9.17,11.93,589268
2023-10-11 23:00:00,00000000790,20231011230000,0.062,0.0,0.022,0.0,0.0,0.0,1.0,4,0.0,0.0,0.0,35.48,589268
2023-10-12 00:00:00,00000000790,20231012000000,0.096,0.013,0.013,0.0,0.0,0.0,1.0,4,0.0,0.0,13.54,13.54,589268
2023-10-12 01:00:00,00000000790,20231012010000,0.091,0.025,0.006,0.0,0.0,0.0,1.0,4,0.0,0.0,27.47,6.59,589268
2023-10-12 02:00:00,00000000790,20231012020000,0.072,0.018,0.01,0.0,0.0,0.0,1.0,4,0.0,0.0,25.0,13.89,589268
2023-10-12 03:00:00,00000000790,20231012030000,0.322,0.018,0.009,0.0,0.0,0.0,1.0,4,0.0,0.0,5.59,2.8,589268
2023-10-12 04:00:00,00000000790,20231012040000,0.057,0.011,0.014,0.0,0.0,0.0,1.0,4,0.0,0.0,19.3,24.56,589268
2023-10-12 05:00:00,00000000790,20231012050000,0.129,0.021,0.009,0.0,0.0,0.0,1.0,4,0.0,0.0,16.28,6.98,589268
2023-10-12 06:00:00,00000000790,20231012060000,0.065,0.015,0.012,0.0,0.0,0.0,1.0,4,0.0,0.0,23.08,18.46,589268
2023-10-12 07:00:00,00000000790,20231012070000,0.072,0.009,0.014,0.0,0.0,0.0,1.0,4,0.0,0.0,12.5,19.44,589268
2023-10-12 08:00:00,00000000790,20231012080000,0.094,0.011,0.013,0.0,0.0,0.0,1.0,4,0.0,0.0,11.7,13.83,589268
2023-10-12 09:00:00,00000000790,20231012090000,0.503,0.016,0.011,0.0,0.0,0.0,1.0,4,0.0,0.0,3.18,2.19,589268
2023-10-12 10:00:00,00000000790,20231012100000,0.446,0.017,0.007,0.0,0.0,0.0,1.0,4,0.0,0.0,3.81,1.57,589268
2023-10-12 11:00:00,00000000790,20231012110000,0.057,0.022,0.005,0.0,0.0,0.0,1.0,4,0.0,0.0,38.6,8.77,589268
2023-10-12 12:00:00,00000000790,20231012120000,0.035,0.01,0.007,0.0,0.0,0.0,1.0,4,0.0,0.0,28.57,20.0,589268
2023-10-12 13:00:00,00000000790,20231012130000,0.035,0.011,0.007,0.0,0.0,0.0,1.0,4,0.0,0.0,31.43,20.0,589268
2023-10-12 14:00:00,00000000790,20231012140000,0.004,0.0,0.01,0.0,0.0,0.0,1.0,4,0.0,0.0,0.0,250.0,589268
2023-10-12 15:00:00,00000000790,20231012150000,0.046,0.017,0.006,0.0,0.0,0.0,1.0,4,0.0,0.0,36.96,13.04,589268
2023-10-12 16:00:00,00000000790,20231012160000,0.0,0.0,0.009,0.0,0.0,0.0,1.0,4,0.0,0.0,,,589268
2023-10-12 17:00:00,00000000790,20231012170000,0.194,0.02,0.006,0.0,0.0,0.0,1.0,4,0.0,0.0,10.31,3.09,589268
2023-10-12 18:00:00,00000000790,20231012180000,0.425,0.008,0.016,0.0,0.0,0.0,1.0,4,0.0,0.0,1.88,3.76,589268
2023-10-12 19:00:00,00000000790,20231012190000,0.228,0.006,0.017,0.0,0.0,0.0,1.0,4,0.0,0.0,2.63,7.46,589268
2023-10-12 20:00:00,00000000790,20231012200000,1.088,0.099,0.009,0.0,0.0,0.0,1.0,4,0.0,0.0,9.1,0.83,589268
2023-10-12 21:00:00,00000000790,20231012210000,0.727,0.092,0.003,0.0,0.0,0.0,1.0,4,0.0,0.0,12.65,0.41,589268
2023-10-12 22:00:00,00000000790,20231012220000,0.5,0.071,0.006,0.0,0.0,0.0,1.0,4,0.0,0.0,14.2,1.2,589268
2023-10-12 23:00:00,00000000790,20231012230000,0.314,0.042,0.007,0.0,0.0,0.0,1.0,4,0.0,0.0,13.38,2.23,589268
2023-10-13 00:00:00,00000000790,20231013000000,0.085,0.011,0.012,0.0,0.0,0.0,1.0,4,0.0,0.0,12.94,14.12,589268
2023-10-13 01:00:00,00000000790,20231013010000,0.067,0.016,0.011,0.0,0.0,0.0,1.0,4,0.0,0.0,23.88,16.42,589268
2023-10-13 02:00:00,00000000790,20231013020000,0.067,0.016,0.01,0.0,0.0,0.0,1.0,4,0.0,0.0,23.88,14.93,589268
2023-10-13 03:00:00,00000000790,20231013030000,0.081,0.017,0.01,0.0,0.0,0.0,1.0,4,0.0,0.0,20.99,12.35,589268
2023-10-13 04:00:00,00000000790,20231013040000,0.089,0.008,0.015,0.0,0.0,0.0,1.0,4,0.0,0.0,8.99,16.85,589268
2023-10-13 05:00:00,00000000790,20231013050000,0.085,0.008,0.015,0.0,0.0,0.0,1.0,4,0.0,0.0,9.41,17.65,589268
2023-10-13 06:00:00,00000000790,20231013060000,0.198,0.012,0.013,0.0,0.0,0.0,1.0,4,0.0,0.0,6.06,6.57,589268
2023-10-13 07:00:00,00000000790,20231013070000,0.232,0.0,0.019,0.0,0.0,0.0,1.0,4,0.0,0.0,0.0,8.19,589268
2023-10-13 08:00:00,00000000790,20231013080000,0.074,0.005,0.015,0.0,0.0,0.0,1.0,4,0.0,0.0,6.76,20.27,589268
2023-10-13 09:00:00,00000000790,20231013090000,0.087,0.011,0.013,0.0,0.0,0.0,1.0,4,0.0,0.0,12.64,14.94,589268
2023-10-13 10:00:00,00000000790,20231013100000,0.631,0.014,0.009,0.0,0.0,0.0,1.0,4,0.0,0.0,2.22,1.43,589268
2023-10-13 11:00:00,00000000790,20231013110000,0.01,0.001,0.019,0.0,0.0,0.0,1.0,4,0.0,0.0,10.0,190.0,589268
2023-10-13 12:00:00,00000000790,20231013120000,0.32,0.02,0.007,0.0,0.0,0.0,1.0,4,0.0,0.0,6.25,2.19,589268
2023-10-13 13:00:00,00000000790,20231013130000,0.0,0.0,0.009,0.0,0.0,0.0,1.0,4,0.0,0.0,,,589268
2023-10-13 14:00:00,00000000790,20231013140000,0.083,0.033,0.003,0.0,0.0,0.0,1.0,4,0.0,0.0,39.76,3.61,589268
2023-10-13 15:00:00,00000000790,20231013150000,0.172,0.037,0.003,0.0,0.0,0.0,1.0,4,0.0,0.0,21.51,1.74,589268
2023-10-13 16:00:00,00000000790,20231013160000,0.068,0.021,0.007,0.0,0.0,0.0,1.0,4,0.0,0.0,30.88,10.29,589268
2023-10-13 17:00:00,00000000790,20231013170000,0.043,0.011,0.013,0.0,0.0,0.0,1.0,4,0.0,0.0,25.58,30.23,589268
2023-10-13 18:00:00,00000000790,20231013180000,0.039,0.01,0.014,0.0,0.0,0.0,1.0,4,0.0,0.0,25.64,35.9,589268
2023-10-13 19:00:00,00000000790,20231013190000,0.051,0.017,0.005,0.0,0.0,0.0,1.0,4,0.0,0.0,33.33,9.8,589268
2023-10-13 20:00:00,00000000790,20231013200000,0.063,0.02,0.006,0.0,0.0,0.0,1.0,4,0.0,0.0,31.75,9.52,589268
2023-10-13 21:00:00,00000000790,20231013210000,0.884,0.096,0.003,0.0,0.0,0.0,1.0,4,0.0,0.0,10.86,0.34,589268
2023-10-13 22:00:00,00000000790,20231013220000,0.745,0.108,0.004,0.0,0.0,0.0,1.0,4,0.0,0.0,14.5,0.54,589268
2023-10-13 23:00:00,00000000790,20231013230000,0.442,0.064,0.005,0.0,0.0,0.0,1.0,4,0.0,0.0,14.48,1.13,589268
2023-10-14 00:00:00,00000000790,20231014000000,1.263,0.056,0.01,0.0,0.0,0.0,1.0,4,0.0,0.0,4.43,0.79,589268
2023-10-14 01:00:00,00000000790,20231014010000,0.703,0.041,0.009,0.0,0.0,0.0,1.0,4,0.0,0.0,5.83,1.28,589268
2023-10-14 02:00:00,00000000790,20231014020000,0.067,0.0,0.02,0.0,0.0,0.0,1.0,4,0.0,0.0,0.0,29.85,589268
2023-10-14 03:00:00,00000000790,20231014030000,0.102,0.014,0.011,0.0,0.0,0.0,1.0,4,0.0,0.0,13.73,10.78,589268
2023-10-14 04:00:00,00000000790,20231014040000,0.077,0.007,0.016,0.0,0.0,0.0,1.0,4,0.0,0.0,9.09,20.78,589268
2023-10-14 05:00:00,00000000790,20231014050000,0.053,0.008,0.015,0.0,0.0,0.0,1.0,4,0.0,0.0,15.09,28.3,589268
2023-10-14 06:00:00,00000000790,20231014060000,0.052,0.012,0.012,0.0,0.0,0.0,1.0,4,0.0,0.0,23.08,23.08,589268
2023-10-14 07:00:00,00000000790,20231014070000,0.076,0.022,0.008,0.0,0.0,0.0,1.0,4,0.0,0.0,28.95,10.53,589268
2023-10-14 08:00:00,00000000790,20231014080000,0.064,0.019,0.009,0.0,0.0,0.0,1.0,4,0.0,0.0,29.69,14.06,589268
2023-10-14 09:00:00,00000000790,20231014090000,0.056,0.015,0.01,0.0,0.0,0.0,1.0,4,0.0,0.0,26.79,17.86,589268
2023-10-14 10:00:00,00000000790,20231014100000,0.923,0.004,0.015,0.0,0.0,0.0,1.0,4,0.0,0.0,0.43,1.63,589268
2023-10-14 11:00:00,00000000790,20231014110000,0.316,0.027,0.001,0.0,0.0,0.0,1.0,4,0.0,0.0,8.54,0.32,589268
2023-10-14 12:00:00,00000000790,20231014120000,0.282,0.019,0.006,0.0,0.0,0.0,1.0,4,0.0,0.0,6.74,2.13,589268
2023-10-14 13:00:00,00000000790,20231014130000,0.033,0.009,0.007,0.0,0.0,0.0,1.0,4,0.0,0.0,27.27,21.21,589268
2023-10-14 14:00:00,00000000790,20231014140000,0.049,0.017,0.005,0.0,0.0,0.0,1.0,4,0.0,0.0,34.69,10.2,589268
2023-10-14 15:00:00,00000000790,20231014150000,0.06,0.022,0.005,0.0,0.0,0.0,1.0,4,0.0,0.0,36.67,8.33,589268
2023-10-14 16:00:00,00000000790,20231014160000,0.053,0.018,0.005,0.0,0.0,0.0,1.0,4,0.0,0.0,33.96,9.43,589268
2023-10-14 17:00:00,00000000790,20231014170000,0.027,0.007,0.007,0.0,0.0,0.0,1.0,4,0.0,0.0,25.93,25.93,589268
2023-10-14 18:00:00,00000000790,20231014180000,0.051,0.017,0.006,0.0,0.0,0.0,1.0,4,0.0,0.0,33.33,11.76,589268
2023-10-14 19:00:00,00000000790,20231014190000,0.005,0.0,0.008,0.0,0.0,0.0,1.0,4,0.0,0.0,0.0,160.0,589268
2023-10-14 20:00:00,00000000790,20231014200000,0.05,0.017,0.006,0.0,0.0,0.0,1.0,4,0.0,0.0,34.0,12.0,589268
2023-10-14 21:00:00,00000000790,20231014210000,0.0,0.0,0.009,0.0,0.0,0.0,1.0,4,0.0,0.0,,,589268
2023-10-14 22:00:00,00000000790,20231014220000,1.05,0.105,0.008,0.0,0.0,0.0,1.0,4,0.0,0.0,10.0,0.76,589268
2023-10-14 23:00:00,00000000790,20231014230000,0.453,0.059,0.009,0.0,0.0,0.0,1.0,4,0.0,0.0,13.02,1.99,589268
2023-10-15 00:00:00,00000000790,20231015000000,0.503,0.057,0.007,0.0,0.0,0.0,1.0,4,0.0,0.0,11.33,1.39,589268
2023-10-15 01:00:00,00000000790,20231015010000,1.045,0.062,0.007,0.0,0.0,0.0,1.0,4,0.0,0.0,5.93,0.67,589268
2023-10-15 02:00:00,00000000790,20231015020000,0.04,0.009,0.014,0.0,0.0,0.0,1.0,4,0.0,0.0,22.5,35.0,589268
2023-10-15 03:00:00,00000000790,20231015030000,0.094,0.027,0.005,0.0,0.0,0.0,1.0,4,0.0,0.0,28.72,5.32,589268
2023-10-15 04:00:00,00000000790,20231015040000,0.072,0.019,0.009,0.0,0.0,0.0,1.0,4,0.0,0.0,26.39,12.5,589268
2023-10-15 05:00:00,00000000790,20231015050000,0.069,0.017,0.01,0.0,0.0,0.0,1.0,4,0.0,0.0,24.64,14.49,589268
2023-10-15 06:00:00,00000000790,20231015060000,0.055,0.012,0.013,0.0,0.0,0.0,1.0,4,0.0,0.0,21.82,23.64,589268
2023-10-15 07:00:00,00000000790,20231015070000,0.048,0.009,0.014,0.0,0.0,0.0,1.0,4,0.0,0.0,18.75,29.17,589268
2023-10-15 08:00:00,00000000790,20231015080000,0.202,0.012,0.015,0.0,0.0,0.0,1.0,4,0.0,0.0,5.94,7.43,589268
2023-10-15 09:00:00,00000000790,20231015090000,0.505,0.013,0.012,0.0,0.0,0.0,1.0,4,0.0,0.0,2.57,2.38,589268
2023-10-15 10:00:00,00000000790,20231015100000,0.51,0.02,0.009,0.0,0.0,0.0,1.0,4,0.0,0.0,3.92,1.76,589268
2023-10-15 11:00:00,00000000790,20231015110000,0.016,0.0,0.009,0.0,0.0,0.0,1.0,4,0.0,0.0,0.0,56.25,589268
2023-10-15 12:00:00,00000000790,20231015120000,0.065,0.016,0.006,0.0,0.0,0.0,1.0,4,0.0,0.0,24.62,9.23,589268
2023-10-15 13:00:00,00000000790,20231015130000,0.0,0.0,0.01,0.0,0.0,0.0,1.0,4,0.0,0.0,,,589268
2023-10-15 14:00:00,00000000790,20231015140000,0.047,0.018,0.005,0.0,0.0,0.0,1.0,4,0.0,0.0,38.3,10.64,589268
2023-10-15 15:00:00,00000000790,20231015150000,0.0,0.0,0.009,0.0,0.0,0.0,1.0,4,0.0,0.0,,,589268
2023-10-15 16:00:00,00000000790,20231015160000,0.043,0.017,0.006,0.0,0.0,0.0,1.0,4,0.0,0.0,39.53,13.95,589268
2023-10-15 17:00:00,00000000790,20231015170000,0.0,0.0,0.009,0.0,0.0,0.0,1.0,4,0.0,0.0,,,589268
2023-10-15 18:00:00,00000000790,20231015180000,0.308,0.014,0.01,0.0,0.0,0.0,1.0,4,0.0,0.0,4.55,3.25,589268
2023-10-15 19:00:00,00000000790,20231015190000,0.454,0.002,0.021,0.0,0.0,0.0,1.0,4,0.0,0.0,0.44,4.63,589268
2023-10-15 20:00:00,00000000790,20231015200000,1.014,0.141,0.0,0.0,0.0,0.0,1.0,4,0.0,0.0,13.91,0.0,589268
2023-10-15 21:00:00,00000000790,20231015210000,0.464,0.067,0.006,0.0,0.0,0.0,1.0,4,0.0,0.0,14.44,1.29,589268
2023-10-15 22:00:00,00000000790,20231015220000,0.353,0.047,0.008,0.0,0.0,0.0,1.0,4,0.0,0.0,13.31,2.27,589268
2023-10-15 23:00:00,00000000790,20231015230000,0.101,0.008,0.018,0.0,0.0,0.0,1.0,4,0.0,0.0,7.92,17.82,589268
2023-10-16 00:00:00,00000000790,20231016000000,0.112,0.013,0.013,0.0,0.0,0.0,1.0,4,0.0,0.0,11.61,11.61,589268
2023-10-16 01:00:00,00000000790,20231016010000,0.121,0.017,0.011,0.0,0.0,0.0,1.0,4,0.0,0.0,14.05,9.09,589268
2023-10-16 02:00:00,00000000790,20231016020000,0.114,0.017,0.011,0.0,0.0,0.0,1.0,4,0.0,0.0,14.91,9.65,589268
2023-10-16 03:00:00,00000000790,20231016030000,0.086,0.007,0.018,0.0,0.0,0.0,1.0,4,0.0,0.0,8.14,20.93,589268
2023-10-16 04:00:00,00000000790,20231016040000,0.336,0.009,0.017,0.0,0.0,0.0,1.0,4,0.0,0.0,2.68,5.06,589268
2023-10-16 05:00:00,00000000790,20231016050000,0.059,0.0,0.022,0.0,0.0,0.0,1.0,4,0.0,0.0,0.0,37.29,589268
2023-10-16 06:00:00,00000000790,20231016060000,0.098,0.013,0.013,0.0,0.0,0.0,1.0,4,0.0,0.0,13.27,13.27,589268
2023-10-16 07:00:00,00000000790,20231016070000,0.054,0.0,0.02,0.0,0.0,0.0,1.0,4,0.0,0.0,0.0,37.04,589268
2023-10-16 08:00:00,00000000790,20231016080000,0.33,0.015,0.011,0.0,0.0,0.0,1.0,4,0.0,0.0,4.55,3.33,589268
2023-10-16 09:00:00,00000000790,20231016090000,0.425,0.001,0.018,0.0,0.0,0.0,1.0,4,0.0,0.0,0.24,4.24,589268
2023-10-16 10:00:00,00000000790,20231016100000,0.051,0.02,0.005,0.0,0.0,0.0,1.0,4,0.0,0.0,39.22,9.8,589268
2023-10-16 11:00:00,00000000790,20231016110000,0.261,0.0,0.009,0.0,0.0,0.0,1.0,4,0.0,0.0,0.0,3.45,589268
2023-10-16 12:00:00,00000000790,20231016120000,0.094,0.04,0.001,0.0,0.0,0.0,1.0,4,0.0,0.0,42.55,1.06,589268
2023-10-16 13:00:00,00000000790,20231016130000,0.046,0.016,0.006,0.0,0.0,0.0,1.0,4,0.0,0.0,34.78,13.04,589268
2023-10-16 14:00:00,00000000790,20231016140000,0.04,0.013,0.007,0.0,0.0,0.0,1.0,4,0.0,0.0,32.5,17.5,589268
2023-10-16 15:00:00,00000000790,20231016150000,0.06,0.023,0.004,0.0,0.0,0.0,1.0,4,0.0,0.0,38.33,6.67,589268
2023-10-16 16:00:00,00000000790,20231016160000,0.086,0.018,0.006,0.0,0.0,0.0,1.0,4,0.0,0.0,20.93,6.98,589268
2023-10-16 17:00:00,00000000790,20231016170000,1.24,0.146,0.0,0.0,0.0,0.0,1.0,4,0.0,0.0,11.77,0.0,589268
2023-10-16 18:00:00,00000000790,20231016180000,0.772,0.106,0.0,0.0,0.0,0.0,1.0,4,0.0,0.0,13.73,0.0,589268
2023-10-16 19:00:00,00000000790,20231016190000,0.778,0.042,0.007,0.0,0.0,0.0,1.0,4,0.0,0.0,5.4,0.9,589268
2023-10-16 20:00:00,00000000790,20231016200000,0.444,0.048,0.009,0.0,0.0,0.0,1.0,4,0.0,0.0,10.81,2.03,589268
2023-10-16 21:00:00,00000000790,20231016210000,0.473,0.069,0.005,0.0,0.0,0.0,1.0,4,0.0,0.0,14.59,1.06,589268
2023-10-16 22:00:00,00000000790,20231016220000,0.483,0.074,0.004,0.0,0.0,0.0,1.0,4,0.0,0.0,15.32,0.83,589268
2023-10-16 23:00:00,00000000790,20231016230000,0.656,0.104,0.006,0.0,0.0,0.0,1.0,4,0.0,0.0,15.85,0.91,589268
2023-10-17 00:00:00,00000000790,20231017000000,0.41,0.061,0.007,0.0,0.0,0.0,1.0,4,0.0,0.0,14.88,1.71,589268
2023-10-17 01:00:00,00000000790,20231017010000,0.234,0.03,0.013,0.0,0.0,0.0,1.0,4,0.0,0.0,12.82,5.56,589268
2023-10-17 02:00:00,00000000790,20231017020000,0.108,0.016,0.011,0.0,0.0,0.0,1.0,4,0.0,0.0,14.81,10.19,589268
2023-10-17 03:00:00,00000000790,20231017030000,0.055,0.0,0.019,0.0,0.0,0.0,1.0,4,0.0,0.0,0.0,34.55,589268
2023-10-17 04:00:00,00000000790,20231017040000,0.312,0.005,0.018,0.0,0.0,0.0,1.0,4,0.0,0.0,1.6,5.77,589268
2023-10-17 05:00:00,00000000790,20231017050000,0.089,0.013,0.012,0.0,0.0,0.0,1.0,4,0.0,0.0,14.61,13.48,589268
2023-10-17 06:00:00,00000000790,20231017060000,0.013,0.0,0.019,0.0,0.0,0.0,1.0,4,0.0,0.0,0.0,146.15,589268
2023-10-17 07:00:00,00000000790,20231017070000,0.071,0.017,0.01,0.0,0.0,0.0,1.0,4,0.0,0.0,23.94,14.08,589268
2023-10-17 08:00:00,00000000790,20231017080000,0.421,0.013,0.012,0.0,0.0,0.0,1.0,4,0.0,0.0,3.09,2.85,589268
2023-10-17 09:00:00,00000000790,20231017090000,0.335,0.025,0.005,0.0,0.0,0.0,1.0,4,0.0,0.0,7.46,1.49,589268
2023-10-17 10:00:00,00000000790,20231017100000,0.07,0.026,0.005,0.0,0.0,0.0,1.0,4,0.0,0.0,37.14,7.14,589268
2023-10-17 11:00:00,00000000790,20231017110000,0.031,0.008,0.008,0.0,0.0,0.0,1.0,4,0.0,0.0,25.81,25.81,589268
2023-10-17 12:00:00,00000000790,20231017120000,0.046,0.017,0.006,0.0,0.0,0.0,1.0,4,0.0,0.0,36.96,13.04,589268
2023-10-17 13:00:00,00000000790,20231017130000,0.064,0.026,0.004,0.0,0.0,0.0,1.0,4,0.0,0.0,40.62,6.25,589268
2023-10-17 14:00:00,00000000790,20231017140000,0.312,0.011,0.007,0.0,0.0,0.0,1.0,4,0.0,0.0,3.53,2.24,589268
2023-10-17 15:00:00,00000000790,20231017150000,0.039,0.014,0.006,0.0,0.0,0.0,1.0,4,0.0,0.0,35.9,15.38,589268
2023-10-17 16:00:00,00000000790,20231017160000,0.048,0.016,0.006,0.0,0.0,0.0,1.0,4,0.0,0.0,33.33,12.5,589268
2023-10-17 17:00:00,00000000790,20231017170000,0.049,0.003,0.009,0.0,0.0,0.0,1.0,4,0.0,0.0,6.12,18.37,589268
2023-10-17 18:00:00,00000000790,20231017180000,0.246,0.031,0.01,0.0,0.0,0.0,1.0,4,0.0,0.0,12.6,4.07,589268
2023-10-17 19:00:00,00000000790,20231017190000,0.641,0.068,0.005,0.0,0.0,0.0,1.0,4,0.0,0.0,10.61,0.78,589268
2023-10-17 20:00:00,00000000790,20231017200000,0.618,0.079,0.003,0.0,0.0,0.0,1.0,4,0.0,0.0,12.78,0.49,589268
2023-10-17 21:00:00,00000000790,20231017210000,0.682,0.047,0.008,0.0,0.0,0.0,1.0,4,0.0,0.0,6.89,1.17,589268
2023-10-17 22:00:00,00000000790,20231017220000,0.521,0.073,0.006,0.0,0.0,0.0,1.0,4,0.0,0.0,14.01,1.15,589268
2023-10-17 23:00:00,00000000790,20231017230000,0.484,0.061,0.008,0.0,0.0,0.0,1.0,4,0.0,0.0,12.6,1.65,589268
2023-10-18 00:00:00,00000000790,20231018000000,0.591,0.081,0.004,0.0,0.0,0.0,1.0,4,0.0,0.0,13.71,0.68,589268
2023-10-18 01:00:00,00000000790,20231018010000,0.062,0.007,0.016,0.0,0.0,0.0,1.0,4,0.0,0.0,11.29,25.81,589268
2023-10-18 02:00:00,00000000790,20231018020000,0.1,0.025,0.005,0.0,0.0,0.0,1.0,4,0.0,0.0,25.0,5.0,589268
2023-10-18 03:00:00,00000000790,20231018030000,0.075,0.019,0.009,0.0,0.0,0.0,1.0,4,0.0,0.0,25.33,12.0,589268
2023-10-18 04:00:00,00000000790,20231018040000,0.303,0.007,0.015,0.0,0.0,0.0,1.0,4,0.0,0.0,2.31,4.95,589268
2023-10-18 05:00:00,00000000790,20231018050000,0.064,0.015,0.011,0.0,0.0,0.0,1.0,4,0.0,0.0,23.44,17.19,589268
2023-10-18 06:00:00,00000000790,20231018060000,0.076,0.02,0.008,0.0,0.0,0.0,1.0,4,0.0,0.0,26.32,10.53,589268
2023-10-18 07:00:00,00000000790,20231018070000,0.045,0.007,0.015,0.0,0.0,0.0,1.0,4,0.0,0.0,15.56,33.33,589268
2023-10-18 08:00:00,00000000790,20231018080000,0.06,0.012,0.013,0.0,0.0,0.0,1.0,4,0.0,0.0,20.0,21.67,589268
2023-10-18 09:00:00,00000000790,20231018090000,0.593,0.079,0.005,0.0,0.0,0.0,1.0,4,0.0,0.0,13.32,0.84,589268
2023-10-18 10:00:00,00000000790,20231018100000,0.73,0.0,0.018,0.0,0.0,0.0,1.0,4,0.0,0.0,0.0,2.47,589268
2023-10-18 11:00:00,00000000790,20231018110000,0.305,0.018,0.006,0.0,0.0,0.0,1.0,4,0.0,0.0,5.9,1.97,589268
2023-10-18 12:00:00,00000000790,20231018120000,0.001,0.001,0.009,0.0,0.0,0.0,1.0,4,0.0,0.0,100.0,900.0,589268
2023-10-18 13:00:00,00000000790,20231018130000,0.006,0.0,0.009,0.0,0.0,0.0,1.0,4,0.0,0.0,0.0,150.0,589268
2023-10-18 14:00:00,00000000790,20231018140000,0.051,0.021,0.005,0.0,0.0,0.0,1.0,4,0.0,0.0,41.18,9.8,589268
2023-10-18 15:00:00,00000000790,20231018150000,0.0,0.0,0.009,0.0,0.0,0.0,1.0,4,0.0,0.0,,,589268
2023-10-18 16:00:00,00000000790,20231018160000,0.055,0.021,0.005,0.0,0.0,0.0,1.0,4,0.0,0.0,38.18,9.09,589268
2023-10-18 17:00:00,00000000790,20231018170000,0.0,0.0,0.009,0.0,0.0,0.0,1.0,4,0.0,0.0,,,589268
2023-10-18 18:00:00,00000000790,20231018180000,0.431,0.026,0.002,0.0,0.0,0.0,1.0,4,0.0,0.0,6.03,0.46,589268
2023-10-18 19:00:00,00000000790,20231018190000,0.242,0.009,0.013,0.0,0.0,0.0,1.0,4,0.0,0.0,3.72,5.37,589268
2023-10-18 20:00:00,00000000790,20231018200000,0.931,0.061,0.008,0.0,0.0,0.0,1.0,4,0.0,0.0,6.55,0.86,589268
2023-10-18 21:00:00,00000000790,20231018210000,0.883,0.102,0.003,0.0,0.0,0.0,1.0,4,0.0,0.0,11.55,0.34,589268
2023-10-18 22:00:00,00000000790,20231018220000,0.727,0.104,0.002,0.0,0.0,0.0,1.0,4,0.0,0.0,14.31,0.28,589268
2023-10-18 23:00:00,00000000790,20231018230000,0.459,0.055,0.01,0.0,0.0,0.0,1.0,4,0.0,0.0,11.98,2.18,589268
2023-10-19 00:00:00,00000000790,20231019000000,0.072,0.018,0.009,0.0,0.0,0.0,1.0,4,0.0,0.0,25.0,12.5,589268
2023-10-19 01:00:00,00000000790,20231019010000,0.073,0.018,0.009,0.0,0.0,0.0,1.0,4,0.0,0.0,24.66,12.33,589268
2023-10-19 02:00:00,00000000790,20231019020000,0.288,0.001,0.018,0.0,0.0,0.0,1.0,4,0.0,0.0,0.35,6.25,589268
2023-10-19 03:00:00,00000000790,20231019030000,0.076,0.021,0.008,0.0,0.0,0.0,1.0,4,0.0,0.0,27.63,10.53,589268
2023-10-19 04:00:00,00000000790,20231019040000,0.065,0.015,0.011,0.0,0.0,0.0,1.0,4,0.0,0.0,23.08,16.92,589268
2023-10-19 05:00:00,00000000790,20231019050000,0.073,0.003,0.017,0.0,0.0,0.0,1.0,4,0.0,0.0,4.11,23.29,589268
2023-10-19 06:00:00,00000000790,20231019060000,0.084,0.007,0.015,0.0,0.0,0.0,1.0,4,0.0,0.0,8.33,17.86,589268
2023-10-19 07:00:00,00000000790,20231019070000,0.057,0.0,0.018,0.0,0.0,0.0,1.0,4,0.0,0.0,0.0,31.58,589268
2023-10-19 08:00:00,00000000790,20231019080000,0.098,0.015,0.011,0.0,0.0,0.0,1.0,4,0.0,0.0,15.31,11.22,589268
2023-10-19 09:00:00,00000000790,20231019090000,0.035,0.0,0.018,0.0,0.0,0.0,1.0,4,0.0,0.0,0.0,51.43,589268
2023-10-19 10:00:00,00000000790,20231019100000,1.14,0.017,0.008,0.0,0.0,0.0,1.0,4,0.0,0.0,1.49,0.7,589268
2023-10-19 11:00:00,00000000790,20231019110000,0.015,0.001,0.012,0.0,0.0,0.0,1.0,4,0.0,0.0,6.67,80.0,589268
2023-10-19 12:00:00,00000000790,20231019120000,0.019,0.006,0.007,0.0,0.0,0.0,1.0,4,0.0,0.0,31.58,36.84,589268
2023-10-19 13:00:00,00000000790,20231019130000,0.04,0.016,0.006,0.0,0.0,0.0,1.0,4,0.0,0.0,40.0,15.0,589268
2023-10-19 14:00:00,00000000790,20231019140000,0.07,0.028,0.003,0.0,0.0,0.0,1.0,4,0.0,0.0,40.0,4.29,589268
2023-10-19 15:00:00,00000000790,20231019150000,0.031,0.008,0.007,0.0,0.0,0.0,1.0,4,0.0,0.0,25.81,22.58,589268
2023-10-19 16:00:00,00000000790,20231019160000,0.061,0.022,0.004,0.0,0.0,0.0,1.0,4,0.0,0.0,36.07,6.56,589268
2023-10-19 17:00:00,00000000790,20231019170000,0.316,0.024,0.004,0.0,0.0,0.0,1.0,4,0.0,0.0,7.59,1.27,589268
2023-10-19 18:00:00,00000000790,20231019180000,0.069,0.005,0.014,0.0,0.0,0.0,1.0,4,0.0,0.0,7.25,20.29,589268
2023-10-19 19:00:00,00000000790,20231019190000,0.526,0.031,0.009,0.0,0.0,0.0,1.0,4,0.0,0.0,5.89,1.71,589268
2023-10-19 20:00:00,00000000790,20231019200000,1.186,0.125,0.001,0.0,0.0,0.0,1.0,4,0.0,0.0,10.54,0.08,589268
2023-10-19 21:00:00,00000000790,20231019210000,0.973,0.119,0.001,0.0,0.0,0.0,1.0,4,0.0,0.0,12.23,0.1,589268
2023-10-19 22:00:00,00000000790,20231019220000,0.678,0.085,0.006,0.0,0.0,0.0,1.0,4,0.0,0.0,12.54,0.88,589268
2023-10-19 23:00:00,00000000790,20231019230000,1.76,0.106,0.002,0.0,0.0,0.0,1.0,4,0.0,0.0,6.02,0.11,589268
2023-10-20 00:00:00,00000000790,20231020000000,0.505,0.066,0.008,0.0,0.0,0.0,1.0,4,0.0,0.0,13.07,1.58,589268
2023-10-20 01:00:00,00000000790,20231020010000,0.317,0.041,0.013,0.0,0.0,0.0,1.0,4,0.0,0.0,12.93,4.1,589268
2023-10-20 02:00:00,00000000790,20231020020000,0.109,0.015,0.01,0.0,0.0,0.0,1.0,4,0.0,0.0,13.76,9.17,589268
2023-10-20 03:00:00,00000000790,20231020030000,0.055,0.0,0.02,0.0,0.0,0.0,1.0,4,0.0,0.0,0.0,36.36,589268
2023-10-20 04:00:00,00000000790,20231020040000,0.112,0.017,0.01,0.0,0.0,0.0,1.0,4,0.0,0.0,15.18,8.93,589268
2023-10-20 05:00:00,00000000790,20231020050000,0.021,0.0,0.019,0.0,0.0,0.0,1.0,4,0.0,0.0,0.0,90.48,589268
2023-10-20 06:00:00,00000000790,20231020060000,0.063,0.013,0.012,0.0,0.0,0.0,1.0,4,0.0,0.0,20.63,19.05,589268
2023-10-20 07:00:00,00000000790,20231020070000,0.375,0.018,0.009,0.0,0.0,0.0,1.0,4,0.0,0.0,4.8,2.4,589268
2023-10-20 08:00:00,00000000790,20231020080000,0.102,0.008,0.015,0.0,0.0,0.0,1.0,4,0.0,0.0,7.84,14.71,589268
2023-10-20 09:00:00,00000000790,20231020090000,0.452,0.025,0.004,0.0,0.0,0.0,1.0,4,0.0,0.0,5.53,0.88,589268
2023-10-20 10:00:00,00000000790,20231020100000,0.055,0.016,0.01,0.0,0.0,0.0,1.0,4,0.0,0.0,29.09,18.18,589268
2023-10-20 11:00:00,00000000790,20231020110000,0.357,0.005,0.016,0.0,0.0,0.0,1.0,4,0.0,0.0,1.4,4.48,589268
2023-10-20 12:00:00,00000000790,20231020120000,0.053,0.016,0.01,0.0,0.0,0.0,1.0,4,0.0,0.0,30.19,18.87,589268
2023-10-20 13:00:00,00000000790,20231020130000,0.062,0.02,0.01,0.0,0.0,0.0,1.0,4,0.0,0.0,32.26,16.13,589268
2023-10-20 14:00:00,00000000790,20231020140000,0.036,0.009,0.014,0.0,0.0,0.0,1.0,4,0.0,0.0,25.0,38.89,589268
2023-10-20 15:00:00,00000000790,20231020150000,0.039,0.01,0.014,0.0,0.0,0.0,1.0,4,0.0,0.0,25.64,35.9,589268
2023-10-20 16:00:00,00000000790,20231020160000,0.005,0.0,0.019,0.0,0.0,0.0,1.0,4,0.0,0.0,0.0,380.0,589268
2023-10-20 17:00:00,00000000790,20231020170000,0.05,0.014,0.011,0.0,0.0,0.0,1.0,4,0.0,0.0,28.0,22.0,589268
2023-10-20 18:00:00,00000000790,20231020180000,0.379,0.001,0.02,0.0,0.0,0.0,1.0,4,0.0,0.0,0.26,5.28,589268
2023-10-20 19:00:00,00000000790,20231020190000,0.124,0.017,0.008,0.0,0.0,0.0,1.0,4,0.0,0.0,13.71,6.45,589268
2023-10-20 20:00:00,00000000790,20231020200000,0.551,0.06,0.009,0.0,0.0,0.0,1.0,4,0.0,0.0,10.89,1.63,589268
2023-10-20 21:00:00,00000000790,20231020210000,0.708,0.094,0.005,0.0,0.0,0.0,1.0,4,0.0,0.0,13.28,0.71,589268
2023-10-20 22:00:00,00000000790,20231020220000,0.373,0.041,0.011,0.0,0.0,0.0,1.0,4,0.0,0.0,10.99,2.95,589268
2023-10-20 23:00:00,00000000790,20231020230000,0.271,0.043,0.009,0.0,0.0,0.0,1.0,4,0.0,0.0,15.87,3.32,589268
2023-10-21 00:00:00,00000000790,20231021000000,0.106,0.006,0.017,0.0,0.0,0.0,1.0,4,0.0,0.0,5.66,16.04,589268
2023-10-21 01:00:00,00000000790,20231021010000,0.306,0.015,0.011,0.0,0.0,0.0,1.0,4,0.0,0.0,4.9,3.59,589268
2023-10-21 02:00:00,00000000790,20231021020000,0.035,0.004,0.017,0.0,0.0,0.0,1.0,4,0.0,0.0,11.43,48.57,589268
2023-10-21 03:00:00,00000000790,20231021030000,0.051,0.013,0.013,0.0,0.0,0.0,1.0,4,0.0,0.0,25.49,25.49,589268
2023-10-21 04:00:00,00000000790,20231021040000,0.478,0.006,0.021,0.0,0.0,0.0,1.0,4,0.0,0.0,1.26,4.39,589268
2023-10-21 05:00:00,00000000790,20231021050000,0.135,0.012,0.012,0.0,0.0,0.0,1.0,4,0.0,0.0,8.89,8.89,589268
2023-10-21 06:00:00,00000000790,20231021060000,0.273,0.005,0.008,0.0,0.0,0.0,1.0,4,0.0,0.0,1.83,2.93,589268
2023-10-21 07:00:00,00000000790,20231021070000,0.039,0.017,0.006,0.0,0.0,0.0,1.0,4,0.0,0.0,43.59,15.38,589268
2023-10-21 08:00:00,00000000790,20231021080000,0.018,0.007,0.008,0.0,0.0,0.0,1.0,4,0.0,0.0,38.89,44.44,589268
2023-10-21 09:00:00,00000000790,20231021090000,0.092,0.04,0.001,0.0,0.0,0.0,1.0,4,0.0,0.0,43.48,1.09,589268
2023-10-21 10:00:00,00000000790,20231021100000,0.051,0.018,0.006,0.0,0.0,0.0,1.0,4,0.0,0.0,35.29,11.76,589268
2023-10-21 11:00:00,00000000790,20231021110000,0.03,0.009,0.007,0.0,0.0,0.0,1.0,4,0.0,0.0,30.0,23.33,589268
2023-10-21 12:00:00,00000000790,20231021120000,0.065,0.025,0.004,0.0,0.0,0.0,1.0,4,0.0,0.0,38.46,6.15,589268
2023-10-21 13:00:00,00000000790,20231021130000,0.063,0.026,0.005,0.0,0.0,0.0,1.0,4,0.0,0.0,41.27,7.94,589268
2023-10-21 14:00:00,00000000790,20231021140000,0.024,0.005,0.008,0.0,0.0,0.0,1.0,4,0.0,0.0,20.83,33.33,589268
2023-10-21 15:00:00,00000000790,20231021150000,0.313,0.02,0.005,0.0,0.0,0.0,1.0,4,0.0,0.0,6.39,1.6,589268
2023-10-21 16:00:00,00000000790,20231021160000,0.06,0.023,0.005,0.0,0.0,0.0,1.0,4,0.0,0.0,38.33,8.33,589268
2023-10-21 17:00:00,00000000790,20231021170000,0.011,0.0,0.009,0.0,0.0,0.0,1.0,4,0.0,0.0,0.0,81.82,589268
2023-10-21 18:00:00,00000000790,20231021180000,0.009,0.001,0.009,0.0,0.0,0.0,1.0,4,0.0,0.0,11.11,100.0,589268
2023-10-21 19:00:00,00000000790,20231021190000,0.452,0.015,0.016,0.0,0.0,0.0,1.0,4,0.0,0.0,3.32,3.54,589268
2023-10-21 20:00:00,00000000790,20231021200000,0.539,0.018,0.008,0.0,0.0,0.0,1.0,4,0.0,0.0,3.34,1.48,589268
2023-10-21 21:00:00,00000000790,20231021210000,0.212,0.0,0.021,0.0,0.0,0.0,1.0,4,0.0,0.0,0.0,9.91,589268
2023-10-21 22:00:00,00000000790,20231021220000,0.228,0.011,0.015,0.0,0.0,0.0,1.0,4,0.0,0.0,4.82,6.58,589268
2023-10-21 23:00:00,00000000790,20231021230000,0.072,0.0,0.022,0.0,0.0,0.0,1.0,4,0.0,0.0,0.0,30.56,589268
2023-10-22 00:00:00,00000000790,20231022000000,0.105,0.016,0.012,0.0,0.0,0.0,1.0,4,0.0,0.0,15.24,11.43,589268
2023-10-22 01:00:00,00000000790,20231022010000,0.08,0.023,0.007,0.0,0.0,0.0,1.0,4,0.0,0.0,28.75,8.75,589268
2023-10-22 02:00:00,00000000790,20231022020000,0.336,0.023,0.007,0.0,0.0,0.0,1.0,4,0.0,0.0,6.85,2.08,589268
2023-10-22 03:00:00,00000000790,20231022030000,0.046,0.008,0.015,0.0,0.0,0.0,1.0,4,0.0,0.0,17.39,32.61,589268
2023-10-22 04:00:00,00000000790,20231022040000,0.09,0.013,0.013,0.0,0.0,0.0,1.0,4,0.0,0.0,14.44,14.44,589268
2023-10-22 05:00:00,00000000790,20231022050000,0.094,0.023,0.007,0.0,0.0,0.0,1.0,4,0.0,0.0,24.47,7.45,589268
2023-10-22 06:00:00,00000000790,20231022060000,0.063,0.015,0.012,0.0,0.0,0.0,1.0,4,0.0,0.0,23.81,19.05,589268
2023-10-22 07:00:00,00000000790,20231022070000,0.041,0.007,0.016,0.0,0.0,0.0,1.0,4,0.0,0.0,17.07,39.02,589268
2023-10-22 08:00:00,00000000790,20231022080000,0.09,0.02,0.01,0.0,0.0,0.0,1.0,4,0.0,0.0,22.22,11.11,589268
2023-10-22 09:00:00,00000000790,20231022090000,0.858,0.015,0.013,0.0,0.0,0.0,1.0,4,0.0,0.0,1.75,1.52,589268
2023-10-22 10:00:00,00000000790,20231022100000,0.223,0.006,0.013,0.0,0.0,0.0,1.0,4,0.0,0.0,2.69,5.83,589268
2023-10-22 11:00:00,00000000790,20231022110000,0.066,0.026,0.004,0.0,0.0,0.0,1.0,4,0.0,0.0,39.39,6.06,589268
2023-10-22 12:00:00,00000000790,20231022120000,0.06,0.023,0.005,0.0,0.0,0.0,1.0,4,0.0,0.0,38.33,8.33,589268
2023-10-22 13:00:00,00000000790,20231022130000,0.135,0.003,0.011,0.0,0.0,0.0,1.0,4,0.0,0.0,2.22,8.15,589268
2023-10-22 14:00:00,00000000790,20231022140000,0.349,0.006,0.018,0.0,0.0,0.0,1.0,4,0.0,0.0,1.72,5.16,589268
2023-10-22 15:00:00,00000000790,20231022150000,0.07,0.009,0.017,0.0,0.0,0.0,1.0,4,0.0,0.0,12.86,24.29,589268
2023-10-22 16:00:00,00000000790,20231022160000,0.128,0.0,0.022,0.0,0.0,0.0,1.0,4,0.0,0.0,0.0,17.19,589268
2023-10-22 17:00:00,00000000790,20231022170000,0.1,0.014,0.013,0.0,0.0,0.0,1.0,4,0.0,0.0,14.0,13.0,589268
2023-10-22 18:00:00,00000000790,20231022180000,0.349,0.012,0.014,0.0,0.0,0.0,1.0,4,0.0,0.0,3.44,4.01,589268
2023-10-22 19:00:00,00000000790,20231022190000,0.113,0.004,0.022,0.0,0.0,0.0,1.0,4,0.0,0.0,3.54,19.47,589268
2023-10-22 20:00:00,00000000790,20231022200000,0.135,0.01,0.015,0.0,0.0,0.0,1.0,4,0.0,0.0,7.41,11.11,589268
2023-10-22 21:00:00,00000000790,20231022210000,0.609,0.047,0.003,0.0,0.0,0.0,1.0,4,0.0,0.0,7.72,0.49,589268
2023-10-22 22:00:00,00000000790,20231022220000,1.351,0.107,0.001,0.0,0.0,0.0,1.0,4,0.0,0.0,7.92,0.07,589268
2023-10-22 23:00:00,00000000790,20231022230000,0.413,0.058,0.008,0.0,0.0,0.0,1.0,4,0.0,0.0,14.04,1.94,589268
2023-10-23 00:00:00,00000000790,20231023000000,0.07,0.012,0.012,0.0,0.0,0.0,1.0,4,0.0,0.0,17.14,17.14,589268
2023-10-23 01:00:00,00000000790,20231023010000,0.075,0.02,0.009,0.0,0.0,0.0,1.0,4,0.0,0.0,26.67,12.0,589268
2023-10-23 02:00:00,00000000790,20231023020000,0.066,0.016,0.011,0.0,0.0,0.0,1.0,4,0.0,0.0,24.24,16.67,589268
2023-10-23 03:00:00,00000000790,20231023030000,0.037,0.005,0.017,0.0,0.0,0.0,1.0,4,0.0,0.0,13.51,45.95,589268
2023-10-23 04:00:00,00000000790,20231023040000,0.075,0.02,0.009,0.0,0.0,0.0,1.0,4,0.0,0.0,26.67,12.0,589268
2023-10-23 05:00:00,00000000790,20231023050000,0.02,0.0,0.02,0.0,0.0,0.0,1.0,4,0.0,0.0,0.0,100.0,589268
2023-10-23 06:00:00,00000000790,20231023060000,0.398,0.014,0.012,0.0,0.0,0.0,1.0,4,0.0,0.0,3.52,3.02,589268
2023-10-23 07:00:00,00000000790,20231023070000,0.054,0.0,0.021,0.0,0.0,0.0,1.0,4,0.0,0.0,0.0,38.89,589268
2023-10-23 08:00:00,00000000790,20231023080000,0.099,0.013,0.012,0.0,0.0,0.0,1.0,4,0.0,0.0,13.13,12.12,589268
2023-10-23 09:00:00,00000000790,20231023090000,0.472,0.003,0.017,0.0,0.0,0.0,1.0,4,0.0,0.0,0.64,3.6,589268
2023-10-23 10:00:00,00000000790,20231023100000,0.247,0.016,0.01,0.0,0.0,0.0,1.0,4,0.0,0.0,6.48,4.05,589268
2023-10-23 11:00:00,00000000790,20231023110000,0.128,0.0,0.019,0.0,0.0,0.0,1.0,4,0.0,0.0,0.0,14.84,589268
2023-10-23 12:00:00,00000000790,20231023120000,0.054,0.017,0.01,0.0,0.0,0.0,1.0,4,0.0,0.0,31.48,18.52,589268
2023-10-23 13:00:00,00000000790,20231023130000,0.0,0.0,0.019,0.0,0.0,0.0,1.0,4,0.0,0.0,,,589268
2023-10-23 14:00:00,00000000790,20231023140000,0.365,0.022,0.006,0.0,0.0,0.0,1.0,4,0.0,0.0,6.03,1.64,589268
2023-10-23 15:00:00,00000000790,20231023150000,0.049,0.014,0.011,0.0,0.0,0.0,1.0,4,0.0,0.0,28.57,22.45,589268
2023-10-23 16:00:00,00000000790,20231023160000,0.073,0.022,0.007,0.0,0.0,0.0,1.0,4,0.0,0.0,30.14,9.59,589268
2023-10-23 17:00:00,00000000790,20231023170000,0.06,0.018,0.01,0.0,0.0,0.0,1.0,4,0.0,0.0,30.0,16.67,589268
2023-10-23 18:00:00,00000000790,20231023180000,0.045,0.004,0.015,0.0,0.0,0.0,1.0,4,0.0,0.0,8.89,33.33,589268
2023-10-23 19:00:00,00000000790,20231023190000,0.395,0.019,0.006,0.0,0.0,0.0,1.0,4,0.0,0.0,4.81,1.52,589268
2023-10-23 20:00:00,00000000790,20231023200000,0.263,0.012,0.011,0.0,0.0,0.0,1.0,4,0.0,0.0,4.56,4.18,589268
2023-10-23 21:00:00,00000000790,20231023210000,0.121,0.003,0.018,0.0,0.0,0.0,1.0,4,0.0,0.0,2.48,14.88,589268
2023-10-23 22:00:00,00000000790,20231023220000,0.365,0.011,0.014,0.0,0.0,0.0,1.0,4,0.0,0.0,3.01,3.84,589268
2023-10-23 23:00:00,00000000790,20231023230000,0.116,0.01,0.013,0.0,0.0,0.0,1.0,4,0.0,0.0,8.62,11.21,589268
2023-10-24 00:00:00,00000000790,20231024000000,0.091,0.0,0.029,0.0,0.0,0.0,1.0,4,0.0,0.0,0.0,31.87,589268
2023-10-24 01:00:00,00000000790,20231024010000,0.069,0.006,0.016,0.0,0.0,0.0,1.0,4,0.0,0.0,8.7,23.19,589268
2023-10-24 02:00:00,00000000790,20231024020000,0.299,0.01,0.013,0.0,0.0,0.0,1.0,4,0.0,0.0,3.34,4.35,589268
2023-10-24 03:00:00,00000000790,20231024030000,0.026,0.004,0.018,0.0,0.0,0.0,1.0,4,0.0,0.0,15.38,69.23,589268
2023-10-24 04:00:00,00000000790,20231024040000,0.05,0.012,0.013,0.0,0.0,0.0,1.0,4,0.0,0.0,24.0,26.0,589268
2023-10-24 05:00:00,00000000790,20231024050000,0.029,0.005,0.016,0.0,0.0,0.0,1.0,4,0.0,0.0,17.24,55.17,589268
2023-10-24 06:00:00,00000000790,20231024060000,0.103,0.03,0.003,0.0,0.0,0.0,1.0,4,0.0,0.0,29.13,2.91,589268
2023-10-24 07:00:00,00000000790,20231024070000,0.082,0.012,0.012,0.0,0.0,0.0,1.0,4,0.0,0.0,14.63,14.63,589268
2023-10-24 08:00:00,00000000790,20231024080000,0.073,0.009,0.015,0.0,0.0,0.0,1.0,4,0.0,0.0,12.33,20.55,589268
2023-10-24 09:00:00,00000000790,20231024090000,0.866,0.028,0.003,0.0,0.0,0.0,1.0,4,0.0,0.0,3.23,0.35,589268
2023-10-24 10:00:00,00000000790,20231024100000,0.132,0.007,0.015,0.0,0.0,0.0,1.0,4,0.0,0.0,5.3,11.36,589268
2023-10-24 11:00:00,00000000790,20231024110000,0.325,0.019,0.009,0.0,0.0,0.0,1.0,4,0.0,0.0,5.85,2.77,589268
2023-10-24 12:00:00,00000000790,20231024120000,0.488,0.019,0.007,0.0,0.0,0.0,1.0,4,0.0,0.0,3.89,1.43,589268
2023-10-24 13:00:00,00000000790,20231024130000,0.043,0.014,0.007,0.0,0.0,0.0,1.0,4,0.0,0.0,32.56,16.28,589268
2023-10-24 14:00:00,00000000790,20231024140000,0.032,0.01,0.007,0.0,0.0,0.0,1.0,4,0.0,0.0,31.25,21.88,589268
2023-10-24 15:00:00,00000000790,20231024150000,0.062,0.023,0.005,0.0,0.0,0.0,1.0,4,0.0,0.0,37.1,8.06,589268
2023-10-24 16:00:00,00000000790,20231024160000,0.061,0.023,0.004,0.0,0.0,0.0,1.0,4,0.0,0.0,37.7,6.56,589268
2023-10-24 17:00:00,00000000790,20231024170000,0.034,0.009,0.007,0.0,0.0,0.0,1.0,4,0.0,0.0,26.47,20.59,589268
2023-10-24 18:00:00,00000000790,20231024180000,0.04,0.013,0.007,0.0,0.0,0.0,1.0,4,0.0,0.0,32.5,17.5,589268
2023-10-24 19:00:00,00000000790,20231024190000,0.094,0.006,0.016,0.0,0.0,0.0,1.0,4,0.0,0.0,6.38,17.02,589268
2023-10-24 20:00:00,00000000790,20231024200000,0.527,0.005,0.02,0.0,0.0,0.0,1.0,4,0.0,0.0,0.95,3.8,589268
2023-10-24 21:00:00,00000000790,20231024210000,0.206,0.0,0.02,0.0,0.0,0.0,1.0,4,0.0,0.0,0.0,9.71,589268
2023-10-24 22:00:00,00000000790,20231024220000,0.115,0.014,0.012,0.0,0.0,0.0,1.0,4,0.0,0.0,12.17,10.43,589268
2023-10-24 23:00:00,00000000790,20231024230000,0.061,0.001,0.022,0.0,0.0,0.0,1.0,4,0.0,0.0,1.64,36.07,589268
2023-10-25 00:00:00,00000000790,20231025000000,0.072,0.011,0.015,0.0,0.0,0.0,1.0,4,0.0,0.0,15.28,20.83,589268
2023-10-25 01:00:00,00000000790,20231025010000,0.409,0.003,0.02,0.0,0.0,0.0,1.0,4,0.0,0.0,0.73,4.89,589268
2023-10-25 02:00:00,00000000790,20231025020000,0.086,0.018,0.01,0.0,0.0,0.0,1.0,4,0.0,0.0,20.93,11.63,589268
2023-10-25 03:00:00,00000000790,20231025030000,0.075,0.019,0.009,0.0,0.0,0.0,1.0,4,0.0,0.0,25.33,12.0,589268
2023-10-25 04:00:00,00000000790,20231025040000,0.077,0.021,0.008,0.0,0.0,0.0,1.0,4,0.0,0.0,27.27,10.39,589268
2023-10-25 05:00:00,00000000790,20231025050000,0.057,0.012,0.013,0.0,0.0,0.0,1.0,4,0.0,0.0,21.05,22.81,589268
2023-10-25 06:00:00,00000000790,20231025060000,0.045,0.009,0.015,0.0,0.0,0.0,1.0,4,0.0,0.0,20.0,33.33,589268
2023-10-25 07:00:00,00000000790,20231025070000,0.076,0.019,0.009,0.0,0.0,0.0,1.0,4,0.0,0.0,25.0,11.84,589268
2023-10-25 08:00:00,00000000790,20231025080000,0.076,0.019,0.01,0.0,0.0,0.0,1.0,4,0.0,0.0,25.0,13.16,589268
2023-10-25 09:00:00,00000000790,20231025090000,0.678,0.003,0.014,0.0,0.0,0.0,1.0,4,0.0,0.0,0.44,2.06,589268
2023-10-25 10:00:00,00000000790,20231025100000,0.277,0.019,0.009,0.0,0.0,0.0,1.0,4,0.0,0.0,6.86,3.25,589268
2023-10-25 11:00:00,00000000790,20231025110000,0.203,0.0,0.018,0.0,0.0,0.0,1.0,4,0.0,0.0,0.0,8.87,589268
2023-10-25 12:00:00,00000000790,20231025120000,0.192,0.015,0.008,0.0,0.0,0.0,1.0,4,0.0,0.0,7.81,4.17,589268
2023-10-25 13:00:00,00000000790,20231025130000,0.0,0.0,0.009,0.0,0.0,0.0,1.0,4,0.0,0.0,,,589268
2023-10-25 14:00:00,00000000790,20231025140000,0.05,0.02,0.006,0.0,0.0,0.0,1.0,4,0.0,0.0,40.0,12.0,589268
2023-10-25 15:00:00,00000000790,20231025150000,0.0,0.0,0.009,0.0,0.0,0.0,1.0,4,0.0,0.0,,,589268
2023-10-25 16:00:00,00000000790,20231025160000,0.049,0.019,0.005,0.0,0.0,0.0,1.0,4,0.0,0.0,38.78,10.2,589268
2023-10-25 17:00:00,00000000790,20231025170000,0.284,0.012,0.006,0.0,0.0,0.0,1.0,4,0.0,0.0,4.23,2.11,589268
2023-10-25 18:00:00,00000000790,20231025180000,0.081,0.007,0.017,0.0,0.0,0.0,1.0,4,0.0,0.0,8.64,20.99,589268
2023-10-25 19:00:00,00000000790,20231025190000,0.22,0.01,0.012,0.0,0.0,0.0,1.0,4,0.0,0.0,4.55,5.45,589268
2023-10-25 20:00:00,00000000790,20231025200000,0.142,0.02,0.006,0.0,0.0,0.0,1.0,4,0.0,0.0,14.08,4.23,589268
2023-10-25 21:00:00,00000000790,20231025210000,0.318,0.009,0.014,0.0,0.0,0.0,1.0,4,0.0,0.0,2.83,4.4,589268
2023-10-25 22:00:00,00000000790,20231025220000,0.111,0.014,0.012,0.0,0.0,0.0,1.0,4,0.0,0.0,12.61,10.81,589268
2023-10-25 23:00:00,00000000790,20231025230000,0.124,0.018,0.01,0.0,0.0,0.0,1.0,4,0.0,0.0,14.52,8.06,589268
2023-10-26 00:00:00,00000000790,20231026000000,0.225,0.017,0.01,0.0,0.0,0.0,1.0,4,0.0,0.0,7.56,4.44,589268
2023-10-26 01:00:00,00000000790,20231026010000,0.105,0.02,0.008,0.0,0.0,0.0,1.0,4,0.0,0.0,19.05,7.62,589268
2023-10-26 02:00:00,00000000790,20231026020000,0.075,0.02,0.009,0.0,0.0,0.0,1.0,4,0.0,0.0,26.67,12.0,589268
2023-10-26 03:00:00,00000000790,20231026030000,0.056,0.012,0.013,0.0,0.0,0.0,1.0,4,0.0,0.0,21.43,23.21,589268
2023-10-26 04:00:00,00000000790,20231026040000,0.299,0.009,0.014,0.0,0.0,0.0,1.0,4,0.0,0.0,3.01,4.68,589268
2023-10-26 05:00:00,00000000790,20231026050000,0.018,0.0,0.02,0.0,0.0,0.0,1.0,4,0.0,0.0,0.0,111.11,589268
2023-10-26 06:00:00,00000000790,20231026060000,0.066,0.016,0.011,0.0,0.0,0.0,1.0,4,0.0,0.0,24.24,16.67,589268
2023-10-26 07:00:00,00000000790,20231026070000,0.054,0.0,0.019,0.0,0.0,0.0,1.0,4,0.0,0.0,0.0,35.19,589268
2023-10-26 08:00:00,00000000790,20231026080000,0.109,0.018,0.01,0.0,0.0,0.0,1.0,4,0.0,0.0,16.51,9.17,589268
2023-10-26 09:00:00,00000000790,20231026090000,0.393,0.0,0.019,0.0,0.0,0.0,1.0,4,0.0,0.0,0.0,4.83,589268
2023-10-26 10:00:00,00000000790,20231026100000,0.321,0.033,0.002,0.0,0.0,0.0,1.0,4,0.0,0.0,10.28,0.62,589268
2023-10-26 11:00:00,00000000790,20231026110000,0.328,0.0,0.019,0.0,0.0,0.0,1.0,4,0.0,0.0,0.0,5.79,589268
2023-10-26 12:00:00,00000000790,20231026120000,0.061,0.024,0.004,0.0,0.0,0.0,1.0,4,0.0,0.0,39.34,6.56,589268
2023-10-26 13:00:00,00000000790,20231026130000,0.092,0.021,0.006,0.0,0.0,0.0,1.0,4,0.0,0.0,22.83,6.52,589268
2023-10-26 14:00:00,00000000790,20231026140000,0.037,0.01,0.007,0.0,0.0,0.0,1.0,4,0.0,0.0,27.03,18.92,589268
2023-10-26 15:00:00,00000000790,20231026150000,0.045,0.02,0.006,0.0,0.0,0.0,1.0,4,0.0,0.0,44.44,13.33,589268
2023-10-26 16:00:00,00000000790,20231026160000,0.03,0.011,0.006,0.0,0.0,0.0,1.0,4,0.0,0.0,36.67,20.0,589268
2023-10-26 17:00:00,00000000790,20231026170000,0.035,0.01,0.008,0.0,0.0,0.0,1.0,4,0.0,0.0,28.57,22.86,589268
2023-10-26 18:00:00,00000000790,20231026180000,0.155,0.014,0.01,0.0,0.0,0.0,1.0,4,0.0,0.0,9.03,6.45,589268
2023-10-26 19:00:00,00000000790,20231026190000,0.497,0.0,0.024,0.0,0.0,0.0,1.0,4,0.0,0.0,0.0,4.83,589268
2023-10-26 20:00:00,00000000790,20231026200000,0.118,0.015,0.012,0.0,0.0,0.0,1.0,4,0.0,0.0,12.71,10.17,589268
2023-10-26 21:00:00,00000000790,20231026210000,0.112,0.014,0.013,0.0,0.0,0.0,1.0,4,0.0,0.0,12.5,11.61,589268
2023-10-26 22:00:00,00000000790,20231026220000,0.061,0.0,0.021,0.0,0.0,0.0,1.0,4,0.0,0.0,0.0,34.43,589268
2023-10-26 23:00:00,00000000790,20231026230000,0.113,0.014,0.013,0.0,0.0,0.0,1.0,4,0.0,0.0,12.39,11.5,589268
2023-10-27 00:00:00,00000000790,20231027000000,0.095,0.01,0.016,0.0,0.0,0.0,1.0,4,0.0,0.0,10.53,16.84,589268
2023-10-27 01:00:00,00000000790,20231027010000,0.112,0.015,0.011,0.0,0.0,0.0,1.0,4,0.0,0.0,13.39,9.82,589268
2023-10-27 02:00:00,00000000790,20231027020000,0.104,0.016,0.01,0.0,0.0,0.0,1.0,4,0.0,0.0,15.38,9.62,589268
2023-10-27 03:00:00,00000000790,20231027030000,0.105,0.018,0.01,0.0,0.0,0.0,1.0,4,0.0,0.0,17.14,9.52,589268
2023-10-27 04:00:00,00000000790,20231027040000,0.092,0.017,0.011,0.0,0.0,0.0,1.0,4,0.0,0.0,18.48,11.96,589268
2023-10-27 05:00:00,00000000790,20231027050000,0.039,0.007,0.016,0.0,0.0,0.0,1.0,4,0.0,0.0,17.95,41.03,589268
2023-10-27 06:00:00,00000000790,20231027060000,0.328,0.012,0.013,0.0,0.0,0.0,1.0,4,0.0,0.0,3.66,3.96,589268
2023-10-27 07:00:00,00000000790,20231027070000,0.09,0.012,0.013,0.0,0.0,0.0,1.0,4,0.0,0.0,13.33,14.44,589268
2023-10-27 08:00:00,00000000790,20231027080000,0.101,0.017,0.011,0.0,0.0,0.0,1.0,4,0.0,0.0,16.83,10.89,589268
2023-10-27 09:00:00,00000000790,20231027090000,0.361,0.012,0.012,0.0,0.0,0.0,1.0,4,0.0,0.0,3.32,3.32,589268
2023-10-27 10:00:00,00000000790,20231027100000,0.488,0.01,0.015,0.0,0.0,0.0,1.0,4,0.0,0.0,2.05,3.07,589268
2023-10-27 11:00:00,00000000790,20231027110000,0.389,0.016,0.01,0.0,0.0,0.0,1.0,4,0.0,0.0,4.11,2.57,589268
2023-10-27 12:00:00,00000000790,20231027120000,0.259,0.019,0.009,0.0,0.0,0.0,1.0,4,0.0,0.0,7.34,3.47,589268
2023-10-27 13:00:00,00000000790,20231027130000,0.218,0.008,0.021,0.0,0.0,0.0,1.0,4,0.0,0.0,3.67,9.63,589268
2023-10-27 14:00:00,00000000790,20231027140000,0.337,0.042,0.012,0.0,0.0,0.0,1.0,4,0.0,0.0,12.46,3.56,589268
2023-10-27 15:00:00,00000000790,20231027150000,0.094,0.024,0.015,0.0,0.0,0.0,1.0,4,0.0,0.0,25.53,15.96,589268
2023-10-27 16:00:00,00000000790,20231027160000,0.188,0.02,0.008,0.0,0.0,0.0,1.0,4,0.0,0.0,10.64,4.26,589268
2023-10-27 17:00:00,00000000790,20231027170000,0.193,0.014,0.014,0.0,0.0,0.0,1.0,4,0.0,0.0,7.25,7.25,589268
2023-10-27 18:00:00,00000000790,20231027180000,0.451,0.039,0.017,0.0,0.0,0.0,1.0,4,0.0,0.0,8.65,3.77,589268
2023-10-27 19:00:00,00000000790,20231027190000,0.116,0.025,0.014,0.0,0.0,0.0,1.0,4,0.0,0.0,21.55,12.07,589268
2023-10-27 20:00:00,00000000790,20231027200000,0.105,0.009,0.019,0.0,0.0,0.0,1.0,4,0.0,0.0,8.57,18.1,589268
2023-10-27 21:00:00,00000000790,20231027210000,0.792,0.014,0.013,0.0,0.0,0.0,1.0,4,0.0,0.0,1.77,1.64,589268
2023-10-27 22:00:00,00000000790,20231027220000,0.188,0.003,0.021,0.0,0.0,0.0,1.0,4,0.0,0.0,1.6,11.17,589268
2023-10-27 23:00:00,00000000790,20231027230000,0.108,0.014,0.012,0.0,0.0,0.0,1.0,4,0.0,0.0,12.96,11.11,589268
2023-10-28 00:00:00,00000000790,20231028000000,0.16,0.009,0.014,0.0,0.0,0.0,1.0,4,0.0,0.0,5.62,8.75,589268
2023-10-28 01:00:00,00000000790,20231028010000,0.076,0.001,0.025,0.0,0.0,0.0,1.0,4,0.0,0.0,1.32,32.89,589268
2023-10-28 02:00:00,00000000790,20231028020000,0.073,0.015,0.011,0.0,0.0,0.0,1.0,4,0.0,0.0,20.55,15.07,589268
2023-10-28 03:00:00,00000000790,20231028030000,0.053,0.013,0.013,0.0,0.0,0.0,1.0,4,0.0,0.0,24.53,24.53,589268
2023-10-28 04:00:00,00000000790,20231028040000,0.022,0.003,0.018,0.0,0.0,0.0,1.0,4,0.0,0.0,13.64,81.82,589268
2023-10-28 05:00:00,00000000790,20231028050000,0.055,0.012,0.014,0.0,0.0,0.0,1.0,4,0.0,0.0,21.82,25.45,589268
2023-10-28 06:00:00,00000000790,20231028060000,0.332,0.02,0.009,0.0,0.0,0.0,1.0,4,0.0,0.0,6.02,2.71,589268
2023-10-28 07:00:00,00000000790,20231028070000,0.013,0.0,0.019,0.0,0.0,0.0,1.0,4,0.0,0.0,0.0,146.15,589268
2023-10-28 08:00:00,00000000790,20231028080000,0.903,0.018,0.011,0.0,0.0,0.0,1.0,4,0.0,0.0,1.99,1.22,589268
2023-10-28 09:00:00,00000000790,20231028090000,0.217,0.009,0.012,0.0,0.0,0.0,1.0,4,0.0,0.0,4.15,5.53,589268
2023-10-28 10:00:00,00000000790,20231028100000,0.345,0.017,0.01,0.0,0.0,0.0,1.0,4,0.0,0.0,4.93,2.9,589268
2023-10-28 11:00:00,00000000790,20231028110000,0.089,0.003,0.02,0.0,0.0,0.0,1.0,4,0.0,0.0,3.37,22.47,589268
2023-10-28 12:00:00,00000000790,20231028120000,0.125,0.063,0.006,0.0,0.0,0.0,1.0,4,0.0,0.0,50.4,4.8,589268
2023-10-28 13:00:00,00000000790,20231028130000,0.339,0.05,0.01,0.0,0.0,0.0,1.0,4,0.0,0.0,14.75,2.95,589268
2023-10-28 14:00:00,00000000790,20231028140000,0.325,0.023,0.019,0.0,0.0,0.0,1.0,4,0.0,0.0,7.08,5.85,589268
2023-10-28 15:00:00,00000000790,20231028150000,0.25,0.05,0.01,0.0,0.0,0.0,1.0,4,0.0,0.0,20.0,4.0,589268
2023-10-28 16:00:00,00000000790,20231028160000,0.344,0.045,0.009,0.0,0.0,0.0,1.0,4,0.0,0.0,13.08,2.62,589268
2023-10-28 17:00:00,00000000790,20231028170000,0.267,0.049,0.019,0.0,0.0,0.0,1.0,4,0.0,0.0,18.35,7.12,589268
2023-10-28 18:00:00,00000000790,20231028180000,0.156,0.018,0.011,0.0,0.0,0.0,1.0,4,0.0,0.0,11.54,7.05,589268
2023-10-28 19:00:00,00000000790,20231028190000,0.082,0.004,0.021,0.0,0.0,0.0,1.0,4,0.0,0.0,4.88,25.61,589268
2023-10-28 20:00:00,00000000790,20231028200000,0.105,0.009,0.017,0.0,0.0,0.0,1.0,4,0.0,0.0,8.57,16.19,589268
2023-10-28 21:00:00,00000000790,20231028210000,0.44,0.012,0.014,0.0,0.0,0.0,1.0,4,0.0,0.0,2.73,3.18,589268
2023-10-28 22:00:00,00000000790,20231028220000,0.114,0.013,0.015,0.0,0.0,0.0,1.0,4,0.0,0.0,11.4,13.16,589268
2023-10-28 23:00:00,00000000790,20231028230000,0.103,0.006,0.019,0.0,0.0,0.0,1.0,4,0.0,0.0,5.83,18.45,589268
2023-10-29 00:00:00,00000000790,20231029000000,0.1475,0.01,0.017,0.0,0.0,0.0,1.0,4,0.0,0.0,6.78,11.53,589268
2023-10-29 01:00:00,00000000790,20231029010000,0.0985,0.015,0.012,0.0,0.0,0.0,1.0,4,0.0,0.0,15.23,12.18,589268
2023-10-29 02:00:00,00000000790,20231029020000,0.0545,0.003,0.018,0.0,0.0,0.0,1.0,4,0.0,0.0,5.5,33.03,589268
2023-10-29 03:00:00,00000000790,20231029030000,0.0865,0.013,0.013,0.0,0.0,0.0,1.0,4,0.0,0.0,15.03,15.03,589268
2023-10-29 04:00:00,00000000790,20231029040000,0.0895,0.014,0.013,0.0,0.0,0.0,1.0,4,0.0,0.0,15.64,14.53,589268
2023-10-29 05:00:00,00000000790,20231029050000,0.1675,0.009,0.015,0.0,0.0,0.0,1.0,4,0.0,0.0,5.37,8.96,589268
2023-10-29 06:00:00,00000000790,20231029060000,0.081,0.009,0.016,0.0,0.0,0.0,1.0,4,0.0,0.0,11.11,19.75,589268
2023-10-29 07:00:00,00000000790,20231029070000,0.1,0.015,0.014,0.0,0.0,0.0,1.0,4,0.0,0.0,15.0,14.0,589268
2023-10-29 08:00:00,00000000790,20231029080000,0.061,0.003,0.021,0.0,0.0,0.0,1.0,4,0.0,0.0,4.92,34.43,589268
2023-10-29 09:00:00,00000000790,20231029090000,0.078,0.011,0.015,0.0,0.0,0.0,1.0,4,0.0,0.0,14.1,19.23,589268
2023-10-29 10:00:00,00000000790,20231029100000,0.077,0.009,0.017,0.0,0.0,0.0,1.0,4,0.0,0.0,11.69,22.08,589268
2023-10-29 11:00:00,00000000790,20231029110000,0.607,0.011,0.013,0.0,0.0,0.0,1.0,4,0.0,0.0,1.81,2.14,589268
2023-10-29 12:00:00,00000000790,20231029120000,0.03,0.007,0.008,0.0,0.0,0.0,1.0,4,0.0,0.0,23.33,26.67,589268
2023-10-29 13:00:00,00000000790,20231029130000,0.046,0.018,0.005,0.0,0.0,0.0,1.0,4,0.0,0.0,39.13,10.87,589268
2023-10-29 14:00:00,00000000790,20231029140000,0.03,0.012,0.007,0.0,0.0,0.0,1.0,4,0.0,0.0,40.0,23.33,589268
2023-10-29 15:00:00,00000000790,20231029150000,0.305,0.007,0.007,0.0,0.0,0.0,1.0,4,0.0,0.0,2.3,2.3,589268
2023-10-29 16:00:00,00000000790,20231029160000,0.049,0.018,0.006,0.0,0.0,0.0,1.0,4,0.0,0.0,36.73,12.24,589268
2023-10-29 17:00:00,00000000790,20231029170000,0.057,0.006,0.009,0.0,0.0,0.0,1.0,4,0.0,0.0,10.53,15.79,589268
2023-10-29 18:00:00,00000000790,20231029180000,0.136,0.024,0.007,0.0,0.0,0.0,1.0,4,0.0,0.0,17.65,5.15,589268
2023-10-29 19:00:00,00000000790,20231029190000,0.113,0.012,0.014,0.0,0.0,0.0,1.0,4,0.0,0.0,10.62,12.39,589268
2023-10-29 20:00:00,00000000790,20231029200000,0.273,0.005,0.016,0.0,0.0,0.0,1.0,4,0.0,0.0,1.83,5.86,589268
2023-10-29 21:00:00,00000000790,20231029210000,0.515,0.017,0.01,0.0,0.0,0.0,1.0,4,0.0,0.0,3.3,1.94,589268
2023-10-29 22:00:00,00000000790,20231029220000,0.087,0.007,0.017,0.0,0.0,0.0,1.0,4,0.0,0.0,8.05,19.54,589268
2023-10-29 23:00:00,00000000790,20231029230000,0.128,0.007,0.018,0.0,0.0,0.0,1.0,4,0.0,0.0,5.47,14.06,589268
2023-10-30 00:00:00,00000000790,20231030000000,0.17,0.029,0.0,0.0,0.0,0.0,1.0,4,0.0,0.0,17.06,0.0,589268
2023-10-30 01:00:00,00000000790,20231030010000,0.061,0.016,0.011,0.0,0.0,0.0,1.0,4,0.0,0.0,26.23,18.03,589268
2023-10-30 02:00:00,00000000790,20231030020000,0.067,0.019,0.009,0.0,0.0,0.0,1.0,4,0.0,0.0,28.36,13.43,589268
2023-10-30 03:00:00,00000000790,20231030030000,0.041,0.009,0.015,0.0,0.0,0.0,1.0,4,0.0,0.0,21.95,36.59,589268
2023-10-30 04:00:00,00000000790,20231030040000,0.079,0.009,0.017,0.0,0.0,0.0,1.0,4,0.0,0.0,11.39,21.52,589268
2023-10-30 05:00:00,00000000790,20231030050000,0.71,0.017,0.012,0.0,0.0,0.0,1.0,4,0.0,0.0,2.39,1.69,589268
2023-10-30 06:00:00,00000000790,20231030060000,0.064,0.0,0.022,0.0,0.0,0.0,1.0,4,0.0,0.0,0.0,34.38,589268
2023-10-30 07:00:00,00000000790,20231030070000,0.11,0.017,0.01,0.0,0.0,0.0,1.0,4,0.0,0.0,15.45,9.09,589268
2023-10-30 08:00:00,00000000790,20231030080000,0.306,0.0,0.02,0.0,0.0,0.0,1.0,4,0.0,0.0,0.0,6.54,589268
2023-10-30 09:00:00,00000000790,20231030090000,0.26,0.018,0.009,0.0,0.0,0.0,1.0,4,0.0,0.0,6.92,3.46,589268
2023-10-30 10:00:00,00000000790,20231030100000,0.165,0.003,0.017,0.0,0.0,0.0,1.0,4,0.0,0.0,1.82,10.3,589268
2023-10-30 11:00:00,00000000790,20231030110000,0.248,0.029,0.003,0.0,0.0,0.0,1.0,4,0.0,0.0,11.69,1.21,589268
2023-10-30 12:00:00,00000000790,20231030120000,0.198,0.01,0.011,0.0,0.0,0.0,1.0,4,0.0,0.0,5.05,5.56,589268
2023-10-30 13:00:00,00000000790,20231030130000,0.241,0.029,0.015,0.0,0.0,0.0,1.0,4,0.0,0.0,12.03,6.22,589268
2023-10-30 14:00:00,00000000790,20231030140000,0.282,0.005,0.022,0.0,0.0,0.0,1.0,4,0.0,0.0,1.77,7.8,589268
2023-10-30 15:00:00,00000000790,20231030150000,0.066,0.013,0.012,0.0,0.0,0.0,1.0,4,0.0,0.0,19.7,18.18,589268
2023-10-30 16:00:00,00000000790,20231030160000,0.06,0.019,0.009,0.0,0.0,0.0,1.0,4,0.0,0.0,31.67,15.0,589268
2023-10-30 17:00:00,00000000790,20231030170000,0.286,0.027,0.008,0.0,0.0,0.0,1.0,4,0.0,0.0,9.44,2.8,589268
2023-10-30 18:00:00,00000000790,20231030180000,0.425,0.017,0.015,0.0,0.0,0.0,1.0,4,0.0,0.0,4.0,3.53,589268
2023-10-30 19:00:00,00000000790,20231030190000,1.892,0.157,0.007,0.0,0.0,0.0,1.0,4,0.0,0.0,8.3,0.37,589268
2023-10-30 20:00:00,00000000790,20231030200000,0.275,0.07,0.008,0.0,0.0,0.0,1.0,4,0.0,0.0,25.45,2.91,589268
2023-10-30 21:00:00,00000000790,20231030210000,0.187,0.004,0.017,0.0,0.0,0.0,1.0,4,0.0,0.0,2.14,9.09,589268
2023-10-30 22:00:00,00000000790,20231030220000,0.123,0.018,0.009,0.0,0.0,0.0,1.0,4,0.0,0.0,14.63,7.32,589268
2023-10-30 23:00:00,00000000790,20231030230000,0.09,0.0,0.029,0.0,0.0,0.0,1.0,4,0.0,0.0,0.0,32.22,589268
2023-10-31 00:00:00,00000000790,20231031000000,0.286,0.009,0.016,0.0,0.0,0.0,1.0,4,0.0,0.0,3.15,5.59,589268
2023-10-31 01:00:00,00000000790,20231031010000,0.642,0.0,0.019,0.0,0.0,0.0,1.0,4,0.0,0.0,0.0,2.96,589268
2023-10-31 02:00:00,00000000790,20231031020000,0.109,0.018,0.009,0.0,0.0,0.0,1.0,4,0.0,0.0,16.51,8.26,589268
2023-10-31 03:00:00,00000000790,20231031030000,0.054,0.0,0.019,0.0,0.0,0.0,1.0,4,0.0,0.0,0.0,35.19,589268
2023-10-31 04:00:00,00000000790,20231031040000,0.109,0.019,0.01,0.0,0.0,0.0,1.0,4,0.0,0.0,17.43,9.17,589268
2023-10-31 05:00:00,00000000790,20231031050000,0.031,0.0,0.02,0.0,0.0,0.0,1.0,4,0.0,0.0,0.0,64.52,589268
2023-10-31 06:00:00,00000000790,20231031060000,0.069,0.018,0.009,0.0,0.0,0.0,1.0,4,0.0,0.0,26.09,13.04,589268
2023-10-31 07:00:00,00000000790,20231031070000,0.563,0.0,0.021,0.0,0.0,0.0,1.0,4,0.0,0.0,0.0,3.73,589268
2023-10-31 08:00:00,00000000790,20231031080000,0.711,0.108,0.005,0.0,0.0,0.0,1.0,4,0.0,0.0,15.19,0.7,589268
2023-10-31 09:00:00,00000000790,20231031090000,0.46,0.0,0.018,0.0,0.0,0.0,1.0,4,0.0,0.0,0.0,3.91,589268
2023-10-31 10:00:00,00000000790,20231031100000,0.259,0.017,0.01,0.0,0.0,0.0,1.0,4,0.0,0.0,6.56,3.86,589268
2023-10-31 11:00:00,00000000790,20231031110000,0.034,0.009,0.01,0.0,0.0,0.0,1.0,4,0.0,0.0,26.47,29.41,589268
2023-10-31 12:00:00,00000000790,20231031120000,0.031,0.012,0.006,0.0,0.0,0.0,1.0,4,0.0,0.0,38.71,19.35,589268
2023-10-31 13:00:00,00000000790,20231031130000,0.16,0.018,0.005,0.0,0.0,0.0,1.0,4,0.0,0.0,11.25,3.12,589268
2023-10-31 14:00:00,00000000790,20231031140000,0.145,0.002,0.009,0.0,0.0,0.0,1.0,4,0.0,0.0,1.38,6.21,589268
2023-10-31 15:00:00,00000000790,20231031150000,0.052,0.021,0.005,0.0,0.0,0.0,1.0,4,0.0,0.0,40.38,9.62,589268
2023-10-31 16:00:00,00000000790,20231031160000,0.0,0.0,0.009,0.0,0.0,0.0,1.0,4,0.0,0.0,,,589268
2023-10-31 17:00:00,00000000790,20231031170000,0.056,0.021,0.006,0.0,0.0,0.0,1.0,4,0.0,0.0,37.5,10.71,589268
2023-10-31 18:00:00,00000000790,20231031180000,0.288,0.015,0.008,0.0,0.0,0.0,1.0,4,0.0,0.0,5.21,2.78,589268
2023-10-31 19:00:00,00000000790,20231031190000,0.062,0.0,0.021,0.0,0.0,0.0,1.0,4,0.0,0.0,0.0,33.87,589268
2023-10-31 20:00:00,00000000790,20231031200000,0.54,0.017,0.013,0.0,0.0,0.0,1.0,4,0.0,0.0,3.15,2.41,589268
2023-10-31 21:00:00,00000000790,20231031210000,0.792,0.142,0.0,0.0,0.0,0.0,1.0,4,0.0,0.0,17.93,0.0,589268
2023-10-31 22:00:00,00000000790,20231031220000,0.503,0.091,0.0,0.0,0.0,0.0,1.0,4,0.0,0.0,18.09,0.0,589268
2023-10-31 23:00:00,00000000790,20231031230000,0.642,0.052,0.013,0.0,0.0,0.0,1.0,4,0.0,0.0,8.1,2.02,589268
2023-11-01 00:00:00,00000000790,20231101000000,0.103,0.011,0.014,0.0,0.0,0.0,1.0,4,0.0,0.0,10.68,13.59,589268
2023-11-01 01:00:00,00000000790,20231101010000,0.137,0.014,0.009,0.0,0.0,0.0,1.0,4,0.0,0.0,10.22,6.57,589268
2023-11-01 02:00:00,00000000790,20231101020000,0.115,0.018,0.01,0.0,0.0,0.0,1.0,4,0.0,0.0,15.65,8.7,589268
2023-11-01 03:00:00,00000000790,20231101030000,0.057,0.0,0.019,0.0,0.0,0.0,1.0,4,0.0,0.0,0.0,33.33,589268
2023-11-01 04:00:00,00000000790,20231101040000,0.107,0.018,0.01,0.0,0.0,0.0,1.0,4,0.0,0.0,16.82,9.35,589268
2023-11-01 05:00:00,00000000790,20231101050000,0.044,0.0,0.02,0.0,0.0,0.0,1.0,4,0.0,0.0,0.0,45.45,589268
2023-11-01 06:00:00,00000000790,20231101060000,0.07,0.019,0.009,0.0,0.0,0.0,1.0,4,0.0,0.0,27.14,12.86,589268
2023-11-01 07:00:00,00000000790,20231101070000,0.014,0.0,0.019,0.0,0.0,0.0,1.0,4,0.0,0.0,0.0,135.71,589268
2023-11-01 08:00:00,00000000790,20231101080000,0.07,0.018,0.009,0.0,0.0,0.0,1.0,4,0.0,0.0,25.71,12.86,589268
2023-11-01 09:00:00,00000000790,20231101090000,0.016,0.0,0.019,0.0,0.0,0.0,1.0,4,0.0,0.0,0.0,118.75,589268
2023-11-01 10:00:00,00000000790,20231101100000,0.426,0.018,0.01,0.0,0.0,0.0,1.0,4,0.0,0.0,4.23,2.35,589268
2023-11-01 11:00:00,00000000790,20231101110000,0.108,0.001,0.019,0.0,0.0,0.0,1.0,4,0.0,0.0,0.93,17.59,589268
2023-11-01 12:00:00,00000000790,20231101120000,0.067,0.017,0.009,0.0,0.0,0.0,1.0,4,0.0,0.0,25.37,13.43,589268
2023-11-01 13:00:00,00000000790,20231101130000,0.537,0.003,0.014,0.0,0.0,0.0,1.0,4,0.0,0.0,0.56,2.61,589268
2023-11-01 14:00:00,00000000790,20231101140000,0.268,0.025,0.012,0.0,0.0,0.0,1.0,4,0.0,0.0,9.33,4.48,589268
2023-11-01 15:00:00,00000000790,20231101150000,0.248,0.03,0.019,0.0,0.0,0.0,1.0,4,0.0,0.0,12.1,7.66,589268
2023-11-01 16:00:00,00000000790,20231101160000,0.274,0.062,0.013,0.0,0.0,0.0,1.0,4,0.0,0.0,22.63,4.74,589268
2023-11-01 17:00:00,00000000790,20231101170000,0.354,0.033,0.018,0.0,0.0,0.0,1.0,4,0.0,0.0,9.32,5.08,589268
2023-11-01 18:00:00,00000000790,20231101180000,0.086,0.009,0.017,0.0,0.0,0.0,1.0,4,0.0,0.0,10.47,19.77,589268
2023-11-01 19:00:00,00000000790,20231101190000,0.405,0.011,0.016,0.0,0.0,0.0,1.0,4,0.0,0.0,2.72,3.95,589268
2023-11-01 20:00:00,00000000790,20231101200000,0.385,0.007,0.014,0.0,0.0,0.0,1.0,4,0.0,0.0,1.82,3.64,589268
2023-11-01 21:00:00,00000000790,20231101210000,0.136,0.01,0.014,0.0,0.0,0.0,1.0,4,0.0,0.0,7.35,10.29,589268
2023-11-01 22:00:00,00000000790,20231101220000,0.121,0.009,0.013,0.0,0.0,0.0,1.0,4,0.0,0.0,7.44,10.74,589268
2023-11-01 23:00:00,00000000790,20231101230000,0.118,0.016,0.011,0.0,0.0,0.0,1.0,4,0.0,0.0,13.56,9.32,589268
2023-11-02 00:00:00,00000000790,20231102000000,0.49,0.104,0.023,0.0,0.0,0.0,1.0,4,0.0,0.0,21.22,4.69,589268
2023-11-02 01:00:00,00000000790,20231102010000,1.154,0.107,0.01,0.0,0.0,0.0,1.0,4,0.0,0.0,9.27,0.87,589268
2023-11-02 02:00:00,00000000790,20231102020000,0.085,0.009,0.014,0.0,0.0,0.0,1.0,4,0.0,0.0,10.59,16.47,589268
2023-11-02 03:00:00,00000000790,20231102030000,0.063,0.003,0.019,0.0,0.0,0.0,1.0,4,0.0,0.0,4.76,30.16,589268
2023-11-02 04:00:00,00000000790,20231102040000,0.08,0.008,0.016,0.0,0.0,0.0,1.0,4,0.0,0.0,10.0,20.0,589268
2023-11-02 05:00:00,00000000790,20231102050000,0.117,0.02,0.008,0.0,0.0,0.0,1.0,4,0.0,0.0,17.09,6.84,589268
2023-11-02 06:00:00,00000000790,20231102060000,0.112,0.017,0.01,0.0,0.0,0.0,1.0,4,0.0,0.0,15.18,8.93,589268
2023-11-02 07:00:00,00000000790,20231102070000,0.111,0.017,0.01,0.0,0.0,0.0,1.0,4,0.0,0.0,15.32,9.01,589268
2023-11-02 08:00:00,00000000790,20231102080000,0.108,0.016,0.011,0.0,0.0,0.0,1.0,4,0.0,0.0,14.81,10.19,589268
2023-11-02 09:00:00,00000000790,20231102090000,0.537,0.015,0.01,0.0,0.0,0.0,1.0,4,0.0,0.0,2.79,1.86,589268
2023-11-02 10:00:00,00000000790,20231102100000,0.359,0.014,0.011,0.0,0.0,0.0,1.0,4,0.0,0.0,3.9,3.06,589268
2023-11-02 11:00:00,00000000790,20231102110000,0.445,0.013,0.011,0.0,0.0,0.0,1.0,4,0.0,0.0,2.92,2.47,589268
2023-11-02 12:00:00,00000000790,20231102120000,0.097,0.013,0.012,0.0,0.0,0.0,1.0,4,0.0,0.0,13.4,12.37,589268
2023-11-02 13:00:00,00000000790,20231102130000,0.048,0.012,0.009,0.0,0.0,0.0,1.0,4,0.0,0.0,25.0,18.75,589268
2023-11-02 14:00:00,00000000790,20231102140000,0.01,0.0,0.01,0.0,0.0,0.0,1.0,4,0.0,0.0,0.0,100.0,589268
2023-11-02 15:00:00,00000000790,20231102150000,0.03,0.012,0.006,0.0,0.0,0.0,1.0,4,0.0,0.0,40.0,20.0,589268
2023-11-02 16:00:00,00000000790,20231102160000,0.026,0.01,0.007,0.0,0.0,0.0,1.0,4,0.0,0.0,38.46,26.92,589268
2023-11-02 17:00:00,00000000790,20231102170000,0.006,0.003,0.009,0.0,0.0,0.0,1.0,4,0.0,0.0,50.0,150.0,589268
2023-11-02 18:00:00,00000000790,20231102180000,0.506,0.01,0.012,0.0,0.0,0.0,1.0,4,0.0,0.0,1.98,2.37,589268
2023-11-02 19:00:00,00000000790,20231102190000,0.771,0.099,0.003,0.0,0.0,0.0,1.0,4,0.0,0.0,12.84,0.39,589268
2023-11-02 20:00:00,00000000790,20231102200000,0.741,0.096,0.002,0.0,0.0,0.0,1.0,4,0.0,0.0,12.96,0.27,589268
2023-11-02 21:00:00,00000000790,20231102210000,0.573,0.082,0.006,0.0,0.0,0.0,1.0,4,0.0,0.0,14.31,1.05,589268
2023-11-02 22:00:00,00000000790,20231102220000,0.812,0.092,0.003,0.0,0.0,0.0,1.0,4,0.0,0.0,11.33,0.37,589268
2023-11-02 23:00:00,00000000790,20231102230000,0.429,0.071,0.004,0.0,0.0,0.0,1.0,4,0.0,0.0,16.55,0.93,589268
2023-11-03 00:00:00,00000000790,20231103000000,0.539,0.084,0.004,0.0,0.0,0.0,1.0,4,0.0,0.0,15.58,0.74,589268
2023-11-03 01:00:00,00000000790,20231103010000,0.26,0.024,0.016,0.0,0.0,0.0,1.0,4,0.0,0.0,9.23,6.15,589268
2023-11-03 02:00:00,00000000790,20231103020000,0.106,0.024,0.006,0.0,0.0,0.0,1.0,4,0.0,0.0,22.64,5.66,589268
2023-11-03 03:00:00,00000000790,20231103030000,0.075,0.018,0.009,0.0,0.0,0.0,1.0,4,0.0,0.0,24.0,12.0,589268
2023-11-03 04:00:00,00000000790,20231103040000,0.049,0.009,0.014,0.0,0.0,0.0,1.0,4,0.0,0.0,18.37,28.57,589268
2023-11-03 05:00:00,00000000790,20231103050000,0.048,0.009,0.014,0.0,0.0,0.0,1.0,4,0.0,0.0,18.75,29.17,589268
2023-11-03 06:00:00,00000000790,20231103060000,0.07,0.017,0.01,0.0,0.0,0.0,1.0,4,0.0,0.0,24.29,14.29,589268
2023-11-03 07:00:00,00000000790,20231103070000,0.084,0.016,0.009,0.0,0.0,0.0,1.0,4,0.0,0.0,19.05,10.71,589268
2023-11-03 08:00:00,00000000790,20231103080000,0.341,0.012,0.013,0.0,0.0,0.0,1.0,4,0.0,0.0,3.52,3.81,589268
2023-11-03 09:00:00,00000000790,20231103090000,0.085,0.006,0.015,0.0,0.0,0.0,1.0,4,0.0,0.0,7.06,17.65,589268
2023-11-03 10:00:00,00000000790,20231103100000,0.521,0.001,0.018,0.0,0.0,0.0,1.0,4,0.0,0.0,0.19,3.45,589268
2023-11-03 11:00:00,00000000790,20231103110000,0.287,0.01,0.013,0.0,0.0,0.0,1.0,4,0.0,0.0,3.48,4.53,589268
2023-11-03 12:00:00,00000000790,20231103120000,0.06,0.015,0.012,0.0,0.0,0.0,1.0,4,0.0,0.0,25.0,20.0,589268
2023-11-03 13:00:00,00000000790,20231103130000,0.002,0.0,0.02,0.0,0.0,0.0,1.0,4,0.0,0.0,0.0,1000.0,589268
2023-11-03 14:00:00,00000000790,20231103140000,0.218,0.016,0.013,0.0,0.0,0.0,1.0,4,0.0,0.0,7.34,5.96,589268
2023-11-03 15:00:00,00000000790,20231103150000,0.065,0.047,0.0,0.0,0.0,0.0,1.0,4,0.0,0.0,72.31,0.0,589268
2023-11-03 16:00:00,00000000790,20231103160000,0.485,0.069,0.0,0.0,0.0,0.0,1.0,4,0.0,0.0,14.23,0.0,589268
2023-11-03 17:00:00,00000000790,20231103170000,0.098,0.037,0.002,0.0,0.0,0.0,1.0,4,0.0,0.0,37.76,2.04,589268
2023-11-03 18:00:00,00000000790,20231103180000,0.118,0.021,0.005,0.0,0.0,0.0,1.0,4,0.0,0.0,17.8,4.24,589268
2023-11-03 19:00:00,00000000790,20231103190000,0.166,0.027,0.001,0.0,0.0,0.0,1.0,4,0.0,0.0,16.27,0.6,589268
2023-11-03 20:00:00,00000000790,20231103200000,0.176,0.029,0.005,0.0,0.0,0.0,1.0,4,0.0,0.0,16.48,2.84,589268
2023-11-03 21:00:00,00000000790,20231103210000,0.575,0.095,0.002,0.0,0.0,0.0,1.0,4,0.0,0.0,16.52,0.35,589268
2023-11-03 22:00:00,00000000790,20231103220000,0.421,0.067,0.005,0.0,0.0,0.0,1.0,4,0.0,0.0,15.91,1.19,589268
2023-11-03 23:00:00,00000000790,20231103230000,0.651,0.046,0.021,0.0,0.0,0.0,1.0,4,0.0,0.0,7.07,3.23,589268
2023-11-04 00:00:00,00000000790,20231104000000,0.199,0.015,0.037,0.0,0.0,0.0,1.0,4,0.0,0.0,7.54,18.59,589268
2023-11-04 01:00:00,00000000790,20231104010000,0.114,0.0,0.026,0.0,0.0,0.0,1.0,4,0.0,0.0,0.0,22.81,589268
2023-11-04 02:00:00,00000000790,20231104020000,0.064,0.0,0.055,0.0,0.0,0.0,1.0,4,0.0,0.0,0.0,85.94,589268
2023-11-04 03:00:00,00000000790,20231104030000,0.144,0.0,0.03,0.0,0.0,0.0,1.0,4,0.0,0.0,0.0,20.83,589268
2023-11-04 04:00:00,00000000790,20231104040000,0.043,0.0,0.052,0.0,0.0,0.0,1.0,4,0.0,0.0,0.0,120.93,589268
2023-11-04 05:00:00,00000000790,20231104050000,0.048,0.0,0.039,0.0,0.0,0.0,1.0,4,0.0,0.0,0.0,81.25,589268
2023-11-04 06:00:00,00000000790,20231104060000,0.033,0.0,0.047,0.0,0.0,0.0,1.0,4,0.0,0.0,0.0,142.42,589268
2023-11-04 07:00:00,00000000790,20231104070000,0.054,0.001,0.036,0.0,0.0,0.0,1.0,4,0.0,0.0,1.85,66.67,589268
2023-11-04 08:00:00,00000000790,20231104080000,0.591,0.0,0.043,0.0,0.0,0.0,1.0,4,0.0,0.0,0.0,7.28,589268
2023-11-04 09:00:00,00000000790,20231104090000,0.449,0.019,0.008,0.0,0.0,0.0,1.0,4,0.0,0.0,4.23,1.78,589268
2023-11-04 10:00:00,00000000790,20231104100000,0.056,0.001,0.02,0.0,0.0,0.0,1.0,4,0.0,0.0,1.79,35.71,589268
2023-11-04 11:00:00,00000000790,20231104110000,0.343,0.024,0.005,0.0,0.0,0.0,1.0,4,0.0,0.0,7.0,1.46,589268
2023-11-04 12:00:00,00000000790,20231104120000,0.132,0.014,0.011,0.0,0.0,0.0,1.0,4,0.0,0.0,10.61,8.33,589268
2023-11-04 13:00:00,00000000790,20231104130000,0.137,0.015,0.011,0.0,0.0,0.0,1.0,4,0.0,0.0,10.95,8.03,589268
2023-11-04 14:00:00,00000000790,20231104140000,0.104,0.018,0.009,0.0,0.0,0.0,1.0,4,0.0,0.0,17.31,8.65,589268
2023-11-04 15:00:00,00000000790,20231104150000,0.045,0.009,0.006,0.0,0.0,0.0,1.0,4,0.0,0.0,20.0,13.33,589268
2023-11-04 16:00:00,00000000790,20231104160000,0.0,0.0,0.0,0.0,0.0,0.0,1.0,4,0.0,0.0,,,589268
2023-11-04 17:00:00,00000000790,20231104170000,0.0,0.0,0.0,0.0,0.0,0.0,1.0,4,0.0,0.0,,,589268
2023-11-04 18:00:00,00000000790,20231104180000,0.0,0.0,0.0,0.0,0.0,0.0,1.0,4,0.0,0.0,,,589268
2023-11-04 19:00:00,00000000790,20231104190000,0.0,0.0,0.0,0.0,0.0,0.0,1.0,4,0.0,0.0,,,589268
2023-11-04 20:00:00,00000000790,20231104200000,0.403,0.015,0.001,0.0,0.0,0.0,1.0,4,0.0,0.0,3.72,0.25,589268
2023-11-04 21:00:00,00000000790,20231104210000,0.795,0.07,0.003,0.0,0.0,0.0,1.0,4,0.0,0.0,8.81,0.38,589268
2023-11-04 22:00:00,00000000790,20231104220000,0.709,0.059,0.014,0.0,0.0,0.0,1.0,4,0.0,0.0,8.32,1.97,589268
2023-11-04 23:00:00,00000000790,20231104230000,0.789,0.076,0.013,0.0,0.0,0.0,1.0,4,0.0,0.0,9.63,1.65,589268
2023-11-05 00:00:00,00000000790,20231105000000,0.446,0.042,0.036,0.0,0.0,0.0,1.0,4,0.0,0.0,9.42,8.07,589268
2023-11-05 01:00:00,00000000790,20231105010000,0.135,0.007,0.054,0.0,0.0,0.0,1.0,4,0.0,0.0,5.19,40.0,589268
2023-11-05 02:00:00,00000000790,20231105020000,0.066,0.0,0.055,0.0,0.0,0.0,1.0,4,0.0,0.0,0.0,83.33,589268
2023-11-05 03:00:00,00000000790,20231105030000,0.057,0.0,0.056,0.0,0.0,0.0,1.0,4,0.0,0.0,0.0,98.25,589268
2023-11-05 04:00:00,00000000790,20231105040000,0.056,0.0,0.055,0.0,0.0,0.0,1.0,4,0.0,0.0,0.0,98.21,589268
2023-11-05 05:00:00,00000000790,20231105050000,0.056,0.0,0.054,0.0,0.0,0.0,1.0,4,0.0,0.0,0.0,96.43,589268
2023-11-05 06:00:00,00000000790,20231105060000,0.576,0.015,0.05,0.0,0.0,0.0,1.0,4,0.0,0.0,2.6,8.68,589268
2023-11-05 07:00:00,00000000790,20231105070000,0.478,0.045,0.003,0.0,0.0,0.0,1.0,4,0.0,0.0,9.41,0.63,589268
2023-11-05 08:00:00,00000000790,20231105080000,0.0,0.0,0.0,0.0,0.0,0.0,1.0,4,0.0,0.0,,,589268
2023-11-05 09:00:00,00000000790,20231105090000,0.0,0.0,0.0,0.0,0.0,0.0,1.0,4,0.0,0.0,,,589268
2023-11-05 10:00:00,00000000790,20231105100000,0.0,0.0,0.0,0.0,0.0,0.0,1.0,4,0.0,0.0,,,589268
2023-11-05 11:00:00,00000000790,20231105110000,0.0,0.0,0.0,0.0,0.0,0.0,1.0,4,0.0,0.0,,,589268
2023-11-05 12:00:00,00000000790,20231105120000,0.0,0.0,0.0,0.0,0.0,0.0,1.0,4,0.0,0.0,,,589268
2023-11-05 13:00:00,00000000790,20231105130000,0.0,0.0,0.0,0.0,0.0,0.0,1.0,4,0.0,0.0,,,589268
2023-11-05 14:00:00,00000000790,20231105140000,0.0,0.0,0.0,0.0,0.0,0.0,1.0,4,0.0,0.0,,,589268
2023-11-05 15:00:00,00000000790,20231105150000,0.0,0.0,0.0,0.0,0.0,0.0,1.0,4,0.0,0.0,,,589268
2023-11-05 16:00:00,00000000790,20231105160000,0.0,0.0,0.0,0.0,0.0,0.0,1.0,4,0.0,0.0,,,589268
2023-11-05 17:00:00,00000000790,20231105170000,0.0,0.0,0.0,0.0,0.0,0.0,1.0,4,0.0,0.0,,,589268
2023-11-05 18:00:00,00000000790,20231105180000,0.0,0.0,0.0,0.0,0.0,0.0,1.0,4,0.0,0.0,,,589268
2023-11-05 19:00:00,00000000790,20231105190000,0.0,0.0,0.0,0.0,0.0,0.0,1.0,4,0.0,0.0,,,589268
2023-11-05 20:00:00,00000000790,20231105200000,0.0,0.0,0.0,0.0,0.0,0.0,1.0,4,0.0,0.0,,,589268
2023-11-05 21:00:00,00000000790,20231105210000,0.0,0.0,0.0,0.0,0.0,0.0,1.0,4,0.0,0.0,,,589268
2023-11-05 22:00:00,00000000790,20231105220000,0.997,0.056,0.002,0.0,0.0,0.0,1.0,4,0.0,0.0,5.62,0.2,589268
2023-11-05 23:00:00,00000000790,20231105230000,0.881,0.039,0.011,0.0,0.0,0.0,1.0,4,0.0,0.0,4.43,1.25,589268
2023-11-06 00:00:00,00000000790,20231106000000,1.597,0.042,0.01,0.0,0.0,0.0,1.0,4,0.0,0.0,2.63,0.63,589268
2023-11-06 01:00:00,00000000790,20231106010000,0.187,0.024,0.017,0.0,0.0,0.0,1.0,4,0.0,0.0,12.83,9.09,589268
2023-11-06 02:00:00,00000000790,20231106020000,0.016,0.0,0.019,0.0,0.0,0.0,1.0,4,0.0,0.0,0.0,118.75,589268
2023-11-06 03:00:00,00000000790,20231106030000,0.014,0.0,0.018,0.0,0.0,0.0,1.0,4,0.0,0.0,0.0,128.57,589268
2023-11-06 04:00:00,00000000790,20231106040000,0.014,0.0,0.018,0.0,0.0,0.0,1.0,4,0.0,0.0,0.0,128.57,589268
2023-11-06 05:00:00,00000000790,20231106050000,0.013,0.0,0.018,0.0,0.0,0.0,1.0,4,0.0,0.0,0.0,138.46,589268
2023-11-06 06:00:00,00000000790,20231106060000,0.014,0.0,0.018,0.0,0.0,0.0,1.0,4,0.0,0.0,0.0,128.57,589268
2023-11-06 07:00:00,00000000790,20231106070000,0.311,0.0,0.018,0.0,0.0,0.0,1.0,4,0.0,0.0,0.0,5.79,589268
2023-11-06 08:00:00,00000000790,20231106080000,0.013,0.0,0.018,0.0,0.0,0.0,1.0,4,0.0,0.0,0.0,138.46,589268
2023-11-06 09:00:00,00000000790,20231106090000,0.014,0.0,0.018,0.0,0.0,0.0,1.0,4,0.0,0.0,0.0,128.57,589268
2023-11-06 10:00:00,00000000790,20231106100000,0.913,0.0,0.017,0.0,0.0,0.0,1.0,4,0.0,0.0,0.0,1.86,589268
2023-11-06 11:00:00,00000000790,20231106110000,0.173,0.0,0.017,0.0,0.0,0.0,1.0,4,0.0,0.0,0.0,9.83,589268
2023-11-06 12:00:00,00000000790,20231106120000,0.001,0.0,0.018,0.0,0.0,0.0,1.0,4,0.0,0.0,0.0,1800.0,589268
2023-11-06 13:00:00,00000000790,20231106130000,0.118,0.012,0.013,0.0,0.0,0.0,1.0,4,0.0,0.0,10.17,11.02,589268
2023-11-06 14:00:00,00000000790,20231106140000,0.118,0.047,0.0,0.0,0.0,0.0,1.0,4,0.0,0.0,39.83,0.0,589268
2023-11-06 15:00:00,00000000790,20231106150000,0.064,0.046,0.0,0.0,0.0,0.0,1.0,4,0.0,0.0,71.88,0.0,589268
2023-11-06 16:00:00,00000000790,20231106160000,0.063,0.046,0.0,0.0,0.0,0.0,1.0,4,0.0,0.0,73.02,0.0,589268
2023-11-06 17:00:00,00000000790,20231106170000,0.07,0.046,0.0,0.0,0.0,0.0,1.0,4,0.0,0.0,65.71,0.0,589268
2023-11-06 18:00:00,00000000790,20231106180000,0.586,0.096,0.0,0.0,0.0,0.0,1.0,4,0.0,0.0,16.38,0.0,589268
2023-11-06 19:00:00,00000000790,20231106190000,0.546,0.239,0.0,0.0,0.0,0.0,1.0,4,0.0,0.0,43.77,0.0,589268
2023-11-06 20:00:00,00000000790,20231106200000,0.32,0.039,0.0,0.0,0.0,0.0,1.0,4,0.0,0.0,12.19,0.0,589268
2023-11-06 21:00:00,00000000790,20231106210000,0.406,0.03,0.0,0.0,0.0,0.0,1.0,4,0.0,0.0,7.39,0.0,589268
2023-11-06 22:00:00,00000000790,20231106220000,0.17,0.029,0.0,0.0,0.0,0.0,1.0,4,0.0,0.0,17.06,0.0,589268
2023-11-06 23:00:00,00000000790,20231106230000,0.163,0.03,0.0,0.0,0.0,0.0,1.0,4,0.0,0.0,18.4,0.0,589268
2023-11-07 00:00:00,00000000790,20231107000000,0.139,0.017,0.009,0.0,0.0,0.0,1.0,4,0.0,0.0,12.23,6.47,589268
2023-11-07 01:00:00,00000000790,20231107010000,0.071,0.016,0.01,0.0,0.0,0.0,1.0,4,0.0,0.0,22.54,14.08,589268
2023-11-07 02:00:00,00000000790,20231107020000,0.329,0.014,0.011,0.0,0.0,0.0,1.0,4,0.0,0.0,4.26,3.34,589268
2023-11-07 03:00:00,00000000790,20231107030000,0.055,0.014,0.013,0.0,0.0,0.0,1.0,4,0.0,0.0,25.45,23.64,589268
2023-11-07 04:00:00,00000000790,20231107040000,0.064,0.016,0.011,0.0,0.0,0.0,1.0,4,0.0,0.0,25.0,17.19,589268
2023-11-07 05:00:00,00000000790,20231107050000,0.061,0.015,0.011,0.0,0.0,0.0,1.0,4,0.0,0.0,24.59,18.03,589268
2023-11-07 06:00:00,00000000790,20231107060000,0.059,0.014,0.012,0.0,0.0,0.0,1.0,4,0.0,0.0,23.73,20.34,589268
2023-11-07 07:00:00,00000000790,20231107070000,0.026,0.004,0.018,0.0,0.0,0.0,1.0,4,0.0,0.0,15.38,69.23,589268
2023-11-07 08:00:00,00000000790,20231107080000,0.056,0.011,0.012,0.0,0.0,0.0,1.0,4,0.0,0.0,19.64,21.43,589268
2023-11-07 09:00:00,00000000790,20231107090000,0.117,0.019,0.008,0.0,0.0,0.0,1.0,4,0.0,0.0,16.24,6.84,589268
2023-11-07 10:00:00,00000000790,20231107100000,0.652,0.008,0.013,0.0,0.0,0.0,1.0,4,0.0,0.0,1.23,1.99,589268
2023-11-07 11:00:00,00000000790,20231107110000,0.175,0.012,0.012,0.0,0.0,0.0,1.0,4,0.0,0.0,6.86,6.86,589268
2023-11-07 12:00:00,00000000790,20231107120000,0.062,0.015,0.011,0.0,0.0,0.0,1.0,4,0.0,0.0,24.19,17.74,589268
2023-11-07 13:00:00,00000000790,20231107130000,0.079,0.034,0.008,0.0,0.0,0.0,1.0,4,0.0,0.0,43.04,10.13,589268
2023-11-07 14:00:00,00000000790,20231107140000,0.104,0.06,0.0,0.0,0.0,0.0,1.0,4,0.0,0.0,57.69,0.0,589268
2023-11-07 15:00:00,00000000790,20231107150000,0.094,0.05,0.0,0.0,0.0,0.0,1.0,4,0.0,0.0,53.19,0.0,589268
2023-11-07 16:00:00,00000000790,20231107160000,0.39,0.067,0.0,0.0,0.0,0.0,1.0,4,0.0,0.0,17.18,0.0,589268
2023-11-07 17:00:00,00000000790,20231107170000,0.127,0.053,0.0,0.0,0.0,0.0,1.0,4,0.0,0.0,41.73,0.0,589268
2023-11-07 18:00:00,00000000790,20231107180000,0.623,0.061,0.001,0.0,0.0,0.0,1.0,4,0.0,0.0,9.79,0.16,589268
2023-11-07 19:00:00,00000000790,20231107190000,0.329,0.012,0.012,0.0,0.0,0.0,1.0,4,0.0,0.0,3.65,3.65,589268
2023-11-07 20:00:00,00000000790,20231107200000,0.15,0.014,0.011,0.0,0.0,0.0,1.0,4,0.0,0.0,9.33,7.33,589268
2023-11-07 21:00:00,00000000790,20231107210000,0.09,0.001,0.019,0.0,0.0,0.0,1.0,4,0.0,0.0,1.11,21.11,589268
2023-11-07 22:00:00,00000000790,20231107220000,0.358,0.012,0.012,0.0,0.0,0.0,1.0,4,0.0,0.0,3.35,3.35,589268
2023-11-07 23:00:00,00000000790,20231107230000,0.106,0.009,0.014,0.0,0.0,0.0,1.0,4,0.0,0.0,8.49,13.21,589268
2023-11-08 00:00:00,00000000790,20231108000000,0.1,0.003,0.022,0.0,0.0,0.0,1.0,4,0.0,0.0,3.0,22.0,589268
2023-11-08 01:00:00,00000000790,20231108010000,0.171,0.016,0.012,0.0,0.0,0.0,1.0,4,0.0,0.0,9.36,7.02,589268
2023-11-08 02:00:00,00000000790,20231108020000,0.027,0.004,0.017,0.0,0.0,0.0,1.0,4,0.0,0.0,14.81,62.96,589268
2023-11-08 03:00:00,00000000790,20231108030000,0.05,0.011,0.013,0.0,0.0,0.0,1.0,4,0.0,0.0,22.0,26.0,589268
2023-11-08 04:00:00,00000000790,20231108040000,0.05,0.011,0.014,0.0,0.0,0.0,1.0,4,0.0,0.0,22.0,28.0,589268
2023-11-08 05:00:00,00000000790,20231108050000,0.047,0.01,0.014,0.0,0.0,0.0,1.0,4,0.0,0.0,21.28,29.79,589268
2023-11-08 06:00:00,00000000790,20231108060000,0.288,0.004,0.017,0.0,0.0,0.0,1.0,4,0.0,0.0,1.39,5.9,589268
2023-11-08 07:00:00,00000000790,20231108070000,0.034,0.007,0.015,0.0,0.0,0.0,1.0,4,0.0,0.0,20.59,44.12,589268
2023-11-08 08:00:00,00000000790,20231108080000,0.048,0.01,0.013,0.0,0.0,0.0,1.0,4,0.0,0.0,20.83,27.08,589268
2023-11-08 09:00:00,00000000790,20231108090000,0.636,0.02,0.008,0.0,0.0,0.0,1.0,4,0.0,0.0,3.14,1.26,589268
2023-11-08 10:00:00,00000000790,20231108100000,0.193,0.021,0.007,0.0,0.0,0.0,1.0,4,0.0,0.0,10.88,3.63,589268
2023-11-08 11:00:00,00000000790,20231108110000,0.053,0.014,0.01,0.0,0.0,0.0,1.0,4,0.0,0.0,26.42,18.87,589268
2023-11-08 12:00:00,00000000790,20231108120000,0.071,0.016,0.017,0.0,0.0,0.0,1.0,4,0.0,0.0,22.54,23.94,589268
2023-11-08 13:00:00,00000000790,20231108130000,0.18,0.005,0.026,0.0,0.0,0.0,1.0,4,0.0,0.0,2.78,14.44,589268
2023-11-08 14:00:00,00000000790,20231108140000,0.222,0.006,0.021,0.0,0.0,0.0,1.0,4,0.0,0.0,2.7,9.46,589268
2023-11-08 15:00:00,00000000790,20231108150000,0.048,0.017,0.005,0.0,0.0,0.0,1.0,4,0.0,0.0,35.42,10.42,589268
2023-11-08 16:00:00,00000000790,20231108160000,0.193,0.022,0.007,0.0,0.0,0.0,1.0,4,0.0,0.0,11.4,3.63,589268
2023-11-08 17:00:00,00000000790,20231108170000,0.031,0.006,0.014,0.0,0.0,0.0,1.0,4,0.0,0.0,19.35,45.16,589268
2023-11-08 18:00:00,00000000790,20231108180000,0.063,0.008,0.013,0.0,0.0,0.0,1.0,4,0.0,0.0,12.7,20.63,589268
2023-11-08 19:00:00,00000000790,20231108190000,0.509,0.001,0.023,0.0,0.0,0.0,1.0,4,0.0,0.0,0.2,4.52,589268
2023-11-08 20:00:00,00000000790,20231108200000,0.24,0.007,0.015,0.0,0.0,0.0,1.0,4,0.0,0.0,2.92,6.25,589268
2023-11-08 21:00:00,00000000790,20231108210000,0.355,0.016,0.012,0.0,0.0,0.0,1.0,4,0.0,0.0,4.51,3.38,589268
2023-11-08 22:00:00,00000000790,20231108220000,0.096,0.009,0.014,0.0,0.0,0.0,1.0,4,0.0,0.0,9.37,14.58,589268
2023-11-08 23:00:00,00000000790,20231108230000,0.34,0.004,0.021,0.0,0.0,0.0,1.0,4,0.0,0.0,1.18,6.18,589268
2023-11-09 00:00:00,00000000790,20231109000000,0.742,0.019,0.003,0.0,0.0,0.0,1.0,4,0.0,0.0,2.56,0.4,589268
2023-11-09 01:00:00,00000000790,20231109010000,0.974,0.024,0.0,0.0,0.0,0.0,1.0,4,0.0,0.0,2.46,0.0,589268
2023-11-09 02:00:00,00000000790,20231109020000,0.123,0.002,0.02,0.0,0.0,0.0,1.0,4,0.0,0.0,1.63,16.26,589268
2023-11-09 03:00:00,00000000790,20231109030000,0.352,0.027,0.003,0.0,0.0,0.0,1.0,4,0.0,0.0,7.67,0.85,589268
2023-11-09 04:00:00,00000000790,20231109040000,0.337,0.002,0.024,0.0,0.0,0.0,1.0,4,0.0,0.0,0.59,7.12,589268
2023-11-15 23:00:00,00000000790,20231115230000,0.0,0.0,0.0,0.0,0.0,0.0,1.0,4,0.0,0.0,,,589268
2023-11-16 00:00:00,00000000790,20231116000000,0.0,0.0,0.0,0.0,0.0,0.0,1.0,4,0.0,0.0,,,589268
2023-11-16 01:00:00,00000000790,20231116010000,0.0,0.0,0.0,0.0,0.0,0.0,1.0,4,0.0,0.0,,,589268
2023-11-16 02:00:00,00000000790,20231116020000,0.0,0.0,0.0,0.0,0.0,0.0,1.0,4,0.0,0.0,,,589268
2023-11-16 03:00:00,00000000790,20231116030000,0.0,0.0,0.0,0.0,0.0,0.0,1.0,4,0.0,0.0,,,589268
2023-11-16 04:00:00,00000000790,20231116040000,0.0,0.0,0.0,0.0,0.0,0.0,1.0,4,0.0,0.0,,,589268
2023-11-16 05:00:00,00000000790,20231116050000,0.0,0.0,0.0,0.0,0.0,0.0,1.0,4,0.0,0.0,,,589268
2023-11-16 06:00:00,00000000790,20231116060000,0.0,0.0,0.0,0.0,0.0,0.0,1.0,4,0.0,0.0,,,589268
2023-11-16 07:00:00,00000000790,20231116070000,0.0,0.0,0.0,0.0,0.0,0.0,1.0,4,0.0,0.0,,,589268
2023-11-16 08:00:00,00000000790,20231116080000,0.0,0.0,0.0,0.0,0.0,0.0,1.0,4,0.0,0.0,,,589268
2023-11-16 09:00:00,00000000790,20231116090000,0.0,0.0,0.0,0.0,0.0,0.0,1.0,4,0.0,0.0,,,589268
2023-11-16 10:00:00,00000000790,20231116100000,0.0,0.0,0.0,0.0,0.0,0.0,1.0,4,0.0,0.0,,,589268
2023-11-16 11:00:00,00000000790,20231116110000,0.0,0.0,0.0,0.0,0.0,0.0,1.0,4,0.0,0.0,,,589268
2023-11-16 12:00:00,00000000790,20231116120000,0.0,0.0,0.0,0.0,0.0,0.0,1.0,4,0.0,0.0,,,589268
2023-11-16 13:00:00,00000000790,20231116130000,0.0,0.0,0.0,0.0,0.0,0.0,1.0,4,0.0,0.0,,,589268
2023-11-16 14:00:00,00000000790,20231116140000,0.0,0.0,0.0,0.0,0.0,0.0,1.0,4,0.0,0.0,,,589268
2023-11-16 15:00:00,00000000790,20231116150000,0.0,0.0,0.0,0.0,0.0,0.0,1.0,4,0.0,0.0,,,589268
2023-11-16 16:00:00,00000000790,20231116160000,0.0,0.0,0.0,0.0,0.0,0.0,1.0,4,0.0,0.0,,,589268
2023-11-16 17:00:00,00000000790,20231116170000,0.0,0.0,0.0,0.0,0.0,0.0,1.0,4,0.0,0.0,,,589268
2023-11-16 18:00:00,00000000790,20231116180000,0.0,0.0,0.0,0.0,0.0,0.0,1.0,4,0.0,0.0,,,589268
2023-11-16 19:00:00,00000000790,20231116190000,0.0,0.0,0.0,0.0,0.0,0.0,1.0,4,0.0,0.0,,,589268
2023-11-16 20:00:00,00000000790,20231116200000,0.0,0.0,0.0,0.0,0.0,0.0,1.0,4,0.0,0.0,,,589268
2023-11-16 21:00:00,00000000790,20231116210000,0.0,0.0,0.0,0.0,0.0,0.0,1.0,4,0.0,0.0,,,589268
2023-11-16 22:00:00,00000000790,20231116220000,0.0,0.0,0.0,0.0,0.0,0.0,1.0,4,0.0,0.0,,,589268
2023-11-16 23:00:00,00000000790,20231116230000,0.0,0.0,0.0,0.0,0.0,0.0,1.0,4,0.0,0.0,,,589268
2023-11-17 00:00:00,00000000790,20231117000000,0.0,0.0,0.0,0.0,0.0,0.0,1.0,4,0.0,0.0,,,589268
2023-11-17 01:00:00,00000000790,20231117010000,0.0,0.0,0.0,0.0,0.0,0.0,1.0,4,0.0,0.0,,,589268
2023-11-17 02:00:00,00000000790,20231117020000,0.0,0.0,0.0,0.0,0.0,0.0,1.0,4,0.0,0.0,,,589268
2023-11-17 03:00:00,00000000790,20231117030000,0.0,0.0,0.0,0.0,0.0,0.0,1.0,4,0.0,0.0,,,589268
2023-11-17 04:00:00,00000000790,20231117040000,0.0,0.0,0.0,0.0,0.0,0.0,1.0,4,0.0,0.0,,,589268
2023-11-17 05:00:00,00000000790,20231117050000,0.0,0.0,0.0,0.0,0.0,0.0,1.0,4,0.0,0.0,,,589268
2023-11-17 06:00:00,00000000790,20231117060000,0.0,0.0,0.0,0.0,0.0,0.0,1.0,4,0.0,0.0,,,589268
2023-11-17 07:00:00,00000000790,20231117070000,0.0,0.0,0.0,0.0,0.0,0.0,1.0,4,0.0,0.0,,,589268
2023-11-17 08:00:00,00000000790,20231117080000,0.0,0.0,0.0,0.0,0.0,0.0,1.0,4,0.0,0.0,,,589268
2023-11-17 09:00:00,00000000790,20231117090000,0.0,0.0,0.0,0.0,0.0,0.0,1.0,4,0.0,0.0,,,589268
2023-11-17 10:00:00,00000000790,20231117100000,0.0,0.0,0.0,0.0,0.0,0.0,1.0,4,0.0,0.0,,,589268
2023-11-17 11:00:00,00000000790,20231117110000,0.138,0.0,0.009,0.0,0.0,0.0,1.0,4,0.0,0.0,0.0,6.52,589268
2023-11-17 12:00:00,00000000790,20231117120000,2.027,0.186,0.005,0.0,0.0,0.0,1.0,4,0.0,0.0,9.18,0.25,589268
2023-11-17 13:00:00,00000000790,20231117130000,0.182,0.129,0.006,0.0,0.0,0.0,1.0,4,0.0,0.0,70.88,3.3,589268
2023-11-17 14:00:00,00000000790,20231117140000,0.548,0.031,0.007,0.0,0.0,0.0,1.0,4,0.0,0.0,5.66,1.28,589268
2023-11-17 15:00:00,00000000790,20231117150000,0.631,0.212,0.002,0.0,0.0,0.0,1.0,4,0.0,0.0,33.6,0.32,589268
2023-11-17 16:00:00,00000000790,20231117160000,0.837,0.131,0.003,0.0,0.0,0.0,1.0,4,0.0,0.0,15.65,0.36,589268
2023-11-17 17:00:00,00000000790,20231117170000,0.333,0.106,0.004,0.0,0.0,0.0,1.0,4,0.0,0.0,31.83,1.2,589268
2023-11-17 18:00:00,00000000790,20231117180000,0.738,0.22,0.006,0.0,0.0,0.0,1.0,4,0.0,0.0,29.81,0.81,589268
2023-11-17 19:00:00,00000000790,20231117190000,0.749,0.058,0.011,0.0,0.0,0.0,1.0,4,0.0,0.0,7.74,1.47,589268
2023-11-17 20:00:00,00000000790,20231117200000,0.951,0.171,0.007,0.0,0.0,0.0,1.0,4,0.0,0.0,17.98,0.74,589268
2023-11-17 21:00:00,00000000790,20231117210000,0.153,0.0,0.017,0.0,0.0,0.0,1.0,4,0.0,0.0,0.0,11.11,589268
2023-11-17 22:00:00,00000000790,20231117220000,1.391,0.146,0.011,0.0,0.0,0.0,1.0,4,0.0,0.0,10.5,0.79,589268
2023-11-17 23:00:00,00000000790,20231117230000,1.346,0.217,0.007,0.0,0.0,0.0,1.0,4,0.0,0.0,16.12,0.52,589268
2023-11-18 00:00:00,00000000790,20231118000000,0.263,0.014,0.013,0.0,0.0,0.0,1.0,4,0.0,0.0,5.32,4.94,589268
2023-11-18 01:00:00,00000000790,20231118010000,0.034,0.0,0.016,0.0,0.0,0.0,1.0,4,0.0,0.0,0.0,47.06,589268
2023-11-18 02:00:00,00000000790,20231118020000,0.062,0.002,0.009,0.0,0.0,0.0,1.0,4,0.0,0.0,3.23,14.52,589268
2023-11-18 03:00:00,00000000790,20231118030000,0.0,0.0,0.008,0.0,0.0,0.0,1.0,4,0.0,0.0,,,589268
2023-11-18 04:00:00,00000000790,20231118040000,0.0,0.0,0.007,0.0,0.0,0.0,1.0,4,0.0,0.0,,,589268
2023-11-18 05:00:00,00000000790,20231118050000,0.0,0.0,0.007,0.0,0.0,0.0,1.0,4,0.0,0.0,,,589268
2023-11-18 06:00:00,00000000790,20231118060000,0.001,0.0,0.008,0.0,0.0,0.0,1.0,4,0.0,0.0,0.0,800.0,589268
2023-11-18 07:00:00,00000000790,20231118070000,0.0,0.0,0.008,0.0,0.0,0.0,1.0,4,0.0,0.0,,,589268
2023-11-18 08:00:00,00000000790,20231118080000,0.267,0.0,0.007,0.0,0.0,0.0,1.0,4,0.0,0.0,0.0,2.62,589268
2023-11-18 09:00:00,00000000790,20231118090000,0.001,0.0,0.008,0.0,0.0,0.0,1.0,4,0.0,0.0,0.0,800.0,589268
2023-11-18 10:00:00,00000000790,20231118100000,1.12,0.094,0.005,0.0,0.0,0.0,1.0,4,0.0,0.0,8.39,0.45,589268
2023-11-18 11:00:00,00000000790,20231118110000,0.244,0.222,0.002,0.0,0.0,0.0,1.0,4,0.0,0.0,90.98,0.82,589268
2023-11-18 12:00:00,00000000790,20231118120000,0.619,0.054,0.006,0.0,0.0,0.0,1.0,4,0.0,0.0,8.72,0.97,589268
2023-11-18 13:00:00,00000000790,20231118130000,0.469,0.199,0.002,0.0,0.0,0.0,1.0,4,0.0,0.0,42.43,0.43,589268
2023-11-18 14:00:00,00000000790,20231118140000,0.403,0.024,0.006,0.0,0.0,0.0,1.0,4,0.0,0.0,5.96,1.49,589268
2023-11-18 15:00:00,00000000790,20231118150000,0.021,0.0,0.008,0.0,0.0,0.0,1.0,4,0.0,0.0,0.0,38.1,589268
2023-11-18 16:00:00,00000000790,20231118160000,0.525,0.046,0.005,0.0,0.0,0.0,1.0,4,0.0,0.0,8.76,0.95,589268
2023-11-18 17:00:00,00000000790,20231118170000,0.62,0.127,0.003,0.0,0.0,0.0,1.0,4,0.0,0.0,20.48,0.48,589268
2023-11-18 18:00:00,00000000790,20231118180000,0.444,0.183,0.005,0.0,0.0,0.0,1.0,4,0.0,0.0,41.22,1.13,589268
2023-11-18 19:00:00,00000000790,20231118190000,0.298,0.025,0.012,0.0,0.0,0.0,1.0,4,0.0,0.0,8.39,4.03,589268
2023-11-18 20:00:00,00000000790,20231118200000,0.015,0.0,0.012,0.0,0.0,0.0,1.0,4,0.0,0.0,0.0,80.0,589268
2023-11-18 21:00:00,00000000790,20231118210000,0.02,0.0,0.012,0.0,0.0,0.0,1.0,4,0.0,0.0,0.0,60.0,589268
2023-11-18 22:00:00,00000000790,20231118220000,0.016,0.0,0.012,0.0,0.0,0.0,1.0,4,0.0,0.0,0.0,75.0,589268
2023-11-18 23:00:00,00000000790,20231118230000,0.028,0.0,0.016,0.0,0.0,0.0,1.0,4,0.0,0.0,0.0,57.14,589268
2023-11-19 00:00:00,00000000790,20231119000000,0.067,0.001,0.012,0.0,0.0,0.0,1.0,4,0.0,0.0,1.49,17.91,589268
2023-11-19 01:00:00,00000000790,20231119010000,0.0,0.0,0.007,0.0,0.0,0.0,1.0,4,0.0,0.0,,,589268
2023-11-19 02:00:00,00000000790,20231119020000,0.258,0.0,0.008,0.0,0.0,0.0,1.0,4,0.0,0.0,0.0,3.1,589268
2023-11-19 03:00:00,00000000790,20231119030000,0.0,0.0,0.007,0.0,0.0,0.0,1.0,4,0.0,0.0,,,589268
2023-11-19 04:00:00,00000000790,20231119040000,0.0,0.0,0.008,0.0,0.0,0.0,1.0,4,0.0,0.0,,,589268
2023-11-19 05:00:00,00000000790,20231119050000,0.025,0.0,0.012,0.0,0.0,0.0,1.0,4,0.0,0.0,0.0,48.0,589268
2023-11-19 06:00:00,00000000790,20231119060000,0.015,0.0,0.012,0.0,0.0,0.0,1.0,4,0.0,0.0,0.0,80.0,589268
2023-11-19 07:00:00,00000000790,20231119070000,0.0,0.0,0.008,0.0,0.0,0.0,1.0,4,0.0,0.0,,,589268
2023-11-19 08:00:00,00000000790,20231119080000,0.0,0.0,0.007,0.0,0.0,0.0,1.0,4,0.0,0.0,,,589268
2023-11-19 09:00:00,00000000790,20231119090000,0.262,0.0,0.008,0.0,0.0,0.0,1.0,4,0.0,0.0,0.0,3.05,589268
2023-11-19 10:00:00,00000000790,20231119100000,0.385,0.03,0.006,0.0,0.0,0.0,1.0,4,0.0,0.0,7.79,1.56,589268
2023-11-19 11:00:00,00000000790,20231119110000,0.383,0.187,0.001,0.0,0.0,0.0,1.0,4,0.0,0.0,48.83,0.26,589268
2023-11-19 12:00:00,00000000790,20231119120000,0.065,0.004,0.007,0.0,0.0,0.0,1.0,4,0.0,0.0,6.15,10.77,589268
2023-11-19 13:00:00,00000000790,20231119130000,0.35,0.0,0.008,0.0,0.0,0.0,1.0,4,0.0,0.0,0.0,2.29,589268
2023-11-19 14:00:00,00000000790,20231119140000,0.016,0.0,0.007,0.0,0.0,0.0,1.0,4,0.0,0.0,0.0,43.75,589268
2023-11-19 15:00:00,00000000790,20231119150000,0.0,0.0,0.007,0.0,0.0,0.0,1.0,4,0.0,0.0,,,589268
2023-11-19 16:00:00,00000000790,20231119160000,0.0,0.0,0.007,0.0,0.0,0.0,1.0,4,0.0,0.0,,,589268
2023-11-19 17:00:00,00000000790,20231119170000,0.0,0.0,0.008,0.0,0.0,0.0,1.0,4,0.0,0.0,,,589268
2023-11-19 18:00:00,00000000790,20231119180000,0.0,0.0,0.006,0.0,0.0,0.0,1.0,4,0.0,0.0,,,589268
2023-11-19 19:00:00,00000000790,20231119190000,0.0,0.0,0.007,0.0,0.0,0.0,1.0,4,0.0,0.0,,,589268
2023-11-19 20:00:00,00000000790,20231119200000,0.0,0.0,0.007,0.0,0.0,0.0,1.0,4,0.0,0.0,,,589268
2023-11-19 21:00:00,00000000790,20231119210000,0.254,0.0,0.006,0.0,0.0,0.0,1.0,4,0.0,0.0,0.0,2.36,589268
2023-11-19 22:00:00,00000000790,20231119220000,0.0,0.0,0.007,0.0,0.0,0.0,1.0,4,0.0,0.0,,,589268
2023-11-19 23:00:00,00000000790,20231119230000,0.0,0.0,0.007,0.0,0.0,0.0,1.0,4,0.0,0.0,,,589268
2023-11-20 00:00:00,00000000790,20231120000000,0.0,0.0,0.008,0.0,0.0,0.0,1.0,4,0.0,0.0,,,589268
2023-11-20 01:00:00,00000000790,20231120010000,0.0,0.0,0.007,0.0,0.0,0.0,1.0,4,0.0,0.0,,,589268
2023-11-20 02:00:00,00000000790,20231120020000,0.0,0.0,0.008,0.0,0.0,0.0,1.0,4,0.0,0.0,,,589268
2023-11-20 03:00:00,00000000790,20231120030000,0.0,0.0,0.007,0.0,0.0,0.0,1.0,4,0.0,0.0,,,589268
2023-11-20 04:00:00,00000000790,20231120040000,0.0,0.0,0.008,0.0,0.0,0.0,1.0,4,0.0,0.0,,,589268
2023-11-20 05:00:00,00000000790,20231120050000,0.0,0.0,0.007,0.0,0.0,0.0,1.0,4,0.0,0.0,,,589268
2023-11-20 06:00:00,00000000790,20231120060000,0.256,0.0,0.007,0.0,0.0,0.0,1.0,4,0.0,0.0,0.0,2.73,589268
2023-11-20 07:00:00,00000000790,20231120070000,0.0,0.0,0.008,0.0,0.0,0.0,1.0,4,0.0,0.0,,,589268
2023-11-20 08:00:00,00000000790,20231120080000,0.0,0.0,0.007,0.0,0.0,0.0,1.0,4,0.0,0.0,,,589268
2023-11-20 09:00:00,00000000790,20231120090000,0.0,0.0,0.007,0.0,0.0,0.0,1.0,4,0.0,0.0,,,589268
2023-11-20 10:00:00,00000000790,20231120100000,0.0,0.0,0.007,0.0,0.0,0.0,1.0,4,0.0,0.0,,,589268
2023-11-20 11:00:00,00000000790,20231120110000,0.0,0.0,0.007,0.0,0.0,0.0,1.0,4,0.0,0.0,,,589268
2023-11-20 12:00:00,00000000790,20231120120000,0.0,0.0,0.008,0.0,0.0,0.0,1.0,4,0.0,0.0,,,589268
2023-11-20 13:00:00,00000000790,20231120130000,0.0,0.0,0.007,0.0,0.0,0.0,1.0,4,0.0,0.0,,,589268
2023-11-20 14:00:00,00000000790,20231120140000,0.0,0.0,0.007,0.0,0.0,0.0,1.0,4,0.0,0.0,,,589268
2023-11-20 15:00:00,00000000790,20231120150000,0.0,0.0,0.007,0.0,0.0,0.0,1.0,4,0.0,0.0,,,589268
2023-11-20 16:00:00,00000000790,20231120160000,0.253,0.0,0.007,0.0,0.0,0.0,1.0,4,0.0,0.0,0.0,2.77,589268
2023-11-20 17:00:00,00000000790,20231120170000,0.0,0.0,0.007,0.0,0.0,0.0,1.0,4,0.0,0.0,,,589268
2023-11-20 18:00:00,00000000790,20231120180000,0.0,0.0,0.007,0.0,0.0,0.0,1.0,4,0.0,0.0,,,589268
2023-11-20 19:00:00,00000000790,20231120190000,0.0,0.0,0.007,0.0,0.0,0.0,1.0,4,0.0,0.0,,,589268
2023-11-20 20:00:00,00000000790,20231120200000,0.0,0.0,0.006,0.0,0.0,0.0,1.0,4,0.0,0.0,,,589268
2023-11-20 21:00:00,00000000790,20231120210000,0.0,0.0,0.007,0.0,0.0,0.0,1.0,4,0.0,0.0,,,589268
2023-11-20 22:00:00,00000000790,20231120220000,0.0,0.0,0.007,0.0,0.0,0.0,1.0,4,0.0,0.0,,,589268
2023-11-20 23:00:00,00000000790,20231120230000,0.0,0.0,0.007,0.0,0.0,0.0,1.0,4,0.0,0.0,,,589268
2023-11-21 00:00:00,00000000790,20231121000000,0.0,0.0,0.008,0.0,0.0,0.0,1.0,4,0.0,0.0,,,589268
2023-11-21 01:00:00,00000000790,20231121010000,0.0,0.0,0.007,0.0,0.0,0.0,1.0,4,0.0,0.0,,,589268
2023-11-21 02:00:00,00000000790,20231121020000,0.259,0.0,0.007,0.0,0.0,0.0,1.0,4,0.0,0.0,0.0,2.7,589268
2023-11-21 03:00:00,00000000790,20231121030000,0.0,0.0,0.007,0.0,0.0,0.0,1.0,4,0.0,0.0,,,589268
2023-11-21 04:00:00,00000000790,20231121040000,0.0,0.0,0.008,0.0,0.0,0.0,1.0,4,0.0,0.0,,,589268
2023-11-21 05:00:00,00000000790,20231121050000,0.0,0.0,0.007,0.0,0.0,0.0,1.0,4,0.0,0.0,,,589268
2023-11-21 06:00:00,00000000790,20231121060000,0.0,0.0,0.008,0.0,0.0,0.0,1.0,4,0.0,0.0,,,589268
2023-11-21 07:00:00,00000000790,20231121070000,0.0,0.0,0.007,0.0,0.0,0.0,1.0,4,0.0,0.0,,,589268
2023-11-21 08:00:00,00000000790,20231121080000,0.0,0.0,0.007,0.0,0.0,0.0,1.0,4,0.0,0.0,,,589268
2023-11-21 09:00:00,00000000790,20231121090000,0.0,0.0,0.007,0.0,0.0,0.0,1.0,4,0.0,0.0,,,589268
2023-11-21 10:00:00,00000000790,20231121100000,0.0,0.0,0.007,0.0,0.0,0.0,1.0,4,0.0,0.0,,,589268
2023-11-21 11:00:00,00000000790,20231121110000,0.0,0.0,0.008,0.0,0.0,0.0,1.0,4,0.0,0.0,,,589268
2023-11-21 12:00:00,00000000790,20231121120000,0.0,0.0,0.007,0.0,0.0,0.0,1.0,4,0.0,0.0,,,589268
2023-11-21 13:00:00,00000000790,20231121130000,0.252,0.0,0.007,0.0,0.0,0.0,1.0,4,0.0,0.0,0.0,2.78,589268
2023-11-21 14:00:00,00000000790,20231121140000,0.0,0.0,0.007,0.0,0.0,0.0,1.0,4,0.0,0.0,,,589268
2023-11-21 15:00:00,00000000790,20231121150000,0.0,0.0,0.007,0.0,0.0,0.0,1.0,4,0.0,0.0,,,589268
2023-11-21 16:00:00,00000000790,20231121160000,0.0,0.0,0.008,0.0,0.0,0.0,1.0,4,0.0,0.0,,,589268
2023-11-21 17:00:00,00000000790,20231121170000,0.0,0.0,0.007,0.0,0.0,0.0,1.0,4,0.0,0.0,,,589268
2023-11-21 18:00:00,00000000790,20231121180000,0.0,0.0,0.007,0.0,0.0,0.0,1.0,4,0.0,0.0,,,589268
2023-11-21 19:00:00,00000000790,20231121190000,0.0,0.0,0.006,0.0,0.0,0.0,1.0,4,0.0,0.0,,,589268
2023-11-21 20:00:00,00000000790,20231121200000,0.0,0.0,0.007,0.0,0.0,0.0,1.0,4,0.0,0.0,,,589268
2023-11-21 21:00:00,00000000790,20231121210000,0.0,0.0,0.007,0.0,0.0,0.0,1.0,4,0.0,0.0,,,589268
2023-11-21 22:00:00,00000000790,20231121220000,0.0,0.0,0.007,0.0,0.0,0.0,1.0,4,0.0,0.0,,,589268
2023-11-21 23:00:00,00000000790,20231121230000,0.0,0.0,0.007,0.0,0.0,0.0,1.0,4,0.0,0.0,,,589268
2023-11-22 00:00:00,00000000790,20231122000000,0.252,0.0,0.007,0.0,0.0,0.0,1.0,4,0.0,0.0,0.0,2.78,589268
2023-11-22 01:00:00,00000000790,20231122010000,0.0,0.0,0.008,0.0,0.0,0.0,1.0,4,0.0,0.0,,,589268
2023-11-22 02:00:00,00000000790,20231122020000,0.0,0.0,0.007,0.0,0.0,0.0,1.0,4,0.0,0.0,,,589268
2023-11-22 03:00:00,00000000790,20231122030000,0.0,0.0,0.008,0.0,0.0,0.0,1.0,4,0.0,0.0,,,589268
2023-11-22 04:00:00,00000000790,20231122040000,0.0,0.0,0.007,0.0,0.0,0.0,1.0,4,0.0,0.0,,,589268
2023-11-22 05:00:00,00000000790,20231122050000,0.0,0.0,0.008,0.0,0.0,0.0,1.0,4,0.0,0.0,,,589268
2023-11-22 06:00:00,00000000790,20231122060000,0.0,0.0,0.007,0.0,0.0,0.0,1.0,4,0.0,0.0,,,589268
2023-11-22 07:00:00,00000000790,20231122070000,0.0,0.0,0.008,0.0,0.0,0.0,1.0,4,0.0,0.0,,,589268
2023-11-22 08:00:00,00000000790,20231122080000,0.0,0.0,0.007,0.0,0.0,0.0,1.0,4,0.0,0.0,,,589268
2023-11-22 09:00:00,00000000790,20231122090000,0.0,0.0,0.007,0.0,0.0,0.0,1.0,4,0.0,0.0,,,589268
2023-11-22 10:00:00,00000000790,20231122100000,0.0,0.0,0.007,0.0,0.0,0.0,1.0,4,0.0,0.0,,,589268
2023-11-22 11:00:00,00000000790,20231122110000,0.253,0.0,0.007,0.0,0.0,0.0,1.0,4,0.0,0.0,0.0,2.77,589268
2023-11-22 12:00:00,00000000790,20231122120000,0.0,0.0,0.008,0.0,0.0,0.0,1.0,4,0.0,0.0,,,589268
2023-11-22 13:00:00,00000000790,20231122130000,0.0,0.0,0.007,0.0,0.0,0.0,1.0,4,0.0,0.0,,,589268
2023-11-22 14:00:00,00000000790,20231122140000,0.0,0.0,0.007,0.0,0.0,0.0,1.0,4,0.0,0.0,,,589268
2023-11-22 15:00:00,00000000790,20231122150000,0.0,0.0,0.007,0.0,0.0,0.0,1.0,4,0.0,0.0,,,589268
2023-11-22 16:00:00,00000000790,20231122160000,0.0,0.0,0.008,0.0,0.0,0.0,1.0,4,0.0,0.0,,,589268
2023-11-22 17:00:00,00000000790,20231122170000,0.0,0.0,0.007,0.0,0.0,0.0,1.0,4,0.0,0.0,,,589268
2023-11-22 18:00:00,00000000790,20231122180000,0.0,0.0,0.007,0.0,0.0,0.0,1.0,4,0.0,0.0,,,589268
2023-11-22 19:00:00,00000000790,20231122190000,0.0,0.0,0.007,0.0,0.0,0.0,1.0,4,0.0,0.0,,,589268
2023-11-22 20:00:00,00000000790,20231122200000,0.0,0.0,0.007,0.0,0.0,0.0,1.0,4,0.0,0.0,,,589268
2023-11-22 21:00:00,00000000790,20231122210000,0.0,0.0,0.007,0.0,0.0,0.0,1.0,4,0.0,0.0,,,589268
2023-11-22 22:00:00,00000000790,20231122220000,0.0,0.0,0.007,0.0,0.0,0.0,1.0,4,0.0,0.0,,,589268
2023-11-22 23:00:00,00000000790,20231122230000,0.249,0.0,0.007,0.0,0.0,0.0,1.0,4,0.0,0.0,0.0,2.81,589268
2023-11-23 00:00:00,00000000790,20231123000000,0.0,0.0,0.007,0.0,0.0,0.0,1.0,4,0.0,0.0,,,589268
2023-11-23 01:00:00,00000000790,20231123010000,0.0,0.0,0.007,0.0,0.0,0.0,1.0,4,0.0,0.0,,,589268
2023-11-23 02:00:00,00000000790,20231123020000,0.0,0.0,0.008,0.0,0.0,0.0,1.0,4,0.0,0.0,,,589268
2023-11-23 03:00:00,00000000790,20231123030000,0.0,0.0,0.007,0.0,0.0,0.0,1.0,4,0.0,0.0,,,589268
2023-11-23 04:00:00,00000000790,20231123040000,0.0,0.0,0.008,0.0,0.0,0.0,1.0,4,0.0,0.0,,,589268
2023-11-23 05:00:00,00000000790,20231123050000,0.0,0.0,0.007,0.0,0.0,0.0,1.0,4,0.0,0.0,,,589268
2023-11-23 06:00:00,00000000790,20231123060000,0.0,0.0,0.008,0.0,0.0,0.0,1.0,4,0.0,0.0,,,589268
2023-11-23 07:00:00,00000000790,20231123070000,0.0,0.0,0.007,0.0,0.0,0.0,1.0,4,0.0,0.0,,,589268
2023-11-23 08:00:00,00000000790,20231123080000,0.0,0.0,0.007,0.0,0.0,0.0,1.0,4,0.0,0.0,,,589268
2023-11-23 09:00:00,00000000790,20231123090000,0.0,0.0,0.007,0.0,0.0,0.0,1.0,4,0.0,0.0,,,589268
2023-11-23 10:00:00,00000000790,20231123100000,0.292,0.0,0.007,0.0,0.0,0.0,1.0,4,0.0,0.0,0.0,2.4,589268
2023-11-23 11:00:00,00000000790,20231123110000,0.0,0.0,0.007,0.0,0.0,0.0,1.0,4,0.0,0.0,,,589268
2023-11-23 12:00:00,00000000790,20231123120000,0.0,0.0,0.008,0.0,0.0,0.0,1.0,4,0.0,0.0,,,589268
2023-11-23 13:00:00,00000000790,20231123130000,0.0,0.0,0.007,0.0,0.0,0.0,1.0,4,0.0,0.0,,,589268
2023-11-23 14:00:00,00000000790,20231123140000,0.0,0.0,0.007,0.0,0.0,0.0,1.0,4,0.0,0.0,,,589268
2023-11-23 15:00:00,00000000790,20231123150000,0.0,0.0,0.007,0.0,0.0,0.0,1.0,4,0.0,0.0,,,589268
2023-11-23 16:00:00,00000000790,20231123160000,0.0,0.0,0.008,0.0,0.0,0.0,1.0,4,0.0,0.0,,,589268
2023-11-23 17:00:00,00000000790,20231123170000,0.0,0.0,0.007,0.0,0.0,0.0,1.0,4,0.0,0.0,,,589268
2023-11-23 18:00:00,00000000790,20231123180000,0.0,0.0,0.007,0.0,0.0,0.0,1.0,4,0.0,0.0,,,589268
2023-11-23 19:00:00,00000000790,20231123190000,0.0,0.0,0.006,0.0,0.0,0.0,1.0,4,0.0,0.0,,,589268
2023-11-23 20:00:00,00000000790,20231123200000,0.0,0.0,0.007,0.0,0.0,0.0,1.0,4,0.0,0.0,,,589268
2023-11-23 21:00:00,00000000790,20231123210000,0.0,0.0,0.007,0.0,0.0,0.0,1.0,4,0.0,0.0,,,589268
2023-11-23 22:00:00,00000000790,20231123220000,0.0,0.0,0.008,0.0,0.0,0.0,1.0,4,0.0,0.0,,,589268
2023-11-23 23:00:00,00000000790,20231123230000,0.279,0.0,0.006,0.0,0.0,0.0,1.0,4,0.0,0.0,0.0,2.15,589268
2023-11-24 00:00:00,00000000790,20231124000000,0.0,0.0,0.008,0.0,0.0,0.0,1.0,4,0.0,0.0,,,589268
2023-11-24 01:00:00,00000000790,20231124010000,0.0,0.0,0.007,0.0,0.0,0.0,1.0,4,0.0,0.0,,,589268
2023-11-24 02:00:00,00000000790,20231124020000,0.0,0.0,0.007,0.0,0.0,0.0,1.0,4,0.0,0.0,,,589268
2023-11-24 03:00:00,00000000790,20231124030000,0.0,0.0,0.008,0.0,0.0,0.0,1.0,4,0.0,0.0,,,589268
2023-11-24 04:00:00,00000000790,20231124040000,0.0,0.0,0.007,0.0,0.0,0.0,1.0,4,0.0,0.0,,,589268
2023-11-24 05:00:00,00000000790,20231124050000,0.0,0.0,0.008,0.0,0.0,0.0,1.0,4,0.0,0.0,,,589268
2023-11-24 06:00:00,00000000790,20231124060000,0.0,0.0,0.007,0.0,0.0,0.0,1.0,4,0.0,0.0,,,589268
2023-11-24 07:00:00,00000000790,20231124070000,0.0,0.0,0.007,0.0,0.0,0.0,1.0,4,0.0,0.0,,,589268
2023-11-24 08:00:00,00000000790,20231124080000,0.0,0.0,0.008,0.0,0.0,0.0,1.0,4,0.0,0.0,,,589268
2023-11-24 09:00:00,00000000790,20231124090000,0.0,0.0,0.007,0.0,0.0,0.0,1.0,4,0.0,0.0,,,589268
2023-11-24 10:00:00,00000000790,20231124100000,0.0,0.0,0.007,0.0,0.0,0.0,1.0,4,0.0,0.0,,,589268
2023-11-24 11:00:00,00000000790,20231124110000,0.268,0.0,0.007,0.0,0.0,0.0,1.0,4,0.0,0.0,0.0,2.61,589268
2023-11-24 12:00:00,00000000790,20231124120000,0.0,0.0,0.008,0.0,0.0,0.0,1.0,4,0.0,0.0,,,589268
2023-11-24 13:00:00,00000000790,20231124130000,0.0,0.0,0.007,0.0,0.0,0.0,1.0,4,0.0,0.0,,,589268
2023-11-24 14:00:00,00000000790,20231124140000,0.001,0.0,0.008,0.0,0.0,0.0,1.0,4,0.0,0.0,0.0,800.0,589268
2023-11-24 15:00:00,00000000790,20231124150000,0.259,0.0,0.008,0.0,0.0,0.0,1.0,4,0.0,0.0,0.0,3.09,589268
2023-11-24 16:00:00,00000000790,20231124160000,0.047,0.0,0.007,0.0,0.0,0.0,1.0,4,0.0,0.0,0.0,14.89,589268
2023-11-24 17:00:00,00000000790,20231124170000,0.007,0.0,0.007,0.0,0.0,0.0,1.0,4,0.0,0.0,0.0,100.0,589268
2023-11-24 18:00:00,00000000790,20231124180000,0.0,0.0,0.007,0.0,0.0,0.0,1.0,4,0.0,0.0,,,589268
2023-11-24 19:00:00,00000000790,20231124190000,0.044,0.0,0.015,0.0,0.0,0.0,1.0,4,0.0,0.0,0.0,34.09,589268
2023-11-24 20:00:00,00000000790,20231124200000,0.076,0.0,0.018,0.0,0.0,0.0,1.0,4,0.0,0.0,0.0,23.68,589268
2023-11-24 21:00:00,00000000790,20231124210000,0.063,0.0,0.018,0.0,0.0,0.0,1.0,4,0.0,0.0,0.0,28.57,589268
2023-11-24 22:00:00,00000000790,20231124220000,0.04,0.0,0.018,0.0,0.0,0.0,1.0,4,0.0,0.0,0.0,45.0,589268
2023-11-24 23:00:00,00000000790,20231124230000,0.0,0.0,0.017,0.0,0.0,0.0,1.0,4,0.0,0.0,,,589268
2023-11-25 00:00:00,00000000790,20231125000000,0.0,0.0,0.017,0.0,0.0,0.0,1.0,4,0.0,0.0,,,589268
2023-11-25 01:00:00,00000000790,20231125010000,0.0,0.0,0.017,0.0,0.0,0.0,1.0,4,0.0,0.0,,,589268
2023-11-25 02:00:00,00000000790,20231125020000,0.0,0.0,0.017,0.0,0.0,0.0,1.0,4,0.0,0.0,,,589268
2023-11-25 03:00:00,00000000790,20231125030000,0.001,0.0,0.018,0.0,0.0,0.0,1.0,4,0.0,0.0,0.0,1800.0,589268
2023-11-25 04:00:00,00000000790,20231125040000,0.0,0.0,0.017,0.0,0.0,0.0,1.0,4,0.0,0.0,,,589268
2023-11-25 05:00:00,00000000790,20231125050000,0.0,0.0,0.018,0.0,0.0,0.0,1.0,4,0.0,0.0,,,589268
2023-11-25 06:00:00,00000000790,20231125060000,0.0,0.0,0.017,0.0,0.0,0.0,1.0,4,0.0,0.0,,,589268
2023-11-25 07:00:00,00000000790,20231125070000,0.003,0.0,0.017,0.0,0.0,0.0,1.0,4,0.0,0.0,0.0,566.67,589268
2023-11-25 08:00:00,00000000790,20231125080000,0.002,0.0,0.008,0.0,0.0,0.0,1.0,4,0.0,0.0,0.0,400.0,589268
2023-11-25 09:00:00,00000000790,20231125090000,0.0,0.0,0.007,0.0,0.0,0.0,1.0,4,0.0,0.0,,,589268
2023-11-25 10:00:00,00000000790,20231125100000,0.569,0.075,0.005,0.0,0.0,0.0,1.0,4,0.0,0.0,13.18,0.88,589268
2023-11-25 11:00:00,00000000790,20231125110000,0.393,0.139,0.002,0.0,0.0,0.0,1.0,4,0.0,0.0,35.37,0.51,589268
2023-11-25 12:00:00,00000000790,20231125120000,0.126,0.001,0.008,0.0,0.0,0.0,1.0,4,0.0,0.0,0.79,6.35,589268
2023-11-25 13:00:00,00000000790,20231125130000,0.0,0.0,0.007,0.0,0.0,0.0,1.0,4,0.0,0.0,,,589268
2023-11-25 14:00:00,00000000790,20231125140000,0.02,0.0,0.007,0.0,0.0,0.0,1.0,4,0.0,0.0,0.0,35.0,589268
2023-11-25 15:00:00,00000000790,20231125150000,0.002,0.0,0.008,0.0,0.0,0.0,1.0,4,0.0,0.0,0.0,400.0,589268
2023-11-25 16:00:00,00000000790,20231125160000,0.0,0.0,0.008,0.0,0.0,0.0,1.0,4,0.0,0.0,,,589268
2023-11-25 17:00:00,00000000790,20231125170000,0.0,0.0,0.007,0.0,0.0,0.0,1.0,4,0.0,0.0,,,589268
2023-11-25 18:00:00,00000000790,20231125180000,0.0,0.0,0.007,0.0,0.0,0.0,1.0,4,0.0,0.0,,,589268
2023-11-25 19:00:00,00000000790,20231125190000,0.067,0.0,0.012,0.0,0.0,0.0,1.0,4,0.0,0.0,0.0,17.91,589268
2023-11-25 20:00:00,00000000790,20231125200000,0.339,0.001,0.02,0.0,0.0,0.0,1.0,4,0.0,0.0,0.29,5.9,589268
2023-11-25 21:00:00,00000000790,20231125210000,0.073,0.0,0.018,0.0,0.0,0.0,1.0,4,0.0,0.0,0.0,24.66,589268
2023-11-25 22:00:00,00000000790,20231125220000,0.241,0.0,0.023,0.0,0.0,0.0,1.0,4,0.0,0.0,0.0,9.54,589268
2023-11-25 23:00:00,00000000790,20231125230000,0.056,0.0,0.017,0.0,0.0,0.0,1.0,4,0.0,0.0,0.0,30.36,589268
2023-11-26 00:00:00,00000000790,20231126000000,0.008,0.0,0.008,0.0,0.0,0.0,1.0,4,0.0,0.0,0.0,100.0,589268
2023-11-26 01:00:00,00000000790,20231126010000,0.006,0.0,0.008,0.0,0.0,0.0,1.0,4,0.0,0.0,0.0,133.33,589268
2023-11-26 02:00:00,00000000790,20231126020000,0.0,0.0,0.008,0.0,0.0,0.0,1.0,4,0.0,0.0,,,589268
2023-11-26 03:00:00,00000000790,20231126030000,0.0,0.0,0.007,0.0,0.0,0.0,1.0,4,0.0,0.0,,,589268
2023-11-26 04:00:00,00000000790,20231126040000,0.0,0.0,0.008,0.0,0.0,0.0,1.0,4,0.0,0.0,,,589268
2023-11-26 05:00:00,00000000790,20231126050000,0.0,0.0,0.008,0.0,0.0,0.0,1.0,4,0.0,0.0,,,589268
2023-11-26 06:00:00,00000000790,20231126060000,0.0,0.0,0.007,0.0,0.0,0.0,1.0,4,0.0,0.0,,,589268
2023-11-26 07:00:00,00000000790,20231126070000,0.0,0.0,0.008,0.0,0.0,0.0,1.0,4,0.0,0.0,,,589268
2023-11-26 08:00:00,00000000790,20231126080000,0.001,0.0,0.008,0.0,0.0,0.0,1.0,4,0.0,0.0,0.0,800.0,589268
2023-11-26 09:00:00,00000000790,20231126090000,0.33,0.0,0.01,0.0,0.0,0.0,1.0,4,0.0,0.0,0.0,3.03,589268
2023-11-26 10:00:00,00000000790,20231126100000,0.064,0.0,0.007,0.0,0.0,0.0,1.0,4,0.0,0.0,0.0,10.94,589268
2023-11-26 11:00:00,00000000790,20231126110000,0.05,0.0,0.008,0.0,0.0,0.0,1.0,4,0.0,0.0,0.0,16.0,589268
2023-11-26 12:00:00,00000000790,20231126120000,0.0,0.0,0.007,0.0,0.0,0.0,1.0,4,0.0,0.0,,,589268
2023-11-26 13:00:00,00000000790,20231126130000,0.0,0.0,0.007,0.0,0.0,0.0,1.0,4,0.0,0.0,,,589268
2023-11-26 14:00:00,00000000790,20231126140000,0.0,0.0,0.007,0.0,0.0,0.0,1.0,4,0.0,0.0,,,589268
2023-11-26 15:00:00,00000000790,20231126150000,0.0,0.0,0.007,0.0,0.0,0.0,1.0,4,0.0,0.0,,,589268
2023-11-26 16:00:00,00000000790,20231126160000,0.004,0.0,0.008,0.0,0.0,0.0,1.0,4,0.0,0.0,0.0,200.0,589268
2023-11-26 17:00:00,00000000790,20231126170000,0.0,0.0,0.007,0.0,0.0,0.0,1.0,4,0.0,0.0,,,589268
2023-11-26 18:00:00,00000000790,20231126180000,0.0,0.0,0.007,0.0,0.0,0.0,1.0,4,0.0,0.0,,,589268
2023-11-26 19:00:00,00000000790,20231126190000,0.0,0.0,0.006,0.0,0.0,0.0,1.0,4,0.0,0.0,,,589268
2023-11-26 20:00:00,00000000790,20231126200000,0.076,0.0,0.01,0.0,0.0,0.0,1.0,4,0.0,0.0,0.0,13.16,589268
2023-11-26 21:00:00,00000000790,20231126210000,0.045,0.0,0.015,0.0,0.0,0.0,1.0,4,0.0,0.0,0.0,33.33,589268
2023-11-26 22:00:00,00000000790,20231126220000,0.057,0.0,0.021,0.0,0.0,0.0,1.0,4,0.0,0.0,0.0,36.84,589268
2023-11-26 23:00:00,00000000790,20231126230000,0.043,0.0,0.02,0.0,0.0,0.0,1.0,4,0.0,0.0,0.0,46.51,589268
2023-11-27 00:00:00,00000000790,20231127000000,0.027,0.0,0.015,0.0,0.0,0.0,1.0,4,0.0,0.0,0.0,55.56,589268
2023-11-27 01:00:00,00000000790,20231127010000,0.0,0.0,0.008,0.0,0.0,0.0,1.0,4,0.0,0.0,,,589268
2023-11-27 02:00:00,00000000790,20231127020000,0.0,0.0,0.007,0.0,0.0,0.0,1.0,4,0.0,0.0,,,589268
2023-11-27 03:00:00,00000000790,20231127030000,0.002,0.0,0.008,0.0,0.0,0.0,1.0,4,0.0,0.0,0.0,400.0,589268
2023-11-27 04:00:00,00000000790,20231127040000,0.001,0.0,0.008,0.0,0.0,0.0,1.0,4,0.0,0.0,0.0,800.0,589268
2024-03-22 23:00:00,00000000790,20240322230000,0.0,0.0,0.0,0.0,0.0,0.0,1.0,4,0.0,0.0,,,589268
2024-03-23 00:00:00,00000000790,20240323000000,0.0,0.0,0.0,0.0,0.0,0.0,1.0,4,0.0,0.0,,,589268
2024-03-23 01:00:00,00000000790,20240323010000,0.0,0.0,0.0,0.0,0.0,0.0,1.0,4,0.0,0.0,,,589268
2024-03-23 02:00:00,00000000790,20240323020000,0.0,0.0,0.0,0.0,0.0,0.0,1.0,4,0.0,0.0,,,589268
2024-03-23 03:00:00,00000000790,20240323030000,0.0,0.0,0.0,0.0,0.0,0.0,1.0,4,0.0,0.0,,,589268
2024-03-23 04:00:00,00000000790,20240323040000,0.0,0.0,0.0,0.0,0.0,0.0,1.0,4,0.0,0.0,,,589268
2024-03-23 05:00:00,00000000790,20240323050000,0.0,0.0,0.0,0.0,0.0,0.0,1.0,4,0.0,0.0,,,589268
2024-03-23 06:00:00,00000000790,20240323060000,0.0,0.0,0.0,0.0,0.0,0.0,1.0,4,0.0,0.0,,,589268
2024-03-23 07:00:00,00000000790,20240323070000,0.0,0.0,0.0,0.0,0.0,0.0,1.0,4,0.0,0.0,,,589268
2024-03-23 08:00:00,00000000790,20240323080000,0.0,0.0,0.0,0.0,0.0,0.0,1.0,4,0.0,0.0,,,589268
2024-03-23 09:00:00,00000000790,20240323090000,0.0,0.0,0.0,0.0,0.0,0.0,1.0,4,0.0,0.0,,,589268
2024-03-23 10:00:00,00000000790,20240323100000,0.0,0.0,0.0,0.0,0.0,0.0,1.0,4,0.0,0.0,,,589268
2024-03-23 11:00:00,00000000790,20240323110000,0.0,0.0,0.0,0.0,0.0,0.0,1.0,4,0.0,0.0,,,589268
2024-03-23 12:00:00,00000000790,20240323120000,0.0,0.0,0.0,0.0,0.0,0.0,1.0,4,0.0,0.0,,,589268
2024-03-23 13:00:00,00000000790,20240323130000,0.0,0.0,0.0,0.0,0.0,0.0,1.0,4,0.0,0.0,,,589268
2024-03-23 14:00:00,00000000790,20240323140000,0.0,0.0,0.0,0.0,0.0,0.0,1.0,4,0.0,0.0,,,589268
2024-03-23 15:00:00,00000000790,20240323150000,0.0,0.0,0.0,0.0,0.0,0.0,1.0,4,0.0,0.0,,,589268
2024-03-23 16:00:00,00000000790,20240323160000,0.0,0.0,0.0,0.0,0.0,0.0,1.0,4,0.0,0.0,,,589268
2024-03-23 17:00:00,00000000790,20240323170000,0.0,0.0,0.0,0.0,0.0,0.0,1.0,4,0.0,0.0,,,589268
2024-03-23 18:00:00,00000000790,20240323180000,0.0,0.0,0.0,0.0,0.0,0.0,1.0,4,0.0,0.0,,,589268
2024-03-23 19:00:00,00000000790,20240323190000,0.0,0.0,0.0,0.0,0.0,0.0,1.0,4,0.0,0.0,,,589268
2024-03-23 20:00:00,00000000790,20240323200000,0.0,0.0,0.0,0.0,0.0,0.0,1.0,4,0.0,0.0,,,589268
2024-03-23 21:00:00,00000000790,20240323210000,0.0,0.0,0.0,0.0,0.0,0.0,1.0,4,0.0,0.0,,,589268
2024-03-23 22:00:00,00000000790,20240323220000,0.0,0.0,0.0,0.0,0.0,0.0,1.0,4,0.0,0.0,,,589268
2024-03-23 23:00:00,00000000790,20240323230000,0.0,0.0,0.0,0.0,0.0,0.0,1.0,4,0.0,0.0,,,589268
2024-03-24 00:00:00,00000000790,20240324000000,0.0,0.0,0.0,0.0,0.0,0.0,1.0,4,0.0,0.0,,,589268
2024-03-24 01:00:00,00000000790,20240324010000,0.0,0.0,0.0,0.0,0.0,0.0,1.0,4,0.0,0.0,,,589268
2024-03-24 02:00:00,00000000790,20240324020000,0.0,0.0,0.0,0.0,0.0,0.0,1.0,4,0.0,0.0,,,589268
2024-03-24 03:00:00,00000000790,20240324030000,0.0,0.0,0.0,0.0,0.0,0.0,1.0,4,0.0,0.0,,,589268
2024-03-24 04:00:00,00000000790,20240324040000,0.0,0.0,0.0,0.0,0.0,0.0,1.0,4,0.0,0.0,,,589268
2024-03-24 05:00:00,00000000790,20240324050000,0.0,0.0,0.0,0.0,0.0,0.0,1.0,4,0.0,0.0,,,589268
2024-03-24 06:00:00,00000000790,20240324060000,0.0,0.0,0.0,0.0,0.0,0.0,1.0,4,0.0,0.0,,,589268
2024-03-24 07:00:00,00000000790,20240324070000,0.0,0.0,0.0,0.0,0.0,0.0,1.0,4,0.0,0.0,,,589268
2024-03-24 08:00:00,00000000790,20240324080000,0.0,0.0,0.0,0.0,0.0,0.0,1.0,4,0.0,0.0,,,589268
2024-03-24 09:00:00,00000000790,20240324090000,0.0,0.0,0.0,0.0,0.0,0.0,1.0,4,0.0,0.0,,,589268
2024-03-24 10:00:00,00000000790,20240324100000,0.0,0.0,0.0,0.0,0.0,0.0,1.0,4,0.0,0.0,,,589268
2024-03-24 11:00:00,00000000790,20240324110000,0.0,0.0,0.0,0.0,0.0,0.0,1.0,4,0.0,0.0,,,589268
2024-03-24 12:00:00,00000000790,20240324120000,0.0,0.0,0.0,0.0,0.0,0.0,1.0,4,0.0,0.0,,,589268
2024-03-24 13:00:00,00000000790,20240324130000,0.0,0.0,0.0,0.0,0.0,0.0,1.0,4,0.0,0.0,,,589268
2024-03-24 14:00:00,00000000790,20240324140000,0.0,0.0,0.0,0.0,0.0,0.0,1.0,4,0.0,0.0,,,589268
2024-03-24 15:00:00,00000000790,20240324150000,1.672,0.112,0.001,0.0,0.0,0.0,1.0,4,0.0,0.0,6.7,0.06,589268
2024-03-24 16:00:00,00000000790,20240324160000,2.508,0.309,0.0,0.0,0.0,0.0,1.0,4,0.0,0.0,12.32,0.0,589268
2024-03-24 17:00:00,00000000790,20240324170000,1.225,0.258,0.0,0.0,0.0,0.0,1.0,4,0.0,0.0,21.06,0.0,589268
2024-03-24 18:00:00,00000000790,20240324180000,1.328,0.23,0.0,0.0,0.0,0.0,1.0,4,0.0,0.0,17.32,0.0,589268
2024-03-24 19:00:00,00000000790,20240324190000,1.557,0.2,0.0,0.0,0.0,0.0,1.0,4,0.0,0.0,12.85,0.0,589268
2024-03-24 20:00:00,00000000790,20240324200000,1.191,0.116,0.002,0.0,0.0,0.0,1.0,4,0.0,0.0,9.74,0.17,589268
2024-03-24 21:00:00,00000000790,20240324210000,1.149,0.13,0.002,0.0,0.0,0.0,1.0,4,0.0,0.0,11.31,0.17,589268
2024-03-24 22:00:00,00000000790,20240324220000,1.71,0.187,0.0,0.0,0.0,0.0,1.0,4,0.0,0.0,10.94,0.0,589268
2024-03-24 23:00:00,00000000790,20240324230000,1.22,0.177,0.0,0.0,0.0,0.0,1.0,4,0.0,0.0,14.51,0.0,589268
2024-03-25 00:00:00,00000000790,20240325000000,1.6,0.206,0.0,0.0,0.0,0.0,1.0,4,0.0,0.0,12.87,0.0,589268
2024-03-25 01:00:00,00000000790,20240325010000,0.505,0.083,0.006,0.0,0.0,0.0,1.0,4,0.0,0.0,16.44,1.19,589268
2024-03-25 02:00:00,00000000790,20240325020000,0.68,0.135,0.003,0.0,0.0,0.0,1.0,4,0.0,0.0,19.85,0.44,589268
2024-03-25 03:00:00,00000000790,20240325030000,0.854,0.18,0.002,0.0,0.0,0.0,1.0,4,0.0,0.0,21.08,0.23,589268
2024-03-25 04:00:00,00000000790,20240325040000,0.996,0.138,0.004,0.0,0.0,0.0,1.0,4,0.0,0.0,13.86,0.4,589268
2024-03-25 05:00:00,00000000790,20240325050000,0.786,0.159,0.001,0.0,0.0,0.0,1.0,4,0.0,0.0,20.23,0.13,589268
2024-03-25 06:00:00,00000000790,20240325060000,0.756,0.149,0.004,0.0,0.0,0.0,1.0,4,0.0,0.0,19.71,0.53,589268
2024-03-25 07:00:00,00000000790,20240325070000,0.822,0.185,0.001,0.0,0.0,0.0,1.0,4,0.0,0.0,22.51,0.12,589268
2024-03-25 08:00:00,00000000790,20240325080000,1.758,0.179,0.002,0.0,0.0,0.0,1.0,4,0.0,0.0,10.18,0.11,589268
2024-03-25 09:00:00,00000000790,20240325090000,0.939,0.142,0.003,0.0,0.0,0.0,1.0,4,0.0,0.0,15.12,0.32,589268
2024-03-25 10:00:00,00000000790,20240325100000,0.005,0.0,0.019,0.0,0.0,0.0,1.0,4,0.0,0.0,0.0,380.0,589268
2024-03-25 11:00:00,00000000790,20240325110000,0.044,0.015,0.011,0.0,0.0,0.0,1.0,4,0.0,0.0,34.09,25.0,589268
2024-03-25 12:00:00,00000000790,20240325120000,0.0,0.0,0.019,0.0,0.0,0.0,1.0,4,0.0,0.0,,,589268
2024-03-25 13:00:00,00000000790,20240325130000,0.206,0.013,0.012,0.0,0.0,0.0,1.0,4,0.0,0.0,6.31,5.83,589268
2024-03-25 14:00:00,00000000790,20240325140000,0.216,0.003,0.018,0.0,0.0,0.0,1.0,4,0.0,0.0,1.39,8.33,589268
2024-03-25 15:00:00,00000000790,20240325150000,0.027,0.0,0.02,0.0,0.0,0.0,1.0,4,0.0,0.0,0.0,74.07,589268
2024-03-25 16:00:00,00000000790,20240325160000,0.088,0.017,0.011,0.0,0.0,0.0,1.0,4,0.0,0.0,19.32,12.5,589268
2024-03-25 17:00:00,00000000790,20240325170000,0.535,0.056,0.016,0.0,0.0,0.0,1.0,4,0.0,0.0,10.47,2.99,589268
2024-03-25 18:00:00,00000000790,20240325180000,1.646,0.195,0.001,0.0,0.0,0.0,1.0,4,0.0,0.0,11.85,0.06,589268
2024-03-25 19:00:00,00000000790,20240325190000,0.112,0.004,0.017,0.0,0.0,0.0,1.0,4,0.0,0.0,3.57,15.18,589268
2024-03-25 20:00:00,00000000790,20240325200000,0.004,0.0,0.017,0.0,0.0,0.0,1.0,4,0.0,0.0,0.0,425.0,589268
2024-03-25 21:00:00,00000000790,20240325210000,0.05,0.014,0.01,0.0,0.0,0.0,1.0,4,0.0,0.0,28.0,20.0,589268
2024-03-25 22:00:00,00000000790,20240325220000,0.0,0.0,0.018,0.0,0.0,0.0,1.0,4,0.0,0.0,,,589268
2024-03-25 23:00:00,00000000790,20240325230000,0.007,0.0,0.019,0.0,0.0,0.0,1.0,4,0.0,0.0,0.0,271.43,589268
2024-03-26 00:00:00,00000000790,20240326000000,0.336,0.016,0.01,0.0,0.0,0.0,1.0,4,0.0,0.0,4.76,2.98,589268
2024-03-26 01:00:00,00000000790,20240326010000,1.096,0.199,0.002,0.0,0.0,0.0,1.0,4,0.0,0.0,18.16,0.18,589268
2024-03-26 02:00:00,00000000790,20240326020000,1.169,0.255,0.0,0.0,0.0,0.0,1.0,4,0.0,0.0,21.81,0.0,589268
2024-03-26 03:00:00,00000000790,20240326030000,0.967,0.21,0.001,0.0,0.0,0.0,1.0,4,0.0,0.0,21.72,0.1,589268
2024-03-26 04:00:00,00000000790,20240326040000,0.988,0.208,0.002,0.0,0.0,0.0,1.0,4,0.0,0.0,21.05,0.2,589268
2024-03-26 05:00:00,00000000790,20240326050000,1.253,0.21,0.0,0.0,0.0,0.0,1.0,4,0.0,0.0,16.76,0.0,589268
2024-03-26 06:00:00,00000000790,20240326060000,0.913,0.194,0.002,0.0,0.0,0.0,1.0,4,0.0,0.0,21.25,0.22,589268
2024-03-26 07:00:00,00000000790,20240326070000,0.856,0.209,0.002,0.0,0.0,0.0,1.0,4,0.0,0.0,24.42,0.23,589268
2024-03-26 08:00:00,00000000790,20240326080000,1.186,0.223,0.0,0.0,0.0,0.0,1.0,4,0.0,0.0,18.8,0.0,589268
2024-03-26 09:00:00,00000000790,20240326090000,0.87,0.153,0.002,0.0,0.0,0.0,1.0,4,0.0,0.0,17.59,0.23,589268
2024-03-26 10:00:00,00000000790,20240326100000,0.928,0.16,0.002,0.0,0.0,0.0,1.0,4,0.0,0.0,17.24,0.22,589268
2024-03-26 11:00:00,00000000790,20240326110000,1.72,0.169,0.001,0.0,0.0,0.0,1.0,4,0.0,0.0,9.83,0.06,589268
2024-03-26 12:00:00,00000000790,20240326120000,0.695,0.119,0.005,0.0,0.0,0.0,1.0,4,0.0,0.0,17.12,0.72,589268
2024-03-26 13:00:00,00000000790,20240326130000,0.038,0.01,0.014,0.0,0.0,0.0,1.0,4,0.0,0.0,26.32,36.84,589268
2024-03-26 14:00:00,00000000790,20240326140000,0.413,0.007,0.016,0.0,0.0,0.0,1.0,4,0.0,0.0,1.69,3.87,589268
2024-03-26 15:00:00,00000000790,20240326150000,0.047,0.0,0.02,0.0,0.0,0.0,1.0,4,0.0,0.0,0.0,42.55,589268
2024-03-26 16:00:00,00000000790,20240326160000,0.172,0.017,0.012,0.0,0.0,0.0,1.0,4,0.0,0.0,9.88,6.98,589268
2024-03-26 17:00:00,00000000790,20240326170000,0.257,0.009,0.014,0.0,0.0,0.0,1.0,4,0.0,0.0,3.5,5.45,589268
2024-03-26 18:00:00,00000000790,20240326180000,0.052,0.015,0.01,0.0,0.0,0.0,1.0,4,0.0,0.0,28.85,19.23,589268
2024-03-26 19:00:00,00000000790,20240326190000,0.019,0.002,0.017,0.0,0.0,0.0,1.0,4,0.0,0.0,10.53,89.47,589268
2024-03-26 20:00:00,00000000790,20240326200000,0.043,0.011,0.01,0.0,0.0,0.0,1.0,4,0.0,0.0,25.58,23.26,589268
2024-03-26 21:00:00,00000000790,20240326210000,0.334,0.013,0.011,0.0,0.0,0.0,1.0,4,0.0,0.0,3.89,3.29,589268
2024-03-26 22:00:00,00000000790,20240326220000,0.014,0.0,0.017,0.0,0.0,0.0,1.0,4,0.0,0.0,0.0,121.43,589268
2024-03-26 23:00:00,00000000790,20240326230000,0.05,0.014,0.01,0.0,0.0,0.0,1.0,4,0.0,0.0,28.0,20.0,589268
2024-03-27 00:00:00,00000000790,20240327000000,0.445,0.057,0.012,0.0,0.0,0.0,1.0,4,0.0,0.0,12.81,2.7,589268
2024-03-27 01:00:00,00000000790,20240327010000,1.13,0.161,0.001,0.0,0.0,0.0,1.0,4,0.0,0.0,14.25,0.09,589268
2024-03-27 02:00:00,00000000790,20240327020000,1.298,0.163,0.001,0.0,0.0,0.0,1.0,4,0.0,0.0,12.56,0.08,589268
2024-03-27 03:00:00,00000000790,20240327030000,0.877,0.149,0.002,0.0,0.0,0.0,1.0,4,0.0,0.0,16.99,0.23,589268
2024-03-27 04:00:00,00000000790,20240327040000,0.843,0.143,0.001,0.0,0.0,0.0,1.0,4,0.0,0.0,16.96,0.12,589268
2024-03-27 05:00:00,00000000790,20240327050000,1.732,0.163,0.001,0.0,0.0,0.0,1.0,4,0.0,0.0,9.41,0.06,589268
2024-03-27 06:00:00,00000000790,20240327060000,1.545,0.114,0.003,0.0,0.0,0.0,1.0,4,0.0,0.0,7.38,0.19,589268
2024-03-27 07:00:00,00000000790,20240327070000,0.903,0.16,0.001,0.0,0.0,0.0,1.0,4,0.0,0.0,17.72,0.11,589268
2024-03-27 08:00:00,00000000790,20240327080000,0.947,0.174,0.001,0.0,0.0,0.0,1.0,4,0.0,0.0,18.37,0.11,589268
2024-03-27 09:00:00,00000000790,20240327090000,0.856,0.122,0.002,0.0,0.0,0.0,1.0,4,0.0,0.0,14.25,0.23,589268
2024-03-27 10:00:00,00000000790,20240327100000,1.337,0.096,0.003,0.0,0.0,0.0,1.0,4,0.0,0.0,7.18,0.22,589268
2024-03-27 11:00:00,00000000790,20240327110000,0.343,0.039,0.007,0.0,0.0,0.0,1.0,4,0.0,0.0,11.37,2.04,589268
2024-03-27 12:00:00,00000000790,20240327120000,0.069,0.011,0.014,0.0,0.0,0.0,1.0,4,0.0,0.0,15.94,20.29,589268
2024-03-27 13:00:00,00000000790,20240327130000,0.021,0.003,0.017,0.0,0.0,0.0,1.0,4,0.0,0.0,14.29,80.95,589268
2024-03-27 14:00:00,00000000790,20240327140000,0.476,0.016,0.011,0.0,0.0,0.0,1.0,4,0.0,0.0,3.36,2.31,589268
2024-03-27 15:00:00,00000000790,20240327150000,0.038,0.01,0.014,0.0,0.0,0.0,1.0,4,0.0,0.0,26.32,36.84,589268
2024-03-27 16:00:00,00000000790,20240327160000,0.027,0.006,0.016,0.0,0.0,0.0,1.0,4,0.0,0.0,22.22,59.26,589268
2024-03-27 17:00:00,00000000790,20240327170000,0.051,0.017,0.011,0.0,0.0,0.0,1.0,4,0.0,0.0,33.33,21.57,589268
2024-03-27 18:00:00,00000000790,20240327180000,0.383,0.001,0.018,0.0,0.0,0.0,1.0,4,0.0,0.0,0.26,4.7,589268
2024-03-27 19:00:00,00000000790,20240327190000,0.592,0.033,0.009,0.0,0.0,0.0,1.0,4,0.0,0.0,5.57,1.52,589268
2024-03-27 20:00:00,00000000790,20240327200000,1.102,0.127,0.001,0.0,0.0,0.0,1.0,4,0.0,0.0,11.52,0.09,589268
2024-03-27 21:00:00,00000000790,20240327210000,0.906,0.109,0.002,0.0,0.0,0.0,1.0,4,0.0,0.0,12.03,0.22,589268
2024-03-27 22:00:00,00000000790,20240327220000,0.945,0.141,0.001,0.0,0.0,0.0,1.0,4,0.0,0.0,14.92,0.11,589268
2024-03-27 23:00:00,00000000790,20240327230000,0.818,0.119,0.003,0.0,0.0,0.0,1.0,4,0.0,0.0,14.55,0.37,589268
2024-03-28 00:00:00,00000000790,20240328000000,0.756,0.122,0.003,0.0,0.0,0.0,1.0,4,0.0,0.0,16.14,0.4,589268
2024-03-28 01:00:00,00000000790,20240328010000,1.042,0.153,0.003,0.0,0.0,0.0,1.0,4,0.0,0.0,14.68,0.29,589268
2024-03-28 02:00:00,00000000790,20240328020000,0.662,0.123,0.004,0.0,0.0,0.0,1.0,4,0.0,0.0,18.58,0.6,589268
2024-03-28 03:00:00,00000000790,20240328030000,0.906,0.194,0.001,0.0,0.0,0.0,1.0,4,0.0,0.0,21.41,0.11,589268
2024-03-28 04:00:00,00000000790,20240328040000,0.787,0.163,0.002,0.0,0.0,0.0,1.0,4,0.0,0.0,20.71,0.25,589268
2024-03-28 05:00:00,00000000790,20240328050000,0.68,0.12,0.004,0.0,0.0,0.0,1.0,4,0.0,0.0,17.65,0.59,589268
2024-03-28 06:00:00,00000000790,20240328060000,0.709,0.138,0.004,0.0,0.0,0.0,1.0,4,0.0,0.0,19.46,0.56,589268
2024-03-28 07:00:00,00000000790,20240328070000,0.84,0.169,0.002,0.0,0.0,0.0,1.0,4,0.0,0.0,20.12,0.24,589268
2024-03-28 08:00:00,00000000790,20240328080000,0.495,0.101,0.004,0.0,0.0,0.0,1.0,4,0.0,0.0,20.4,0.81,589268
2024-03-28 09:00:00,00000000790,20240328090000,2.018,0.094,0.003,0.0,0.0,0.0,1.0,4,0.0,0.0,4.66,0.15,589268
2024-03-28 10:00:00,00000000790,20240328100000,0.236,0.0,0.019,0.0,0.0,0.0,1.0,4,0.0,0.0,0.0,8.05,589268
2024-03-28 11:00:00,00000000790,20240328110000,0.521,0.016,0.011,0.0,0.0,0.0,1.0,4,0.0,0.0,3.07,2.11,589268
2024-03-28 12:00:00,00000000790,20240328120000,0.025,0.005,0.016,0.0,0.0,0.0,1.0,4,0.0,0.0,20.0,64.0,589268
2024-03-28 13:00:00,00000000790,20240328130000,0.468,0.001,0.019,0.0,0.0,0.0,1.0,4,0.0,0.0,0.21,4.06,589268
2024-03-28 14:00:00,00000000790,20240328140000,0.985,0.014,0.013,0.0,0.0,0.0,1.0,4,0.0,0.0,1.42,1.32,589268
2024-03-28 15:00:00,00000000790,20240328150000,0.0,0.0,0.02,0.0,0.0,0.0,1.0,4,0.0,0.0,,,589268
2024-03-28 16:00:00,00000000790,20240328160000,0.591,0.07,0.009,0.0,0.0,0.0,1.0,4,0.0,0.0,11.84,1.52,589268
2024-03-28 17:00:00,00000000790,20240328170000,1.014,0.164,0.002,0.0,0.0,0.0,1.0,4,0.0,0.0,16.17,0.2,589268
2024-03-28 18:00:00,00000000790,20240328180000,0.925,0.124,0.004,0.0,0.0,0.0,1.0,4,0.0,0.0,13.41,0.43,589268
2024-03-28 19:00:00,00000000790,20240328190000,0.436,0.077,0.01,0.0,0.0,0.0,1.0,4,0.0,0.0,17.66,2.29,589268
2024-03-28 20:00:00,00000000790,20240328200000,0.06,0.0,0.021,0.0,0.0,0.0,1.0,4,0.0,0.0,0.0,35.0,589268
2024-03-28 21:00:00,00000000790,20240328210000,0.8,0.112,0.005,0.0,0.0,0.0,1.0,4,0.0,0.0,14.0,0.62,589268
2024-03-28 22:00:00,00000000790,20240328220000,0.809,0.125,0.002,0.0,0.0,0.0,1.0,4,0.0,0.0,15.45,0.25,589268
2024-03-28 23:00:00,00000000790,20240328230000,0.982,0.108,0.001,0.0,0.0,0.0,1.0,4,0.0,0.0,11.0,0.1,589268
2024-03-29 00:00:00,00000000790,20240329000000,0.888,0.141,0.002,0.0,0.0,0.0,1.0,4,0.0,0.0,15.88,0.23,589268
2024-03-29 01:00:00,00000000790,20240329010000,0.639,0.111,0.004,0.0,0.0,0.0,1.0,4,0.0,0.0,17.37,0.63,589268
2024-03-29 02:00:00,00000000790,20240329020000,0.789,0.152,0.003,0.0,0.0,0.0,1.0,4,0.0,0.0,19.26,0.38,589268
2024-03-29 03:00:00,00000000790,20240329030000,0.475,0.078,0.008,0.0,0.0,0.0,1.0,4,0.0,0.0,16.42,1.68,589268
2024-03-29 04:00:00,00000000790,20240329040000,0.659,0.13,0.003,0.0,0.0,0.0,1.0,4,0.0,0.0,19.73,0.46,589268
2024-03-29 05:00:00,00000000790,20240329050000,0.684,0.078,0.004,0.0,0.0,0.0,1.0,4,0.0,0.0,11.4,0.58,589268
2024-03-29 06:00:00,00000000790,20240329060000,0.565,0.097,0.005,0.0,0.0,0.0,1.0,4,0.0,0.0,17.17,0.88,589268
2024-03-29 07:00:00,00000000790,20240329070000,0.582,0.123,0.006,0.0,0.0,0.0,1.0,4,0.0,0.0,21.13,1.03,589268
2024-03-29 08:00:00,00000000790,20240329080000,0.504,0.106,0.004,0.0,0.0,0.0,1.0,4,0.0,0.0,21.03,0.79,589268
2024-03-29 09:00:00,00000000790,20240329090000,1.028,0.054,0.009,0.0,0.0,0.0,1.0,4,0.0,0.0,5.25,0.88,589268
2024-03-29 10:00:00,00000000790,20240329100000,0.148,0.011,0.015,0.0,0.0,0.0,1.0,4,0.0,0.0,7.43,10.14,589268
2024-03-29 11:00:00,00000000790,20240329110000,0.027,0.005,0.016,0.0,0.0,0.0,1.0,4,0.0,0.0,18.52,59.26,589268
2024-03-29 12:00:00,00000000790,20240329120000,0.028,0.0,0.02,0.0,0.0,0.0,1.0,4,0.0,0.0,0.0,71.43,589268
2024-03-29 13:00:00,00000000790,20240329130000,0.412,0.016,0.012,0.0,0.0,0.0,1.0,4,0.0,0.0,3.88,2.91,589268
2024-03-29 14:00:00,00000000790,20240329140000,0.07,0.016,0.012,0.0,0.0,0.0,1.0,4,0.0,0.0,22.86,17.14,589268
2024-03-29 15:00:00,00000000790,20240329150000,0.174,0.02,0.011,0.0,0.0,0.0,1.0,4,0.0,0.0,11.49,6.32,589268
2024-03-29 16:00:00,00000000790,20240329160000,0.031,0.006,0.016,0.0,0.0,0.0,1.0,4,0.0,0.0,19.35,51.61,589268
2024-03-29 17:00:00,00000000790,20240329170000,0.043,0.012,0.014,0.0,0.0,0.0,1.0,4,0.0,0.0,27.91,32.56,589268
2024-03-29 18:00:00,00000000790,20240329180000,0.314,0.017,0.011,0.0,0.0,0.0,1.0,4,0.0,0.0,5.41,3.5,589268
2024-03-29 19:00:00,00000000790,20240329190000,0.094,0.012,0.012,0.0,0.0,0.0,1.0,4,0.0,0.0,12.77,12.77,589268
2024-03-29 20:00:00,00000000790,20240329200000,0.02,0.003,0.016,0.0,0.0,0.0,1.0,4,0.0,0.0,15.0,80.0,589268
2024-03-29 21:00:00,00000000790,20240329210000,0.053,0.014,0.01,0.0,0.0,0.0,1.0,4,0.0,0.0,26.42,18.87,589268
2024-03-29 22:00:00,00000000790,20240329220000,0.043,0.012,0.013,0.0,0.0,0.0,1.0,4,0.0,0.0,27.91,30.23,589268
2024-03-29 23:00:00,00000000790,20240329230000,0.022,0.003,0.016,0.0,0.0,0.0,1.0,4,0.0,0.0,13.64,72.73,589268
2024-03-30 00:00:00,00000000790,20240330000000,1.551,0.095,0.004,0.0,0.0,0.0,1.0,4,0.0,0.0,6.13,0.26,589268
2024-03-30 01:00:00,00000000790,20240330010000,1.4,0.174,0.001,0.0,0.0,0.0,1.0,4,0.0,0.0,12.43,0.07,589268
2024-03-30 02:00:00,00000000790,20240330020000,0.898,0.162,0.002,0.0,0.0,0.0,1.0,4,0.0,0.0,18.04,0.22,589268
2024-03-30 03:00:00,00000000790,20240330030000,0.822,0.146,0.003,0.0,0.0,0.0,1.0,4,0.0,0.0,17.76,0.36,589268
2024-03-30 04:00:00,00000000790,20240330040000,0.88,0.167,0.001,0.0,0.0,0.0,1.0,4,0.0,0.0,18.98,0.11,589268
2024-03-30 05:00:00,00000000790,20240330050000,0.678,0.121,0.005,0.0,0.0,0.0,1.0,4,0.0,0.0,17.85,0.74,589268
2024-03-30 06:00:00,00000000790,20240330060000,0.821,0.159,0.002,0.0,0.0,0.0,1.0,4,0.0,0.0,19.37,0.24,589268
2024-03-30 07:00:00,00000000790,20240330070000,0.682,0.159,0.001,0.0,0.0,0.0,1.0,4,0.0,0.0,23.31,0.15,589268
2024-03-30 08:00:00,00000000790,20240330080000,1.059,0.156,0.004,0.0,0.0,0.0,1.0,4,0.0,0.0,14.73,0.38,589268
2024-03-30 09:00:00,00000000790,20240330090000,0.529,0.116,0.003,0.0,0.0,0.0,1.0,4,0.0,0.0,21.93,0.57,589268
2024-03-30 10:00:00,00000000790,20240330100000,1.022,0.086,0.006,0.0,0.0,0.0,1.0,4,0.0,0.0,8.41,0.59,589268
2024-03-30 11:00:00,00000000790,20240330110000,0.619,0.022,0.007,0.0,0.0,0.0,1.0,4,0.0,0.0,3.55,1.13,589268
2024-03-30 12:00:00,00000000790,20240330120000,0.024,0.002,0.019,0.0,0.0,0.0,1.0,4,0.0,0.0,8.33,79.17,589268
2024-03-30 13:00:00,00000000790,20240330130000,0.437,0.078,0.007,0.0,0.0,0.0,1.0,4,0.0,0.0,17.85,1.6,589268
2024-03-30 14:00:00,00000000790,20240330140000,0.272,0.137,0.005,0.0,0.0,0.0,1.0,4,0.0,0.0,50.37,1.84,589268
2024-03-30 15:00:00,00000000790,20240330150000,0.123,0.002,0.019,0.0,0.0,0.0,1.0,4,0.0,0.0,1.63,15.45,589268
2024-03-30 16:00:00,00000000790,20240330160000,0.049,0.015,0.012,0.0,0.0,0.0,1.0,4,0.0,0.0,30.61,24.49,589268
2024-03-30 17:00:00,00000000790,20240330170000,0.073,0.016,0.011,0.0,0.0,0.0,1.0,4,0.0,0.0,21.92,15.07,589268
2024-03-30 18:00:00,00000000790,20240330180000,0.346,0.0,0.019,0.0,0.0,0.0,1.0,4,0.0,0.0,0.0,5.49,589268
2024-03-30 19:00:00,00000000790,20240330190000,0.087,0.012,0.012,0.0,0.0,0.0,1.0,4,0.0,0.0,13.79,13.79,589268
2024-03-30 20:00:00,00000000790,20240330200000,0.004,0.0,0.018,0.0,0.0,0.0,1.0,4,0.0,0.0,0.0,450.0,589268
2024-03-30 21:00:00,00000000790,20240330210000,0.029,0.007,0.014,0.0,0.0,0.0,1.0,4,0.0,0.0,24.14,48.28,589268
2024-03-30 22:00:00,00000000790,20240330220000,0.302,0.007,0.014,0.0,0.0,0.0,1.0,4,0.0,0.0,2.32,4.64,589268
2024-03-30 23:00:00,00000000790,20240330230000,0.005,0.0,0.019,0.0,0.0,0.0,1.0,4,0.0,0.0,0.0,380.0,589268
2024-03-31 00:00:00,00000000790,20240331000000,0.489,0.083,0.005,0.0,0.0,0.0,1.0,4,0.0,0.0,16.97,1.02,589268
2024-03-31 01:00:00,00000000790,20240331010000,0.184,0.026,0.016,0.0,0.0,0.0,1.0,4,0.0,0.0,14.13,8.7,589268
2024-03-31 02:00:00,00000000790,20240331020000,0.059,0.016,0.011,0.0,0.0,0.0,1.0,4,0.0,0.0,27.12,18.64,589268
2024-03-31 03:00:00,00000000790,20240331030000,0.341,0.017,0.011,0.0,0.0,0.0,1.0,4,0.0,0.0,4.99,3.23,589268
2024-03-31 04:00:00,00000000790,20240331040000,0.042,0.007,0.016,0.0,0.0,0.0,1.0,4,0.0,0.0,16.67,38.1,589268
2024-03-31 05:00:00,00000000790,20240331050000,0.705,0.134,0.001,0.0,0.0,0.0,1.0,4,0.0,0.0,19.01,0.14,589268
2024-03-31 06:00:00,00000000790,20240331060000,0.903,0.203,0.001,0.0,0.0,0.0,1.0,4,0.0,0.0,22.48,0.11,589268
2024-03-31 07:00:00,00000000790,20240331070000,0.898,0.217,0.002,0.0,0.0,0.0,1.0,4,0.0,0.0,24.16,0.22,589268
2024-03-31 08:00:00,00000000790,20240331080000,1.494,0.158,0.006,0.0,0.0,0.0,1.0,4,0.0,0.0,10.58,0.4,589268
2024-03-31 09:00:00,00000000790,20240331090000,0.739,0.121,0.008,0.0,0.0,0.0,1.0,4,0.0,0.0,16.37,1.08,589268
2024-03-31 10:00:00,00000000790,20240331100000,0.423,0.014,0.012,0.0,0.0,0.0,1.0,4,0.0,0.0,3.31,2.84,589268
2024-03-31 11:00:00,00000000790,20240331110000,0.026,0.001,0.013,0.0,0.0,0.0,1.0,4,0.0,0.0,3.85,50.0,589268
2024-03-31 12:00:00,00000000790,20240331120000,0.005,0.0,0.01,0.0,0.0,0.0,1.0,4,0.0,0.0,0.0,200.0,589268
2024-03-31 13:00:00,00000000790,20240331130000,0.043,0.019,0.006,0.0,0.0,0.0,1.0,4,0.0,0.0,44.19,13.95,589268
2024-03-31 14:00:00,00000000790,20240331140000,0.347,0.0,0.018,0.0,0.0,0.0,1.0,4,0.0,0.0,0.0,5.19,589268
2024-03-31 15:00:00,00000000790,20240331150000,0.239,0.015,0.014,0.0,0.0,0.0,1.0,4,0.0,0.0,6.28,5.86,589268
2024-03-31 16:00:00,00000000790,20240331160000,0.19,0.0,0.022,0.0,0.0,0.0,1.0,4,0.0,0.0,0.0,11.58,589268
2024-03-31 17:00:00,00000000790,20240331170000,0.044,0.014,0.012,0.0,0.0,0.0,1.0,4,0.0,0.0,31.82,27.27,589268
2024-03-31 18:00:00,00000000790,20240331180000,0.0,0.0,0.019,0.0,0.0,0.0,1.0,4,0.0,0.0,,,589268
2024-03-31 19:00:00,00000000790,20240331190000,0.085,0.018,0.008,0.0,0.0,0.0,1.0,4,0.0,0.0,21.18,9.41,589268
2024-03-31 20:00:00,00000000790,20240331200000,0.421,0.004,0.019,0.0,0.0,0.0,1.0,4,0.0,0.0,0.95,4.51,589268
2024-03-31 21:00:00,00000000790,20240331210000,0.051,0.015,0.01,0.0,0.0,0.0,1.0,4,0.0,0.0,29.41,19.61,589268
2024-03-31 22:00:00,00000000790,20240331220000,0.051,0.014,0.011,0.0,0.0,0.0,1.0,4,0.0,0.0,27.45,21.57,589268
2024-03-31 23:00:00,00000000790,20240331230000,0.076,0.013,0.012,0.0,0.0,0.0,1.0,4,0.0,0.0,17.11,15.79,589268
2024-04-01 00:00:00,00000000790,20240401000000,0.023,0.004,0.017,0.0,0.0,0.0,1.0,4,0.0,0.0,17.39,73.91,589268
2024-04-01 01:00:00,00000000790,20240401010000,0.053,0.015,0.011,0.0,0.0,0.0,1.0,4,0.0,0.0,28.3,20.75,589268
2024-04-01 02:00:00,00000000790,20240401020000,0.319,0.012,0.017,0.0,0.0,0.0,1.0,4,0.0,0.0,3.76,5.33,589268
2024-04-01 03:00:00,00000000790,20240401030000,0.402,0.014,0.013,0.0,0.0,0.0,1.0,4,0.0,0.0,3.48,3.23,589268
2024-04-01 04:00:00,00000000790,20240401040000,0.081,0.005,0.02,0.0,0.0,0.0,1.0,4,0.0,0.0,6.17,24.69,589268
2024-04-30 23:00:00,00000000790,20240430230000,0.0,0.0,0.0,0.0,0.0,0.0,1.0,4,0.0,0.0,,,589268
2024-05-01 00:00:00,00000000790,20240501000000,0.0,0.0,0.0,0.0,0.0,0.0,1.0,4,0.0,0.0,,,589268
2024-05-01 01:00:00,00000000790,20240501010000,0.0,0.0,0.0,0.0,0.0,0.0,1.0,4,0.0,0.0,,,589268
2024-05-01 02:00:00,00000000790,20240501020000,0.0,0.0,0.0,0.0,0.0,0.0,1.0,4,0.0,0.0,,,589268
2024-05-01 03:00:00,00000000790,20240501030000,0.0,0.0,0.0,0.0,0.0,0.0,1.0,4,0.0,0.0,,,589268
2024-05-01 04:00:00,00000000790,20240501040000,0.0,0.0,0.0,0.0,0.0,0.0,1.0,4,0.0,0.0,,,589268
2024-05-01 05:00:00,00000000790,20240501050000,0.0,0.0,0.0,0.0,0.0,0.0,1.0,4,0.0,0.0,,,589268
2024-05-01 06:00:00,00000000790,20240501060000,0.0,0.0,0.0,0.0,0.0,0.0,1.0,4,0.0,0.0,,,589268
2024-05-01 07:00:00,00000000790,20240501070000,0.0,0.0,0.0,0.0,0.0,0.0,1.0,4,0.0,0.0,,,589268
2024-05-01 08:00:00,00000000790,20240501080000,0.0,0.0,0.0,0.0,0.0,0.0,1.0,4,0.0,0.0,,,589268
2024-05-01 09:00:00,00000000790,20240501090000,0.0,0.0,0.0,0.0,0.0,0.0,1.0,4,0.0,0.0,,,589268
2024-05-01 10:00:00,00000000790,20240501100000,0.0,0.0,0.0,0.0,0.0,0.0,1.0,4,0.0,0.0,,,589268
2024-05-01 11:00:00,00000000790,20240501110000,0.0,0.0,0.0,0.0,0.0,0.0,1.0,4,0.0,0.0,,,589268
2024-05-01 12:00:00,00000000790,20240501120000,0.0,0.0,0.0,0.0,0.0,0.0,1.0,4,0.0,0.0,,,589268
2024-05-01 13:00:00,00000000790,20240501130000,0.0,0.0,0.0,0.0,0.0,0.0,1.0,4,0.0,0.0,,,589268
2024-05-01 14:00:00,00000000790,20240501140000,0.0,0.0,0.0,0.0,0.0,0.0,1.0,4,0.0,0.0,,,589268
2024-05-01 15:00:00,00000000790,20240501150000,0.0,0.0,0.0,0.0,0.0,0.0,1.0,4,0.0,0.0,,,589268
2024-05-01 16:00:00,00000000790,20240501160000,0.0,0.0,0.0,0.0,0.0,0.0,1.0,4,0.0,0.0,,,589268
2024-05-01 17:00:00,00000000790,20240501170000,0.0,0.0,0.0,0.0,0.0,0.0,1.0,4,0.0,0.0,,,589268
2024-05-01 18:00:00,00000000790,20240501180000,0.0,0.0,0.0,0.0,0.0,0.0,1.0,4,0.0,0.0,,,589268
2024-05-01 19:00:00,00000000790,20240501190000,0.0,0.0,0.0,0.0,0.0,0.0,1.0,4,0.0,0.0,,,589268
2024-05-01 20:00:00,00000000790,20240501200000,0.0,0.0,0.0,0.0,0.0,0.0,1.0,4,0.0,0.0,,,589268
2024-05-01 21:00:00,00000000790,20240501210000,0.0,0.0,0.0,0.0,0.0,0.0,1.0,4,0.0,0.0,,,589268
2024-05-01 22:00:00,00000000790,20240501220000,0.0,0.0,0.0,0.0,0.0,0.0,1.0,4,0.0,0.0,,,589268
2024-05-01 23:00:00,00000000790,20240501230000,0.0,0.0,0.0,0.0,0.0,0.0,1.0,4,0.0,0.0,,,589268
2024-05-02 00:00:00,00000000790,20240502000000,0.0,0.0,0.0,0.0,0.0,0.0,1.0,4,0.0,0.0,,,589268
2024-05-02 01:00:00,00000000790,20240502010000,0.0,0.0,0.0,0.0,0.0,0.0,1.0,4,0.0,0.0,,,589268
2024-05-02 02:00:00,00000000790,20240502020000,0.0,0.0,0.0,0.0,0.0,0.0,1.0,4,0.0,0.0,,,589268
2024-05-02 03:00:00,00000000790,20240502030000,0.0,0.0,0.0,0.0,0.0,0.0,1.0,4,0.0,0.0,,,589268
2024-05-02 04:00:00,00000000790,20240502040000,0.0,0.0,0.0,0.0,0.0,0.0,1.0,4,0.0,0.0,,,589268
2024-05-02 05:00:00,00000000790,20240502050000,0.0,0.0,0.0,0.0,0.0,0.0,1.0,4,0.0,0.0,,,589268
2024-05-02 06:00:00,00000000790,20240502060000,0.0,0.0,0.0,0.0,0.0,0.0,1.0,4,0.0,0.0,,,589268
2024-05-02 07:00:00,00000000790,20240502070000,0.0,0.0,0.0,0.0,0.0,0.0,1.0,4,0.0,0.0,,,589268
2024-05-02 08:00:00,00000000790,20240502080000,0.0,0.0,0.0,0.0,0.0,0.0,1.0,4,0.0,0.0,,,589268
2024-05-12 23:00:00,00000000790,20240512230000,0.0,0.0,0.0,0.0,0.0,0.0,1.0,4,0.0,0.0,,,589268
2024-05-13 00:00:00,00000000790,20240513000000,0.0,0.0,0.0,0.0,0.0,0.0,1.0,4,0.0,0.0,,,589268
2024-05-13 01:00:00,00000000790,20240513010000,0.0,0.0,0.0,0.0,0.0,0.0,1.0,4,0.0,0.0,,,589268
2024-05-13 02:00:00,00000000790,20240513020000,0.0,0.0,0.0,0.0,0.0,0.0,1.0,4,0.0,0.0,,,589268
2024-05-13 03:00:00,00000000790,20240513030000,0.0,0.0,0.0,0.0,0.0,0.0,1.0,4,0.0,0.0,,,589268
2024-05-13 04:00:00,00000000790,20240513040000,0.0,0.0,0.0,0.0,0.0,0.0,1.0,4,0.0,0.0,,,589268
2024-05-13 05:00:00,00000000790,20240513050000,0.0,0.0,0.0,0.0,0.0,0.0,1.0,4,0.0,0.0,,,589268
2024-05-13 06:00:00,00000000790,20240513060000,0.0,0.0,0.0,0.0,0.0,0.0,1.0,4,0.0,0.0,,,589268
2024-05-13 07:00:00,00000000790,20240513070000,0.0,0.0,0.0,0.0,0.0,0.0,1.0,4,0.0,0.0,,,589268
2024-05-13 08:00:00,00000000790,20240513080000,0.0,0.0,0.0,0.0,0.0,0.0,1.0,4,0.0,0.0,,,589268
2024-05-13 09:00:00,00000000790,20240513090000,0.0,0.0,0.0,0.0,0.0,0.0,1.0,4,0.0,0.0,,,589268
2024-05-13 10:00:00,00000000790,20240513100000,0.0,0.0,0.0,0.0,0.0,0.0,1.0,4,0.0,0.0,,,589268
2024-05-13 11:00:00,00000000790,20240513110000,0.0,0.0,0.0,0.0,0.0,0.0,1.0,4,0.0,0.0,,,589268
2024-05-13 12:00:00,00000000790,20240513120000,0.0,0.0,0.0,0.0,0.0,0.0,1.0,4,0.0,0.0,,,589268
2024-05-13 13:00:00,00000000790,20240513130000,0.0,0.0,0.0,0.0,0.0,0.0,1.0,4,0.0,0.0,,,589268
2024-05-13 14:00:00,00000000790,20240513140000,0.0,0.0,0.0,0.0,0.0,0.0,1.0,4,0.0,0.0,,,589268
2024-05-13 15:00:00,00000000790,20240513150000,0.0,0.0,0.0,0.0,0.0,0.0,1.0,4,0.0,0.0,,,589268
2024-05-13 16:00:00,00000000790,20240513160000,0.0,0.0,0.0,0.0,0.0,0.0,1.0,4,0.0,0.0,,,589268
2024-05-13 17:00:00,00000000790,20240513170000,0.0,0.0,0.0,0.0,0.0,0.0,1.0,4,0.0,0.0,,,589268
2024-05-13 18:00:00,00000000790,20240513180000,0.0,0.0,0.0,0.0,0.0,0.0,1.0,4,0.0,0.0,,,589268
2024-05-13 19:00:00,00000000790,20240513190000,0.0,0.0,0.0,0.0,0.0,0.0,1.0,4,0.0,0.0,,,589268
2024-05-13 20:00:00,00000000790,20240513200000,0.0,0.0,0.0,0.0,0.0,0.0,1.0,4,0.0,0.0,,,589268
2024-05-13 21:00:00,00000000790,20240513210000,0.0,0.0,0.0,0.0,0.0,0.0,1.0,4,0.0,0.0,,,589268
2024-05-13 22:00:00,00000000790,20240513220000,0.0,0.0,0.0,0.0,0.0,0.0,1.0,4,0.0,0.0,,,589268
2024-05-13 23:00:00,00000000790,20240513230000,0.0,0.0,0.0,0.0,0.0,0.0,1.0,4,0.0,0.0,,,589268
2024-05-14 00:00:00,00000000790,20240514000000,0.0,0.0,0.0,0.0,0.0,0.0,1.0,4,0.0,0.0,,,589268
2024-05-14 01:00:00,00000000790,20240514010000,0.0,0.0,0.0,0.0,0.0,0.0,1.0,4,0.0,0.0,,,589268
2024-05-14 02:00:00,00000000790,20240514020000,0.0,0.0,0.0,0.0,0.0,0.0,1.0,4,0.0,0.0,,,589268
2024-05-14 03:00:00,00000000790,20240514030000,0.0,0.0,0.0,0.0,0.0,0.0,1.0,4,0.0,0.0,,,589268
2024-05-14 04:00:00,00000000790,20240514040000,0.0,0.0,0.0,0.0,0.0,0.0,1.0,4,0.0,0.0,,,589268
2024-05-14 05:00:00,00000000790,20240514050000,0.0,0.0,0.0,0.0,0.0,0.0,1.0,4,0.0,0.0,,,589268
2024-05-14 06:00:00,00000000790,20240514060000,0.0,0.0,0.0,0.0,0.0,0.0,1.0,4,0.0,0.0,,,589268
2024-05-14 07:00:00,00000000790,20240514070000,0.0,0.0,0.0,0.0,0.0,0.0,1.0,4,0.0,0.0,,,589268
2024-05-14 08:00:00,00000000790,20240514080000,0.0,0.0,0.0,0.0,0.0,0.0,1.0,4,0.0,0.0,,,589268
2024-05-14 09:00:00,00000000790,20240514090000,0.0,0.0,0.0,0.0,0.0,0.0,1.0,4,0.0,0.0,,,589268
2024-05-14 10:00:00,00000000790,20240514100000,0.0,0.0,0.0,0.0,0.0,0.0,1.0,4,0.0,0.0,,,589268
2024-05-14 11:00:00,00000000790,20240514110000,0.0,0.0,0.0,0.0,0.0,0.0,1.0,4,0.0,0.0,,,589268
2024-05-14 12:00:00,00000000790,20240514120000,0.0,0.0,0.0,0.0,0.0,0.0,1.0,4,0.0,0.0,,,589268
2024-05-14 13:00:00,00000000790,20240514130000,0.0,0.0,0.0,0.0,0.0,0.0,1.0,4,0.0,0.0,,,589268
2024-05-14 14:00:00,00000000790,20240514140000,0.0,0.0,0.0,0.0,0.0,0.0,1.0,4,0.0,0.0,,,589268
2024-05-14 15:00:00,00000000790,20240514150000,0.849,0.015,0.0,0.0,0.0,0.0,1.0,4,0.0,0.0,1.77,0.0,589268
2024-05-14 16:00:00,00000000790,20240514160000,0.937,0.048,0.0,0.0,0.0,0.0,1.0,4,0.0,0.0,5.12,0.0,589268
2024-05-14 17:00:00,00000000790,20240514170000,0.111,0.047,0.0,0.0,0.0,0.0,1.0,4,0.0,0.0,42.34,0.0,589268
2024-05-14 18:00:00,00000000790,20240514180000,0.107,0.046,0.0,0.0,0.0,0.0,1.0,4,0.0,0.0,42.99,0.0,589268
2024-05-14 19:00:00,00000000790,20240514190000,0.106,0.045,0.0,0.0,0.0,0.0,1.0,4,0.0,0.0,42.45,0.0,589268
2024-05-14 20:00:00,00000000790,20240514200000,0.772,0.127,0.0,0.0,0.0,0.0,1.0,4,0.0,0.0,16.45,0.0,589268
2024-05-14 21:00:00,00000000790,20240514210000,1.226,0.145,0.001,0.0,0.0,0.0,1.0,4,0.0,0.0,11.83,0.08,589268
2024-05-14 22:00:00,00000000790,20240514220000,1.431,0.142,0.001,0.0,0.0,0.0,1.0,4,0.0,0.0,9.92,0.07,589268
2024-05-14 23:00:00,00000000790,20240514230000,0.992,0.127,0.003,0.0,0.0,0.0,1.0,4,0.0,0.0,12.8,0.3,589268
2024-05-15 00:00:00,00000000790,20240515000000,2.077,0.141,0.002,0.0,0.0,0.0,1.0,4,0.0,0.0,6.79,0.1,589268
2024-05-15 01:00:00,00000000790,20240515010000,0.8,0.14,0.003,0.0,0.0,0.0,1.0,4,0.0,0.0,17.5,0.38,589268
2024-05-15 02:00:00,00000000790,20240515020000,0.047,0.004,0.017,0.0,0.0,0.0,1.0,4,0.0,0.0,8.51,36.17,589268
2024-05-15 03:00:00,00000000790,20240515030000,0.056,0.012,0.013,0.0,0.0,0.0,1.0,4,0.0,0.0,21.43,23.21,589268
2024-05-15 04:00:00,00000000790,20240515040000,0.066,0.017,0.011,0.0,0.0,0.0,1.0,4,0.0,0.0,25.76,16.67,589268
2024-05-15 05:00:00,00000000790,20240515050000,0.035,0.003,0.017,0.0,0.0,0.0,1.0,4,0.0,0.0,8.57,48.57,589268
2024-05-15 06:00:00,00000000790,20240515060000,0.094,0.016,0.012,0.0,0.0,0.0,1.0,4,0.0,0.0,17.02,12.77,589268
2024-05-15 07:00:00,00000000790,20240515070000,0.045,0.011,0.014,0.0,0.0,0.0,1.0,4,0.0,0.0,24.44,31.11,589268
2024-05-15 08:00:00,00000000790,20240515080000,0.691,0.074,0.012,0.0,0.0,0.0,1.0,4,0.0,0.0,10.71,1.74,589268
2024-05-15 09:00:00,00000000790,20240515090000,0.787,0.091,0.009,0.0,0.0,0.0,1.0,4,0.0,0.0,11.56,1.14,589268
2024-05-15 10:00:00,00000000790,20240515100000,0.075,0.0,0.019,0.0,0.0,0.0,1.0,4,0.0,0.0,0.0,25.33,589268
2024-05-15 11:00:00,00000000790,20240515110000,0.046,0.014,0.011,0.0,0.0,0.0,1.0,4,0.0,0.0,30.43,23.91,589268
2024-05-15 12:00:00,00000000790,20240515120000,0.59,0.0,0.018,0.0,0.0,0.0,1.0,4,0.0,0.0,0.0,3.05,589268
2024-05-15 13:00:00,00000000790,20240515130000,0.176,0.016,0.011,0.0,0.0,0.0,1.0,4,0.0,0.0,9.09,6.25,589268
2024-05-15 14:00:00,00000000790,20240515140000,0.005,0.002,0.017,0.0,0.0,0.0,1.0,4,0.0,0.0,40.0,340.0,589268
2024-05-15 15:00:00,00000000790,20240515150000,0.088,0.028,0.004,0.0,0.0,0.0,1.0,4,0.0,0.0,31.82,4.55,589268
2024-05-15 16:00:00,00000000790,20240515160000,0.353,0.015,0.011,0.0,0.0,0.0,1.0,4,0.0,0.0,4.25,3.12,589268
2024-05-15 17:00:00,00000000790,20240515170000,0.608,0.008,0.014,0.0,0.0,0.0,1.0,4,0.0,0.0,1.32,2.3,589268
2024-05-15 18:00:00,00000000790,20240515180000,0.572,0.018,0.009,0.0,0.0,0.0,1.0,4,0.0,0.0,3.15,1.57,589268
2024-05-15 19:00:00,00000000790,20240515190000,0.73,0.022,0.007,0.0,0.0,0.0,1.0,4,0.0,0.0,3.01,0.96,589268
2024-05-15 20:00:00,00000000790,20240515200000,1.107,0.132,0.005,0.0,0.0,0.0,1.0,4,0.0,0.0,11.92,0.45,589268
2024-05-15 21:00:00,00000000790,20240515210000,1.099,0.114,0.001,0.0,0.0,0.0,1.0,4,0.0,0.0,10.37,0.09,589268
2024-05-15 22:00:00,00000000790,20240515220000,0.716,0.102,0.005,0.0,0.0,0.0,1.0,4,0.0,0.0,14.25,0.7,589268
2024-05-15 23:00:00,00000000790,20240515230000,0.856,0.079,0.007,0.0,0.0,0.0,1.0,4,0.0,0.0,9.23,0.82,589268
2024-05-16 00:00:00,00000000790,20240516000000,0.694,0.111,0.003,0.0,0.0,0.0,1.0,4,0.0,0.0,15.99,0.43,589268
2024-05-16 01:00:00,00000000790,20240516010000,0.054,0.0,0.019,0.0,0.0,0.0,1.0,4,0.0,0.0,0.0,35.19,589268
2024-05-16 02:00:00,00000000790,20240516020000,0.071,0.004,0.018,0.0,0.0,0.0,1.0,4,0.0,0.0,5.63,25.35,589268
2024-05-16 03:00:00,00000000790,20240516030000,0.084,0.011,0.014,0.0,0.0,0.0,1.0,4,0.0,0.0,13.1,16.67,589268
2024-05-16 04:00:00,00000000790,20240516040000,0.045,0.0,0.02,0.0,0.0,0.0,1.0,4,0.0,0.0,0.0,44.44,589268
2024-05-16 05:00:00,00000000790,20240516050000,0.325,0.014,0.012,0.0,0.0,0.0,1.0,4,0.0,0.0,4.31,3.69,589268
2024-05-16 06:00:00,00000000790,20240516060000,0.01,0.0,0.019,0.0,0.0,0.0,1.0,4,0.0,0.0,0.0,190.0,589268
2024-05-16 07:00:00,00000000790,20240516070000,0.08,0.028,0.006,0.0,0.0,0.0,1.0,4,0.0,0.0,35.0,7.5,589268
2024-05-16 08:00:00,00000000790,20240516080000,0.056,0.017,0.01,0.0,0.0,0.0,1.0,4,0.0,0.0,30.36,17.86,589268
2024-05-16 09:00:00,00000000790,20240516090000,0.944,0.008,0.015,0.0,0.0,0.0,1.0,4,0.0,0.0,0.85,1.59,589268
2024-05-16 10:00:00,00000000790,20240516100000,0.693,0.093,0.009,0.0,0.0,0.0,1.0,4,0.0,0.0,13.42,1.3,589268
2024-05-16 11:00:00,00000000790,20240516110000,0.204,0.02,0.008,0.0,0.0,0.0,1.0,4,0.0,0.0,9.8,3.92,589268
2024-05-16 12:00:00,00000000790,20240516120000,0.426,0.031,0.008,0.0,0.0,0.0,1.0,4,0.0,0.0,7.28,1.88,589268
2024-05-16 13:00:00,00000000790,20240516130000,0.223,0.01,0.014,0.0,0.0,0.0,1.0,4,0.0,0.0,4.48,6.28,589268
2024-05-16 14:00:00,00000000790,20240516140000,0.142,0.013,0.012,0.0,0.0,0.0,1.0,4,0.0,0.0,9.15,8.45,589268
2024-05-16 15:00:00,00000000790,20240516150000,0.549,0.015,0.011,0.0,0.0,0.0,1.0,4,0.0,0.0,2.73,2.0,589268
2024-05-16 16:00:00,00000000790,20240516160000,0.045,0.015,0.006,0.0,0.0,0.0,1.0,4,0.0,0.0,33.33,13.33,589268
2024-05-16 17:00:00,00000000790,20240516170000,0.02,0.004,0.008,0.0,0.0,0.0,1.0,4,0.0,0.0,20.0,40.0,589268
2024-05-16 18:00:00,00000000790,20240516180000,0.053,0.019,0.005,0.0,0.0,0.0,1.0,4,0.0,0.0,35.85,9.43,589268
2024-05-16 19:00:00,00000000790,20240516190000,0.005,0.0,0.009,0.0,0.0,0.0,1.0,4,0.0,0.0,0.0,180.0,589268
2024-05-16 20:00:00,00000000790,20240516200000,0.045,0.013,0.006,0.0,0.0,0.0,1.0,4,0.0,0.0,28.89,13.33,589268
2024-05-16 21:00:00,00000000790,20240516210000,0.003,0.002,0.008,0.0,0.0,0.0,1.0,4,0.0,0.0,66.67,266.67,589268
2024-05-16 22:00:00,00000000790,20240516220000,0.269,0.0,0.008,0.0,0.0,0.0,1.0,4,0.0,0.0,0.0,2.97,589268
2024-05-16 23:00:00,00000000790,20240516230000,1.024,0.111,0.002,0.0,0.0,0.0,1.0,4,0.0,0.0,10.84,0.2,589268
2024-05-17 00:00:00,00000000790,20240517000000,1.321,0.121,0.002,0.0,0.0,0.0,1.0,4,0.0,0.0,9.16,0.15,589268
2024-05-17 01:00:00,00000000790,20240517010000,1.263,0.111,0.005,0.0,0.0,0.0,1.0,4,0.0,0.0,8.79,0.4,589268
2024-05-17 02:00:00,00000000790,20240517020000,0.631,0.11,0.005,0.0,0.0,0.0,1.0,4,0.0,0.0,17.43,0.79,589268
2024-05-17 03:00:00,00000000790,20240517030000,0.763,0.16,0.001,0.0,0.0,0.0,1.0,4,0.0,0.0,20.97,0.13,589268
2024-05-17 04:00:00,00000000790,20240517040000,0.545,0.111,0.004,0.0,0.0,0.0,1.0,4,0.0,0.0,20.37,0.73,589268
2024-05-17 05:00:00,00000000790,20240517050000,0.044,0.008,0.015,0.0,0.0,0.0,1.0,4,0.0,0.0,18.18,34.09,589268
2024-05-17 06:00:00,00000000790,20240517060000,0.049,0.01,0.014,0.0,0.0,0.0,1.0,4,0.0,0.0,20.41,28.57,589268
2024-05-17 07:00:00,00000000790,20240517070000,0.206,0.017,0.011,0.0,0.0,0.0,1.0,4,0.0,0.0,8.25,5.34,589268
2024-05-17 08:00:00,00000000790,20240517080000,0.211,0.016,0.011,0.0,0.0,0.0,1.0,4,0.0,0.0,7.58,5.21,589268
2024-05-17 09:00:00,00000000790,20240517090000,0.038,0.005,0.016,0.0,0.0,0.0,1.0,4,0.0,0.0,13.16,42.11,589268
2024-05-17 10:00:00,00000000790,20240517100000,0.648,0.011,0.013,0.0,0.0,0.0,1.0,4,0.0,0.0,1.7,2.01,589268
2024-05-17 11:00:00,00000000790,20240517110000,0.323,0.001,0.02,0.0,0.0,0.0,1.0,4,0.0,0.0,0.31,6.19,589268
2024-05-17 12:00:00,00000000790,20240517120000,0.283,0.018,0.011,0.0,0.0,0.0,1.0,4,0.0,0.0,6.36,3.89,589268
2024-05-17 13:00:00,00000000790,20240517130000,0.159,0.0,0.018,0.0,0.0,0.0,1.0,4,0.0,0.0,0.0,11.32,589268
2024-05-17 14:00:00,00000000790,20240517140000,0.387,0.009,0.014,0.0,0.0,0.0,1.0,4,0.0,0.0,2.33,3.62,589268
2024-05-17 15:00:00,00000000790,20240517150000,0.016,0.006,0.016,0.0,0.0,0.0,1.0,4,0.0,0.0,37.5,100.0,589268
2024-05-17 16:00:00,00000000790,20240517160000,0.021,0.006,0.015,0.0,0.0,0.0,1.0,4,0.0,0.0,28.57,71.43,589268
2024-05-17 17:00:00,00000000790,20240517170000,0.227,0.007,0.015,0.0,0.0,0.0,1.0,4,0.0,0.0,3.08,6.61,589268
2024-05-17 18:00:00,00000000790,20240517180000,0.088,0.008,0.015,0.0,0.0,0.0,1.0,4,0.0,0.0,9.09,17.05,589268
2024-05-17 19:00:00,00000000790,20240517190000,0.277,0.005,0.016,0.0,0.0,0.0,1.0,4,0.0,0.0,1.81,5.78,589268
2024-05-17 20:00:00,00000000790,20240517200000,0.392,0.017,0.009,0.0,0.0,0.0,1.0,4,0.0,0.0,4.34,2.3,589268
2024-05-17 21:00:00,00000000790,20240517210000,0.881,0.047,0.011,0.0,0.0,0.0,1.0,4,0.0,0.0,5.33,1.25,589268
2024-05-17 22:00:00,00000000790,20240517220000,0.963,0.129,0.002,0.0,0.0,0.0,1.0,4,0.0,0.0,13.4,0.21,589268
2024-05-17 23:00:00,00000000790,20240517230000,0.903,0.137,0.001,0.0,0.0,0.0,1.0,4,0.0,0.0,15.17,0.11,589268
2024-05-18 00:00:00,00000000790,20240518000000,0.866,0.102,0.002,0.0,0.0,0.0,1.0,4,0.0,0.0,11.78,0.23,589268
2024-05-18 01:00:00,00000000790,20240518010000,0.498,0.071,0.006,0.0,0.0,0.0,1.0,4,0.0,0.0,14.26,1.2,589268
2024-05-18 02:00:00,00000000790,20240518020000,0.086,0.009,0.015,0.0,0.0,0.0,1.0,4,0.0,0.0,10.47,17.44,589268
2024-05-18 03:00:00,00000000790,20240518030000,0.105,0.015,0.011,0.0,0.0,0.0,1.0,4,0.0,0.0,14.29,10.48,589268
2024-05-18 04:00:00,00000000790,20240518040000,0.067,0.001,0.02,0.0,0.0,0.0,1.0,4,0.0,0.0,1.49,29.85,589268
2024-05-18 05:00:00,00000000790,20240518050000,0.445,0.012,0.016,0.0,0.0,0.0,1.0,4,0.0,0.0,2.7,3.6,589268
2024-05-18 06:00:00,00000000790,20240518060000,0.0,0.0,0.005,0.0,0.0,0.0,1.0,4,0.0,0.0,,,589268
2024-05-18 07:00:00,00000000790,20240518070000,0.041,0.02,0.002,0.0,0.0,0.0,1.0,4,0.0,0.0,48.78,4.88,589268
2024-05-18 08:00:00,00000000790,20240518080000,0.0,0.0,0.004,0.0,0.0,0.0,1.0,4,0.0,0.0,,,589268
2024-05-18 09:00:00,00000000790,20240518090000,0.041,0.019,0.002,0.0,0.0,0.0,1.0,4,0.0,0.0,46.34,4.88,589268
2024-05-18 10:00:00,00000000790,20240518100000,0.0,0.0,0.004,0.0,0.0,0.0,1.0,4,0.0,0.0,,,589268
2024-05-18 11:00:00,00000000790,20240518110000,0.041,0.018,0.002,0.0,0.0,0.0,1.0,4,0.0,0.0,43.9,4.88,589268
2024-05-18 12:00:00,00000000790,20240518120000,0.057,0.026,0.002,0.0,0.0,0.0,1.0,4,0.0,0.0,45.61,3.51,589268
2024-05-18 13:00:00,00000000790,20240518130000,0.033,0.011,0.003,0.0,0.0,0.0,1.0,4,0.0,0.0,33.33,9.09,589268
2024-05-18 14:00:00,00000000790,20240518140000,0.034,0.012,0.003,0.0,0.0,0.0,1.0,4,0.0,0.0,35.29,8.82,589268
2024-05-18 15:00:00,00000000790,20240518150000,0.054,0.023,0.002,0.0,0.0,0.0,1.0,4,0.0,0.0,42.59,3.7,589268
2024-05-18 16:00:00,00000000790,20240518160000,0.076,0.019,0.002,0.0,0.0,0.0,1.0,4,0.0,0.0,25.0,2.63,589268
2024-05-18 17:00:00,00000000790,20240518170000,0.036,0.013,0.003,0.0,0.0,0.0,1.0,4,0.0,0.0,36.11,8.33,589268
2024-05-18 18:00:00,00000000790,20240518180000,0.054,0.023,0.002,0.0,0.0,0.0,1.0,4,0.0,0.0,42.59,3.7,589268
2024-05-18 19:00:00,00000000790,20240518190000,0.053,0.021,0.002,0.0,0.0,0.0,1.0,4,0.0,0.0,39.62,3.77,589268
2024-05-18 20:00:00,00000000790,20240518200000,0.027,0.008,0.003,0.0,0.0,0.0,1.0,4,0.0,0.0,29.63,11.11,589268
2024-05-18 21:00:00,00000000790,20240518210000,0.036,0.012,0.002,0.0,0.0,0.0,1.0,4,0.0,0.0,33.33,5.56,589268
2024-05-18 22:00:00,00000000790,20240518220000,0.051,0.02,0.002,0.0,0.0,0.0,1.0,4,0.0,0.0,39.22,3.92,589268
2024-05-18 23:00:00,00000000790,20240518230000,0.052,0.021,0.002,0.0,0.0,0.0,1.0,4,0.0,0.0,40.38,3.85,589268
2024-05-19 00:00:00,00000000790,20240519000000,0.012,0.0,0.004,0.0,0.0,0.0,1.0,4,0.0,0.0,0.0,33.33,589268
2024-05-19 01:00:00,00000000790,20240519010000,0.005,0.0,0.004,0.0,0.0,0.0,1.0,4,0.0,0.0,0.0,80.0,589268
2024-05-19 02:00:00,00000000790,20240519020000,0.043,0.02,0.002,0.0,0.0,0.0,1.0,4,0.0,0.0,46.51,4.65,589268
2024-05-19 03:00:00,00000000790,20240519030000,0.0,0.0,0.004,0.0,0.0,0.0,1.0,4,0.0,0.0,,,589268
2024-05-19 04:00:00,00000000790,20240519040000,0.048,0.021,0.002,0.0,0.0,0.0,1.0,4,0.0,0.0,43.75,4.17,589268
2024-05-19 05:00:00,00000000790,20240519050000,0.0,0.0,0.004,0.0,0.0,0.0,1.0,4,0.0,0.0,,,589268
2024-05-19 06:00:00,00000000790,20240519060000,0.042,0.021,0.003,0.0,0.0,0.0,1.0,4,0.0,0.0,50.0,7.14,589268
2024-05-19 07:00:00,00000000790,20240519070000,0.0,0.0,0.004,0.0,0.0,0.0,1.0,4,0.0,0.0,,,589268
2024-05-19 08:00:00,00000000790,20240519080000,0.066,0.033,0.001,0.0,0.0,0.0,1.0,4,0.0,0.0,50.0,1.52,589268
2024-05-19 09:00:00,00000000790,20240519090000,0.033,0.011,0.003,0.0,0.0,0.0,1.0,4,0.0,0.0,33.33,9.09,589268
2024-05-19 10:00:00,00000000790,20240519100000,0.049,0.021,0.002,0.0,0.0,0.0,1.0,4,0.0,0.0,42.86,4.08,589268
2024-05-19 11:00:00,00000000790,20240519110000,0.053,0.022,0.002,0.0,0.0,0.0,1.0,4,0.0,0.0,41.51,3.77,589268
2024-05-19 12:00:00,00000000790,20240519120000,0.054,0.023,0.002,0.0,0.0,0.0,1.0,4,0.0,0.0,42.59,3.7,589268
2024-05-19 13:00:00,00000000790,20240519130000,0.027,0.008,0.004,0.0,0.0,0.0,1.0,4,0.0,0.0,29.63,14.81,589268
2024-05-19 14:00:00,00000000790,20240519140000,0.038,0.014,0.002,0.0,0.0,0.0,1.0,4,0.0,0.0,36.84,5.26,589268
2024-05-19 15:00:00,00000000790,20240519150000,0.053,0.023,0.002,0.0,0.0,0.0,1.0,4,0.0,0.0,43.4,3.77,589268
2024-05-19 16:00:00,00000000790,20240519160000,0.03,0.009,0.004,0.0,0.0,0.0,1.0,4,0.0,0.0,30.0,13.33,589268
2024-05-19 17:00:00,00000000790,20240519170000,0.049,0.007,0.003,0.0,0.0,0.0,1.0,4,0.0,0.0,14.29,6.12,589268
2024-05-19 18:00:00,00000000790,20240519180000,0.028,0.013,0.003,0.0,0.0,0.0,1.0,4,0.0,0.0,46.43,10.71,589268
2024-05-19 19:00:00,00000000790,20240519190000,0.001,0.0,0.004,0.0,0.0,0.0,1.0,4,0.0,0.0,0.0,400.0,589268
2024-05-19 20:00:00,00000000790,20240519200000,0.047,0.02,0.002,0.0,0.0,0.0,1.0,4,0.0,0.0,42.55,4.26,589268
2024-05-19 21:00:00,00000000790,20240519210000,0.0,0.0,0.003,0.0,0.0,0.0,1.0,4,0.0,0.0,,,589268
2024-05-19 22:00:00,00000000790,20240519220000,0.041,0.017,0.003,0.0,0.0,0.0,1.0,4,0.0,0.0,41.46,7.32,589268
2024-05-19 23:00:00,00000000790,20240519230000,0.0,0.0,0.003,0.0,0.0,0.0,1.0,4,0.0,0.0,,,589268
2024-05-20 00:00:00,00000000790,20240520000000,0.042,0.019,0.003,0.0,0.0,0.0,1.0,4,0.0,0.0,45.24,7.14,589268
2024-05-20 01:00:00,00000000790,20240520010000,0.013,0.007,0.003,0.0,0.0,0.0,1.0,4,0.0,0.0,53.85,23.08,589268
2024-05-20 02:00:00,00000000790,20240520020000,0.072,0.034,0.002,0.0,0.0,0.0,1.0,4,0.0,0.0,47.22,2.78,589268
2024-05-20 03:00:00,00000000790,20240520030000,0.058,0.026,0.002,0.0,0.0,0.0,1.0,4,0.0,0.0,44.83,3.45,589268
2024-05-20 04:00:00,00000000790,20240520040000,0.043,0.017,0.002,0.0,0.0,0.0,1.0,4,0.0,0.0,39.53,4.65,589268
2024-05-20 05:00:00,00000000790,20240520050000,0.027,0.009,0.003,0.0,0.0,0.0,1.0,4,0.0,0.0,33.33,11.11,589268
2024-05-20 06:00:00,00000000790,20240520060000,0.052,0.024,0.003,0.0,0.0,0.0,1.0,4,0.0,0.0,46.15,5.77,589268
2024-05-20 07:00:00,00000000790,20240520070000,0.054,0.025,0.002,0.0,0.0,0.0,1.0,4,0.0,0.0,46.3,3.7,589268
2024-05-20 08:00:00,00000000790,20240520080000,0.048,0.019,0.002,0.0,0.0,0.0,1.0,4,0.0,0.0,39.58,4.17,589268
2024-05-20 09:00:00,00000000790,20240520090000,0.017,0.003,0.004,0.0,0.0,0.0,1.0,4,0.0,0.0,17.65,23.53,589268
2024-05-20 10:00:00,00000000790,20240520100000,0.004,0.0,0.003,0.0,0.0,0.0,1.0,4,0.0,0.0,0.0,75.0,589268
2024-05-20 11:00:00,00000000790,20240520110000,0.042,0.019,0.003,0.0,0.0,0.0,1.0,4,0.0,0.0,45.24,7.14,589268
2024-05-20 12:00:00,00000000790,20240520120000,0.0,0.0,0.003,0.0,0.0,0.0,1.0,4,0.0,0.0,,,589268
2024-05-20 13:00:00,00000000790,20240520130000,0.048,0.022,0.003,0.0,0.0,0.0,1.0,4,0.0,0.0,45.83,6.25,589268
2024-05-20 14:00:00,00000000790,20240520140000,0.0,0.0,0.003,0.0,0.0,0.0,1.0,4,0.0,0.0,,,589268
2024-05-20 15:00:00,00000000790,20240520150000,0.041,0.019,0.003,0.0,0.0,0.0,1.0,4,0.0,0.0,46.34,7.32,589268
2024-05-20 16:00:00,00000000790,20240520160000,0.0,0.0,0.004,0.0,0.0,0.0,1.0,4,0.0,0.0,,,589268
2024-05-20 17:00:00,00000000790,20240520170000,0.052,0.024,0.002,0.0,0.0,0.0,1.0,4,0.0,0.0,46.15,3.85,589268
2024-05-20 18:00:00,00000000790,20240520180000,0.048,0.02,0.002,0.0,0.0,0.0,1.0,4,0.0,0.0,41.67,4.17,589268
2024-05-20 19:00:00,00000000790,20240520190000,0.057,0.024,0.002,0.0,0.0,0.0,1.0,4,0.0,0.0,42.11,3.51,589268
2024-05-20 20:00:00,00000000790,20240520200000,0.054,0.023,0.002,0.0,0.0,0.0,1.0,4,0.0,0.0,42.59,3.7,589268
2024-05-20 21:00:00,00000000790,20240520210000,0.048,0.007,0.003,0.0,0.0,0.0,1.0,4,0.0,0.0,14.58,6.25,589268
2024-05-20 22:00:00,00000000790,20240520220000,0.093,0.03,0.002,0.0,0.0,0.0,1.0,4,0.0,0.0,32.26,2.15,589268
2024-05-20 23:00:00,00000000790,20240520230000,0.051,0.021,0.002,0.0,0.0,0.0,1.0,4,0.0,0.0,41.18,3.92,589268
2024-05-21 00:00:00,00000000790,20240521000000,0.028,0.008,0.003,0.0,0.0,0.0,1.0,4,0.0,0.0,28.57,10.71,589268
2024-05-21 01:00:00,00000000790,20240521010000,0.045,0.019,0.002,0.0,0.0,0.0,1.0,4,0.0,0.0,42.22,4.44,589268
2024-05-21 02:00:00,00000000790,20240521020000,0.055,0.025,0.002,0.0,0.0,0.0,1.0,4,0.0,0.0,45.45,3.64,589268
2024-05-21 03:00:00,00000000790,20240521030000,0.054,0.025,0.003,0.0,0.0,0.0,1.0,4,0.0,0.0,46.3,5.56,589268
2024-05-21 04:00:00,00000000790,20240521040000,0.027,0.007,0.003,0.0,0.0,0.0,1.0,4,0.0,0.0,25.93,11.11,589268
2024-05-21 05:00:00,00000000790,20240521050000,0.04,0.017,0.003,0.0,0.0,0.0,1.0,4,0.0,0.0,42.5,7.5,589268
2024-05-21 06:00:00,00000000790,20240521060000,0.006,0.0,0.004,0.0,0.0,0.0,1.0,4,0.0,0.0,0.0,66.67,589268
2024-05-21 07:00:00,00000000790,20240521070000,0.038,0.02,0.002,0.0,0.0,0.0,1.0,4,0.0,0.0,52.63,5.26,589268
2024-05-21 08:00:00,00000000790,20240521080000,0.0,0.0,0.004,0.0,0.0,0.0,1.0,4,0.0,0.0,,,589268
2024-05-21 09:00:00,00000000790,20240521090000,0.049,0.021,0.002,0.0,0.0,0.0,1.0,4,0.0,0.0,42.86,4.08,589268
2024-05-21 10:00:00,00000000790,20240521100000,0.0,0.0,0.004,0.0,0.0,0.0,1.0,4,0.0,0.0,,,589268
2024-05-21 11:00:00,00000000790,20240521110000,0.041,0.018,0.002,0.0,0.0,0.0,1.0,4,0.0,0.0,43.9,4.88,589268
2024-05-21 12:00:00,00000000790,20240521120000,0.0,0.0,0.004,0.0,0.0,0.0,1.0,4,0.0,0.0,,,589268
2024-05-21 13:00:00,00000000790,20240521130000,0.042,0.019,0.002,0.0,0.0,0.0,1.0,4,0.0,0.0,45.24,4.76,589268
2024-05-21 14:00:00,00000000790,20240521140000,0.059,0.026,0.002,0.0,0.0,0.0,1.0,4,0.0,0.0,44.07,3.39,589268
2024-05-21 15:00:00,00000000790,20240521150000,0.057,0.024,0.002,0.0,0.0,0.0,1.0,4,0.0,0.0,42.11,3.51,589268
2024-05-21 16:00:00,00000000790,20240521160000,0.037,0.013,0.003,0.0,0.0,0.0,1.0,4,0.0,0.0,35.14,8.11,589268
2024-05-21 17:00:00,00000000790,20240521170000,0.03,0.009,0.002,0.0,0.0,0.0,1.0,4,0.0,0.0,30.0,6.67,589268
2024-05-21 18:00:00,00000000790,20240521180000,0.054,0.024,0.002,0.0,0.0,0.0,1.0,4,0.0,0.0,44.44,3.7,589268
2024-05-21 19:00:00,00000000790,20240521190000,0.055,0.023,0.002,0.0,0.0,0.0,1.0,4,0.0,0.0,41.82,3.64,589268
2024-05-21 20:00:00,00000000790,20240521200000,0.048,0.019,0.003,0.0,0.0,0.0,1.0,4,0.0,0.0,39.58,6.25,589268
2024-05-21 21:00:00,00000000790,20240521210000,0.024,0.006,0.003,0.0,0.0,0.0,1.0,4,0.0,0.0,25.0,12.5,589268
2024-05-21 22:00:00,00000000790,20240521220000,0.032,0.011,0.002,0.0,0.0,0.0,1.0,4,0.0,0.0,34.38,6.25,589268
2024-05-21 23:00:00,00000000790,20240521230000,0.072,0.018,0.003,0.0,0.0,0.0,1.0,4,0.0,0.0,25.0,4.17,589268
2024-05-22 00:00:00,00000000790,20240522000000,0.0,0.0,0.004,0.0,0.0,0.0,1.0,4,0.0,0.0,,,589268
2024-05-22 01:00:00,00000000790,20240522010000,0.043,0.02,0.002,0.0,0.0,0.0,1.0,4,0.0,0.0,46.51,4.65,589268
2024-05-22 02:00:00,00000000790,20240522020000,0.003,0.002,0.004,0.0,0.0,0.0,1.0,4,0.0,0.0,66.67,133.33,589268
2024-05-22 03:00:00,00000000790,20240522030000,0.042,0.02,0.002,0.0,0.0,0.0,1.0,4,0.0,0.0,47.62,4.76,589268
2024-05-22 04:00:00,00000000790,20240522040000,0.0,0.0,0.004,0.0,0.0,0.0,1.0,4,0.0,0.0,,,589268
2024-05-22 05:00:00,00000000790,20240522050000,0.044,0.022,0.003,0.0,0.0,0.0,1.0,4,0.0,0.0,50.0,6.82,589268
2024-05-22 06:00:00,00000000790,20240522060000,0.0,0.0,0.004,0.0,0.0,0.0,1.0,4,0.0,0.0,,,589268
2024-05-22 07:00:00,00000000790,20240522070000,0.074,0.037,0.001,0.0,0.0,0.0,1.0,4,0.0,0.0,50.0,1.35,589268
2024-05-22 08:00:00,00000000790,20240522080000,0.037,0.014,0.003,0.0,0.0,0.0,1.0,4,0.0,0.0,37.84,8.11,589268
2024-05-22 09:00:00,00000000790,20240522090000,0.043,0.018,0.002,0.0,0.0,0.0,1.0,4,0.0,0.0,41.86,4.65,589268
2024-05-22 10:00:00,00000000790,20240522100000,0.056,0.025,0.002,0.0,0.0,0.0,1.0,4,0.0,0.0,44.64,3.57,589268
2024-05-22 11:00:00,00000000790,20240522110000,0.055,0.023,0.002,0.0,0.0,0.0,1.0,4,0.0,0.0,41.82,3.64,589268
2024-05-22 12:00:00,00000000790,20240522120000,0.043,0.017,0.003,0.0,0.0,0.0,1.0,4,0.0,0.0,39.53,6.98,589268
2024-05-22 13:00:00,00000000790,20240522130000,0.026,0.008,0.003,0.0,0.0,0.0,1.0,4,0.0,0.0,30.77,11.54,589268
2024-05-22 14:00:00,00000000790,20240522140000,0.053,0.023,0.002,0.0,0.0,0.0,1.0,4,0.0,0.0,43.4,3.77,589268
2024-05-22 15:00:00,00000000790,20240522150000,0.033,0.012,0.003,0.0,0.0,0.0,1.0,4,0.0,0.0,36.36,9.09,589268
2024-05-22 16:00:00,00000000790,20240522160000,0.026,0.01,0.003,0.0,0.0,0.0,1.0,4,0.0,0.0,38.46,11.54,589268
2024-05-22 17:00:00,00000000790,20240522170000,0.019,0.009,0.003,0.0,0.0,0.0,1.0,4,0.0,0.0,47.37,15.79,589268
2024-05-22 18:00:00,00000000790,20240522180000,0.006,0.002,0.004,0.0,0.0,0.0,1.0,4,0.0,0.0,33.33,66.67,589268
2024-05-22 19:00:00,00000000790,20240522190000,0.039,0.018,0.002,0.0,0.0,0.0,1.0,4,0.0,0.0,46.15,5.13,589268
2024-05-22 20:00:00,00000000790,20240522200000,0.016,0.006,0.003,0.0,0.0,0.0,1.0,4,0.0,0.0,37.5,18.75,589268
2024-05-22 21:00:00,00000000790,20240522210000,0.026,0.012,0.003,0.0,0.0,0.0,1.0,4,0.0,0.0,46.15,11.54,589268
2024-05-22 22:00:00,00000000790,20240522220000,0.037,0.016,0.003,0.0,0.0,0.0,1.0,4,0.0,0.0,43.24,8.11,589268
2024-05-22 23:00:00,00000000790,20240522230000,0.056,0.027,0.001,0.0,0.0,0.0,1.0,4,0.0,0.0,48.21,1.79,589268
2024-05-23 00:00:00,00000000790,20240523000000,0.039,0.014,0.003,0.0,0.0,0.0,1.0,4,0.0,0.0,35.9,7.69,589268
2024-05-23 01:00:00,00000000790,20240523010000,0.039,0.016,0.003,0.0,0.0,0.0,1.0,4,0.0,0.0,41.03,7.69,589268
2024-05-23 02:00:00,00000000790,20240523020000,0.057,0.025,0.002,0.0,0.0,0.0,1.0,4,0.0,0.0,43.86,3.51,589268
2024-05-23 03:00:00,00000000790,20240523030000,0.092,0.018,0.003,0.0,0.0,0.0,1.0,4,0.0,0.0,19.57,3.26,589268
2024-05-23 04:00:00,00000000790,20240523040000,0.056,0.025,0.002,0.0,0.0,0.0,1.0,4,0.0,0.0,44.64,3.57,589268
2024-05-23 05:00:00,00000000790,20240523050000,0.059,0.026,0.002,0.0,0.0,0.0,1.0,4,0.0,0.0,44.07,3.39,589268
2024-05-23 06:00:00,00000000790,20240523060000,0.057,0.027,0.002,0.0,0.0,0.0,1.0,4,0.0,0.0,47.37,3.51,589268
2024-05-23 07:00:00,00000000790,20240523070000,0.032,0.01,0.003,0.0,0.0,0.0,1.0,4,0.0,0.0,31.25,9.38,589268
2024-05-23 08:00:00,00000000790,20240523080000,0.037,0.015,0.003,0.0,0.0,0.0,1.0,4,0.0,0.0,40.54,8.11,589268
2024-05-23 09:00:00,00000000790,20240523090000,0.055,0.023,0.002,0.0,0.0,0.0,1.0,4,0.0,0.0,41.82,3.64,589268
2024-05-23 10:00:00,00000000790,20240523100000,0.054,0.024,0.002,0.0,0.0,0.0,1.0,4,0.0,0.0,44.44,3.7,589268
2024-05-23 11:00:00,00000000790,20240523110000,0.02,0.004,0.003,0.0,0.0,0.0,1.0,4,0.0,0.0,20.0,15.0,589268
2024-05-23 12:00:00,00000000790,20240523120000,0.027,0.009,0.003,0.0,0.0,0.0,1.0,4,0.0,0.0,33.33,11.11,589268
2024-05-23 13:00:00,00000000790,20240523130000,0.021,0.01,0.003,0.0,0.0,0.0,1.0,4,0.0,0.0,47.62,14.29,589268
2024-05-23 14:00:00,00000000790,20240523140000,0.002,0.0,0.004,0.0,0.0,0.0,1.0,4,0.0,0.0,0.0,200.0,589268
2024-05-23 15:00:00,00000000790,20240523150000,0.045,0.021,0.002,0.0,0.0,0.0,1.0,4,0.0,0.0,46.67,4.44,589268
2024-05-23 16:00:00,00000000790,20240523160000,0.01,0.005,0.004,0.0,0.0,0.0,1.0,4,0.0,0.0,50.0,40.0,589268
2024-05-23 17:00:00,00000000790,20240523170000,0.032,0.015,0.003,0.0,0.0,0.0,1.0,4,0.0,0.0,46.88,9.38,589268
2024-05-23 18:00:00,00000000790,20240523180000,0.035,0.016,0.002,0.0,0.0,0.0,1.0,4,0.0,0.0,45.71,5.71,589268
2024-05-23 19:00:00,00000000790,20240523190000,0.028,0.013,0.003,0.0,0.0,0.0,1.0,4,0.0,0.0,46.43,10.71,589268
2024-05-23 20:00:00,00000000790,20240523200000,0.054,0.023,0.002,0.0,0.0,0.0,1.0,4,0.0,0.0,42.59,3.7,589268
2024-05-23 21:00:00,00000000790,20240523210000,0.057,0.023,0.002,0.0,0.0,0.0,1.0,4,0.0,0.0,40.35,3.51,589268
2024-05-23 22:00:00,00000000790,20240523220000,0.055,0.023,0.002,0.0,0.0,0.0,1.0,4,0.0,0.0,41.82,3.64,589268
2024-05-23 23:00:00,00000000790,20240523230000,0.041,0.015,0.002,0.0,0.0,0.0,1.0,4,0.0,0.0,36.59,4.88,589268
2024-05-24 00:00:00,00000000790,20240524000000,0.029,0.009,0.003,0.0,0.0,0.0,1.0,4,0.0,0.0,31.03,10.34,589268
2024-05-24 01:00:00,00000000790,20240524010000,0.051,0.021,0.002,0.0,0.0,0.0,1.0,4,0.0,0.0,41.18,3.92,589268
2024-05-24 02:00:00,00000000790,20240524020000,0.055,0.024,0.002,0.0,0.0,0.0,1.0,4,0.0,0.0,43.64,3.64,589268
2024-05-24 03:00:00,00000000790,20240524030000,0.04,0.015,0.003,0.0,0.0,0.0,1.0,4,0.0,0.0,37.5,7.5,589268
2024-05-24 04:00:00,00000000790,20240524040000,0.036,0.0,0.004,0.0,0.0,0.0,1.0,4,0.0,0.0,0.0,11.11,589268
2024-05-24 05:00:00,00000000790,20240524050000,0.045,0.02,0.002,0.0,0.0,0.0,1.0,4,0.0,0.0,44.44,4.44,589268
2024-05-24 06:00:00,00000000790,20240524060000,0.0,0.0,0.004,0.0,0.0,0.0,1.0,4,0.0,0.0,,,589268
2024-05-24 07:00:00,00000000790,20240524070000,0.046,0.022,0.002,0.0,0.0,0.0,1.0,4,0.0,0.0,47.83,4.35,589268
2024-05-24 08:00:00,00000000790,20240524080000,0.0,0.0,0.004,0.0,0.0,0.0,1.0,4,0.0,0.0,,,589268
2024-05-24 09:00:00,00000000790,20240524090000,0.044,0.02,0.003,0.0,0.0,0.0,1.0,4,0.0,0.0,45.45,6.82,589268
2024-05-24 10:00:00,00000000790,20240524100000,0.008,0.004,0.003,0.0,0.0,0.0,1.0,4,0.0,0.0,50.0,37.5,589268
2024-05-24 11:00:00,00000000790,20240524110000,0.034,0.016,0.003,0.0,0.0,0.0,1.0,4,0.0,0.0,47.06,8.82,589268
2024-05-24 12:00:00,00000000790,20240524120000,0.04,0.018,0.002,0.0,0.0,0.0,1.0,4,0.0,0.0,45.0,5.0,589268
2024-05-24 13:00:00,00000000790,20240524130000,0.055,0.024,0.002,0.0,0.0,0.0,1.0,4,0.0,0.0,43.64,3.64,589268
2024-05-24 14:00:00,00000000790,20240524140000,0.058,0.025,0.002,0.0,0.0,0.0,1.0,4,0.0,0.0,43.1,3.45,589268
2024-05-24 15:00:00,00000000790,20240524150000,0.055,0.023,0.002,0.0,0.0,0.0,1.0,4,0.0,0.0,41.82,3.64,589268
2024-05-24 16:00:00,00000000790,20240524160000,0.037,0.013,0.003,0.0,0.0,0.0,1.0,4,0.0,0.0,35.14,8.11,589268
2024-05-24 17:00:00,00000000790,20240524170000,0.03,0.01,0.002,0.0,0.0,0.0,1.0,4,0.0,0.0,33.33,6.67,589268
2024-05-24 18:00:00,00000000790,20240524180000,0.055,0.023,0.002,0.0,0.0,0.0,1.0,4,0.0,0.0,41.82,3.64,589268
2024-05-24 19:00:00,00000000790,20240524190000,0.054,0.022,0.002,0.0,0.0,0.0,1.0,4,0.0,0.0,40.74,3.7,589268
2024-05-24 20:00:00,00000000790,20240524200000,0.053,0.021,0.002,0.0,0.0,0.0,1.0,4,0.0,0.0,39.62,3.77,589268
2024-05-24 21:00:00,00000000790,20240524210000,0.013,0.001,0.004,0.0,0.0,0.0,1.0,4,0.0,0.0,7.69,30.77,589268
2024-05-24 22:00:00,00000000790,20240524220000,0.035,0.016,0.002,0.0,0.0,0.0,1.0,4,0.0,0.0,45.71,5.71,589268
2024-05-24 23:00:00,00000000790,20240524230000,0.003,0.001,0.004,0.0,0.0,0.0,1.0,4,0.0,0.0,33.33,133.33,589268
2024-05-25 00:00:00,00000000790,20240525000000,0.025,0.011,0.003,0.0,0.0,0.0,1.0,4,0.0,0.0,44.0,12.0,589268
2024-05-25 01:00:00,00000000790,20240525010000,0.02,0.009,0.003,0.0,0.0,0.0,1.0,4,0.0,0.0,45.0,15.0,589268
2024-05-25 02:00:00,00000000790,20240525020000,0.036,0.017,0.002,0.0,0.0,0.0,1.0,4,0.0,0.0,47.22,5.56,589268
2024-05-25 03:00:00,00000000790,20240525030000,0.007,0.003,0.004,0.0,0.0,0.0,1.0,4,0.0,0.0,42.86,57.14,589268
2024-05-25 04:00:00,00000000790,20240525040000,0.043,0.02,0.002,0.0,0.0,0.0,1.0,4,0.0,0.0,46.51,4.65,589268
2024-05-25 05:00:00,00000000790,20240525050000,0.058,0.026,0.002,0.0,0.0,0.0,1.0,4,0.0,0.0,44.83,3.45,589268
2024-05-25 06:00:00,00000000790,20240525060000,0.059,0.029,0.002,0.0,0.0,0.0,1.0,4,0.0,0.0,49.15,3.39,589268
2024-05-25 07:00:00,00000000790,20240525070000,0.053,0.023,0.003,0.0,0.0,0.0,1.0,4,0.0,0.0,43.4,5.66,589268
2024-05-25 08:00:00,00000000790,20240525080000,0.033,0.011,0.002,0.0,0.0,0.0,1.0,4,0.0,0.0,33.33,6.06,589268
2024-05-25 09:00:00,00000000790,20240525090000,0.123,0.031,0.002,0.0,0.0,0.0,1.0,4,0.0,0.0,25.2,1.63,589268
2024-05-25 10:00:00,00000000790,20240525100000,0.037,0.012,0.003,0.0,0.0,0.0,1.0,4,0.0,0.0,32.43,8.11,589268
2024-05-25 11:00:00,00000000790,20240525110000,0.034,0.012,0.003,0.0,0.0,0.0,1.0,4,0.0,0.0,35.29,8.82,589268
2024-05-25 12:00:00,00000000790,20240525120000,0.054,0.022,0.002,0.0,0.0,0.0,1.0,4,0.0,0.0,40.74,3.7,589268
2024-05-25 13:00:00,00000000790,20240525130000,0.055,0.022,0.002,0.0,0.0,0.0,1.0,4,0.0,0.0,40.0,3.64,589268
2024-05-25 14:00:00,00000000790,20240525140000,0.055,0.023,0.002,0.0,0.0,0.0,1.0,4,0.0,0.0,41.82,3.64,589268
2024-05-25 15:00:00,00000000790,20240525150000,0.03,0.009,0.003,0.0,0.0,0.0,1.0,4,0.0,0.0,30.0,10.0,589268
2024-05-25 16:00:00,00000000790,20240525160000,0.037,0.014,0.002,0.0,0.0,0.0,1.0,4,0.0,0.0,37.84,5.41,589268
2024-05-25 17:00:00,00000000790,20240525170000,0.045,0.017,0.002,0.0,0.0,0.0,1.0,4,0.0,0.0,37.78,4.44,589268
2024-05-25 18:00:00,00000000790,20240525180000,0.012,0.003,0.004,0.0,0.0,0.0,1.0,4,0.0,0.0,25.0,33.33,589268
2024-05-25 19:00:00,00000000790,20240525190000,0.033,0.015,0.003,0.0,0.0,0.0,1.0,4,0.0,0.0,45.45,9.09,589268
2024-05-25 20:00:00,00000000790,20240525200000,0.002,0.001,0.003,0.0,0.0,0.0,1.0,4,0.0,0.0,50.0,150.0,589268
2024-05-25 21:00:00,00000000790,20240525210000,0.039,0.016,0.003,0.0,0.0,0.0,1.0,4,0.0,0.0,41.03,7.69,589268
2024-05-25 22:00:00,00000000790,20240525220000,0.024,0.011,0.002,0.0,0.0,0.0,1.0,4,0.0,0.0,45.83,8.33,589268
2024-05-25 23:00:00,00000000790,20240525230000,0.019,0.008,0.004,0.0,0.0,0.0,1.0,4,0.0,0.0,42.11,21.05,589268
2024-05-26 00:00:00,00000000790,20240526000000,0.043,0.02,0.002,0.0,0.0,0.0,1.0,4,0.0,0.0,46.51,4.65,589268
2024-05-26 01:00:00,00000000790,20240526010000,0.058,0.029,0.002,0.0,0.0,0.0,1.0,4,0.0,0.0,50.0,3.45,589268
2024-05-26 02:00:00,00000000790,20240526020000,0.042,0.017,0.002,0.0,0.0,0.0,1.0,4,0.0,0.0,40.48,4.76,589268
2024-05-26 03:00:00,00000000790,20240526030000,0.037,0.014,0.003,0.0,0.0,0.0,1.0,4,0.0,0.0,37.84,8.11,589268
2024-05-26 04:00:00,00000000790,20240526040000,0.057,0.026,0.002,0.0,0.0,0.0,1.0,4,0.0,0.0,45.61,3.51,589268
2024-05-26 05:00:00,00000000790,20240526050000,0.056,0.026,0.002,0.0,0.0,0.0,1.0,4,0.0,0.0,46.43,3.57,589268
2024-05-26 06:00:00,00000000790,20240526060000,0.057,0.027,0.002,0.0,0.0,0.0,1.0,4,0.0,0.0,47.37,3.51,589268
2024-05-26 07:00:00,00000000790,20240526070000,0.036,0.014,0.003,0.0,0.0,0.0,1.0,4,0.0,0.0,38.89,8.33,589268
2024-05-26 08:00:00,00000000790,20240526080000,0.033,0.013,0.003,0.0,0.0,0.0,1.0,4,0.0,0.0,39.39,9.09,589268
2024-05-26 09:00:00,00000000790,20240526090000,0.053,0.023,0.003,0.0,0.0,0.0,1.0,4,0.0,0.0,43.4,5.66,589268
2024-05-26 10:00:00,00000000790,20240526100000,0.059,0.011,0.003,0.0,0.0,0.0,1.0,4,0.0,0.0,18.64,5.08,589268
2024-05-26 11:00:00,00000000790,20240526110000,0.017,0.008,0.003,0.0,0.0,0.0,1.0,4,0.0,0.0,47.06,17.65,589268
2024-05-26 12:00:00,00000000790,20240526120000,0.022,0.009,0.003,0.0,0.0,0.0,1.0,4,0.0,0.0,40.91,13.64,589268
2024-05-26 13:00:00,00000000790,20240526130000,0.022,0.01,0.003,0.0,0.0,0.0,1.0,4,0.0,0.0,45.45,13.64,589268
2024-05-26 14:00:00,00000000790,20240526140000,0.039,0.018,0.003,0.0,0.0,0.0,1.0,4,0.0,0.0,46.15,7.69,589268
2024-05-26 15:00:00,00000000790,20240526150000,0.005,0.003,0.003,0.0,0.0,0.0,1.0,4,0.0,0.0,60.0,60.0,589268
2024-05-26 16:00:00,00000000790,20240526160000,0.044,0.021,0.003,0.0,0.0,0.0,1.0,4,0.0,0.0,47.73,6.82,589268
2024-05-26 17:00:00,00000000790,20240526170000,0.0,0.0,0.004,0.0,0.0,0.0,1.0,4,0.0,0.0,,,589268
2024-05-26 18:00:00,00000000790,20240526180000,0.064,0.029,0.001,0.0,0.0,0.0,1.0,4,0.0,0.0,45.31,1.56,589268
2024-05-26 19:00:00,00000000790,20240526190000,0.045,0.018,0.003,0.0,0.0,0.0,1.0,4,0.0,0.0,40.0,6.67,589268
2024-05-26 20:00:00,00000000790,20240526200000,0.059,0.026,0.001,0.0,0.0,0.0,1.0,4,0.0,0.0,44.07,1.69,589268
2024-05-26 21:00:00,00000000790,20240526210000,0.056,0.022,0.002,0.0,0.0,0.0,1.0,4,0.0,0.0,39.29,3.57,589268
2024-05-26 22:00:00,00000000790,20240526220000,0.055,0.023,0.002,0.0,0.0,0.0,1.0,4,0.0,0.0,41.82,3.64,589268
2024-05-26 23:00:00,00000000790,20240526230000,0.034,0.012,0.003,0.0,0.0,0.0,1.0,4,0.0,0.0,35.29,8.82,589268
2024-05-27 00:00:00,00000000790,20240527000000,0.032,0.011,0.003,0.0,0.0,0.0,1.0,4,0.0,0.0,34.38,9.38,589268
2024-05-27 01:00:00,00000000790,20240527010000,0.056,0.025,0.002,0.0,0.0,0.0,1.0,4,0.0,0.0,44.64,3.57,589268
2024-05-27 02:00:00,00000000790,20240527020000,0.056,0.025,0.002,0.0,0.0,0.0,1.0,4,0.0,0.0,44.64,3.57,589268
2024-05-27 03:00:00,00000000790,20240527030000,0.009,0.0,0.004,0.0,0.0,0.0,1.0,4,0.0,0.0,0.0,44.44,589268
2024-05-27 04:00:00,00000000790,20240527040000,0.039,0.019,0.002,0.0,0.0,0.0,1.0,4,0.0,0.0,48.72,5.13,589268
2024-05-27 05:00:00,00000000790,20240527050000,0.0,0.0,0.004,0.0,0.0,0.0,1.0,4,0.0,0.0,,,589268
2024-05-27 06:00:00,00000000790,20240527060000,0.047,0.023,0.003,0.0,0.0,0.0,1.0,4,0.0,0.0,48.94,6.38,589268
2024-05-27 07:00:00,00000000790,20240527070000,0.0,0.0,0.004,0.0,0.0,0.0,1.0,4,0.0,0.0,,,589268
2024-05-27 08:00:00,00000000790,20240527080000,0.043,0.02,0.002,0.0,0.0,0.0,1.0,4,0.0,0.0,46.51,4.65,589268
2024-05-27 09:00:00,00000000790,20240527090000,0.0,0.0,0.004,0.0,0.0,0.0,1.0,4,0.0,0.0,,,589268
2024-05-27 10:00:00,00000000790,20240527100000,0.06,0.028,0.002,0.0,0.0,0.0,1.0,4,0.0,0.0,46.67,3.33,589268
2024-05-27 11:00:00,00000000790,20240527110000,0.04,0.015,0.002,0.0,0.0,0.0,1.0,4,0.0,0.0,37.5,5.0,589268
2024-05-27 12:00:00,00000000790,20240527120000,0.058,0.025,0.002,0.0,0.0,0.0,1.0,4,0.0,0.0,43.1,3.45,589268
2024-05-27 13:00:00,00000000790,20240527130000,0.056,0.024,0.002,0.0,0.0,0.0,1.0,4,0.0,0.0,42.86,3.57,589268
2024-05-27 14:00:00,00000000790,20240527140000,0.07,0.011,0.003,0.0,0.0,0.0,1.0,4,0.0,0.0,15.71,4.29,589268
2024-05-27 15:00:00,00000000790,20240527150000,0.087,0.031,0.002,0.0,0.0,0.0,1.0,4,0.0,0.0,35.63,2.3,589268
2024-05-27 16:00:00,00000000790,20240527160000,0.06,0.025,0.001,0.0,0.0,0.0,1.0,4,0.0,0.0,41.67,1.67,589268
2024-05-27 17:00:00,00000000790,20240527170000,0.035,0.012,0.003,0.0,0.0,0.0,1.0,4,0.0,0.0,34.29,8.57,589268
2024-05-27 18:00:00,00000000790,20240527180000,0.034,0.012,0.003,0.0,0.0,0.0,1.0,4,0.0,0.0,35.29,8.82,589268
2024-05-27 19:00:00,00000000790,20240527190000,0.056,0.024,0.002,0.0,0.0,0.0,1.0,4,0.0,0.0,42.86,3.57,589268
2024-05-27 20:00:00,00000000790,20240527200000,0.055,0.022,0.002,0.0,0.0,0.0,1.0,4,0.0,0.0,40.0,3.64,589268
2024-05-27 21:00:00,00000000790,20240527210000,0.048,0.019,0.002,0.0,0.0,0.0,1.0,4,0.0,0.0,39.58,4.17,589268
2024-05-27 22:00:00,00000000790,20240527220000,0.028,0.008,0.003,0.0,0.0,0.0,1.0,4,0.0,0.0,28.57,10.71,589268
2024-05-27 23:00:00,00000000790,20240527230000,0.027,0.008,0.003,0.0,0.0,0.0,1.0,4,0.0,0.0,29.63,11.11,589268
2024-05-28 00:00:00,00000000790,20240528000000,0.042,0.019,0.002,0.0,0.0,0.0,1.0,4,0.0,0.0,45.24,4.76,589268
2024-05-28 01:00:00,00000000790,20240528010000,0.0,0.0,0.004,0.0,0.0,0.0,1.0,4,0.0,0.0,,,589268
2024-05-28 02:00:00,00000000790,20240528020000,0.037,0.016,0.003,0.0,0.0,0.0,1.0,4,0.0,0.0,43.24,8.11,589268
2024-05-28 03:00:00,00000000790,20240528030000,0.009,0.004,0.003,0.0,0.0,0.0,1.0,4,0.0,0.0,44.44,33.33,589268
2024-05-28 04:00:00,00000000790,20240528040000,0.043,0.021,0.002,0.0,0.0,0.0,1.0,4,0.0,0.0,48.84,4.65,589268
2024-05-28 05:00:00,00000000790,20240528050000,0.0,0.0,0.004,0.0,0.0,0.0,1.0,4,0.0,0.0,,,589268
2024-05-28 06:00:00,00000000790,20240528060000,0.043,0.021,0.003,0.0,0.0,0.0,1.0,4,0.0,0.0,48.84,6.98,589268
2024-05-28 07:00:00,00000000790,20240528070000,0.061,0.03,0.001,0.0,0.0,0.0,1.0,4,0.0,0.0,49.18,1.64,589268
2024-05-28 08:00:00,00000000790,20240528080000,0.058,0.025,0.002,0.0,0.0,0.0,1.0,4,0.0,0.0,43.1,3.45,589268
2024-05-28 09:00:00,00000000790,20240528090000,0.043,0.017,0.003,0.0,0.0,0.0,1.0,4,0.0,0.0,39.53,6.98,589268
2024-05-28 10:00:00,00000000790,20240528100000,0.033,0.011,0.003,0.0,0.0,0.0,1.0,4,0.0,0.0,33.33,9.09,589268
2024-05-28 11:00:00,00000000790,20240528110000,0.048,0.021,0.002,0.0,0.0,0.0,1.0,4,0.0,0.0,43.75,4.17,589268
2024-05-28 12:00:00,00000000790,20240528120000,0.055,0.024,0.002,0.0,0.0,0.0,1.0,4,0.0,0.0,43.64,3.64,589268
2024-05-28 13:00:00,00000000790,20240528130000,0.056,0.025,0.002,0.0,0.0,0.0,1.0,4,0.0,0.0,44.64,3.57,589268
2024-05-28 14:00:00,00000000790,20240528140000,0.034,0.012,0.003,0.0,0.0,0.0,1.0,4,0.0,0.0,35.29,8.82,589268
2024-05-28 15:00:00,00000000790,20240528150000,0.03,0.01,0.003,0.0,0.0,0.0,1.0,4,0.0,0.0,33.33,10.0,589268
2024-05-28 16:00:00,00000000790,20240528160000,0.075,0.019,0.002,0.0,0.0,0.0,1.0,4,0.0,0.0,25.33,2.67,589268
2024-05-28 17:00:00,00000000790,20240528170000,0.0,0.0,0.004,0.0,0.0,0.0,1.0,4,0.0,0.0,,,589268
2024-05-28 18:00:00,00000000790,20240528180000,0.043,0.02,0.002,0.0,0.0,0.0,1.0,4,0.0,0.0,46.51,4.65,589268
2024-05-28 19:00:00,00000000790,20240528190000,0.0,0.0,0.004,0.0,0.0,0.0,1.0,4,0.0,0.0,,,589268
2024-05-28 20:00:00,00000000790,20240528200000,0.044,0.019,0.002,0.0,0.0,0.0,1.0,4,0.0,0.0,43.18,4.55,589268
2024-05-28 21:00:00,00000000790,20240528210000,0.002,0.0,0.004,0.0,0.0,0.0,1.0,4,0.0,0.0,0.0,200.0,589268
2024-05-28 22:00:00,00000000790,20240528220000,0.05,0.022,0.002,0.0,0.0,0.0,1.0,4,0.0,0.0,44.0,4.0,589268
2024-05-28 23:00:00,00000000790,20240528230000,0.014,0.006,0.003,0.0,0.0,0.0,1.0,4,0.0,0.0,42.86,21.43,589268
2024-05-29 00:00:00,00000000790,20240529000000,0.078,0.037,0.001,0.0,0.0,0.0,1.0,4,0.0,0.0,47.44,1.28,589268
2024-05-29 01:00:00,00000000790,20240529010000,0.042,0.016,0.003,0.0,0.0,0.0,1.0,4,0.0,0.0,38.1,7.14,589268
2024-05-29 02:00:00,00000000790,20240529020000,0.036,0.013,0.003,0.0,0.0,0.0,1.0,4,0.0,0.0,36.11,8.33,589268
2024-05-29 03:00:00,00000000790,20240529030000,0.054,0.024,0.002,0.0,0.0,0.0,1.0,4,0.0,0.0,44.44,3.7,589268
2024-05-29 04:00:00,00000000790,20240529040000,0.056,0.025,0.002,0.0,0.0,0.0,1.0,4,0.0,0.0,44.64,3.57,589268
2024-05-29 05:00:00,00000000790,20240529050000,0.055,0.025,0.002,0.0,0.0,0.0,1.0,4,0.0,0.0,45.45,3.64,589268
2024-05-29 06:00:00,00000000790,20240529060000,0.034,0.013,0.003,0.0,0.0,0.0,1.0,4,0.0,0.0,38.24,8.82,589268
2024-05-29 07:00:00,00000000790,20240529070000,0.034,0.013,0.003,0.0,0.0,0.0,1.0,4,0.0,0.0,38.24,8.82,589268
2024-05-29 08:00:00,00000000790,20240529080000,0.055,0.024,0.002,0.0,0.0,0.0,1.0,4,0.0,0.0,43.64,3.64,589268
2024-05-29 09:00:00,00000000790,20240529090000,0.007,0.0,0.003,0.0,0.0,0.0,1.0,4,0.0,0.0,0.0,42.86,589268
2024-05-29 10:00:00,00000000790,20240529100000,0.039,0.018,0.003,0.0,0.0,0.0,1.0,4,0.0,0.0,46.15,7.69,589268
2024-05-29 11:00:00,00000000790,20240529110000,0.0,0.0,0.004,0.0,0.0,0.0,1.0,4,0.0,0.0,,,589268
2024-05-29 12:00:00,00000000790,20240529120000,0.045,0.021,0.002,0.0,0.0,0.0,1.0,4,0.0,0.0,46.67,4.44,589268
2024-05-29 13:00:00,00000000790,20240529130000,0.0,0.0,0.004,0.0,0.0,0.0,1.0,4,0.0,0.0,,,589268
2024-05-29 14:00:00,00000000790,20240529140000,0.043,0.019,0.002,0.0,0.0,0.0,1.0,4,0.0,0.0,44.19,4.65,589268
2024-05-29 15:00:00,00000000790,20240529150000,0.0,0.0,0.004,0.0,0.0,0.0,1.0,4,0.0,0.0,,,589268
2024-05-29 16:00:00,00000000790,20240529160000,0.091,0.043,0.0,0.0,0.0,0.0,1.0,4,0.0,0.0,47.25,0.0,589268
2024-05-29 17:00:00,00000000790,20240529170000,0.041,0.016,0.003,0.0,0.0,0.0,1.0,4,0.0,0.0,39.02,7.32,589268
2024-05-29 18:00:00,00000000790,20240529180000,0.037,0.014,0.003,0.0,0.0,0.0,1.0,4,0.0,0.0,37.84,8.11,589268
2024-05-29 19:00:00,00000000790,20240529190000,0.053,0.023,0.002,0.0,0.0,0.0,1.0,4,0.0,0.0,43.4,3.77,589268
2024-05-29 20:00:00,00000000790,20240529200000,0.102,0.019,0.002,0.0,0.0,0.0,1.0,4,0.0,0.0,18.63,1.96,589268
2024-05-29 21:00:00,00000000790,20240529210000,0.054,0.02,0.002,0.0,0.0,0.0,1.0,4,0.0,0.0,37.04,3.7,589268
2024-05-29 22:00:00,00000000790,20240529220000,0.059,0.024,0.002,0.0,0.0,0.0,1.0,4,0.0,0.0,40.68,3.39,589268
2024-05-29 23:00:00,00000000790,20240529230000,0.058,0.024,0.002,0.0,0.0,0.0,1.0,4,0.0,0.0,41.38,3.45,589268
2024-05-30 00:00:00,00000000790,20240530000000,0.039,0.014,0.002,0.0,0.0,0.0,1.0,4,0.0,0.0,35.9,5.13,589268
2024-05-30 01:00:00,00000000790,20240530010000,0.029,0.01,0.003,0.0,0.0,0.0,1.0,4,0.0,0.0,34.48,10.34,589268
2024-05-30 02:00:00,00000000790,20240530020000,0.056,0.025,0.002,0.0,0.0,0.0,1.0,4,0.0,0.0,44.64,3.57,589268
2024-05-30 03:00:00,00000000790,20240530030000,0.056,0.025,0.002,0.0,0.0,0.0,1.0,4,0.0,0.0,44.64,3.57,589268
2024-05-30 04:00:00,00000000790,20240530040000,0.04,0.015,0.003,0.0,0.0,0.0,1.0,4,0.0,0.0,37.5,7.5,589268
2024-05-30 05:00:00,00000000790,20240530050000,0.011,0.0,0.004,0.0,0.0,0.0,1.0,4,0.0,0.0,0.0,36.36,589268
2024-05-30 06:00:00,00000000790,20240530060000,0.04,0.021,0.002,0.0,0.0,0.0,1.0,4,0.0,0.0,52.5,5.0,589268
2024-05-30 07:00:00,00000000790,20240530070000,0.0,0.0,0.004,0.0,0.0,0.0,1.0,4,0.0,0.0,,,589268
2024-05-30 08:00:00,00000000790,20240530080000,0.046,0.02,0.003,0.0,0.0,0.0,1.0,4,0.0,0.0,43.48,6.52,589268
2024-05-30 09:00:00,00000000790,20240530090000,0.0,0.0,0.003,0.0,0.0,0.0,1.0,4,0.0,0.0,,,589268
2024-05-30 10:00:00,00000000790,20240530100000,0.043,0.019,0.003,0.0,0.0,0.0,1.0,4,0.0,0.0,44.19,6.98,589268
2024-05-30 11:00:00,00000000790,20240530110000,0.0,0.0,0.003,0.0,0.0,0.0,1.0,4,0.0,0.0,,,589268
2024-05-30 12:00:00,00000000790,20240530120000,0.055,0.026,0.002,0.0,0.0,0.0,1.0,4,0.0,0.0,47.27,3.64,589268
2024-05-30 13:00:00,00000000790,20240530130000,0.054,0.022,0.002,0.0,0.0,0.0,1.0,4,0.0,0.0,40.74,3.7,589268
2024-05-30 14:00:00,00000000790,20240530140000,0.059,0.026,0.002,0.0,0.0,0.0,1.0,4,0.0,0.0,44.07,3.39,589268
2024-05-30 15:00:00,00000000790,20240530150000,0.056,0.023,0.002,0.0,0.0,0.0,1.0,4,0.0,0.0,41.07,3.57,589268
2024-05-30 16:00:00,00000000790,20240530160000,0.046,0.018,0.002,0.0,0.0,0.0,1.0,4,0.0,0.0,39.13,4.35,589268
2024-05-30 17:00:00,00000000790,20240530170000,0.032,0.011,0.003,0.0,0.0,0.0,1.0,4,0.0,0.0,34.38,9.38,589268
2024-05-30 18:00:00,00000000790,20240530180000,0.045,0.018,0.002,0.0,0.0,0.0,1.0,4,0.0,0.0,40.0,4.44,589268
2024-05-30 19:00:00,00000000790,20240530190000,0.055,0.023,0.002,0.0,0.0,0.0,1.0,4,0.0,0.0,41.82,3.64,589268
2024-05-30 20:00:00,00000000790,20240530200000,0.055,0.023,0.002,0.0,0.0,0.0,1.0,4,0.0,0.0,41.82,3.64,589268
2024-05-30 21:00:00,00000000790,20240530210000,0.014,0.0,0.004,0.0,0.0,0.0,1.0,4,0.0,0.0,0.0,28.57,589268
2024-05-30 22:00:00,00000000790,20240530220000,0.069,0.017,0.002,0.0,0.0,0.0,1.0,4,0.0,0.0,24.64,2.9,589268
2024-05-30 23:00:00,00000000790,20240530230000,0.0,0.0,0.004,0.0,0.0,0.0,1.0,4,0.0,0.0,,,589268
2024-05-31 00:00:00,00000000790,20240531000000,0.044,0.02,0.002,0.0,0.0,0.0,1.0,4,0.0,0.0,45.45,4.55,589268
2024-05-31 01:00:00,00000000790,20240531010000,0.0,0.0,0.004,0.0,0.0,0.0,1.0,4,0.0,0.0,,,589268
2024-05-31 02:00:00,00000000790,20240531020000,0.045,0.02,0.002,0.0,0.0,0.0,1.0,4,0.0,0.0,44.44,4.44,589268
2024-05-31 03:00:00,00000000790,20240531030000,0.024,0.01,0.003,0.0,0.0,0.0,1.0,4,0.0,0.0,41.67,12.5,589268
2024-05-31 04:00:00,00000000790,20240531040000,0.031,0.015,0.003,0.0,0.0,0.0,1.0,4,0.0,0.0,48.39,9.68,589268
2024-05-31 05:00:00,00000000790,20240531050000,0.044,0.021,0.002,0.0,0.0,0.0,1.0,4,0.0,0.0,47.73,4.55,589268
2024-05-31 06:00:00,00000000790,20240531060000,0.059,0.029,0.002,0.0,0.0,0.0,1.0,4,0.0,0.0,49.15,3.39,589268
2024-05-31 07:00:00,00000000790,20240531070000,0.06,0.027,0.002,0.0,0.0,0.0,1.0,4,0.0,0.0,45.0,3.33,589268
2024-05-31 08:00:00,00000000790,20240531080000,0.044,0.017,0.002,0.0,0.0,0.0,1.0,4,0.0,0.0,38.64,4.55,589268
2024-05-31 09:00:00,00000000790,20240531090000,0.021,0.007,0.002,0.0,0.0,0.0,1.0,4,0.0,0.0,33.33,9.52,589268
2024-05-31 10:00:00,00000000790,20240531100000,0.054,0.022,0.002,0.0,0.0,0.0,1.0,4,0.0,0.0,40.74,3.7,589268
2024-05-31 11:00:00,00000000790,20240531110000,0.055,0.023,0.002,0.0,0.0,0.0,1.0,4,0.0,0.0,41.82,3.64,589268
2024-05-31 12:00:00,00000000790,20240531120000,0.056,0.024,0.002,0.0,0.0,0.0,1.0,4,0.0,0.0,42.86,3.57,589268
2024-05-31 13:00:00,00000000790,20240531130000,0.037,0.013,0.003,0.0,0.0,0.0,1.0,4,0.0,0.0,35.14,8.11,589268
2024-05-31 14:00:00,00000000790,20240531140000,0.031,0.011,0.003,0.0,0.0,0.0,1.0,4,0.0,0.0,35.48,9.68,589268
2024-05-31 15:00:00,00000000790,20240531150000,0.025,0.011,0.002,0.0,0.0,0.0,1.0,4,0.0,0.0,44.0,8.0,589268
2024-05-31 16:00:00,00000000790,20240531160000,0.017,0.007,0.004,0.0,0.0,0.0,1.0,4,0.0,0.0,41.18,23.53,589268
2024-05-31 17:00:00,00000000790,20240531170000,0.023,0.011,0.003,0.0,0.0,0.0,1.0,4,0.0,0.0,47.83,13.04,589268
2024-05-31 18:00:00,00000000790,20240531180000,0.02,0.009,0.003,0.0,0.0,0.0,1.0,4,0.0,0.0,45.0,15.0,589268
2024-05-31 19:00:00,00000000790,20240531190000,0.717,0.02,0.002,0.0,0.0,0.0,1.0,4,0.0,0.0,2.79,0.28,589268
2024-05-31 20:00:00,00000000790,20240531200000,0.504,0.004,0.006,0.0,0.0,0.0,1.0,4,0.0,0.0,0.79,1.19,589268
2024-05-31 21:00:00,00000000790,20240531210000,0.454,0.027,0.0,0.0,0.0,0.0,1.0,4,0.0,0.0,5.95,0.0,589268
2024-05-31 22:00:00,00000000790,20240531220000,0.31,0.029,0.0,0.0,0.0,0.0,1.0,4,0.0,0.0,9.35,0.0,589268
2024-05-31 23:00:00,00000000790,20240531230000,0.358,0.031,0.012,0.0,0.0,0.0,1.0,4,0.0,0.0,8.66,3.35,589268
2024-06-01 00:00:00,00000000790,20240601000000,0.444,0.035,0.0,0.0,0.0,0.0,1.0,4,0.0,0.0,7.88,0.0,589268
2024-06-01 01:00:00,00000000790,20240601010000,0.122,0.021,0.007,0.0,0.0,0.0,1.0,4,0.0,0.0,17.21,5.74,589268
2024-06-01 02:00:00,00000000790,20240601020000,0.068,0.001,0.02,0.0,0.0,0.0,1.0,4,0.0,0.0,1.47,29.41,589268
2024-06-01 03:00:00,00000000790,20240601030000,0.144,0.032,0.002,0.0,0.0,0.0,1.0,4,0.0,0.0,22.22,1.39,589268
2024-06-01 04:00:00,00000000790,20240601040000,0.062,0.002,0.019,0.0,0.0,0.0,1.0,4,0.0,0.0,3.23,30.65,589268
2024-06-01 05:00:00,00000000790,20240601050000,0.073,0.019,0.01,0.0,0.0,0.0,1.0,4,0.0,0.0,26.03,13.7,589268
2024-06-01 06:00:00,00000000790,20240601060000,0.354,0.008,0.017,0.0,0.0,0.0,1.0,4,0.0,0.0,2.26,4.8,589268
2024-06-01 07:00:00,00000000790,20240601070000,0.255,0.014,0.013,0.0,0.0,0.0,1.0,4,0.0,0.0,5.49,5.1,589268
2024-06-01 08:00:00,00000000790,20240601080000,0.364,0.015,0.011,0.0,0.0,0.0,1.0,4,0.0,0.0,4.12,3.02,589268
2024-06-01 09:00:00,00000000790,20240601090000,0.277,0.006,0.016,0.0,0.0,0.0,1.0,4,0.0,0.0,2.17,5.78,589268
2024-06-01 10:00:00,00000000790,20240601100000,0.086,0.013,0.012,0.0,0.0,0.0,1.0,4,0.0,0.0,15.12,13.95,589268
2024-06-01 11:00:00,00000000790,20240601110000,0.048,0.004,0.016,0.0,0.0,0.0,1.0,4,0.0,0.0,8.33,33.33,589268
2024-06-01 12:00:00,00000000790,20240601120000,0.049,0.02,0.005,0.0,0.0,0.0,1.0,4,0.0,0.0,40.82,10.2,589268
2024-06-01 13:00:00,00000000790,20240601130000,0.01,0.004,0.008,0.0,0.0,0.0,1.0,4,0.0,0.0,40.0,80.0,589268
2024-06-01 14:00:00,00000000790,20240601140000,0.047,0.019,0.005,0.0,0.0,0.0,1.0,4,0.0,0.0,40.43,10.64,589268
2024-06-01 15:00:00,00000000790,20240601150000,0.013,0.006,0.008,0.0,0.0,0.0,1.0,4,0.0,0.0,46.15,61.54,589268
2024-06-01 16:00:00,00000000790,20240601160000,0.045,0.018,0.005,0.0,0.0,0.0,1.0,4,0.0,0.0,40.0,11.11,589268
2024-06-01 17:00:00,00000000790,20240601170000,0.015,0.006,0.008,0.0,0.0,0.0,1.0,4,0.0,0.0,40.0,53.33,589268
2024-06-01 18:00:00,00000000790,20240601180000,0.032,0.011,0.006,0.0,0.0,0.0,1.0,4,0.0,0.0,34.38,18.75,589268
2024-06-01 19:00:00,00000000790,20240601190000,0.291,0.016,0.006,0.0,0.0,0.0,1.0,4,0.0,0.0,5.5,2.06,589268
2024-06-01 20:00:00,00000000790,20240601200000,0.277,0.016,0.009,0.0,0.0,0.0,1.0,4,0.0,0.0,5.78,3.25,589268
2024-06-01 21:00:00,00000000790,20240601210000,0.138,0.042,0.009,0.0,0.0,0.0,1.0,4,0.0,0.0,30.43,6.52,589268
2024-06-01 22:00:00,00000000790,20240601220000,0.194,0.014,0.012,0.0,0.0,0.0,1.0,4,0.0,0.0,7.22,6.19,589268
2024-06-01 23:00:00,00000000790,20240601230000,0.073,0.001,0.021,0.0,0.0,0.0,1.0,4,0.0,0.0,1.37,28.77,589268
2024-06-02 00:00:00,00000000790,20240602000000,0.192,0.012,0.011,0.0,0.0,0.0,1.0,4,0.0,0.0,6.25,5.73,589268
2024-06-02 01:00:00,00000000790,20240602010000,0.168,0.011,0.015,0.0,0.0,0.0,1.0,4,0.0,0.0,6.55,8.93,589268
2024-06-02 02:00:00,00000000790,20240602020000,0.106,0.011,0.017,0.0,0.0,0.0,1.0,4,0.0,0.0,10.38,16.04,589268
2024-06-02 03:00:00,00000000790,20240602030000,0.078,0.012,0.013,0.0,0.0,0.0,1.0,4,0.0,0.0,15.38,16.67,589268
2024-06-02 04:00:00,00000000790,20240602040000,0.081,0.008,0.015,0.0,0.0,0.0,1.0,4,0.0,0.0,9.88,18.52,589268
2024-06-02 05:00:00,00000000790,20240602050000,0.086,0.01,0.015,0.0,0.0,0.0,1.0,4,0.0,0.0,11.63,17.44,589268
2024-06-02 06:00:00,00000000790,20240602060000,0.36,0.016,0.013,0.0,0.0,0.0,1.0,4,0.0,0.0,4.44,3.61,589268
2024-06-02 07:00:00,00000000790,20240602070000,0.047,0.006,0.017,0.0,0.0,0.0,1.0,4,0.0,0.0,12.77,36.17,589268
2024-06-02 08:00:00,00000000790,20240602080000,0.045,0.015,0.012,0.0,0.0,0.0,1.0,4,0.0,0.0,33.33,26.67,589268
2024-06-02 09:00:00,00000000790,20240602090000,0.014,0.005,0.016,0.0,0.0,0.0,1.0,4,0.0,0.0,35.71,114.29,589268
2024-06-02 10:00:00,00000000790,20240602100000,1.385,0.016,0.01,0.0,0.0,0.0,1.0,4,0.0,0.0,1.16,0.72,589268
2024-06-02 11:00:00,00000000790,20240602110000,0.255,0.01,0.015,0.0,0.0,0.0,1.0,4,0.0,0.0,3.92,5.88,589268
2024-06-02 12:00:00,00000000790,20240602120000,0.215,0.025,0.004,0.0,0.0,0.0,1.0,4,0.0,0.0,11.63,1.86,589268
2024-06-02 13:00:00,00000000790,20240602130000,0.153,0.0,0.009,0.0,0.0,0.0,1.0,4,0.0,0.0,0.0,5.88,589268
2024-06-02 14:00:00,00000000790,20240602140000,0.211,0.024,0.004,0.0,0.0,0.0,1.0,4,0.0,0.0,11.37,1.9,589268
2024-06-02 15:00:00,00000000790,20240602150000,0.155,0.0,0.009,0.0,0.0,0.0,1.0,4,0.0,0.0,0.0,5.81,589268
2024-06-02 16:00:00,00000000790,20240602160000,0.444,0.021,0.005,0.0,0.0,0.0,1.0,4,0.0,0.0,4.73,1.13,589268
2024-06-02 17:00:00,00000000790,20240602170000,0.175,0.017,0.004,0.0,0.0,0.0,1.0,4,0.0,0.0,9.71,2.29,589268
2024-06-02 18:00:00,00000000790,20240602180000,0.082,0.007,0.015,0.0,0.0,0.0,1.0,4,0.0,0.0,8.54,18.29,589268
2024-06-02 19:00:00,00000000790,20240602190000,0.607,0.016,0.008,0.0,0.0,0.0,1.0,4,0.0,0.0,2.64,1.32,589268
2024-06-02 20:00:00,00000000790,20240602200000,0.172,0.0,0.021,0.0,0.0,0.0,1.0,4,0.0,0.0,0.0,12.21,589268
2024-06-02 21:00:00,00000000790,20240602210000,0.53,0.015,0.011,0.0,0.0,0.0,1.0,4,0.0,0.0,2.83,2.08,589268
2024-06-02 22:00:00,00000000790,20240602220000,0.076,0.002,0.021,0.0,0.0,0.0,1.0,4,0.0,0.0,2.63,27.63,589268
2024-06-02 23:00:00,00000000790,20240602230000,0.111,0.013,0.013,0.0,0.0,0.0,1.0,4,0.0,0.0,11.71,11.71,589268
2024-06-03 00:00:00,00000000790,20240603000000,0.139,0.009,0.013,0.0,0.0,0.0,1.0,4,0.0,0.0,6.47,9.35,589268
2024-06-03 01:00:00,00000000790,20240603010000,0.032,0.002,0.018,0.0,0.0,0.0,1.0,4,0.0,0.0,6.25,56.25,589268
2024-06-03 02:00:00,00000000790,20240603020000,0.115,0.016,0.011,0.0,0.0,0.0,1.0,4,0.0,0.0,13.91,9.57,589268
2024-06-03 03:00:00,00000000790,20240603030000,0.046,0.01,0.014,0.0,0.0,0.0,1.0,4,0.0,0.0,21.74,30.43,589268
2024-06-03 04:00:00,00000000790,20240603040000,0.051,0.011,0.013,0.0,0.0,0.0,1.0,4,0.0,0.0,21.57,25.49,589268
2024-06-03 05:00:00,00000000790,20240603050000,0.075,0.019,0.01,0.0,0.0,0.0,1.0,4,0.0,0.0,25.33,13.33,589268
2024-06-03 06:00:00,00000000790,20240603060000,0.028,0.006,0.017,0.0,0.0,0.0,1.0,4,0.0,0.0,21.43,60.71,589268
2024-06-03 07:00:00,00000000790,20240603070000,0.065,0.018,0.01,0.0,0.0,0.0,1.0,4,0.0,0.0,27.69,15.38,589268
2024-06-03 08:00:00,00000000790,20240603080000,0.715,0.01,0.012,0.0,0.0,0.0,1.0,4,0.0,0.0,1.4,1.68,589268
2024-06-03 09:00:00,00000000790,20240603090000,0.21,0.012,0.012,0.0,0.0,0.0,1.0,4,0.0,0.0,5.71,5.71,589268
2024-06-03 10:00:00,00000000790,20240603100000,1.091,0.01,0.012,0.0,0.0,0.0,1.0,4,0.0,0.0,0.92,1.1,589268
2024-06-03 11:00:00,00000000790,20240603110000,0.072,0.021,0.007,0.0,0.0,0.0,1.0,4,0.0,0.0,29.17,9.72,589268
2024-06-03 12:00:00,00000000790,20240603120000,0.005,0.002,0.008,0.0,0.0,0.0,1.0,4,0.0,0.0,40.0,160.0,589268
2024-06-03 13:00:00,00000000790,20240603130000,0.051,0.021,0.005,0.0,0.0,0.0,1.0,4,0.0,0.0,41.18,9.8,589268
2024-06-03 14:00:00,00000000790,20240603140000,0.047,0.018,0.005,0.0,0.0,0.0,1.0,4,0.0,0.0,38.3,10.64,589268
2024-06-03 15:00:00,00000000790,20240603150000,0.003,0.001,0.008,0.0,0.0,0.0,1.0,4,0.0,0.0,33.33,266.67,589268
2024-06-03 16:00:00,00000000790,20240603160000,0.037,0.012,0.007,0.0,0.0,0.0,1.0,4,0.0,0.0,32.43,18.92,589268
2024-06-03 17:00:00,00000000790,20240603170000,0.073,0.027,0.003,0.0,0.0,0.0,1.0,4,0.0,0.0,36.99,4.11,589268
2024-06-03 18:00:00,00000000790,20240603180000,0.012,0.005,0.008,0.0,0.0,0.0,1.0,4,0.0,0.0,41.67,66.67,589268
2024-06-03 19:00:00,00000000790,20240603190000,0.039,0.016,0.005,0.0,0.0,0.0,1.0,4,0.0,0.0,41.03,12.82,589268
2024-06-03 20:00:00,00000000790,20240603200000,0.051,0.019,0.005,0.0,0.0,0.0,1.0,4,0.0,0.0,37.25,9.8,589268
2024-06-03 21:00:00,00000000790,20240603210000,0.256,0.003,0.008,0.0,0.0,0.0,1.0,4,0.0,0.0,1.17,3.12,589268
2024-06-03 22:00:00,00000000790,20240603220000,0.084,0.011,0.017,0.0,0.0,0.0,1.0,4,0.0,0.0,13.1,20.24,589268
2024-06-03 23:00:00,00000000790,20240603230000,0.19,0.023,0.001,0.0,0.0,0.0,1.0,4,0.0,0.0,12.11,0.53,589268
2024-06-04 00:00:00,00000000790,20240604000000,0.301,0.025,0.0,0.0,0.0,0.0,1.0,4,0.0,0.0,8.31,0.0,589268
2024-06-04 01:00:00,00000000790,20240604010000,0.381,0.019,0.009,0.0,0.0,0.0,1.0,4,0.0,0.0,4.99,2.36,589268
2024-06-04 02:00:00,00000000790,20240604020000,0.122,0.022,0.009,0.0,0.0,0.0,1.0,4,0.0,0.0,18.03,7.38,589268
2024-06-04 03:00:00,00000000790,20240604030000,0.153,0.029,0.004,0.0,0.0,0.0,1.0,4,0.0,0.0,18.95,2.61,589268
2024-06-04 04:00:00,00000000790,20240604040000,0.176,0.026,0.006,0.0,0.0,0.0,1.0,4,0.0,0.0,14.77,3.41,589268
2024-06-04 05:00:00,00000000790,20240604050000,0.074,0.007,0.016,0.0,0.0,0.0,1.0,4,0.0,0.0,9.46,21.62,589268
2024-06-04 06:00:00,00000000790,20240604060000,0.098,0.023,0.009,0.0,0.0,0.0,1.0,4,0.0,0.0,23.47,9.18,589268
2024-06-04 07:00:00,00000000790,20240604070000,0.027,0.006,0.016,0.0,0.0,0.0,1.0,4,0.0,0.0,22.22,59.26,589268
2024-06-04 08:00:00,00000000790,20240604080000,0.042,0.015,0.011,0.0,0.0,0.0,1.0,4,0.0,0.0,35.71,26.19,589268
2024-06-04 09:00:00,00000000790,20240604090000,0.006,0.0,0.018,0.0,0.0,0.0,1.0,4,0.0,0.0,0.0,300.0,589268
2024-06-04 10:00:00,00000000790,20240604100000,0.601,0.068,0.002,0.0,0.0,0.0,1.0,4,0.0,0.0,11.31,0.33,589268
2024-06-04 11:00:00,00000000790,20240604110000,0.284,0.052,0.004,0.0,0.0,0.0,1.0,4,0.0,0.0,18.31,1.41,589268
2024-06-04 12:00:00,00000000790,20240604120000,0.055,0.02,0.006,0.0,0.0,0.0,1.0,4,0.0,0.0,36.36,10.91,589268
2024-06-04 13:00:00,00000000790,20240604130000,0.263,0.005,0.008,0.0,0.0,0.0,1.0,4,0.0,0.0,1.9,3.04,589268
2024-06-04 14:00:00,00000000790,20240604140000,0.061,0.023,0.003,0.0,0.0,0.0,1.0,4,0.0,0.0,37.7,4.92,589268
2024-06-04 15:00:00,00000000790,20240604150000,0.01,0.0,0.009,0.0,0.0,0.0,1.0,4,0.0,0.0,0.0,90.0,589268
2024-06-04 16:00:00,00000000790,20240604160000,0.068,0.027,0.003,0.0,0.0,0.0,1.0,4,0.0,0.0,39.71,4.41,589268
2024-06-04 17:00:00,00000000790,20240604170000,0.022,0.006,0.008,0.0,0.0,0.0,1.0,4,0.0,0.0,27.27,36.36,589268
2024-06-04 18:00:00,00000000790,20240604180000,0.554,0.016,0.009,0.0,0.0,0.0,1.0,4,0.0,0.0,2.89,1.62,589268
2024-06-04 19:00:00,00000000790,20240604190000,0.243,0.019,0.008,0.0,0.0,0.0,1.0,4,0.0,0.0,7.82,3.29,589268
2024-06-04 20:00:00,00000000790,20240604200000,0.069,0.0,0.024,0.0,0.0,0.0,1.0,4,0.0,0.0,0.0,34.78,589268
2024-06-04 21:00:00,00000000790,20240604210000,0.079,0.023,0.005,0.0,0.0,0.0,1.0,4,0.0,0.0,29.11,6.33,589268
2024-06-04 22:00:00,00000000790,20240604220000,0.022,0.008,0.015,0.0,0.0,0.0,1.0,4,0.0,0.0,36.36,68.18,589268
2024-06-04 23:00:00,00000000790,20240604230000,0.185,0.072,0.0,0.0,0.0,0.0,1.0,4,0.0,0.0,38.92,0.0,589268
2024-06-05 00:00:00,00000000790,20240605000000,0.159,0.057,0.0,0.0,0.0,0.0,1.0,4,0.0,0.0,35.85,0.0,589268
2024-06-05 01:00:00,00000000790,20240605010000,0.498,0.028,0.014,0.0,0.0,0.0,1.0,4,0.0,0.0,5.62,2.81,589268
2024-06-05 02:00:00,00000000790,20240605020000,0.09,0.007,0.017,0.0,0.0,0.0,1.0,4,0.0,0.0,7.78,18.89,589268
2024-06-05 03:00:00,00000000790,20240605030000,0.124,0.023,0.007,0.0,0.0,0.0,1.0,4,0.0,0.0,18.55,5.65,589268
2024-06-05 04:00:00,00000000790,20240605040000,0.074,0.007,0.016,0.0,0.0,0.0,1.0,4,0.0,0.0,9.46,21.62,589268
2024-06-05 05:00:00,00000000790,20240605050000,0.162,0.023,0.009,0.0,0.0,0.0,1.0,4,0.0,0.0,14.2,5.56,589268
2024-06-05 06:00:00,00000000790,20240605060000,0.034,0.007,0.016,0.0,0.0,0.0,1.0,4,0.0,0.0,20.59,47.06,589268
2024-06-05 07:00:00,00000000790,20240605070000,0.085,0.024,0.007,0.0,0.0,0.0,1.0,4,0.0,0.0,28.24,8.24,589268
2024-06-05 08:00:00,00000000790,20240605080000,0.018,0.0,0.019,0.0,0.0,0.0,1.0,4,0.0,0.0,0.0,105.56,589268
2024-06-05 09:00:00,00000000790,20240605090000,0.09,0.023,0.006,0.0,0.0,0.0,1.0,4,0.0,0.0,25.56,6.67,589268
2024-06-05 10:00:00,00000000790,20240605100000,0.508,0.019,0.006,0.0,0.0,0.0,1.0,4,0.0,0.0,3.74,1.18,589268
2024-06-05 11:00:00,00000000790,20240605110000,0.157,0.012,0.012,0.0,0.0,0.0,1.0,4,0.0,0.0,7.64,7.64,589268
2024-06-05 12:00:00,00000000790,20240605120000,0.288,0.018,0.005,0.0,0.0,0.0,1.0,4,0.0,0.0,6.25,1.74,589268
2024-06-05 13:00:00,00000000790,20240605130000,0.047,0.018,0.005,0.0,0.0,0.0,1.0,4,0.0,0.0,38.3,10.64,589268
2024-06-05 14:00:00,00000000790,20240605140000,0.019,0.003,0.008,0.0,0.0,0.0,1.0,4,0.0,0.0,15.79,42.11,589268
2024-06-05 15:00:00,00000000790,20240605150000,0.074,0.029,0.002,0.0,0.0,0.0,1.0,4,0.0,0.0,39.19,2.7,589268
2024-06-05 16:00:00,00000000790,20240605160000,0.018,0.007,0.008,0.0,0.0,0.0,1.0,4,0.0,0.0,38.89,44.44,589268
2024-06-05 17:00:00,00000000790,20240605170000,0.071,0.021,0.007,0.0,0.0,0.0,1.0,4,0.0,0.0,29.58,9.86,589268
2024-06-05 18:00:00,00000000790,20240605180000,0.031,0.009,0.013,0.0,0.0,0.0,1.0,4,0.0,0.0,29.03,41.94,589268
2024-06-05 19:00:00,00000000790,20240605190000,0.033,0.01,0.013,0.0,0.0,0.0,1.0,4,0.0,0.0,30.3,39.39,589268
2024-06-05 20:00:00,00000000790,20240605200000,0.061,0.016,0.009,0.0,0.0,0.0,1.0,4,0.0,0.0,26.23,14.75,589268
2024-06-05 21:00:00,00000000790,20240605210000,0.242,0.005,0.016,0.0,0.0,0.0,1.0,4,0.0,0.0,2.07,6.61,589268
2024-06-05 22:00:00,00000000790,20240605220000,0.617,0.018,0.008,0.0,0.0,0.0,1.0,4,0.0,0.0,2.92,1.3,589268
2024-06-05 23:00:00,00000000790,20240605230000,0.067,0.002,0.019,0.0,0.0,0.0,1.0,4,0.0,0.0,2.99,28.36,589268
2024-06-06 00:00:00,00000000790,20240606000000,0.255,0.022,0.006,0.0,0.0,0.0,1.0,4,0.0,0.0,8.63,2.35,589268
2024-06-06 01:00:00,00000000790,20240606010000,0.125,0.016,0.016,0.0,0.0,0.0,1.0,4,0.0,0.0,12.8,12.8,589268
2024-06-06 02:00:00,00000000790,20240606020000,0.183,0.073,0.004,0.0,0.0,0.0,1.0,4,0.0,0.0,39.89,2.19,589268
2024-06-06 03:00:00,00000000790,20240606030000,0.825,0.172,0.0,0.0,0.0,0.0,1.0,4,0.0,0.0,20.85,0.0,589268
2024-06-06 04:00:00,00000000790,20240606040000,0.688,0.165,0.0,0.0,0.0,0.0,1.0,4,0.0,0.0,23.98,0.0,589268
2024-06-06 05:00:00,00000000790,20240606050000,0.606,0.148,0.0,0.0,0.0,0.0,1.0,4,0.0,0.0,24.42,0.0,589268
2024-06-06 06:00:00,00000000790,20240606060000,0.197,0.034,0.014,0.0,0.0,0.0,1.0,4,0.0,0.0,17.26,7.11,589268
2024-06-06 07:00:00,00000000790,20240606070000,0.076,0.017,0.011,0.0,0.0,0.0,1.0,4,0.0,0.0,22.37,14.47,589268
2024-06-06 08:00:00,00000000790,20240606080000,0.083,0.022,0.007,0.0,0.0,0.0,1.0,4,0.0,0.0,26.51,8.43,589268
2024-06-06 09:00:00,00000000790,20240606090000,0.535,0.017,0.009,0.0,0.0,0.0,1.0,4,0.0,0.0,3.18,1.68,589268
2024-06-06 10:00:00,00000000790,20240606100000,0.215,0.015,0.011,0.0,0.0,0.0,1.0,4,0.0,0.0,6.98,5.12,589268
2024-06-06 11:00:00,00000000790,20240606110000,0.439,0.025,0.005,0.0,0.0,0.0,1.0,4,0.0,0.0,5.69,1.14,589268
2024-06-06 12:00:00,00000000790,20240606120000,0.009,0.003,0.008,0.0,0.0,0.0,1.0,4,0.0,0.0,33.33,88.89,589268
2024-06-06 13:00:00,00000000790,20240606130000,0.046,0.016,0.006,0.0,0.0,0.0,1.0,4,0.0,0.0,34.78,13.04,589268
2024-06-06 14:00:00,00000000790,20240606140000,0.075,0.028,0.003,0.0,0.0,0.0,1.0,4,0.0,0.0,37.33,4.0,589268
2024-06-06 15:00:00,00000000790,20240606150000,0.01,0.004,0.008,0.0,0.0,0.0,1.0,4,0.0,0.0,40.0,80.0,589268
2024-06-06 16:00:00,00000000790,20240606160000,0.045,0.018,0.005,0.0,0.0,0.0,1.0,4,0.0,0.0,40.0,11.11,589268
2024-06-06 17:00:00,00000000790,20240606170000,0.563,0.021,0.004,0.0,0.0,0.0,1.0,4,0.0,0.0,3.73,0.71,589268
2024-06-06 18:00:00,00000000790,20240606180000,0.789,0.138,0.003,0.0,0.0,0.0,1.0,4,0.0,0.0,17.49,0.38,589268
2024-06-06 19:00:00,00000000790,20240606190000,0.279,0.045,0.014,0.0,0.0,0.0,1.0,4,0.0,0.0,16.13,5.02,589268
2024-06-06 20:00:00,00000000790,20240606200000,0.149,0.026,0.003,0.0,0.0,0.0,1.0,4,0.0,0.0,17.45,2.01,589268
2024-06-06 21:00:00,00000000790,20240606210000,0.479,0.005,0.018,0.0,0.0,0.0,1.0,4,0.0,0.0,1.04,3.76,589268
2024-06-06 22:00:00,00000000790,20240606220000,0.807,0.059,0.005,0.0,0.0,0.0,1.0,4,0.0,0.0,7.31,0.62,589268
2024-06-06 23:00:00,00000000790,20240606230000,0.409,0.06,0.006,0.0,0.0,0.0,1.0,4,0.0,0.0,14.67,1.47,589268
2024-06-07 00:00:00,00000000790,20240607000000,0.663,0.117,0.002,0.0,0.0,0.0,1.0,4,0.0,0.0,17.65,0.3,589268
2024-06-07 01:00:00,00000000790,20240607010000,0.037,0.004,0.016,0.0,0.0,0.0,1.0,4,0.0,0.0,10.81,43.24,589268
2024-06-07 02:00:00,00000000790,20240607020000,0.097,0.029,0.005,0.0,0.0,0.0,1.0,4,0.0,0.0,29.9,5.15,589268
2024-06-07 03:00:00,00000000790,20240607030000,0.05,0.012,0.012,0.0,0.0,0.0,1.0,4,0.0,0.0,24.0,24.0,589268
2024-06-07 04:00:00,00000000790,20240607040000,0.035,0.007,0.016,0.0,0.0,0.0,1.0,4,0.0,0.0,20.0,45.71,589268
2024-06-07 05:00:00,00000000790,20240607050000,0.373,0.101,0.003,0.0,0.0,0.0,1.0,4,0.0,0.0,27.08,0.8,589268
2024-06-07 06:00:00,00000000790,20240607060000,0.304,0.085,0.005,0.0,0.0,0.0,1.0,4,0.0,0.0,27.96,1.64,589268
2024-06-07 07:00:00,00000000790,20240607070000,0.041,0.002,0.018,0.0,0.0,0.0,1.0,4,0.0,0.0,4.88,43.9,589268
2024-06-07 08:00:00,00000000790,20240607080000,0.134,0.028,0.004,0.0,0.0,0.0,1.0,4,0.0,0.0,20.9,2.99,589268
2024-06-07 09:00:00,00000000790,20240607090000,0.458,0.048,0.005,0.0,0.0,0.0,1.0,4,0.0,0.0,10.48,1.09,589268
2024-06-07 10:00:00,00000000790,20240607100000,0.592,0.059,0.0,0.0,0.0,0.0,1.0,4,0.0,0.0,9.97,0.0,589268
2024-06-07 11:00:00,00000000790,20240607110000,0.094,0.022,0.006,0.0,0.0,0.0,1.0,4,0.0,0.0,23.4,6.38,589268
2024-06-07 12:00:00,00000000790,20240607120000,0.074,0.019,0.008,0.0,0.0,0.0,1.0,4,0.0,0.0,25.68,10.81,589268
2024-06-07 13:00:00,00000000790,20240607130000,0.723,0.005,0.014,0.0,0.0,0.0,1.0,4,0.0,0.0,0.69,1.94,589268
2024-06-07 14:00:00,00000000790,20240607140000,0.09,0.023,0.006,0.0,0.0,0.0,1.0,4,0.0,0.0,25.56,6.67,589268
2024-06-07 15:00:00,00000000790,20240607150000,0.488,0.069,0.004,0.0,0.0,0.0,1.0,4,0.0,0.0,14.14,0.82,589268
2024-06-07 16:00:00,00000000790,20240607160000,0.088,0.014,0.01,0.0,0.0,0.0,1.0,4,0.0,0.0,15.91,11.36,589268
2024-06-07 17:00:00,00000000790,20240607170000,0.101,0.017,0.009,0.0,0.0,0.0,1.0,4,0.0,0.0,16.83,8.91,589268
2024-06-07 18:00:00,00000000790,20240607180000,0.621,0.002,0.018,0.0,0.0,0.0,1.0,4,0.0,0.0,0.32,2.9,589268
2024-06-07 19:00:00,00000000790,20240607190000,0.736,0.074,0.006,0.0,0.0,0.0,1.0,4,0.0,0.0,10.05,0.82,589268
2024-06-07 20:00:00,00000000790,20240607200000,0.327,0.035,0.0,0.0,0.0,0.0,1.0,4,0.0,0.0,10.7,0.0,589268
2024-06-07 21:00:00,00000000790,20240607210000,0.332,0.013,0.007,0.0,0.0,0.0,1.0,4,0.0,0.0,3.92,2.11,589268
2024-06-07 22:00:00,00000000790,20240607220000,0.203,0.015,0.01,0.0,0.0,0.0,1.0,4,0.0,0.0,7.39,4.93,589268
2024-06-07 23:00:00,00000000790,20240607230000,0.119,0.017,0.009,0.0,0.0,0.0,1.0,4,0.0,0.0,14.29,7.56,589268
2024-06-08 00:00:00,00000000790,20240608000000,0.438,0.035,0.011,0.0,0.0,0.0,1.0,4,0.0,0.0,7.99,2.51,589268
2024-06-08 01:00:00,00000000790,20240608010000,0.467,0.084,0.011,0.0,0.0,0.0,1.0,4,0.0,0.0,17.99,2.36,589268
2024-06-08 02:00:00,00000000790,20240608020000,0.483,0.052,0.006,0.0,0.0,0.0,1.0,4,0.0,0.0,10.77,1.24,589268
2024-06-08 03:00:00,00000000790,20240608030000,0.054,0.013,0.012,0.0,0.0,0.0,1.0,4,0.0,0.0,24.07,22.22,589268
2024-06-08 04:00:00,00000000790,20240608040000,0.036,0.008,0.015,0.0,0.0,0.0,1.0,4,0.0,0.0,22.22,41.67,589268
2024-06-08 05:00:00,00000000790,20240608050000,0.115,0.021,0.009,0.0,0.0,0.0,1.0,4,0.0,0.0,18.26,7.83,589268
2024-06-08 06:00:00,00000000790,20240608060000,0.056,0.0,0.02,0.0,0.0,0.0,1.0,4,0.0,0.0,0.0,35.71,589268
2024-06-08 07:00:00,00000000790,20240608070000,0.132,0.026,0.006,0.0,0.0,0.0,1.0,4,0.0,0.0,19.7,4.55,589268
2024-06-08 08:00:00,00000000790,20240608080000,0.06,0.001,0.02,0.0,0.0,0.0,1.0,4,0.0,0.0,1.67,33.33,589268
2024-06-08 09:00:00,00000000790,20240608090000,0.75,0.059,0.002,0.0,0.0,0.0,1.0,4,0.0,0.0,7.87,0.27,589268
2024-06-08 10:00:00,00000000790,20240608100000,0.38,0.082,0.0,0.0,0.0,0.0,1.0,4,0.0,0.0,21.58,0.0,589268
2024-06-08 11:00:00,00000000790,20240608110000,0.17,0.005,0.015,0.0,0.0,0.0,1.0,4,0.0,0.0,2.94,8.82,589268
2024-06-08 12:00:00,00000000790,20240608120000,0.098,0.016,0.01,0.0,0.0,0.0,1.0,4,0.0,0.0,16.33,10.2,589268
2024-06-08 13:00:00,00000000790,20240608130000,0.276,0.011,0.012,0.0,0.0,0.0,1.0,4,0.0,0.0,3.99,4.35,589268
2024-06-08 14:00:00,00000000790,20240608140000,0.489,0.02,0.004,0.0,0.0,0.0,1.0,4,0.0,0.0,4.09,0.82,589268
2024-06-08 15:00:00,00000000790,20240608150000,0.048,0.018,0.004,0.0,0.0,0.0,1.0,4,0.0,0.0,37.5,8.33,589268
2024-06-08 16:00:00,00000000790,20240608160000,0.01,0.004,0.008,0.0,0.0,0.0,1.0,4,0.0,0.0,40.0,80.0,589268
2024-06-08 17:00:00,00000000790,20240608170000,0.058,0.021,0.004,0.0,0.0,0.0,1.0,4,0.0,0.0,36.21,6.9,589268
2024-06-08 18:00:00,00000000790,20240608180000,0.007,0.001,0.008,0.0,0.0,0.0,1.0,4,0.0,0.0,14.29,114.29,589268
2024-06-08 19:00:00,00000000790,20240608190000,0.075,0.026,0.003,0.0,0.0,0.0,1.0,4,0.0,0.0,34.67,4.0,589268
2024-06-08 20:00:00,00000000790,20240608200000,0.266,0.062,0.0,0.0,0.0,0.0,1.0,4,0.0,0.0,23.31,0.0,589268
2024-06-08 21:00:00,00000000790,20240608210000,0.652,0.084,0.0,0.0,0.0,0.0,1.0,4,0.0,0.0,12.88,0.0,589268
2024-06-08 22:00:00,00000000790,20240608220000,0.247,0.079,0.0,0.0,0.0,0.0,1.0,4,0.0,0.0,31.98,0.0,589268
2024-06-08 23:00:00,00000000790,20240608230000,0.457,0.121,0.0,0.0,0.0,0.0,1.0,4,0.0,0.0,26.48,0.0,589268
2024-06-09 00:00:00,00000000790,20240609000000,0.148,0.036,0.002,0.0,0.0,0.0,1.0,4,0.0,0.0,24.32,1.35,589268
2024-06-09 01:00:00,00000000790,20240609010000,0.658,0.132,0.004,0.0,0.0,0.0,1.0,4,0.0,0.0,20.06,0.61,589268
2024-06-09 02:00:00,00000000790,20240609020000,0.695,0.149,0.0,0.0,0.0,0.0,1.0,4,0.0,0.0,21.44,0.0,589268
2024-06-09 03:00:00,00000000790,20240609030000,0.618,0.154,0.0,0.0,0.0,0.0,1.0,4,0.0,0.0,24.92,0.0,589268
2024-06-09 04:00:00,00000000790,20240609040000,0.558,0.136,0.0,0.0,0.0,0.0,1.0,4,0.0,0.0,24.37,0.0,589268
2024-06-09 05:00:00,00000000790,20240609050000,0.053,0.011,0.018,0.0,0.0,0.0,1.0,4,0.0,0.0,20.75,33.96,589268
2024-06-09 06:00:00,00000000790,20240609060000,0.043,0.007,0.016,0.0,0.0,0.0,1.0,4,0.0,0.0,16.28,37.21,589268
2024-06-09 07:00:00,00000000790,20240609070000,0.11,0.035,0.002,0.0,0.0,0.0,1.0,4,0.0,0.0,31.82,1.82,589268
2024-06-09 08:00:00,00000000790,20240609080000,0.027,0.004,0.017,0.0,0.0,0.0,1.0,4,0.0,0.0,14.81,62.96,589268
2024-06-09 09:00:00,00000000790,20240609090000,0.069,0.017,0.009,0.0,0.0,0.0,1.0,4,0.0,0.0,24.64,13.04,589268
2024-06-09 10:00:00,00000000790,20240609100000,0.785,0.005,0.018,0.0,0.0,0.0,1.0,4,0.0,0.0,0.64,2.29,589268
2024-06-09 11:00:00,00000000790,20240609110000,0.199,0.03,0.0,0.0,0.0,0.0,1.0,4,0.0,0.0,15.08,0.0,589268
2024-06-09 12:00:00,00000000790,20240609120000,0.052,0.002,0.02,0.0,0.0,0.0,1.0,4,0.0,0.0,3.85,38.46,589268
2024-06-09 13:00:00,00000000790,20240609130000,0.781,0.022,0.006,0.0,0.0,0.0,1.0,4,0.0,0.0,2.82,0.77,589268
2024-06-09 14:00:00,00000000790,20240609140000,0.416,0.005,0.017,0.0,0.0,0.0,1.0,4,0.0,0.0,1.2,4.09,589268
2024-06-09 15:00:00,00000000790,20240609150000,0.102,0.017,0.009,0.0,0.0,0.0,1.0,4,0.0,0.0,16.67,8.82,589268
2024-06-09 16:00:00,00000000790,20240609160000,0.083,0.011,0.013,0.0,0.0,0.0,1.0,4,0.0,0.0,13.25,15.66,589268
2024-06-09 17:00:00,00000000790,20240609170000,0.173,0.014,0.011,0.0,0.0,0.0,1.0,4,0.0,0.0,8.09,6.36,589268
2024-06-09 18:00:00,00000000790,20240609180000,0.075,0.007,0.016,0.0,0.0,0.0,1.0,4,0.0,0.0,9.33,21.33,589268
2024-06-09 19:00:00,00000000790,20240609190000,0.123,0.021,0.005,0.0,0.0,0.0,1.0,4,0.0,0.0,17.07,4.07,589268
2024-06-09 20:00:00,00000000790,20240609200000,0.9,0.003,0.01,0.0,0.0,0.0,1.0,4,0.0,0.0,0.33,1.11,589268
2024-06-09 21:00:00,00000000790,20240609210000,0.051,0.019,0.005,0.0,0.0,0.0,1.0,4,0.0,0.0,37.25,9.8,589268
2024-06-09 22:00:00,00000000790,20240609220000,0.051,0.019,0.004,0.0,0.0,0.0,1.0,4,0.0,0.0,37.25,7.84,589268
2024-06-09 23:00:00,00000000790,20240609230000,0.01,0.004,0.008,0.0,0.0,0.0,1.0,4,0.0,0.0,40.0,80.0,589268
2024-06-10 00:00:00,00000000790,20240610000000,0.043,0.014,0.006,0.0,0.0,0.0,1.0,4,0.0,0.0,32.56,13.95,589268
2024-06-10 01:00:00,00000000790,20240610010000,0.321,0.045,0.0,0.0,0.0,0.0,1.0,4,0.0,0.0,14.02,0.0,589268
2024-06-10 02:00:00,00000000790,20240610020000,0.488,0.117,0.007,0.0,0.0,0.0,1.0,4,0.0,0.0,23.98,1.43,589268
2024-06-10 03:00:00,00000000790,20240610030000,0.052,0.009,0.015,0.0,0.0,0.0,1.0,4,0.0,0.0,17.31,28.85,589268
2024-06-10 04:00:00,00000000790,20240610040000,0.044,0.01,0.014,0.0,0.0,0.0,1.0,4,0.0,0.0,22.73,31.82,589268
2024-06-10 05:00:00,00000000790,20240610050000,0.598,0.017,0.011,0.0,0.0,0.0,1.0,4,0.0,0.0,2.84,1.84,589268
2024-06-10 06:00:00,00000000790,20240610060000,0.446,0.085,0.005,0.0,0.0,0.0,1.0,4,0.0,0.0,19.06,1.12,589268
2024-06-10 07:00:00,00000000790,20240610070000,0.436,0.111,0.01,0.0,0.0,0.0,1.0,4,0.0,0.0,25.46,2.29,589268
2024-06-10 08:00:00,00000000790,20240610080000,0.095,0.017,0.01,0.0,0.0,0.0,1.0,4,0.0,0.0,17.89,10.53,589268
2024-06-10 09:00:00,00000000790,20240610090000,0.061,0.005,0.015,0.0,0.0,0.0,1.0,4,0.0,0.0,8.2,24.59,589268
2024-06-10 10:00:00,00000000790,20240610100000,0.086,0.011,0.012,0.0,0.0,0.0,1.0,4,0.0,0.0,12.79,13.95,589268
2024-06-10 11:00:00,00000000790,20240610110000,0.023,0.005,0.015,0.0,0.0,0.0,1.0,4,0.0,0.0,21.74,65.22,589268
2024-06-10 12:00:00,00000000790,20240610120000,0.336,0.018,0.01,0.0,0.0,0.0,1.0,4,0.0,0.0,5.36,2.98,589268
2024-06-10 13:00:00,00000000790,20240610130000,0.058,0.023,0.005,0.0,0.0,0.0,1.0,4,0.0,0.0,39.66,8.62,589268
2024-06-10 14:00:00,00000000790,20240610140000,0.058,0.022,0.004,0.0,0.0,0.0,1.0,4,0.0,0.0,37.93,6.9,589268
2024-06-10 15:00:00,00000000790,20240610150000,0.012,0.005,0.007,0.0,0.0,0.0,1.0,4,0.0,0.0,41.67,58.33,589268
2024-06-10 16:00:00,00000000790,20240610160000,0.044,0.017,0.005,0.0,0.0,0.0,1.0,4,0.0,0.0,38.64,11.36,589268
2024-06-10 17:00:00,00000000790,20240610170000,0.057,0.02,0.005,0.0,0.0,0.0,1.0,4,0.0,0.0,35.09,8.77,589268
2024-06-10 18:00:00,00000000790,20240610180000,0.041,0.006,0.008,0.0,0.0,0.0,1.0,4,0.0,0.0,14.63,19.51,589268
2024-06-10 19:00:00,00000000790,20240610190000,0.467,0.079,0.003,0.0,0.0,0.0,1.0,4,0.0,0.0,16.92,0.64,589268
2024-06-10 20:00:00,00000000790,20240610200000,0.086,0.005,0.016,0.0,0.0,0.0,1.0,4,0.0,0.0,5.81,18.6,589268
2024-06-10 21:00:00,00000000790,20240610210000,0.542,0.02,0.013,0.0,0.0,0.0,1.0,4,0.0,0.0,3.69,2.4,589268
2024-06-10 22:00:00,00000000790,20240610220000,0.621,0.068,0.009,0.0,0.0,0.0,1.0,4,0.0,0.0,10.95,1.45,589268
2024-06-10 23:00:00,00000000790,20240610230000,0.191,0.003,0.022,0.0,0.0,0.0,1.0,4,0.0,0.0,1.57,11.52,589268
2024-06-11 00:00:00,00000000790,20240611000000,1.723,0.078,0.007,0.0,0.0,0.0,1.0,4,0.0,0.0,4.53,0.41,589268
2024-06-11 01:00:00,00000000790,20240611010000,0.479,0.089,0.009,0.0,0.0,0.0,1.0,4,0.0,0.0,18.58,1.88,589268
2024-06-11 02:00:00,00000000790,20240611020000,0.319,0.024,0.003,0.0,0.0,0.0,1.0,4,0.0,0.0,7.52,0.94,589268
2024-06-11 03:00:00,00000000790,20240611030000,0.227,0.047,0.015,0.0,0.0,0.0,1.0,4,0.0,0.0,20.7,6.61,589268
2024-06-11 04:00:00,00000000790,20240611040000,0.067,0.018,0.009,0.0,0.0,0.0,1.0,4,0.0,0.0,26.87,13.43,589268
2024-06-11 05:00:00,00000000790,20240611050000,0.202,0.021,0.015,0.0,0.0,0.0,1.0,4,0.0,0.0,10.4,7.43,589268
2024-06-11 06:00:00,00000000790,20240611060000,0.039,0.018,0.006,0.0,0.0,0.0,1.0,4,0.0,0.0,46.15,15.38,589268
2024-06-11 07:00:00,00000000790,20240611070000,0.056,0.023,0.005,0.0,0.0,0.0,1.0,4,0.0,0.0,41.07,8.93,589268
2024-06-11 08:00:00,00000000790,20240611080000,0.015,0.006,0.007,0.0,0.0,0.0,1.0,4,0.0,0.0,40.0,46.67,589268
2024-06-11 09:00:00,00000000790,20240611090000,0.042,0.016,0.006,0.0,0.0,0.0,1.0,4,0.0,0.0,38.1,14.29,589268
2024-06-11 10:00:00,00000000790,20240611100000,0.317,0.013,0.005,0.0,0.0,0.0,1.0,4,0.0,0.0,4.1,1.58,589268
2024-06-11 11:00:00,00000000790,20240611110000,0.049,0.014,0.005,0.0,0.0,0.0,1.0,4,0.0,0.0,28.57,10.2,589268
2024-06-11 12:00:00,00000000790,20240611120000,0.033,0.013,0.006,0.0,0.0,0.0,1.0,4,0.0,0.0,39.39,18.18,589268
2024-06-11 13:00:00,00000000790,20240611130000,0.091,0.012,0.006,0.0,0.0,0.0,1.0,4,0.0,0.0,13.19,6.59,589268
2024-06-11 14:00:00,00000000790,20240611140000,0.077,0.026,0.003,0.0,0.0,0.0,1.0,4,0.0,0.0,33.77,3.9,589268
2024-06-11 15:00:00,00000000790,20240611150000,0.068,0.025,0.003,0.0,0.0,0.0,1.0,4,0.0,0.0,36.76,4.41,589268
2024-06-11 16:00:00,00000000790,20240611160000,0.074,0.009,0.007,0.0,0.0,0.0,1.0,4,0.0,0.0,12.16,9.46,589268
2024-06-11 17:00:00,00000000790,20240611170000,0.176,0.013,0.011,0.0,0.0,0.0,1.0,4,0.0,0.0,7.39,6.25,589268
2024-06-11 18:00:00,00000000790,20240611180000,0.547,0.024,0.004,0.0,0.0,0.0,1.0,4,0.0,0.0,4.39,0.73,589268
2024-06-11 19:00:00,00000000790,20240611190000,0.092,0.015,0.01,0.0,0.0,0.0,1.0,4,0.0,0.0,16.3,10.87,589268
2024-06-11 20:00:00,00000000790,20240611200000,0.577,0.021,0.006,0.0,0.0,0.0,1.0,4,0.0,0.0,3.64,1.04,589268
2024-06-11 21:00:00,00000000790,20240611210000,0.752,0.067,0.008,0.0,0.0,0.0,1.0,4,0.0,0.0,8.91,1.06,589268
2024-06-11 22:00:00,00000000790,20240611220000,0.372,0.025,0.016,0.0,0.0,0.0,1.0,4,0.0,0.0,6.72,4.3,589268
2024-06-11 23:00:00,00000000790,20240611230000,0.188,0.043,0.002,0.0,0.0,0.0,1.0,4,0.0,0.0,22.87,1.06,589268
2024-06-12 00:00:00,00000000790,20240612000000,0.219,0.083,0.0,0.0,0.0,0.0,1.0,4,0.0,0.0,37.9,0.0,589268
2024-06-12 01:00:00,00000000790,20240612010000,0.156,0.053,0.0,0.0,0.0,0.0,1.0,4,0.0,0.0,33.97,0.0,589268
2024-06-12 02:00:00,00000000790,20240612020000,0.169,0.062,0.0,0.0,0.0,0.0,1.0,4,0.0,0.0,36.69,0.0,589268
2024-06-12 03:00:00,00000000790,20240612030000,0.173,0.073,0.0,0.0,0.0,0.0,1.0,4,0.0,0.0,42.2,0.0,589268
2024-06-12 04:00:00,00000000790,20240612040000,0.111,0.053,0.0,0.0,0.0,0.0,1.0,4,0.0,0.0,47.75,0.0,589268
2024-06-12 05:00:00,00000000790,20240612050000,0.377,0.053,0.0,0.0,0.0,0.0,1.0,4,0.0,0.0,14.06,0.0,589268
2024-06-12 06:00:00,00000000790,20240612060000,0.137,0.041,0.005,0.0,0.0,0.0,1.0,4,0.0,0.0,29.93,3.65,589268
2024-06-12 07:00:00,00000000790,20240612070000,0.093,0.012,0.013,0.0,0.0,0.0,1.0,4,0.0,0.0,12.9,13.98,589268
2024-06-12 08:00:00,00000000790,20240612080000,0.073,0.006,0.015,0.0,0.0,0.0,1.0,4,0.0,0.0,8.22,20.55,589268
2024-06-12 09:00:00,00000000790,20240612090000,0.111,0.018,0.008,0.0,0.0,0.0,1.0,4,0.0,0.0,16.22,7.21,589268
2024-06-12 10:00:00,00000000790,20240612100000,0.475,0.008,0.013,0.0,0.0,0.0,1.0,4,0.0,0.0,1.68,2.74,589268
2024-06-12 11:00:00,00000000790,20240612110000,0.152,0.007,0.014,0.0,0.0,0.0,1.0,4,0.0,0.0,4.61,9.21,589268
2024-06-12 12:00:00,00000000790,20240612120000,0.085,0.025,0.003,0.0,0.0,0.0,1.0,4,0.0,0.0,29.41,3.53,589268
2024-06-12 13:00:00,00000000790,20240612130000,0.025,0.007,0.013,0.0,0.0,0.0,1.0,4,0.0,0.0,28.0,52.0,589268
2024-06-12 14:00:00,00000000790,20240612140000,0.047,0.012,0.011,0.0,0.0,0.0,1.0,4,0.0,0.0,25.53,23.4,589268
2024-06-12 15:00:00,00000000790,20240612150000,0.458,0.021,0.006,0.0,0.0,0.0,1.0,4,0.0,0.0,4.59,1.31,589268
2024-06-12 16:00:00,00000000790,20240612160000,0.633,0.029,0.0,0.0,0.0,0.0,1.0,4,0.0,0.0,4.58,0.0,589268
2024-06-12 17:00:00,00000000790,20240612170000,0.252,0.045,0.011,0.0,0.0,0.0,1.0,4,0.0,0.0,17.86,4.37,589268
2024-06-12 18:00:00,00000000790,20240612180000,0.161,0.019,0.008,0.0,0.0,0.0,1.0,4,0.0,0.0,11.8,4.97,589268
2024-06-12 19:00:00,00000000790,20240612190000,0.148,0.028,0.0,0.0,0.0,0.0,1.0,4,0.0,0.0,18.92,0.0,589268
2024-06-12 20:00:00,00000000790,20240612200000,0.038,0.008,0.013,0.0,0.0,0.0,1.0,4,0.0,0.0,21.05,34.21,589268
2024-06-12 21:00:00,00000000790,20240612210000,0.042,0.012,0.01,0.0,0.0,0.0,1.0,4,0.0,0.0,28.57,23.81,589268
2024-06-12 22:00:00,00000000790,20240612220000,0.639,0.094,0.005,0.0,0.0,0.0,1.0,4,0.0,0.0,14.71,0.78,589268
2024-06-12 23:00:00,00000000790,20240612230000,0.091,0.005,0.018,0.0,0.0,0.0,1.0,4,0.0,0.0,5.49,19.78,589268
2024-06-13 00:00:00,00000000790,20240613000000,0.375,0.052,0.007,0.0,0.0,0.0,1.0,4,0.0,0.0,13.87,1.87,589268
2024-06-13 01:00:00,00000000790,20240613010000,0.502,0.079,0.008,0.0,0.0,0.0,1.0,4,0.0,0.0,15.74,1.59,589268
2024-06-13 02:00:00,00000000790,20240613020000,0.077,0.02,0.007,0.0,0.0,0.0,1.0,4,0.0,0.0,25.97,9.09,589268
2024-06-13 03:00:00,00000000790,20240613030000,0.3,0.012,0.012,0.0,0.0,0.0,1.0,4,0.0,0.0,4.0,4.0,589268
2024-06-13 04:00:00,00000000790,20240613040000,0.118,0.024,0.013,0.0,0.0,0.0,1.0,4,0.0,0.0,20.34,11.02,589268
2024-06-13 05:00:00,00000000790,20240613050000,0.033,0.004,0.016,0.0,0.0,0.0,1.0,4,0.0,0.0,12.12,48.48,589268
2024-06-13 06:00:00,00000000790,20240613060000,0.108,0.033,0.003,0.0,0.0,0.0,1.0,4,0.0,0.0,30.56,2.78,589268
2024-06-13 07:00:00,00000000790,20240613070000,0.039,0.007,0.014,0.0,0.0,0.0,1.0,4,0.0,0.0,17.95,35.9,589268
2024-06-13 08:00:00,00000000790,20240613080000,0.089,0.012,0.012,0.0,0.0,0.0,1.0,4,0.0,0.0,13.48,13.48,589268
2024-06-13 09:00:00,00000000790,20240613090000,0.789,0.027,0.002,0.0,0.0,0.0,1.0,4,0.0,0.0,3.42,0.25,589268
2024-06-13 10:00:00,00000000790,20240613100000,0.434,0.04,0.01,0.0,0.0,0.0,1.0,4,0.0,0.0,9.22,2.3,589268
2024-06-13 11:00:00,00000000790,20240613110000,0.102,0.013,0.009,0.0,0.0,0.0,1.0,4,0.0,0.0,12.75,8.82,589268
2024-06-13 12:00:00,00000000790,20240613120000,0.059,0.023,0.004,0.0,0.0,0.0,1.0,4,0.0,0.0,38.98,6.78,589268
2024-06-13 13:00:00,00000000790,20240613130000,0.309,0.022,0.004,0.0,0.0,0.0,1.0,4,0.0,0.0,7.12,1.29,589268
2024-06-13 14:00:00,00000000790,20240613140000,0.029,0.01,0.006,0.0,0.0,0.0,1.0,4,0.0,0.0,34.48,20.69,589268
2024-06-13 15:00:00,00000000790,20240613150000,0.029,0.011,0.006,0.0,0.0,0.0,1.0,4,0.0,0.0,37.93,20.69,589268
2024-06-13 16:00:00,00000000790,20240613160000,0.109,0.018,0.005,0.0,0.0,0.0,1.0,4,0.0,0.0,16.51,4.59,589268
2024-06-13 17:00:00,00000000790,20240613170000,0.059,0.017,0.006,0.0,0.0,0.0,1.0,4,0.0,0.0,28.81,10.17,589268
2024-06-13 18:00:00,00000000790,20240613180000,0.261,0.024,0.004,0.0,0.0,0.0,1.0,4,0.0,0.0,9.2,1.53,589268
2024-06-13 19:00:00,00000000790,20240613190000,0.758,0.026,0.0,0.0,0.0,0.0,1.0,4,0.0,0.0,3.43,0.0,589268
2024-06-13 20:00:00,00000000790,20240613200000,0.938,0.126,0.0,0.0,0.0,0.0,1.0,4,0.0,0.0,13.43,0.0,589268
2024-06-13 21:00:00,00000000790,20240613210000,0.312,0.038,0.0,0.0,0.0,0.0,1.0,4,0.0,0.0,12.18,0.0,589268
2024-06-13 22:00:00,00000000790,20240613220000,0.068,0.017,0.006,0.0,0.0,0.0,1.0,4,0.0,0.0,25.0,8.82,589268
2024-06-13 23:00:00,00000000790,20240613230000,0.013,0.001,0.017,0.0,0.0,0.0,1.0,4,0.0,0.0,7.69,130.77,589268
2024-06-14 00:00:00,00000000790,20240614000000,0.228,0.036,0.004,0.0,0.0,0.0,1.0,4,0.0,0.0,15.79,1.75,589268
2024-06-14 01:00:00,00000000790,20240614010000,0.691,0.101,0.0,0.0,0.0,0.0,1.0,4,0.0,0.0,14.62,0.0,589268
2024-06-14 02:00:00,00000000790,20240614020000,0.302,0.03,0.0,0.0,0.0,0.0,1.0,4,0.0,0.0,9.93,0.0,589268
2024-06-14 03:00:00,00000000790,20240614030000,0.435,0.078,0.0,0.0,0.0,0.0,1.0,4,0.0,0.0,17.93,0.0,589268
2024-06-14 04:00:00,00000000790,20240614040000,0.836,0.172,0.0,0.0,0.0,0.0,1.0,4,0.0,0.0,20.57,0.0,589268
2024-06-14 05:00:00,00000000790,20240614050000,0.71,0.136,0.0,0.0,0.0,0.0,1.0,4,0.0,0.0,19.15,0.0,589268
2024-06-14 06:00:00,00000000790,20240614060000,0.973,0.172,0.0,0.0,0.0,0.0,1.0,4,0.0,0.0,17.68,0.0,589268
2024-06-14 07:00:00,00000000790,20240614070000,0.441,0.095,0.007,0.0,0.0,0.0,1.0,4,0.0,0.0,21.54,1.59,589268
2024-06-14 08:00:00,00000000790,20240614080000,0.537,0.019,0.009,0.0,0.0,0.0,1.0,4,0.0,0.0,3.54,1.68,589268
2024-06-14 09:00:00,00000000790,20240614090000,0.201,0.027,0.002,0.0,0.0,0.0,1.0,4,0.0,0.0,13.43,1.0,589268
2024-06-14 10:00:00,00000000790,20240614100000,0.036,0.009,0.012,0.0,0.0,0.0,1.0,4,0.0,0.0,25.0,33.33,589268
2024-06-14 11:00:00,00000000790,20240614110000,0.115,0.011,0.011,0.0,0.0,0.0,1.0,4,0.0,0.0,9.57,9.57,589268
2024-06-14 12:00:00,00000000790,20240614120000,0.097,0.017,0.006,0.0,0.0,0.0,1.0,4,0.0,0.0,17.53,6.19,589268
2024-06-14 13:00:00,00000000790,20240614130000,0.059,0.016,0.008,0.0,0.0,0.0,1.0,4,0.0,0.0,27.12,13.56,589268
2024-06-14 14:00:00,00000000790,20240614140000,0.168,0.031,0.001,0.0,0.0,0.0,1.0,4,0.0,0.0,18.45,0.6,589268
2024-06-14 15:00:00,00000000790,20240614150000,0.032,0.011,0.005,0.0,0.0,0.0,1.0,4,0.0,0.0,34.38,15.62,589268
2024-06-14 16:00:00,00000000790,20240614160000,0.018,0.007,0.007,0.0,0.0,0.0,1.0,4,0.0,0.0,38.89,38.89,589268
2024-06-14 17:00:00,00000000790,20240614170000,0.023,0.004,0.008,0.0,0.0,0.0,1.0,4,0.0,0.0,17.39,34.78,589268
2024-06-14 18:00:00,00000000790,20240614180000,0.09,0.033,0.002,0.0,0.0,0.0,1.0,4,0.0,0.0,36.67,2.22,589268
2024-06-14 19:00:00,00000000790,20240614190000,0.031,0.012,0.006,0.0,0.0,0.0,1.0,4,0.0,0.0,38.71,19.35,589268
2024-06-14 20:00:00,00000000790,20240614200000,0.057,0.022,0.004,0.0,0.0,0.0,1.0,4,0.0,0.0,38.6,7.02,589268
2024-06-14 21:00:00,00000000790,20240614210000,0.056,0.02,0.004,0.0,0.0,0.0,1.0,4,0.0,0.0,35.71,7.14,589268
2024-06-14 22:00:00,00000000790,20240614220000,0.042,0.015,0.005,0.0,0.0,0.0,1.0,4,0.0,0.0,35.71,11.9,589268
2024-06-14 23:00:00,00000000790,20240614230000,0.022,0.005,0.007,0.0,0.0,0.0,1.0,4,0.0,0.0,22.73,31.82,589268
2024-06-15 00:00:00,00000000790,20240615000000,0.081,0.03,0.002,0.0,0.0,0.0,1.0,4,0.0,0.0,37.04,2.47,589268
2024-06-15 01:00:00,00000000790,20240615010000,0.037,0.014,0.006,0.0,0.0,0.0,1.0,4,0.0,0.0,37.84,16.22,589268
2024-06-15 02:00:00,00000000790,20240615020000,0.02,0.008,0.007,0.0,0.0,0.0,1.0,4,0.0,0.0,40.0,35.0,589268
2024-06-15 03:00:00,00000000790,20240615030000,0.056,0.023,0.005,0.0,0.0,0.0,1.0,4,0.0,0.0,41.07,8.93,589268
2024-06-15 04:00:00,00000000790,20240615040000,0.057,0.024,0.004,0.0,0.0,0.0,1.0,4,0.0,0.0,42.11,7.02,589268
2024-06-15 05:00:00,00000000790,20240615050000,0.022,0.004,0.008,0.0,0.0,0.0,1.0,4,0.0,0.0,18.18,36.36,589268
2024-06-15 06:00:00,00000000790,20240615060000,0.066,0.03,0.004,0.0,0.0,0.0,1.0,4,0.0,0.0,45.45,6.06,589268
2024-06-15 07:00:00,00000000790,20240615070000,0.057,0.024,0.004,0.0,0.0,0.0,1.0,4,0.0,0.0,42.11,7.02,589268
2024-06-15 08:00:00,00000000790,20240615080000,0.02,0.008,0.008,0.0,0.0,0.0,1.0,4,0.0,0.0,40.0,40.0,589268
2024-06-15 09:00:00,00000000790,20240615090000,0.036,0.015,0.005,0.0,0.0,0.0,1.0,4,0.0,0.0,41.67,13.89,589268
2024-06-15 10:00:00,00000000790,20240615100000,0.11,0.025,0.004,0.0,0.0,0.0,1.0,4,0.0,0.0,22.73,3.64,589268
2024-06-15 11:00:00,00000000790,20240615110000,0.021,0.006,0.008,0.0,0.0,0.0,1.0,4,0.0,0.0,28.57,38.1,589268
2024-06-15 12:00:00,00000000790,20240615120000,0.085,0.03,0.002,0.0,0.0,0.0,1.0,4,0.0,0.0,35.29,2.35,589268
2024-06-15 13:00:00,00000000790,20240615130000,0.026,0.01,0.006,0.0,0.0,0.0,1.0,4,0.0,0.0,38.46,23.08,589268
2024-06-15 14:00:00,00000000790,20240615140000,0.032,0.012,0.006,0.0,0.0,0.0,1.0,4,0.0,0.0,37.5,18.75,589268
2024-06-15 15:00:00,00000000790,20240615150000,0.057,0.021,0.004,0.0,0.0,0.0,1.0,4,0.0,0.0,36.84,7.02,589268
2024-06-15 16:00:00,00000000790,20240615160000,0.052,0.02,0.005,0.0,0.0,0.0,1.0,4,0.0,0.0,38.46,9.62,589268
2024-06-15 17:00:00,00000000790,20240615170000,0.014,0.001,0.008,0.0,0.0,0.0,1.0,4,0.0,0.0,7.14,57.14,589268
2024-06-15 18:00:00,00000000790,20240615180000,0.079,0.028,0.002,0.0,0.0,0.0,1.0,4,0.0,0.0,35.44,2.53,589268
2024-06-15 19:00:00,00000000790,20240615190000,0.041,0.014,0.005,0.0,0.0,0.0,1.0,4,0.0,0.0,34.15,12.2,589268
2024-06-15 20:00:00,00000000790,20240615200000,0.015,0.006,0.007,0.0,0.0,0.0,1.0,4,0.0,0.0,40.0,46.67,589268
2024-06-15 21:00:00,00000000790,20240615210000,0.054,0.017,0.004,0.0,0.0,0.0,1.0,4,0.0,0.0,31.48,7.41,589268
2024-06-15 22:00:00,00000000790,20240615220000,0.055,0.019,0.004,0.0,0.0,0.0,1.0,4,0.0,0.0,34.55,7.27,589268
2024-06-15 23:00:00,00000000790,20240615230000,0.015,0.002,0.008,0.0,0.0,0.0,1.0,4,0.0,0.0,13.33,53.33,589268
2024-06-16 00:00:00,00000000790,20240616000000,0.075,0.027,0.002,0.0,0.0,0.0,1.0,4,0.0,0.0,36.0,2.67,589268
2024-06-16 01:00:00,00000000790,20240616010000,0.05,0.019,0.005,0.0,0.0,0.0,1.0,4,0.0,0.0,38.0,10.0,589268
2024-06-16 02:00:00,00000000790,20240616020000,0.016,0.006,0.007,0.0,0.0,0.0,1.0,4,0.0,0.0,37.5,43.75,589268
2024-06-16 03:00:00,00000000790,20240616030000,0.046,0.018,0.005,0.0,0.0,0.0,1.0,4,0.0,0.0,39.13,10.87,589268
2024-06-16 04:00:00,00000000790,20240616040000,0.057,0.023,0.005,0.0,0.0,0.0,1.0,4,0.0,0.0,40.35,8.77,589268
2024-06-16 05:00:00,00000000790,20240616050000,0.032,0.009,0.007,0.0,0.0,0.0,1.0,4,0.0,0.0,28.12,21.88,589268
2024-06-16 06:00:00,00000000790,20240616060000,0.055,0.023,0.004,0.0,0.0,0.0,1.0,4,0.0,0.0,41.82,7.27,589268
2024-06-16 07:00:00,00000000790,20240616070000,0.056,0.024,0.005,0.0,0.0,0.0,1.0,4,0.0,0.0,42.86,8.93,589268
2024-06-16 08:00:00,00000000790,20240616080000,0.026,0.009,0.007,0.0,0.0,0.0,1.0,4,0.0,0.0,34.62,26.92,589268
2024-06-16 09:00:00,00000000790,20240616090000,0.029,0.012,0.006,0.0,0.0,0.0,1.0,4,0.0,0.0,41.38,20.69,589268
2024-06-16 10:00:00,00000000790,20240616100000,0.057,0.02,0.004,0.0,0.0,0.0,1.0,4,0.0,0.0,35.09,7.02,589268
2024-06-16 11:00:00,00000000790,20240616110000,0.047,0.001,0.009,0.0,0.0,0.0,1.0,4,0.0,0.0,2.13,19.15,589268
2024-06-16 12:00:00,00000000790,20240616120000,0.102,0.036,0.0,0.0,0.0,0.0,1.0,4,0.0,0.0,35.29,0.0,589268
2024-06-16 13:00:00,00000000790,20240616130000,0.036,0.012,0.006,0.0,0.0,0.0,1.0,4,0.0,0.0,33.33,16.67,589268
2024-06-16 14:00:00,00000000790,20240616140000,0.022,0.009,0.007,0.0,0.0,0.0,1.0,4,0.0,0.0,40.91,31.82,589268
2024-06-16 15:00:00,00000000790,20240616150000,0.057,0.02,0.004,0.0,0.0,0.0,1.0,4,0.0,0.0,35.09,7.02,589268
2024-06-16 16:00:00,00000000790,20240616160000,0.056,0.02,0.004,0.0,0.0,0.0,1.0,4,0.0,0.0,35.71,7.14,589268
2024-06-16 17:00:00,00000000790,20240616170000,0.025,0.009,0.006,0.0,0.0,0.0,1.0,4,0.0,0.0,36.0,24.0,589268
2024-06-16 18:00:00,00000000790,20240616180000,0.031,0.011,0.006,0.0,0.0,0.0,1.0,4,0.0,0.0,35.48,19.35,589268
2024-06-16 19:00:00,00000000790,20240616190000,0.055,0.018,0.003,0.0,0.0,0.0,1.0,4,0.0,0.0,32.73,5.45,589268
2024-06-16 20:00:00,00000000790,20240616200000,0.048,0.016,0.005,0.0,0.0,0.0,1.0,4,0.0,0.0,33.33,10.42,589268
2024-06-16 21:00:00,00000000790,20240616210000,0.015,0.005,0.006,0.0,0.0,0.0,1.0,4,0.0,0.0,33.33,40.0,589268
2024-06-16 22:00:00,00000000790,20240616220000,0.046,0.015,0.005,0.0,0.0,0.0,1.0,4,0.0,0.0,32.61,10.87,589268
2024-06-16 23:00:00,00000000790,20240616230000,0.055,0.019,0.004,0.0,0.0,0.0,1.0,4,0.0,0.0,34.55,7.27,589268
2024-06-17 00:00:00,00000000790,20240617000000,0.035,0.012,0.005,0.0,0.0,0.0,1.0,4,0.0,0.0,34.29,14.29,589268
2024-06-17 01:00:00,00000000790,20240617010000,0.021,0.008,0.007,0.0,0.0,0.0,1.0,4,0.0,0.0,38.1,33.33,589268
2024-06-17 02:00:00,00000000790,20240617020000,0.056,0.021,0.004,0.0,0.0,0.0,1.0,4,0.0,0.0,37.5,7.14,589268
2024-06-17 03:00:00,00000000790,20240617030000,0.056,0.022,0.004,0.0,0.0,0.0,1.0,4,0.0,0.0,39.29,7.14,589268
2024-06-17 04:00:00,00000000790,20240617040000,0.013,0.005,0.008,0.0,0.0,0.0,1.0,4,0.0,0.0,38.46,61.54,589268
2024-06-17 05:00:00,00000000790,20240617050000,0.044,0.017,0.005,0.0,0.0,0.0,1.0,4,0.0,0.0,38.64,11.36,589268
2024-06-17 06:00:00,00000000790,20240617060000,0.057,0.024,0.005,0.0,0.0,0.0,1.0,4,0.0,0.0,42.11,8.77,589268
2024-06-17 07:00:00,00000000790,20240617070000,0.031,0.012,0.006,0.0,0.0,0.0,1.0,4,0.0,0.0,38.71,19.35,589268
2024-06-17 08:00:00,00000000790,20240617080000,0.025,0.011,0.007,0.0,0.0,0.0,1.0,4,0.0,0.0,44.0,28.0,589268
2024-06-17 09:00:00,00000000790,20240617090000,0.055,0.019,0.004,0.0,0.0,0.0,1.0,4,0.0,0.0,34.55,7.27,589268
2024-06-17 10:00:00,00000000790,20240617100000,0.052,0.018,0.004,0.0,0.0,0.0,1.0,4,0.0,0.0,34.62,7.69,589268
2024-06-17 11:00:00,00000000790,20240617110000,0.013,0.005,0.007,0.0,0.0,0.0,1.0,4,0.0,0.0,38.46,53.85,589268
2024-06-17 12:00:00,00000000790,20240617120000,0.044,0.015,0.005,0.0,0.0,0.0,1.0,4,0.0,0.0,34.09,11.36,589268
2024-06-17 13:00:00,00000000790,20240617130000,0.054,0.018,0.004,0.0,0.0,0.0,1.0,4,0.0,0.0,33.33,7.41,589268
2024-06-17 14:00:00,00000000790,20240617140000,0.036,0.013,0.005,0.0,0.0,0.0,1.0,4,0.0,0.0,36.11,13.89,589268
2024-06-17 15:00:00,00000000790,20240617150000,0.02,0.006,0.007,0.0,0.0,0.0,1.0,4,0.0,0.0,30.0,35.0,589268
2024-06-17 16:00:00,00000000790,20240617160000,0.055,0.02,0.004,0.0,0.0,0.0,1.0,4,0.0,0.0,36.36,7.27,589268
2024-06-17 17:00:00,00000000790,20240617170000,0.055,0.018,0.004,0.0,0.0,0.0,1.0,4,0.0,0.0,32.73,7.27,589268
2024-06-17 18:00:00,00000000790,20240617180000,0.018,0.006,0.006,0.0,0.0,0.0,1.0,4,0.0,0.0,33.33,33.33,589268
2024-06-17 19:00:00,00000000790,20240617190000,0.036,0.011,0.005,0.0,0.0,0.0,1.0,4,0.0,0.0,30.56,13.89,589268
2024-06-17 20:00:00,00000000790,20240617200000,0.054,0.017,0.003,0.0,0.0,0.0,1.0,4,0.0,0.0,31.48,5.56,589268
2024-06-17 21:00:00,00000000790,20240617210000,0.043,0.013,0.005,0.0,0.0,0.0,1.0,4,0.0,0.0,30.23,11.63,589268
2024-06-17 22:00:00,00000000790,20240617220000,0.013,0.004,0.006,0.0,0.0,0.0,1.0,4,0.0,0.0,30.77,46.15,589268
2024-06-17 23:00:00,00000000790,20240617230000,0.053,0.017,0.004,0.0,0.0,0.0,1.0,4,0.0,0.0,32.08,7.55,589268
2024-06-18 00:00:00,00000000790,20240618000000,0.055,0.018,0.004,0.0,0.0,0.0,1.0,4,0.0,0.0,32.73,7.27,589268
2024-06-18 01:00:00,00000000790,20240618010000,0.028,0.01,0.006,0.0,0.0,0.0,1.0,4,0.0,0.0,35.71,21.43,589268
2024-06-18 02:00:00,00000000790,20240618020000,0.029,0.011,0.006,0.0,0.0,0.0,1.0,4,0.0,0.0,37.93,20.69,589268
2024-06-18 03:00:00,00000000790,20240618030000,0.057,0.021,0.003,0.0,0.0,0.0,1.0,4,0.0,0.0,36.84,5.26,589268
2024-06-18 04:00:00,00000000790,20240618040000,0.05,0.023,0.004,0.0,0.0,0.0,1.0,4,0.0,0.0,46.0,8.0,589268
2024-06-18 05:00:00,00000000790,20240618050000,0.014,0.006,0.009,0.0,0.0,0.0,1.0,4,0.0,0.0,42.86,64.29,589268
2024-06-18 06:00:00,00000000790,20240618060000,0.054,0.027,0.005,0.0,0.0,0.0,1.0,4,0.0,0.0,50.0,9.26,589268
2024-06-18 07:00:00,00000000790,20240618070000,0.06,0.028,0.005,0.0,0.0,0.0,1.0,4,0.0,0.0,46.67,8.33,589268
2024-06-18 08:00:00,00000000790,20240618080000,0.028,0.012,0.007,0.0,0.0,0.0,1.0,4,0.0,0.0,42.86,25.0,589268
2024-06-18 09:00:00,00000000790,20240618090000,0.03,0.014,0.007,0.0,0.0,0.0,1.0,4,0.0,0.0,46.67,23.33,589268
2024-06-18 10:00:00,00000000790,20240618100000,0.056,0.024,0.004,0.0,0.0,0.0,1.0,4,0.0,0.0,42.86,7.14,589268
2024-06-18 11:00:00,00000000790,20240618110000,0.052,0.021,0.005,0.0,0.0,0.0,1.0,4,0.0,0.0,40.38,9.62,589268
2024-06-18 12:00:00,00000000790,20240618120000,0.014,0.006,0.008,0.0,0.0,0.0,1.0,4,0.0,0.0,42.86,57.14,589268
2024-06-18 13:00:00,00000000790,20240618130000,0.049,0.02,0.005,0.0,0.0,0.0,1.0,4,0.0,0.0,40.82,10.2,589268
2024-06-18 14:00:00,00000000790,20240618140000,0.057,0.023,0.004,0.0,0.0,0.0,1.0,4,0.0,0.0,40.35,7.02,589268
2024-06-18 15:00:00,00000000790,20240618150000,0.033,0.014,0.007,0.0,0.0,0.0,1.0,4,0.0,0.0,42.42,21.21,589268
2024-06-18 16:00:00,00000000790,20240618160000,0.024,0.01,0.006,0.0,0.0,0.0,1.0,4,0.0,0.0,41.67,25.0,589268
2024-06-18 17:00:00,00000000790,20240618170000,0.056,0.022,0.005,0.0,0.0,0.0,1.0,4,0.0,0.0,39.29,8.93,589268
2024-06-18 18:00:00,00000000790,20240618180000,0.055,0.019,0.004,0.0,0.0,0.0,1.0,4,0.0,0.0,34.55,7.27,589268
2024-06-18 19:00:00,00000000790,20240618190000,0.049,0.009,0.006,0.0,0.0,0.0,1.0,4,0.0,0.0,18.37,12.24,589268
2024-06-18 20:00:00,00000000790,20240618200000,0.039,0.013,0.006,0.0,0.0,0.0,1.0,4,0.0,0.0,33.33,15.38,589268
2024-06-18 21:00:00,00000000790,20240618210000,0.058,0.02,0.003,0.0,0.0,0.0,1.0,4,0.0,0.0,34.48,5.17,589268
2024-06-18 22:00:00,00000000790,20240618220000,0.049,0.018,0.005,0.0,0.0,0.0,1.0,4,0.0,0.0,36.73,10.2,589268
2024-06-18 23:00:00,00000000790,20240618230000,0.016,0.006,0.007,0.0,0.0,0.0,1.0,4,0.0,0.0,37.5,43.75,589268
2024-06-19 00:00:00,00000000790,20240619000000,0.05,0.019,0.005,0.0,0.0,0.0,1.0,4,0.0,0.0,38.0,10.0,589268
2024-06-19 01:00:00,00000000790,20240619010000,0.058,0.024,0.004,0.0,0.0,0.0,1.0,4,0.0,0.0,41.38,6.9,589268
2024-06-19 02:00:00,00000000790,20240619020000,0.034,0.014,0.007,0.0,0.0,0.0,1.0,4,0.0,0.0,41.18,20.59,589268
2024-06-19 03:00:00,00000000790,20240619030000,0.023,0.011,0.007,0.0,0.0,0.0,1.0,4,0.0,0.0,47.83,30.43,589268
2024-06-19 04:00:00,00000000790,20240619040000,0.059,0.026,0.004,0.0,0.0,0.0,1.0,4,0.0,0.0,44.07,6.78,589268
2024-06-19 05:00:00,00000000790,20240619050000,0.058,0.027,0.005,0.0,0.0,0.0,1.0,4,0.0,0.0,46.55,8.62,589268
2024-06-19 06:00:00,00000000790,20240619060000,0.018,0.009,0.008,0.0,0.0,0.0,1.0,4,0.0,0.0,50.0,44.44,589268
2024-06-19 07:00:00,00000000790,20240619070000,0.042,0.02,0.007,0.0,0.0,0.0,1.0,4,0.0,0.0,47.62,16.67,589268
2024-06-19 08:00:00,00000000790,20240619080000,0.058,0.027,0.004,0.0,0.0,0.0,1.0,4,0.0,0.0,46.55,6.9,589268
2024-06-19 09:00:00,00000000790,20240619090000,0.043,0.017,0.006,0.0,0.0,0.0,1.0,4,0.0,0.0,39.53,13.95,589268
2024-06-19 10:00:00,00000000790,20240619100000,0.014,0.006,0.008,0.0,0.0,0.0,1.0,4,0.0,0.0,42.86,57.14,589268
2024-06-19 11:00:00,00000000790,20240619110000,0.056,0.023,0.004,0.0,0.0,0.0,1.0,4,0.0,0.0,41.07,7.14,589268
2024-06-19 12:00:00,00000000790,20240619120000,0.057,0.023,0.004,0.0,0.0,0.0,1.0,4,0.0,0.0,40.35,7.02,589268
2024-06-19 13:00:00,00000000790,20240619130000,0.028,0.01,0.007,0.0,0.0,0.0,1.0,4,0.0,0.0,35.71,25.0,589268
2024-06-19 14:00:00,00000000790,20240619140000,0.03,0.012,0.006,0.0,0.0,0.0,1.0,4,0.0,0.0,40.0,20.0,589268
2024-06-19 15:00:00,00000000790,20240619150000,0.056,0.023,0.005,0.0,0.0,0.0,1.0,4,0.0,0.0,41.07,8.93,589268
2024-06-19 16:00:00,00000000790,20240619160000,0.055,0.022,0.004,0.0,0.0,0.0,1.0,4,0.0,0.0,40.0,7.27,589268
2024-06-19 17:00:00,00000000790,20240619170000,0.017,0.006,0.007,0.0,0.0,0.0,1.0,4,0.0,0.0,35.29,41.18,589268
2024-06-19 18:00:00,00000000790,20240619180000,0.042,0.016,0.005,0.0,0.0,0.0,1.0,4,0.0,0.0,38.1,11.9,589268
2024-06-19 19:00:00,00000000790,20240619190000,0.056,0.02,0.004,0.0,0.0,0.0,1.0,4,0.0,0.0,35.71,7.14,589268
2024-06-19 20:00:00,00000000790,20240619200000,0.043,0.014,0.005,0.0,0.0,0.0,1.0,4,0.0,0.0,32.56,11.63,589268
2024-06-19 21:00:00,00000000790,20240619210000,0.015,0.006,0.007,0.0,0.0,0.0,1.0,4,0.0,0.0,40.0,46.67,589268
2024-06-19 22:00:00,00000000790,20240619220000,0.055,0.019,0.004,0.0,0.0,0.0,1.0,4,0.0,0.0,34.55,7.27,589268
2024-06-19 23:00:00,00000000790,20240619230000,0.057,0.022,0.004,0.0,0.0,0.0,1.0,4,0.0,0.0,38.6,7.02,589268
2024-06-20 00:00:00,00000000790,20240620000000,0.03,0.012,0.007,0.0,0.0,0.0,1.0,4,0.0,0.0,40.0,23.33,589268
2024-06-20 01:00:00,00000000790,20240620010000,0.028,0.011,0.007,0.0,0.0,0.0,1.0,4,0.0,0.0,39.29,25.0,589268
2024-06-20 02:00:00,00000000790,20240620020000,0.058,0.025,0.004,0.0,0.0,0.0,1.0,4,0.0,0.0,43.1,6.9,589268
2024-06-20 03:00:00,00000000790,20240620030000,0.057,0.026,0.005,0.0,0.0,0.0,1.0,4,0.0,0.0,45.61,8.77,589268
2024-06-20 04:00:00,00000000790,20240620040000,0.017,0.006,0.008,0.0,0.0,0.0,1.0,4,0.0,0.0,35.29,47.06,589268
2024-06-20 05:00:00,00000000790,20240620050000,0.043,0.02,0.005,0.0,0.0,0.0,1.0,4,0.0,0.0,46.51,11.63,589268
2024-06-20 06:00:00,00000000790,20240620060000,0.059,0.028,0.005,0.0,0.0,0.0,1.0,4,0.0,0.0,47.46,8.47,589268
2024-06-20 07:00:00,00000000790,20240620070000,0.041,0.018,0.006,0.0,0.0,0.0,1.0,4,0.0,0.0,43.9,14.63,589268
2024-06-20 08:00:00,00000000790,20240620080000,0.017,0.008,0.008,0.0,0.0,0.0,1.0,4,0.0,0.0,47.06,47.06,589268
2024-06-20 09:00:00,00000000790,20240620090000,0.057,0.024,0.004,0.0,0.0,0.0,1.0,4,0.0,0.0,42.11,7.02,589268
2024-06-20 10:00:00,00000000790,20240620100000,0.056,0.022,0.005,0.0,0.0,0.0,1.0,4,0.0,0.0,39.29,8.93,589268
2024-06-20 11:00:00,00000000790,20240620110000,0.027,0.01,0.006,0.0,0.0,0.0,1.0,4,0.0,0.0,37.04,22.22,589268
2024-06-20 12:00:00,00000000790,20240620120000,0.03,0.011,0.006,0.0,0.0,0.0,1.0,4,0.0,0.0,36.67,20.0,589268
2024-06-20 13:00:00,00000000790,20240620130000,0.057,0.023,0.005,0.0,0.0,0.0,1.0,4,0.0,0.0,40.35,8.77,589268
2024-06-20 14:00:00,00000000790,20240620140000,0.053,0.02,0.004,0.0,0.0,0.0,1.0,4,0.0,0.0,37.74,7.55,589268
2024-06-20 15:00:00,00000000790,20240620150000,0.016,0.006,0.008,0.0,0.0,0.0,1.0,4,0.0,0.0,37.5,50.0,589268
2024-06-20 16:00:00,00000000790,20240620160000,0.046,0.018,0.005,0.0,0.0,0.0,1.0,4,0.0,0.0,39.13,10.87,589268
2024-06-20 17:00:00,00000000790,20240620170000,0.056,0.022,0.004,0.0,0.0,0.0,1.0,4,0.0,0.0,39.29,7.14,589268
2024-06-20 18:00:00,00000000790,20240620180000,0.041,0.014,0.005,0.0,0.0,0.0,1.0,4,0.0,0.0,34.15,12.2,589268
2024-06-20 19:00:00,00000000790,20240620190000,0.018,0.006,0.007,0.0,0.0,0.0,1.0,4,0.0,0.0,33.33,38.89,589268
2024-06-20 20:00:00,00000000790,20240620200000,0.053,0.019,0.004,0.0,0.0,0.0,1.0,4,0.0,0.0,35.85,7.55,589268
2024-06-20 21:00:00,00000000790,20240620210000,0.056,0.019,0.004,0.0,0.0,0.0,1.0,4,0.0,0.0,33.93,7.14,589268
2024-06-20 22:00:00,00000000790,20240620220000,0.033,0.012,0.005,0.0,0.0,0.0,1.0,4,0.0,0.0,36.36,15.15,589268
2024-06-20 23:00:00,00000000790,20240620230000,0.024,0.009,0.007,0.0,0.0,0.0,1.0,4,0.0,0.0,37.5,29.17,589268
2024-06-21 00:00:00,00000000790,20240621000000,0.057,0.022,0.004,0.0,0.0,0.0,1.0,4,0.0,0.0,38.6,7.02,589268
2024-06-21 01:00:00,00000000790,20240621010000,0.058,0.023,0.004,0.0,0.0,0.0,1.0,4,0.0,0.0,39.66,6.9,589268
2024-06-21 02:00:00,00000000790,20240621020000,0.021,0.0,0.009,0.0,0.0,0.0,1.0,4,0.0,0.0,0.0,42.86,589268
2024-06-21 03:00:00,00000000790,20240621030000,0.081,0.033,0.003,0.0,0.0,0.0,1.0,4,0.0,0.0,40.74,3.7,589268
2024-06-21 04:00:00,00000000790,20240621040000,0.053,0.023,0.005,0.0,0.0,0.0,1.0,4,0.0,0.0,43.4,9.43,589268
2024-06-21 05:00:00,00000000790,20240621050000,0.02,0.009,0.008,0.0,0.0,0.0,1.0,4,0.0,0.0,45.0,40.0,589268
2024-06-21 06:00:00,00000000790,20240621060000,0.046,0.023,0.006,0.0,0.0,0.0,1.0,4,0.0,0.0,50.0,13.04,589268
2024-06-21 07:00:00,00000000790,20240621070000,1.442,0.15,0.008,0.0,0.0,0.0,1.0,4,0.0,0.0,10.4,0.55,589268
2024-06-21 08:00:00,00000000790,20240621080000,0.057,0.001,0.021,0.0,0.0,0.0,1.0,4,0.0,0.0,1.75,36.84,589268
2024-06-21 09:00:00,00000000790,20240621090000,0.135,0.028,0.004,0.0,0.0,0.0,1.0,4,0.0,0.0,20.74,2.96,589268
2024-06-21 10:00:00,00000000790,20240621100000,0.088,0.013,0.013,0.0,0.0,0.0,1.0,4,0.0,0.0,14.77,14.77,589268
2024-06-21 11:00:00,00000000790,20240621110000,0.067,0.007,0.016,0.0,0.0,0.0,1.0,4,0.0,0.0,10.45,23.88,589268
2024-06-21 12:00:00,00000000790,20240621120000,0.304,0.016,0.011,0.0,0.0,0.0,1.0,4,0.0,0.0,5.26,3.62,589268
2024-06-21 13:00:00,00000000790,20240621130000,0.565,0.065,0.005,0.0,0.0,0.0,1.0,4,0.0,0.0,11.5,0.88,589268
2024-06-21 14:00:00,00000000790,20240621140000,0.49,0.032,0.008,0.0,0.0,0.0,1.0,4,0.0,0.0,6.53,1.63,589268
2024-06-21 15:00:00,00000000790,20240621150000,0.359,0.055,0.008,0.0,0.0,0.0,1.0,4,0.0,0.0,15.32,2.23,589268
2024-06-21 16:00:00,00000000790,20240621160000,0.102,0.016,0.01,0.0,0.0,0.0,1.0,4,0.0,0.0,15.69,9.8,589268
2024-06-21 17:00:00,00000000790,20240621170000,0.398,0.01,0.014,0.0,0.0,0.0,1.0,4,0.0,0.0,2.51,3.52,589268
2024-06-21 18:00:00,00000000790,20240621180000,0.438,0.065,0.007,0.0,0.0,0.0,1.0,4,0.0,0.0,14.84,1.6,589268
2024-06-21 19:00:00,00000000790,20240621190000,0.052,0.006,0.015,0.0,0.0,0.0,1.0,4,0.0,0.0,11.54,28.85,589268
2024-06-21 20:00:00,00000000790,20240621200000,0.056,0.013,0.01,0.0,0.0,0.0,1.0,4,0.0,0.0,23.21,17.86,589268
2024-06-21 21:00:00,00000000790,20240621210000,0.103,0.029,0.0,0.0,0.0,0.0,1.0,4,0.0,0.0,28.16,0.0,589268
2024-06-21 22:00:00,00000000790,20240621220000,0.052,0.015,0.009,0.0,0.0,0.0,1.0,4,0.0,0.0,28.85,17.31,589268
2024-06-21 23:00:00,00000000790,20240621230000,0.28,0.014,0.012,0.0,0.0,0.0,1.0,4,0.0,0.0,5.0,4.29,589268
2024-06-22 00:00:00,00000000790,20240622000000,0.373,0.063,0.01,0.0,0.0,0.0,1.0,4,0.0,0.0,16.89,2.68,589268
2024-06-22 01:00:00,00000000790,20240622010000,0.635,0.134,0.002,0.0,0.0,0.0,1.0,4,0.0,0.0,21.1,0.31,589268
2024-06-22 02:00:00,00000000790,20240622020000,0.521,0.134,0.005,0.0,0.0,0.0,1.0,4,0.0,0.0,25.72,0.96,589268
2024-06-22 03:00:00,00000000790,20240622030000,0.551,0.153,0.0,0.0,0.0,0.0,1.0,4,0.0,0.0,27.77,0.0,589268
2024-06-22 04:00:00,00000000790,20240622040000,0.588,0.159,0.0,0.0,0.0,0.0,1.0,4,0.0,0.0,27.04,0.0,589268
2024-06-22 05:00:00,00000000790,20240622050000,0.793,0.14,0.0,0.0,0.0,0.0,1.0,4,0.0,0.0,17.65,0.0,589268
2024-06-22 06:00:00,00000000790,20240622060000,0.17,0.046,0.013,0.0,0.0,0.0,1.0,4,0.0,0.0,27.06,7.65,589268
2024-06-22 07:00:00,00000000790,20240622070000,0.114,0.022,0.011,0.0,0.0,0.0,1.0,4,0.0,0.0,19.3,9.65,589268
2024-06-22 08:00:00,00000000790,20240622080000,0.754,0.01,0.016,0.0,0.0,0.0,1.0,4,0.0,0.0,1.33,2.12,589268
2024-06-22 09:00:00,00000000790,20240622090000,0.488,0.058,0.004,0.0,0.0,0.0,1.0,4,0.0,0.0,11.89,0.82,589268
2024-06-22 10:00:00,00000000790,20240622100000,0.597,0.137,0.0,0.0,0.0,0.0,1.0,4,0.0,0.0,22.95,0.0,589268
2024-06-22 11:00:00,00000000790,20240622110000,0.121,0.043,0.002,0.0,0.0,0.0,1.0,4,0.0,0.0,35.54,1.65,589268
2024-06-22 12:00:00,00000000790,20240622120000,0.075,0.033,0.002,0.0,0.0,0.0,1.0,4,0.0,0.0,44.0,2.67,589268
2024-06-22 13:00:00,00000000790,20240622130000,0.023,0.008,0.008,0.0,0.0,0.0,1.0,4,0.0,0.0,34.78,34.78,589268
2024-06-22 14:00:00,00000000790,20240622140000,0.041,0.013,0.007,0.0,0.0,0.0,1.0,4,0.0,0.0,31.71,17.07,589268
2024-06-22 15:00:00,00000000790,20240622150000,0.094,0.04,0.001,0.0,0.0,0.0,1.0,4,0.0,0.0,42.55,1.06,589268
2024-06-22 16:00:00,00000000790,20240622160000,0.056,0.023,0.004,0.0,0.0,0.0,1.0,4,0.0,0.0,41.07,7.14,589268
2024-06-22 17:00:00,00000000790,20240622170000,0.039,0.016,0.005,0.0,0.0,0.0,1.0,4,0.0,0.0,41.03,12.82,589268
2024-06-22 18:00:00,00000000790,20240622180000,0.033,0.013,0.006,0.0,0.0,0.0,1.0,4,0.0,0.0,39.39,18.18,589268
2024-06-22 19:00:00,00000000790,20240622190000,0.084,0.026,0.007,0.0,0.0,0.0,1.0,4,0.0,0.0,30.95,8.33,589268
2024-06-22 20:00:00,00000000790,20240622200000,1.163,0.084,0.0,0.0,0.0,0.0,1.0,4,0.0,0.0,7.22,0.0,589268
2024-06-22 21:00:00,00000000790,20240622210000,0.111,0.03,0.0,0.0,0.0,0.0,1.0,4,0.0,0.0,27.03,0.0,589268
2024-06-22 22:00:00,00000000790,20240622220000,0.099,0.033,0.0,0.0,0.0,0.0,1.0,4,0.0,0.0,33.33,0.0,589268
2024-06-22 23:00:00,00000000790,20240622230000,0.098,0.035,0.0,0.0,0.0,0.0,1.0,4,0.0,0.0,35.71,0.0,589268
2024-06-23 00:00:00,00000000790,20240623000000,0.79,0.247,0.0,0.0,0.0,0.0,1.0,4,0.0,0.0,31.27,0.0,589268
2024-06-23 01:00:00,00000000790,20240623010000,0.241,0.114,0.012,0.0,0.0,0.0,1.0,4,0.0,0.0,47.3,4.98,589268
2024-06-23 02:00:00,00000000790,20240623020000,0.429,0.124,0.0,0.0,0.0,0.0,1.0,4,0.0,0.0,28.9,0.0,589268
2024-06-23 03:00:00,00000000790,20240623030000,0.222,0.074,0.003,0.0,0.0,0.0,1.0,4,0.0,0.0,33.33,1.35,589268
2024-06-23 04:00:00,00000000790,20240623040000,0.121,0.015,0.014,0.0,0.0,0.0,1.0,4,0.0,0.0,12.4,11.57,589268
2024-06-23 05:00:00,00000000790,20240623050000,0.078,0.023,0.009,0.0,0.0,0.0,1.0,4,0.0,0.0,29.49,11.54,589268
2024-06-23 06:00:00,00000000790,20240623060000,0.35,0.023,0.01,0.0,0.0,0.0,1.0,4,0.0,0.0,6.57,2.86,589268
2024-06-23 07:00:00,00000000790,20240623070000,0.168,0.065,0.007,0.0,0.0,0.0,1.0,4,0.0,0.0,38.69,4.17,589268
2024-06-23 08:00:00,00000000790,20240623080000,0.051,0.018,0.011,0.0,0.0,0.0,1.0,4,0.0,0.0,35.29,21.57,589268
2024-06-23 09:00:00,00000000790,20240623090000,0.036,0.012,0.014,0.0,0.0,0.0,1.0,4,0.0,0.0,33.33,38.89,589268
2024-06-23 10:00:00,00000000790,20240623100000,0.02,0.007,0.016,0.0,0.0,0.0,1.0,4,0.0,0.0,35.0,80.0,589268
2024-06-23 11:00:00,00000000790,20240623110000,0.441,0.018,0.011,0.0,0.0,0.0,1.0,4,0.0,0.0,4.08,2.49,589268
2024-06-23 12:00:00,00000000790,20240623120000,0.219,0.018,0.009,0.0,0.0,0.0,1.0,4,0.0,0.0,8.22,4.11,589268
2024-06-23 13:00:00,00000000790,20240623130000,0.058,0.021,0.005,0.0,0.0,0.0,1.0,4,0.0,0.0,36.21,8.62,589268
2024-06-23 14:00:00,00000000790,20240623140000,0.054,0.023,0.004,0.0,0.0,0.0,1.0,4,0.0,0.0,42.59,7.41,589268
2024-06-23 15:00:00,00000000790,20240623150000,0.058,0.024,0.004,0.0,0.0,0.0,1.0,4,0.0,0.0,41.38,6.9,589268
2024-06-23 16:00:00,00000000790,20240623160000,0.056,0.022,0.005,0.0,0.0,0.0,1.0,4,0.0,0.0,39.29,8.93,589268
2024-06-23 17:00:00,00000000790,20240623170000,0.027,0.011,0.006,0.0,0.0,0.0,1.0,4,0.0,0.0,40.74,22.22,589268
2024-06-23 18:00:00,00000000790,20240623180000,0.245,0.011,0.007,0.0,0.0,0.0,1.0,4,0.0,0.0,4.49,2.86,589268
2024-06-23 19:00:00,00000000790,20240623190000,0.34,0.023,0.006,0.0,0.0,0.0,1.0,4,0.0,0.0,6.76,1.76,589268
2024-06-23 20:00:00,00000000790,20240623200000,0.022,0.007,0.015,0.0,0.0,0.0,1.0,4,0.0,0.0,31.82,68.18,589268
2024-06-23 21:00:00,00000000790,20240623210000,0.109,0.034,0.004,0.0,0.0,0.0,1.0,4,0.0,0.0,31.19,3.67,589268
2024-06-23 22:00:00,00000000790,20240623220000,0.543,0.063,0.0,0.0,0.0,0.0,1.0,4,0.0,0.0,11.6,0.0,589268
2024-06-23 23:00:00,00000000790,20240623230000,0.177,0.066,0.0,0.0,0.0,0.0,1.0,4,0.0,0.0,37.29,0.0,589268
2024-06-24 00:00:00,00000000790,20240624000000,0.46,0.113,0.0,0.0,0.0,0.0,1.0,4,0.0,0.0,24.57,0.0,589268
2024-06-24 01:00:00,00000000790,20240624010000,0.449,0.132,0.0,0.0,0.0,0.0,1.0,4,0.0,0.0,29.4,0.0,589268
2024-06-24 02:00:00,00000000790,20240624020000,0.272,0.075,0.005,0.0,0.0,0.0,1.0,4,0.0,0.0,27.57,1.84,589268
2024-06-24 03:00:00,00000000790,20240624030000,0.067,0.019,0.011,0.0,0.0,0.0,1.0,4,0.0,0.0,28.36,16.42,589268
2024-06-24 04:00:00,00000000790,20240624040000,0.043,0.011,0.015,0.0,0.0,0.0,1.0,4,0.0,0.0,25.58,34.88,589268
2024-06-24 05:00:00,00000000790,20240624050000,0.061,0.009,0.016,0.0,0.0,0.0,1.0,4,0.0,0.0,14.75,26.23,589268
2024-06-24 06:00:00,00000000790,20240624060000,0.135,0.036,0.008,0.0,0.0,0.0,1.0,4,0.0,0.0,26.67,5.93,589268
2024-06-24 07:00:00,00000000790,20240624070000,0.223,0.082,0.0,0.0,0.0,0.0,1.0,4,0.0,0.0,36.77,0.0,589268
2024-06-24 08:00:00,00000000790,20240624080000,0.17,0.054,0.0,0.0,0.0,0.0,1.0,4,0.0,0.0,31.76,0.0,589268
2024-06-24 09:00:00,00000000790,20240624090000,0.536,0.06,0.003,0.0,0.0,0.0,1.0,4,0.0,0.0,11.19,0.56,589268
2024-06-24 10:00:00,00000000790,20240624100000,0.346,0.031,0.002,0.0,0.0,0.0,1.0,4,0.0,0.0,8.96,0.58,589268
2024-06-24 11:00:00,00000000790,20240624110000,0.165,0.009,0.017,0.0,0.0,0.0,1.0,4,0.0,0.0,5.45,10.3,589268
2024-06-24 12:00:00,00000000790,20240624120000,0.065,0.02,0.005,0.0,0.0,0.0,1.0,4,0.0,0.0,30.77,7.69,589268
2024-06-24 13:00:00,00000000790,20240624130000,0.072,0.027,0.003,0.0,0.0,0.0,1.0,4,0.0,0.0,37.5,4.17,589268
2024-06-24 14:00:00,00000000790,20240624140000,0.013,0.005,0.008,0.0,0.0,0.0,1.0,4,0.0,0.0,38.46,61.54,589268
2024-06-24 15:00:00,00000000790,20240624150000,0.059,0.025,0.005,0.0,0.0,0.0,1.0,4,0.0,0.0,42.37,8.47,589268
2024-06-24 16:00:00,00000000790,20240624160000,0.027,0.011,0.004,0.0,0.0,0.0,1.0,4,0.0,0.0,40.74,14.81,589268
2024-06-24 17:00:00,00000000790,20240624170000,0.054,0.021,0.004,0.0,0.0,0.0,1.0,4,0.0,0.0,38.89,7.41,589268
2024-06-24 18:00:00,00000000790,20240624180000,0.578,0.013,0.009,0.0,0.0,0.0,1.0,4,0.0,0.0,2.25,1.56,589268
2024-06-24 19:00:00,00000000790,20240624190000,0.082,0.009,0.015,0.0,0.0,0.0,1.0,4,0.0,0.0,10.98,18.29,589268
2024-06-24 20:00:00,00000000790,20240624200000,0.07,0.021,0.007,0.0,0.0,0.0,1.0,4,0.0,0.0,30.0,10.0,589268
2024-06-24 21:00:00,00000000790,20240624210000,0.053,0.016,0.009,0.0,0.0,0.0,1.0,4,0.0,0.0,30.19,16.98,589268
2024-06-24 22:00:00,00000000790,20240624220000,0.1,0.017,0.011,0.0,0.0,0.0,1.0,4,0.0,0.0,17.0,11.0,589268
2024-06-24 23:00:00,00000000790,20240624230000,0.134,0.011,0.014,0.0,0.0,0.0,1.0,4,0.0,0.0,8.21,10.45,589268
2024-06-25 00:00:00,00000000790,20240625000000,0.527,0.022,0.008,0.0,0.0,0.0,1.0,4,0.0,0.0,4.17,1.52,589268
2024-06-25 01:00:00,00000000790,20240625010000,0.486,0.122,0.011,0.0,0.0,0.0,1.0,4,0.0,0.0,25.1,2.26,589268
2024-06-25 02:00:00,00000000790,20240625020000,1.088,0.157,0.001,0.0,0.0,0.0,1.0,4,0.0,0.0,14.43,0.09,589268
2024-06-25 03:00:00,00000000790,20240625030000,0.037,0.009,0.016,0.0,0.0,0.0,1.0,4,0.0,0.0,24.32,43.24,589268
2024-06-25 04:00:00,00000000790,20240625040000,0.062,0.019,0.011,0.0,0.0,0.0,1.0,4,0.0,0.0,30.65,17.74,589268
2024-06-25 05:00:00,00000000790,20240625050000,0.072,0.023,0.01,0.0,0.0,0.0,1.0,4,0.0,0.0,31.94,13.89,589268
2024-06-25 06:00:00,00000000790,20240625060000,0.03,0.006,0.018,0.0,0.0,0.0,1.0,4,0.0,0.0,20.0,60.0,589268
2024-06-25 07:00:00,00000000790,20240625070000,0.107,0.017,0.013,0.0,0.0,0.0,1.0,4,0.0,0.0,15.89,12.15,589268
2024-06-25 08:00:00,00000000790,20240625080000,0.105,0.036,0.003,0.0,0.0,0.0,1.0,4,0.0,0.0,34.29,2.86,589268
2024-06-25 09:00:00,00000000790,20240625090000,0.335,0.01,0.013,0.0,0.0,0.0,1.0,4,0.0,0.0,2.99,3.88,589268
2024-06-25 10:00:00,00000000790,20240625100000,0.264,0.016,0.011,0.0,0.0,0.0,1.0,4,0.0,0.0,6.06,4.17,589268
2024-06-25 11:00:00,00000000790,20240625110000,0.246,0.015,0.011,0.0,0.0,0.0,1.0,4,0.0,0.0,6.1,4.47,589268
2024-06-25 12:00:00,00000000790,20240625120000,0.044,0.012,0.007,0.0,0.0,0.0,1.0,4,0.0,0.0,27.27,15.91,589268
2024-06-25 13:00:00,00000000790,20240625130000,0.292,0.006,0.008,0.0,0.0,0.0,1.0,4,0.0,0.0,2.05,2.74,589268
2024-06-25 14:00:00,00000000790,20240625140000,0.066,0.027,0.003,0.0,0.0,0.0,1.0,4,0.0,0.0,40.91,4.55,589268
2024-06-25 15:00:00,00000000790,20240625150000,0.054,0.021,0.005,0.0,0.0,0.0,1.0,4,0.0,0.0,38.89,9.26,589268
2024-06-25 16:00:00,00000000790,20240625160000,0.04,0.015,0.006,0.0,0.0,0.0,1.0,4,0.0,0.0,37.5,15.0,589268
2024-06-25 17:00:00,00000000790,20240625170000,0.022,0.009,0.007,0.0,0.0,0.0,1.0,4,0.0,0.0,40.91,31.82,589268
2024-06-25 18:00:00,00000000790,20240625180000,0.047,0.018,0.005,0.0,0.0,0.0,1.0,4,0.0,0.0,38.3,10.64,589268
2024-06-25 19:00:00,00000000790,20240625190000,0.064,0.023,0.004,0.0,0.0,0.0,1.0,4,0.0,0.0,35.94,6.25,589268
2024-06-25 20:00:00,00000000790,20240625200000,0.024,0.009,0.007,0.0,0.0,0.0,1.0,4,0.0,0.0,37.5,29.17,589268
2024-06-25 21:00:00,00000000790,20240625210000,0.048,0.018,0.005,0.0,0.0,0.0,1.0,4,0.0,0.0,37.5,10.42,589268
2024-06-25 22:00:00,00000000790,20240625220000,0.053,0.021,0.004,0.0,0.0,0.0,1.0,4,0.0,0.0,39.62,7.55,589268
2024-06-25 23:00:00,00000000790,20240625230000,0.049,0.02,0.005,0.0,0.0,0.0,1.0,4,0.0,0.0,40.82,10.2,589268
2024-06-26 00:00:00,00000000790,20240626000000,0.011,0.001,0.009,0.0,0.0,0.0,1.0,4,0.0,0.0,9.09,81.82,589268
2024-06-26 01:00:00,00000000790,20240626010000,0.522,0.033,0.005,0.0,0.0,0.0,1.0,4,0.0,0.0,6.32,0.96,589268
2024-06-26 02:00:00,00000000790,20240626020000,1.128,0.124,0.005,0.0,0.0,0.0,1.0,4,0.0,0.0,10.99,0.44,589268
2024-06-26 03:00:00,00000000790,20240626030000,0.584,0.18,0.0,0.0,0.0,0.0,1.0,4,0.0,0.0,30.82,0.0,589268
2024-06-26 04:00:00,00000000790,20240626040000,0.485,0.144,0.0,0.0,0.0,0.0,1.0,4,0.0,0.0,29.69,0.0,589268
2024-06-26 05:00:00,00000000790,20240626050000,0.491,0.157,0.0,0.0,0.0,0.0,1.0,4,0.0,0.0,31.98,0.0,589268
2024-06-26 06:00:00,00000000790,20240626060000,0.105,0.031,0.011,0.0,0.0,0.0,1.0,4,0.0,0.0,29.52,10.48,589268
2024-06-26 07:00:00,00000000790,20240626070000,0.046,0.013,0.014,0.0,0.0,0.0,1.0,4,0.0,0.0,28.26,30.43,589268
2024-06-26 08:00:00,00000000790,20240626080000,0.079,0.02,0.01,0.0,0.0,0.0,1.0,4,0.0,0.0,25.32,12.66,589268
2024-06-26 09:00:00,00000000790,20240626090000,0.178,0.024,0.008,0.0,0.0,0.0,1.0,4,0.0,0.0,13.48,4.49,589268
2024-06-26 10:00:00,00000000790,20240626100000,0.657,0.008,0.015,0.0,0.0,0.0,1.0,4,0.0,0.0,1.22,2.28,589268
2024-06-26 11:00:00,00000000790,20240626110000,0.573,0.021,0.008,0.0,0.0,0.0,1.0,4,0.0,0.0,3.66,1.4,589268
2024-06-26 12:00:00,00000000790,20240626120000,0.118,0.017,0.01,0.0,0.0,0.0,1.0,4,0.0,0.0,14.41,8.47,589268
2024-06-26 13:00:00,00000000790,20240626130000,0.054,0.023,0.005,0.0,0.0,0.0,1.0,4,0.0,0.0,42.59,9.26,589268
2024-06-26 14:00:00,00000000790,20240626140000,0.055,0.023,0.004,0.0,0.0,0.0,1.0,4,0.0,0.0,41.82,7.27,589268
2024-06-26 15:00:00,00000000790,20240626150000,0.054,0.023,0.005,0.0,0.0,0.0,1.0,4,0.0,0.0,42.59,9.26,589268
2024-06-26 16:00:00,00000000790,20240626160000,0.021,0.008,0.007,0.0,0.0,0.0,1.0,4,0.0,0.0,38.1,33.33,589268
2024-06-26 17:00:00,00000000790,20240626170000,0.039,0.015,0.007,0.0,0.0,0.0,1.0,4,0.0,0.0,38.46,17.95,589268
2024-06-26 18:00:00,00000000790,20240626180000,0.077,0.03,0.003,0.0,0.0,0.0,1.0,4,0.0,0.0,38.96,3.9,589268
2024-06-26 19:00:00,00000000790,20240626190000,0.022,0.009,0.007,0.0,0.0,0.0,1.0,4,0.0,0.0,40.91,31.82,589268
2024-06-26 20:00:00,00000000790,20240626200000,0.033,0.014,0.006,0.0,0.0,0.0,1.0,4,0.0,0.0,42.42,18.18,589268
2024-06-26 21:00:00,00000000790,20240626210000,0.053,0.02,0.005,0.0,0.0,0.0,1.0,4,0.0,0.0,37.74,9.43,589268
2024-06-26 22:00:00,00000000790,20240626220000,0.054,0.022,0.005,0.0,0.0,0.0,1.0,4,0.0,0.0,40.74,9.26,589268
2024-06-26 23:00:00,00000000790,20240626230000,0.012,0.002,0.008,0.0,0.0,0.0,1.0,4,0.0,0.0,16.67,66.67,589268
2024-06-27 00:00:00,00000000790,20240627000000,0.338,0.03,0.004,0.0,0.0,0.0,1.0,4,0.0,0.0,8.88,1.18,589268
2024-06-27 01:00:00,00000000790,20240627010000,0.559,0.175,0.002,0.0,0.0,0.0,1.0,4,0.0,0.0,31.31,0.36,589268
2024-06-27 02:00:00,00000000790,20240627020000,0.112,0.022,0.01,0.0,0.0,0.0,1.0,4,0.0,0.0,19.64,8.93,589268
2024-06-27 03:00:00,00000000790,20240627030000,0.12,0.025,0.009,0.0,0.0,0.0,1.0,4,0.0,0.0,20.83,7.5,589268
2024-06-27 04:00:00,00000000790,20240627040000,0.111,0.022,0.01,0.0,0.0,0.0,1.0,4,0.0,0.0,19.82,9.01,589268
2024-06-27 05:00:00,00000000790,20240627050000,0.089,0.009,0.017,0.0,0.0,0.0,1.0,4,0.0,0.0,10.11,19.1,589268
2024-06-27 06:00:00,00000000790,20240627060000,0.089,0.03,0.008,0.0,0.0,0.0,1.0,4,0.0,0.0,33.71,8.99,589268
2024-06-27 07:00:00,00000000790,20240627070000,0.068,0.022,0.011,0.0,0.0,0.0,1.0,4,0.0,0.0,32.35,16.18,589268
2024-06-27 08:00:00,00000000790,20240627080000,0.52,0.169,0.006,0.0,0.0,0.0,1.0,4,0.0,0.0,32.5,1.15,589268
2024-06-27 09:00:00,00000000790,20240627090000,0.448,0.127,0.001,0.0,0.0,0.0,1.0,4,0.0,0.0,28.35,0.22,589268
2024-06-27 10:00:00,00000000790,20240627100000,0.135,0.011,0.014,0.0,0.0,0.0,1.0,4,0.0,0.0,8.15,10.37,589268
2024-06-27 11:00:00,00000000790,20240627110000,0.091,0.013,0.013,0.0,0.0,0.0,1.0,4,0.0,0.0,14.29,14.29,589268
2024-06-27 12:00:00,00000000790,20240627120000,1.09,0.027,0.004,0.0,0.0,0.0,1.0,4,0.0,0.0,2.48,0.37,589268
2024-06-27 13:00:00,00000000790,20240627130000,0.063,0.011,0.012,0.0,0.0,0.0,1.0,4,0.0,0.0,17.46,19.05,589268
2024-06-27 14:00:00,00000000790,20240627140000,0.05,0.021,0.004,0.0,0.0,0.0,1.0,4,0.0,0.0,42.0,8.0,589268
2024-06-27 15:00:00,00000000790,20240627150000,0.055,0.024,0.005,0.0,0.0,0.0,1.0,4,0.0,0.0,43.64,9.09,589268
2024-06-27 16:00:00,00000000790,20240627160000,0.054,0.022,0.005,0.0,0.0,0.0,1.0,4,0.0,0.0,40.74,9.26,589268
2024-06-27 17:00:00,00000000790,20240627170000,0.01,0.0,0.009,0.0,0.0,0.0,1.0,4,0.0,0.0,0.0,90.0,589268
2024-06-27 18:00:00,00000000790,20240627180000,0.075,0.032,0.003,0.0,0.0,0.0,1.0,4,0.0,0.0,42.67,4.0,589268
2024-06-27 19:00:00,00000000790,20240627190000,0.054,0.022,0.005,0.0,0.0,0.0,1.0,4,0.0,0.0,40.74,9.26,589268
2024-06-27 20:00:00,00000000790,20240627200000,0.85,0.023,0.005,0.0,0.0,0.0,1.0,4,0.0,0.0,2.71,0.59,589268
2024-06-27 21:00:00,00000000790,20240627210000,0.084,0.007,0.017,0.0,0.0,0.0,1.0,4,0.0,0.0,8.33,20.24,589268
2024-06-27 22:00:00,00000000790,20240627220000,0.163,0.018,0.01,0.0,0.0,0.0,1.0,4,0.0,0.0,11.04,6.13,589268
2024-06-27 23:00:00,00000000790,20240627230000,0.071,0.017,0.011,0.0,0.0,0.0,1.0,4,0.0,0.0,23.94,15.49,589268
2024-06-28 00:00:00,00000000790,20240628000000,0.031,0.011,0.014,0.0,0.0,0.0,1.0,4,0.0,0.0,35.48,45.16,589268
2024-06-28 01:00:00,00000000790,20240628010000,0.737,0.15,0.003,0.0,0.0,0.0,1.0,4,0.0,0.0,20.35,0.41,589268
2024-06-28 02:00:00,00000000790,20240628020000,0.572,0.176,0.0,0.0,0.0,0.0,1.0,4,0.0,0.0,30.77,0.0,589268
2024-06-28 03:00:00,00000000790,20240628030000,0.468,0.143,0.0,0.0,0.0,0.0,1.0,4,0.0,0.0,30.56,0.0,589268
2024-06-28 04:00:00,00000000790,20240628040000,0.468,0.051,0.01,0.0,0.0,0.0,1.0,4,0.0,0.0,10.9,2.14,589268
2024-06-28 05:00:00,00000000790,20240628050000,0.089,0.027,0.008,0.0,0.0,0.0,1.0,4,0.0,0.0,30.34,8.99,589268
2024-06-28 06:00:00,00000000790,20240628060000,0.027,0.006,0.018,0.0,0.0,0.0,1.0,4,0.0,0.0,22.22,66.67,589268
2024-06-28 07:00:00,00000000790,20240628070000,0.089,0.024,0.01,0.0,0.0,0.0,1.0,4,0.0,0.0,26.97,11.24,589268
2024-06-28 08:00:00,00000000790,20240628080000,0.098,0.021,0.011,0.0,0.0,0.0,1.0,4,0.0,0.0,21.43,11.22,589268
2024-06-28 09:00:00,00000000790,20240628090000,0.047,0.001,0.019,0.0,0.0,0.0,1.0,4,0.0,0.0,2.13,40.43,589268
2024-06-28 10:00:00,00000000790,20240628100000,0.29,0.016,0.012,0.0,0.0,0.0,1.0,4,0.0,0.0,5.52,4.14,589268
2024-06-28 11:00:00,00000000790,20240628110000,0.623,0.015,0.014,0.0,0.0,0.0,1.0,4,0.0,0.0,2.41,2.25,589268
2024-06-28 12:00:00,00000000790,20240628120000,0.496,0.038,0.001,0.0,0.0,0.0,1.0,4,0.0,0.0,7.66,0.2,589268
2024-06-28 13:00:00,00000000790,20240628130000,0.026,0.01,0.007,0.0,0.0,0.0,1.0,4,0.0,0.0,38.46,26.92,589268
2024-06-28 14:00:00,00000000790,20240628140000,0.048,0.021,0.005,0.0,0.0,0.0,1.0,4,0.0,0.0,43.75,10.42,589268
2024-06-28 15:00:00,00000000790,20240628150000,0.062,0.025,0.004,0.0,0.0,0.0,1.0,4,0.0,0.0,40.32,6.45,589268
2024-06-28 16:00:00,00000000790,20240628160000,0.032,0.013,0.007,0.0,0.0,0.0,1.0,4,0.0,0.0,40.62,21.88,589268
2024-06-28 17:00:00,00000000790,20240628170000,0.022,0.005,0.008,0.0,0.0,0.0,1.0,4,0.0,0.0,22.73,36.36,589268
2024-06-28 18:00:00,00000000790,20240628180000,0.083,0.034,0.004,0.0,0.0,0.0,1.0,4,0.0,0.0,40.96,4.82,589268
2024-06-28 19:00:00,00000000790,20240628190000,0.099,0.018,0.01,0.0,0.0,0.0,1.0,4,0.0,0.0,18.18,10.1,589268
2024-06-28 20:00:00,00000000790,20240628200000,0.085,0.017,0.011,0.0,0.0,0.0,1.0,4,0.0,0.0,20.0,12.94,589268
2024-06-28 21:00:00,00000000790,20240628210000,0.043,0.012,0.011,0.0,0.0,0.0,1.0,4,0.0,0.0,27.91,25.58,589268
2024-06-28 22:00:00,00000000790,20240628220000,0.023,0.007,0.015,0.0,0.0,0.0,1.0,4,0.0,0.0,30.43,65.22,589268
2024-06-28 23:00:00,00000000790,20240628230000,0.414,0.007,0.019,0.0,0.0,0.0,1.0,4,0.0,0.0,1.69,4.59,589268
2024-06-29 00:00:00,00000000790,20240629000000,0.306,0.02,0.01,0.0,0.0,0.0,1.0,4,0.0,0.0,6.54,3.27,589268
2024-06-29 01:00:00,00000000790,20240629010000,0.476,0.104,0.0,0.0,0.0,0.0,1.0,4,0.0,0.0,21.85,0.0,589268
2024-06-29 02:00:00,00000000790,20240629020000,0.066,0.018,0.011,0.0,0.0,0.0,1.0,4,0.0,0.0,27.27,16.67,589268
2024-06-29 03:00:00,00000000790,20240629030000,0.065,0.019,0.011,0.0,0.0,0.0,1.0,4,0.0,0.0,29.23,16.92,589268
2024-06-29 04:00:00,00000000790,20240629040000,0.017,0.0,0.02,0.0,0.0,0.0,1.0,4,0.0,0.0,0.0,117.65,589268
2024-06-29 05:00:00,00000000790,20240629050000,0.092,0.03,0.007,0.0,0.0,0.0,1.0,4,0.0,0.0,32.61,7.61,589268
2024-06-29 06:00:00,00000000790,20240629060000,0.054,0.016,0.014,0.0,0.0,0.0,1.0,4,0.0,0.0,29.63,25.93,589268
2024-06-29 07:00:00,00000000790,20240629070000,0.035,0.008,0.017,0.0,0.0,0.0,1.0,4,0.0,0.0,22.86,48.57,589268
2024-06-29 08:00:00,00000000790,20240629080000,0.058,0.017,0.012,0.0,0.0,0.0,1.0,4,0.0,0.0,29.31,20.69,589268
2024-06-29 09:00:00,00000000790,20240629090000,0.076,0.018,0.012,0.0,0.0,0.0,1.0,4,0.0,0.0,23.68,15.79,589268
2024-06-29 10:00:00,00000000790,20240629100000,0.08,0.01,0.016,0.0,0.0,0.0,1.0,4,0.0,0.0,12.5,20.0,589268
2024-06-29 11:00:00,00000000790,20240629110000,0.335,0.013,0.014,0.0,0.0,0.0,1.0,4,0.0,0.0,3.88,4.18,589268
2024-06-29 12:00:00,00000000790,20240629120000,0.383,0.028,0.004,0.0,0.0,0.0,1.0,4,0.0,0.0,7.31,1.04,589268
2024-06-29 13:00:00,00000000790,20240629130000,0.21,0.024,0.01,0.0,0.0,0.0,1.0,4,0.0,0.0,11.43,4.76,589268
2024-06-29 14:00:00,00000000790,20240629140000,0.059,0.026,0.004,0.0,0.0,0.0,1.0,4,0.0,0.0,44.07,6.78,589268
2024-06-29 15:00:00,00000000790,20240629150000,0.06,0.026,0.004,0.0,0.0,0.0,1.0,4,0.0,0.0,43.33,6.67,589268
2024-06-29 16:00:00,00000000790,20240629160000,0.026,0.008,0.008,0.0,0.0,0.0,1.0,4,0.0,0.0,30.77,30.77,589268
2024-06-29 17:00:00,00000000790,20240629170000,0.088,0.035,0.002,0.0,0.0,0.0,1.0,4,0.0,0.0,39.77,2.27,589268
2024-06-29 18:00:00,00000000790,20240629180000,0.003,0.002,0.009,0.0,0.0,0.0,1.0,4,0.0,0.0,66.67,300.0,589268
2024-06-29 19:00:00,00000000790,20240629190000,0.316,0.028,0.003,0.0,0.0,0.0,1.0,4,0.0,0.0,8.86,0.95,589268
2024-06-29 20:00:00,00000000790,20240629200000,0.117,0.026,0.005,0.0,0.0,0.0,1.0,4,0.0,0.0,22.22,4.27,589268
2024-06-29 21:00:00,00000000790,20240629210000,0.061,0.01,0.013,0.0,0.0,0.0,1.0,4,0.0,0.0,16.39,21.31,589268
2024-06-29 22:00:00,00000000790,20240629220000,0.021,0.004,0.017,0.0,0.0,0.0,1.0,4,0.0,0.0,19.05,80.95,589268
2024-06-29 23:00:00,00000000790,20240629230000,0.072,0.022,0.007,0.0,0.0,0.0,1.0,4,0.0,0.0,30.56,9.72,589268
2024-06-30 00:00:00,00000000790,20240630000000,0.08,0.014,0.011,0.0,0.0,0.0,1.0,4,0.0,0.0,17.5,13.75,589268
2024-06-30 01:00:00,00000000790,20240630010000,0.103,0.015,0.014,0.0,0.0,0.0,1.0,4,0.0,0.0,14.56,13.59,589268
2024-06-30 02:00:00,00000000790,20240630020000,0.927,0.208,0.001,0.0,0.0,0.0,1.0,4,0.0,0.0,22.44,0.11,589268
2024-06-30 03:00:00,00000000790,20240630030000,0.346,0.11,0.002,0.0,0.0,0.0,1.0,4,0.0,0.0,31.79,0.58,589268
2024-06-30 04:00:00,00000000790,20240630040000,0.032,0.003,0.019,0.0,0.0,0.0,1.0,4,0.0,0.0,9.38,59.38,589268
2024-06-30 05:00:00,00000000790,20240630050000,0.079,0.026,0.009,0.0,0.0,0.0,1.0,4,0.0,0.0,32.91,11.39,589268
2024-06-30 06:00:00,00000000790,20240630060000,0.061,0.024,0.01,0.0,0.0,0.0,1.0,4,0.0,0.0,39.34,16.39,589268
2024-06-30 07:00:00,00000000790,20240630070000,0.058,0.023,0.01,0.0,0.0,0.0,1.0,4,0.0,0.0,39.66,17.24,589268
2024-06-30 08:00:00,00000000790,20240630080000,0.04,0.016,0.013,0.0,0.0,0.0,1.0,4,0.0,0.0,40.0,32.5,589268
2024-06-30 09:00:00,00000000790,20240630090000,0.039,0.014,0.014,0.0,0.0,0.0,1.0,4,0.0,0.0,35.9,35.9,589268
2024-06-30 10:00:00,00000000790,20240630100000,0.049,0.013,0.013,0.0,0.0,0.0,1.0,4,0.0,0.0,26.53,26.53,589268
2024-06-30 11:00:00,00000000790,20240630110000,0.378,0.025,0.007,0.0,0.0,0.0,1.0,4,0.0,0.0,6.61,1.85,589268
2024-06-30 12:00:00,00000000790,20240630120000,0.174,0.014,0.013,0.0,0.0,0.0,1.0,4,0.0,0.0,8.05,7.47,589268
2024-06-30 13:00:00,00000000790,20240630130000,0.334,0.012,0.015,0.0,0.0,0.0,1.0,4,0.0,0.0,3.59,4.49,589268
2024-06-30 14:00:00,00000000790,20240630140000,0.118,0.021,0.006,0.0,0.0,0.0,1.0,4,0.0,0.0,17.8,5.08,589268
2024-06-30 15:00:00,00000000790,20240630150000,0.07,0.027,0.004,0.0,0.0,0.0,1.0,4,0.0,0.0,38.57,5.71,589268
2024-06-30 16:00:00,00000000790,20240630160000,0.053,0.018,0.006,0.0,0.0,0.0,1.0,4,0.0,0.0,33.96,11.32,589268
2024-06-30 17:00:00,00000000790,20240630170000,0.085,0.034,0.002,0.0,0.0,0.0,1.0,4,0.0,0.0,40.0,2.35,589268
2024-06-30 18:00:00,00000000790,20240630180000,0.044,0.018,0.006,0.0,0.0,0.0,1.0,4,0.0,0.0,40.91,13.64,589268
2024-06-30 19:00:00,00000000790,20240630190000,0.342,0.016,0.01,0.0,0.0,0.0,1.0,4,0.0,0.0,4.68,2.92,589268
2024-06-30 20:00:00,00000000790,20240630200000,0.067,0.013,0.012,0.0,0.0,0.0,1.0,4,0.0,0.0,19.4,17.91,589268
2024-06-30 21:00:00,00000000790,20240630210000,0.04,0.011,0.011,0.0,0.0,0.0,1.0,4,0.0,0.0,27.5,27.5,589268
2024-06-30 22:00:00,00000000790,20240630220000,0.903,0.051,0.01,0.0,0.0,0.0,1.0,4,0.0,0.0,5.65,1.11,589268
2024-06-30 23:00:00,00000000790,20240630230000,0.408,0.079,0.0,0.0,0.0,0.0,1.0,4,0.0,0.0,19.36,0.0,589268
2024-07-01 00:00:00,00000000790,20240701000000,0.891,0.083,0.008,0.0,0.0,0.0,1.0,4,0.0,0.0,9.32,0.9,589268
2024-07-01 01:00:00,00000000790,20240701010000,0.376,0.071,0.011,0.0,0.0,0.0,1.0,4,0.0,0.0,18.88,2.93,589268
2024-07-01 02:00:00,00000000790,20240701020000,0.227,0.048,0.013,0.0,0.0,0.0,1.0,4,0.0,0.0,21.15,5.73,589268
2024-07-01 03:00:00,00000000790,20240701030000,0.366,0.101,0.011,0.0,0.0,0.0,1.0,4,0.0,0.0,27.6,3.01,589268
2024-07-01 04:00:00,00000000790,20240701040000,0.056,0.011,0.015,0.0,0.0,0.0,1.0,4,0.0,0.0,19.64,26.79,589268
2024-07-01 05:00:00,00000000790,20240701050000,0.097,0.03,0.006,0.0,0.0,0.0,1.0,4,0.0,0.0,30.93,6.19,589268
2024-07-01 06:00:00,00000000790,20240701060000,0.056,0.017,0.013,0.0,0.0,0.0,1.0,4,0.0,0.0,30.36,23.21,589268
2024-07-01 07:00:00,00000000790,20240701070000,0.301,0.016,0.013,0.0,0.0,0.0,1.0,4,0.0,0.0,5.32,4.32,589268
2024-07-01 08:00:00,00000000790,20240701080000,0.051,0.013,0.013,0.0,0.0,0.0,1.0,4,0.0,0.0,25.49,25.49,589268
2024-07-01 09:00:00,00000000790,20240701090000,0.075,0.012,0.014,0.0,0.0,0.0,1.0,4,0.0,0.0,16.0,18.67,589268
2024-07-01 10:00:00,00000000790,20240701100000,0.06,0.003,0.018,0.0,0.0,0.0,1.0,4,0.0,0.0,5.0,30.0,589268
2024-07-01 11:00:00,00000000790,20240701110000,0.701,0.032,0.002,0.0,0.0,0.0,1.0,4,0.0,0.0,4.56,0.29,589268
2024-07-01 12:00:00,00000000790,20240701120000,0.267,0.017,0.009,0.0,0.0,0.0,1.0,4,0.0,0.0,6.37,3.37,589268
2024-07-01 13:00:00,00000000790,20240701130000,0.105,0.014,0.01,0.0,0.0,0.0,1.0,4,0.0,0.0,13.33,9.52,589268
2024-07-01 14:00:00,00000000790,20240701140000,0.037,0.015,0.006,0.0,0.0,0.0,1.0,4,0.0,0.0,40.54,16.22,589268
2024-07-01 15:00:00,00000000790,20240701150000,0.066,0.014,0.006,0.0,0.0,0.0,1.0,4,0.0,0.0,21.21,9.09,589268
2024-07-01 16:00:00,00000000790,20240701160000,0.093,0.024,0.004,0.0,0.0,0.0,1.0,4,0.0,0.0,25.81,4.3,589268
2024-07-01 17:00:00,00000000790,20240701170000,0.056,0.019,0.006,0.0,0.0,0.0,1.0,4,0.0,0.0,33.93,10.71,589268
2024-07-01 18:00:00,00000000790,20240701180000,0.053,0.021,0.004,0.0,0.0,0.0,1.0,4,0.0,0.0,39.62,7.55,589268
2024-07-01 19:00:00,00000000790,20240701190000,0.049,0.021,0.005,0.0,0.0,0.0,1.0,4,0.0,0.0,42.86,10.2,589268
2024-07-01 20:00:00,00000000790,20240701200000,0.056,0.016,0.005,0.0,0.0,0.0,1.0,4,0.0,0.0,28.57,8.93,589268
2024-07-01 21:00:00,00000000790,20240701210000,0.303,0.008,0.013,0.0,0.0,0.0,1.0,4,0.0,0.0,2.64,4.29,589268
2024-07-01 22:00:00,00000000790,20240701220000,0.062,0.017,0.009,0.0,0.0,0.0,1.0,4,0.0,0.0,27.42,14.52,589268
2024-07-01 23:00:00,00000000790,20240701230000,0.203,0.063,0.01,0.0,0.0,0.0,1.0,4,0.0,0.0,31.03,4.93,589268
2024-07-02 00:00:00,00000000790,20240702000000,0.534,0.147,0.003,0.0,0.0,0.0,1.0,4,0.0,0.0,27.53,0.56,589268
2024-07-02 01:00:00,00000000790,20240702010000,0.441,0.11,0.001,0.0,0.0,0.0,1.0,4,0.0,0.0,24.94,0.23,589268
2024-07-02 02:00:00,00000000790,20240702020000,0.214,0.06,0.004,0.0,0.0,0.0,1.0,4,0.0,0.0,28.04,1.87,589268
2024-07-02 03:00:00,00000000790,20240702030000,0.046,0.012,0.015,0.0,0.0,0.0,1.0,4,0.0,0.0,26.09,32.61,589268
2024-07-02 04:00:00,00000000790,20240702040000,0.256,0.04,0.013,0.0,0.0,0.0,1.0,4,0.0,0.0,15.62,5.08,589268
2024-07-02 05:00:00,00000000790,20240702050000,0.243,0.029,0.006,0.0,0.0,0.0,1.0,4,0.0,0.0,11.93,2.47,589268
2024-07-02 06:00:00,00000000790,20240702060000,0.041,0.011,0.016,0.0,0.0,0.0,1.0,4,0.0,0.0,26.83,39.02,589268
2024-07-02 07:00:00,00000000790,20240702070000,0.044,0.012,0.015,0.0,0.0,0.0,1.0,4,0.0,0.0,27.27,34.09,589268
2024-07-02 08:00:00,00000000790,20240702080000,0.068,0.02,0.01,0.0,0.0,0.0,1.0,4,0.0,0.0,29.41,14.71,589268
2024-07-02 09:00:00,00000000790,20240702090000,0.067,0.018,0.01,0.0,0.0,0.0,1.0,4,0.0,0.0,26.87,14.93,589268
2024-07-02 10:00:00,00000000790,20240702100000,0.046,0.001,0.018,0.0,0.0,0.0,1.0,4,0.0,0.0,2.17,39.13,589268
2024-07-02 11:00:00,00000000790,20240702110000,0.688,0.025,0.005,0.0,0.0,0.0,1.0,4,0.0,0.0,3.63,0.73,589268
2024-07-02 12:00:00,00000000790,20240702120000,0.121,0.02,0.008,0.0,0.0,0.0,1.0,4,0.0,0.0,16.53,6.61,589268
2024-07-02 13:00:00,00000000790,20240702130000,0.043,0.013,0.008,0.0,0.0,0.0,1.0,4,0.0,0.0,30.23,18.6,589268
2024-07-02 14:00:00,00000000790,20240702140000,0.283,0.014,0.006,0.0,0.0,0.0,1.0,4,0.0,0.0,4.95,2.12,589268
2024-07-02 15:00:00,00000000790,20240702150000,0.061,0.024,0.004,0.0,0.0,0.0,1.0,4,0.0,0.0,39.34,6.56,589268
2024-07-02 16:00:00,00000000790,20240702160000,0.047,0.015,0.006,0.0,0.0,0.0,1.0,4,0.0,0.0,31.91,12.77,589268
2024-07-02 17:00:00,00000000790,20240702170000,0.131,0.025,0.004,0.0,0.0,0.0,1.0,4,0.0,0.0,19.08,3.05,589268
2024-07-02 18:00:00,00000000790,20240702180000,0.035,0.015,0.006,0.0,0.0,0.0,1.0,4,0.0,0.0,42.86,17.14,589268
2024-07-02 19:00:00,00000000790,20240702190000,0.063,0.024,0.005,0.0,0.0,0.0,1.0,4,0.0,0.0,38.1,7.94,589268
2024-07-02 20:00:00,00000000790,20240702200000,0.058,0.023,0.004,0.0,0.0,0.0,1.0,4,0.0,0.0,39.66,6.9,589268
2024-07-02 21:00:00,00000000790,20240702210000,0.669,0.116,0.001,0.0,0.0,0.0,1.0,4,0.0,0.0,17.34,0.15,589268
2024-07-02 22:00:00,00000000790,20240702220000,0.381,0.055,0.01,0.0,0.0,0.0,1.0,4,0.0,0.0,14.44,2.62,589268
2024-07-02 23:00:00,00000000790,20240702230000,0.144,0.024,0.006,0.0,0.0,0.0,1.0,4,0.0,0.0,16.67,4.17,589268
2024-07-03 00:00:00,00000000790,20240703000000,0.059,0.017,0.011,0.0,0.0,0.0,1.0,4,0.0,0.0,28.81,18.64,589268
2024-07-03 01:00:00,00000000790,20240703010000,0.024,0.009,0.015,0.0,0.0,0.0,1.0,4,0.0,0.0,37.5,62.5,589268
2024-07-03 02:00:00,00000000790,20240703020000,0.306,0.017,0.013,0.0,0.0,0.0,1.0,4,0.0,0.0,5.56,4.25,589268
2024-07-03 03:00:00,00000000790,20240703030000,0.615,0.186,0.006,0.0,0.0,0.0,1.0,4,0.0,0.0,30.24,0.98,589268
2024-07-03 04:00:00,00000000790,20240703040000,0.056,0.01,0.015,0.0,0.0,0.0,1.0,4,0.0,0.0,17.86,26.79,589268
2024-07-03 05:00:00,00000000790,20240703050000,0.067,0.02,0.011,0.0,0.0,0.0,1.0,4,0.0,0.0,29.85,16.42,589268
2024-07-03 06:00:00,00000000790,20240703060000,0.073,0.025,0.01,0.0,0.0,0.0,1.0,4,0.0,0.0,34.25,13.7,589268
2024-07-03 07:00:00,00000000790,20240703070000,0.571,0.211,0.003,0.0,0.0,0.0,1.0,4,0.0,0.0,36.95,0.53,589268
2024-07-03 08:00:00,00000000790,20240703080000,0.368,0.116,0.007,0.0,0.0,0.0,1.0,4,0.0,0.0,31.52,1.9,589268
2024-07-03 09:00:00,00000000790,20240703090000,0.101,0.019,0.01,0.0,0.0,0.0,1.0,4,0.0,0.0,18.81,9.9,589268
2024-07-03 10:00:00,00000000790,20240703100000,0.701,0.016,0.011,0.0,0.0,0.0,1.0,4,0.0,0.0,2.28,1.57,589268
2024-07-03 11:00:00,00000000790,20240703110000,0.396,0.026,0.003,0.0,0.0,0.0,1.0,4,0.0,0.0,6.57,0.76,589268
2024-07-03 12:00:00,00000000790,20240703120000,0.215,0.014,0.012,0.0,0.0,0.0,1.0,4,0.0,0.0,6.51,5.58,589268
2024-07-03 13:00:00,00000000790,20240703130000,0.07,0.01,0.015,0.0,0.0,0.0,1.0,4,0.0,0.0,14.29,21.43,589268
2024-07-03 14:00:00,00000000790,20240703140000,0.109,0.02,0.008,0.0,0.0,0.0,1.0,4,0.0,0.0,18.35,7.34,589268
2024-07-03 15:00:00,00000000790,20240703150000,0.088,0.005,0.016,0.0,0.0,0.0,1.0,4,0.0,0.0,5.68,18.18,589268
2024-07-03 16:00:00,00000000790,20240703160000,0.103,0.019,0.009,0.0,0.0,0.0,1.0,4,0.0,0.0,18.45,8.74,589268
2024-07-03 17:00:00,00000000790,20240703170000,0.027,0.008,0.014,0.0,0.0,0.0,1.0,4,0.0,0.0,29.63,51.85,589268
2024-07-03 18:00:00,00000000790,20240703180000,0.183,0.018,0.01,0.0,0.0,0.0,1.0,4,0.0,0.0,9.84,5.46,589268
2024-07-03 19:00:00,00000000790,20240703190000,0.382,0.023,0.007,0.0,0.0,0.0,1.0,4,0.0,0.0,6.02,1.83,589268
2024-07-03 20:00:00,00000000790,20240703200000,0.058,0.017,0.009,0.0,0.0,0.0,1.0,4,0.0,0.0,29.31,15.52,589268
2024-07-03 21:00:00,00000000790,20240703210000,0.015,0.004,0.016,0.0,0.0,0.0,1.0,4,0.0,0.0,26.67,106.67,589268
2024-07-03 22:00:00,00000000790,20240703220000,0.033,0.007,0.015,0.0,0.0,0.0,1.0,4,0.0,0.0,21.21,45.45,589268
2024-07-03 23:00:00,00000000790,20240703230000,0.095,0.032,0.003,0.0,0.0,0.0,1.0,4,0.0,0.0,33.68,3.16,589268
2024-07-04 00:00:00,00000000790,20240704000000,0.148,0.015,0.012,0.0,0.0,0.0,1.0,4,0.0,0.0,10.14,8.11,589268
2024-07-04 01:00:00,00000000790,20240704010000,1.155,0.083,0.0,0.0,0.0,0.0,1.0,4,0.0,0.0,7.19,0.0,589268
2024-07-04 02:00:00,00000000790,20240704020000,0.604,0.191,0.0,0.0,0.0,0.0,1.0,4,0.0,0.0,31.62,0.0,589268
2024-07-04 03:00:00,00000000790,20240704030000,0.117,0.044,0.0,0.0,0.0,0.0,1.0,4,0.0,0.0,37.61,0.0,589268
2024-07-04 04:00:00,00000000790,20240704040000,0.03,0.002,0.018,0.0,0.0,0.0,1.0,4,0.0,0.0,6.67,60.0,589268
2024-07-04 05:00:00,00000000790,20240704050000,0.339,0.12,0.008,0.0,0.0,0.0,1.0,4,0.0,0.0,35.4,2.36,589268
2024-07-04 06:00:00,00000000790,20240704060000,0.643,0.269,0.0,0.0,0.0,0.0,1.0,4,0.0,0.0,41.84,0.0,589268
2024-07-04 07:00:00,00000000790,20240704070000,0.555,0.222,0.0,0.0,0.0,0.0,1.0,4,0.0,0.0,40.0,0.0,589268
2024-07-04 08:00:00,00000000790,20240704080000,0.274,0.093,0.01,0.0,0.0,0.0,1.0,4,0.0,0.0,33.94,3.65,589268
2024-07-04 09:00:00,00000000790,20240704090000,0.112,0.024,0.006,0.0,0.0,0.0,1.0,4,0.0,0.0,21.43,5.36,589268
2024-07-04 10:00:00,00000000790,20240704100000,0.494,0.0,0.019,0.0,0.0,0.0,1.0,4,0.0,0.0,0.0,3.85,589268
2024-07-04 11:00:00,00000000790,20240704110000,0.872,0.03,0.002,0.0,0.0,0.0,1.0,4,0.0,0.0,3.44,0.23,589268
2024-07-04 12:00:00,00000000790,20240704120000,0.224,0.033,0.0,0.0,0.0,0.0,1.0,4,0.0,0.0,14.73,0.0,589268
2024-07-04 13:00:00,00000000790,20240704130000,0.135,0.037,0.0,0.0,0.0,0.0,1.0,4,0.0,0.0,27.41,0.0,589268
2024-07-04 14:00:00,00000000790,20240704140000,0.089,0.035,0.0,0.0,0.0,0.0,1.0,4,0.0,0.0,39.33,0.0,589268
2024-07-04 15:00:00,00000000790,20240704150000,0.438,0.033,0.002,0.0,0.0,0.0,1.0,4,0.0,0.0,7.53,0.46,589268
2024-07-04 16:00:00,00000000790,20240704160000,0.14,0.02,0.008,0.0,0.0,0.0,1.0,4,0.0,0.0,14.29,5.71,589268
2024-07-04 17:00:00,00000000790,20240704170000,0.029,0.009,0.014,0.0,0.0,0.0,1.0,4,0.0,0.0,31.03,48.28,589268
2024-07-04 18:00:00,00000000790,20240704180000,0.065,0.023,0.008,0.0,0.0,0.0,1.0,4,0.0,0.0,35.38,12.31,589268
2024-07-04 19:00:00,00000000790,20240704190000,0.044,0.015,0.012,0.0,0.0,0.0,1.0,4,0.0,0.0,34.09,27.27,589268
2024-07-04 20:00:00,00000000790,20240704200000,0.019,0.007,0.015,0.0,0.0,0.0,1.0,4,0.0,0.0,36.84,78.95,589268
2024-07-04 21:00:00,00000000790,20240704210000,0.065,0.02,0.008,0.0,0.0,0.0,1.0,4,0.0,0.0,30.77,12.31,589268
2024-07-04 22:00:00,00000000790,20240704220000,0.062,0.012,0.012,0.0,0.0,0.0,1.0,4,0.0,0.0,19.35,19.35,589268
2024-07-04 23:00:00,00000000790,20240704230000,0.643,0.015,0.013,0.0,0.0,0.0,1.0,4,0.0,0.0,2.33,2.02,589268
2024-07-05 00:00:00,00000000790,20240705000000,0.238,0.02,0.01,0.0,0.0,0.0,1.0,4,0.0,0.0,8.4,4.2,589268
2024-07-05 01:00:00,00000000790,20240705010000,0.244,0.064,0.015,0.0,0.0,0.0,1.0,4,0.0,0.0,26.23,6.15,589268
2024-07-05 02:00:00,00000000790,20240705020000,0.61,0.185,0.0,0.0,0.0,0.0,1.0,4,0.0,0.0,30.33,0.0,589268
2024-07-05 03:00:00,00000000790,20240705030000,0.522,0.166,0.0,0.0,0.0,0.0,1.0,4,0.0,0.0,31.8,0.0,589268
2024-07-05 04:00:00,00000000790,20240705040000,0.369,0.114,0.0,0.0,0.0,0.0,1.0,4,0.0,0.0,30.89,0.0,589268
2024-07-05 05:00:00,00000000790,20240705050000,0.077,0.009,0.017,0.0,0.0,0.0,1.0,4,0.0,0.0,11.69,22.08,589268
2024-07-05 06:00:00,00000000790,20240705060000,0.121,0.026,0.009,0.0,0.0,0.0,1.0,4,0.0,0.0,21.49,7.44,589268
2024-07-05 07:00:00,00000000790,20240705070000,0.055,0.0,0.023,0.0,0.0,0.0,1.0,4,0.0,0.0,0.0,41.82,589268
2024-07-05 08:00:00,00000000790,20240705080000,0.388,0.024,0.009,0.0,0.0,0.0,1.0,4,0.0,0.0,6.19,2.32,589268
2024-07-05 09:00:00,00000000790,20240705090000,0.079,0.006,0.017,0.0,0.0,0.0,1.0,4,0.0,0.0,7.59,21.52,589268
2024-07-05 10:00:00,00000000790,20240705100000,0.106,0.019,0.01,0.0,0.0,0.0,1.0,4,0.0,0.0,17.92,9.43,589268
2024-07-05 11:00:00,00000000790,20240705110000,0.627,0.018,0.009,0.0,0.0,0.0,1.0,4,0.0,0.0,2.87,1.44,589268
2024-07-05 12:00:00,00000000790,20240705120000,0.174,0.059,0.0,0.0,0.0,0.0,1.0,4,0.0,0.0,33.91,0.0,589268
2024-07-05 13:00:00,00000000790,20240705130000,0.107,0.045,0.0,0.0,0.0,0.0,1.0,4,0.0,0.0,42.06,0.0,589268
2024-07-05 14:00:00,00000000790,20240705140000,0.002,0.0,0.009,0.0,0.0,0.0,1.0,4,0.0,0.0,0.0,450.0,589268
2024-07-05 15:00:00,00000000790,20240705150000,0.083,0.032,0.003,0.0,0.0,0.0,1.0,4,0.0,0.0,38.55,3.61,589268
2024-07-05 16:00:00,00000000790,20240705160000,0.007,0.003,0.008,0.0,0.0,0.0,1.0,4,0.0,0.0,42.86,114.29,589268
2024-07-05 17:00:00,00000000790,20240705170000,0.128,0.026,0.004,0.0,0.0,0.0,1.0,4,0.0,0.0,20.31,3.12,589268
2024-07-05 18:00:00,00000000790,20240705180000,0.061,0.024,0.005,0.0,0.0,0.0,1.0,4,0.0,0.0,39.34,8.2,589268
2024-07-05 19:00:00,00000000790,20240705190000,0.319,0.027,0.003,0.0,0.0,0.0,1.0,4,0.0,0.0,8.46,0.94,589268
2024-07-05 20:00:00,00000000790,20240705200000,0.022,0.001,0.012,0.0,0.0,0.0,1.0,4,0.0,0.0,4.55,54.55,589268
2024-07-05 21:00:00,00000000790,20240705210000,0.091,0.011,0.013,0.0,0.0,0.0,1.0,4,0.0,0.0,12.09,14.29,589268
2024-07-05 22:00:00,00000000790,20240705220000,0.108,0.034,0.0,0.0,0.0,0.0,1.0,4,0.0,0.0,31.48,0.0,589268
2024-07-05 23:00:00,00000000790,20240705230000,0.025,0.008,0.015,0.0,0.0,0.0,1.0,4,0.0,0.0,32.0,60.0,589268
2024-07-06 00:00:00,00000000790,20240706000000,0.055,0.017,0.01,0.0,0.0,0.0,1.0,4,0.0,0.0,30.91,18.18,589268
2024-07-06 01:00:00,00000000790,20240706010000,0.347,0.057,0.007,0.0,0.0,0.0,1.0,4,0.0,0.0,16.43,2.02,589268
2024-07-06 02:00:00,00000000790,20240706020000,0.389,0.009,0.015,0.0,0.0,0.0,1.0,4,0.0,0.0,2.31,3.86,589268
2024-07-06 03:00:00,00000000790,20240706030000,0.087,0.027,0.008,0.0,0.0,0.0,1.0,4,0.0,0.0,31.03,9.2,589268
2024-07-06 04:00:00,00000000790,20240706040000,0.039,0.01,0.016,0.0,0.0,0.0,1.0,4,0.0,0.0,25.64,41.03,589268
2024-07-06 05:00:00,00000000790,20240706050000,0.076,0.024,0.009,0.0,0.0,0.0,1.0,4,0.0,0.0,31.58,11.84,589268
2024-07-06 06:00:00,00000000790,20240706060000,0.09,0.032,0.009,0.0,0.0,0.0,1.0,4,0.0,0.0,35.56,10.0,589268
2024-07-06 07:00:00,00000000790,20240706070000,0.201,0.06,0.016,0.0,0.0,0.0,1.0,4,0.0,0.0,29.85,7.96,589268
2024-07-06 08:00:00,00000000790,20240706080000,0.093,0.017,0.012,0.0,0.0,0.0,1.0,4,0.0,0.0,18.28,12.9,589268
2024-07-06 09:00:00,00000000790,20240706090000,0.12,0.025,0.006,0.0,0.0,0.0,1.0,4,0.0,0.0,20.83,5.0,589268
2024-07-06 10:00:00,00000000790,20240706100000,0.057,0.005,0.018,0.0,0.0,0.0,1.0,4,0.0,0.0,8.77,31.58,589268
2024-07-06 11:00:00,00000000790,20240706110000,0.823,0.029,0.006,0.0,0.0,0.0,1.0,4,0.0,0.0,3.52,0.73,589268
2024-07-06 12:00:00,00000000790,20240706120000,0.346,0.084,0.0,0.0,0.0,0.0,1.0,4,0.0,0.0,24.28,0.0,589268
2024-07-06 13:00:00,00000000790,20240706130000,0.141,0.042,0.0,0.0,0.0,0.0,1.0,4,0.0,0.0,29.79,0.0,589268
2024-07-06 14:00:00,00000000790,20240706140000,0.014,0.001,0.009,0.0,0.0,0.0,1.0,4,0.0,0.0,7.14,64.29,589268
2024-07-06 15:00:00,00000000790,20240706150000,0.082,0.034,0.003,0.0,0.0,0.0,1.0,4,0.0,0.0,41.46,3.66,589268
2024-07-06 16:00:00,00000000790,20240706160000,0.044,0.019,0.005,0.0,0.0,0.0,1.0,4,0.0,0.0,43.18,11.36,589268
2024-07-06 17:00:00,00000000790,20240706170000,0.021,0.008,0.008,0.0,0.0,0.0,1.0,4,0.0,0.0,38.1,38.1,589268
2024-07-06 18:00:00,00000000790,20240706180000,0.152,0.029,0.003,0.0,0.0,0.0,1.0,4,0.0,0.0,19.08,1.97,589268
2024-07-06 19:00:00,00000000790,20240706190000,0.167,0.022,0.007,0.0,0.0,0.0,1.0,4,0.0,0.0,13.17,4.19,589268
2024-07-06 20:00:00,00000000790,20240706200000,0.304,0.003,0.018,0.0,0.0,0.0,1.0,4,0.0,0.0,0.99,5.92,589268
2024-07-06 21:00:00,00000000790,20240706210000,0.06,0.011,0.012,0.0,0.0,0.0,1.0,4,0.0,0.0,18.33,20.0,589268
2024-07-06 22:00:00,00000000790,20240706220000,0.06,0.018,0.009,0.0,0.0,0.0,1.0,4,0.0,0.0,30.0,15.0,589268
2024-07-06 23:00:00,00000000790,20240706230000,0.247,0.06,0.005,0.0,0.0,0.0,1.0,4,0.0,0.0,24.29,2.02,589268
2024-07-07 00:00:00,00000000790,20240707000000,0.677,0.157,0.0,0.0,0.0,0.0,1.0,4,0.0,0.0,23.19,0.0,589268
2024-07-07 01:00:00,00000000790,20240707010000,0.119,0.019,0.012,0.0,0.0,0.0,1.0,4,0.0,0.0,15.97,10.08,589268
2024-07-07 02:00:00,00000000790,20240707020000,0.505,0.136,0.007,0.0,0.0,0.0,1.0,4,0.0,0.0,26.93,1.39,589268
2024-07-07 03:00:00,00000000790,20240707030000,0.643,0.088,0.002,0.0,0.0,0.0,1.0,4,0.0,0.0,13.69,0.31,589268
2024-07-07 04:00:00,00000000790,20240707040000,0.214,0.059,0.013,0.0,0.0,0.0,1.0,4,0.0,0.0,27.57,6.07,589268
2024-07-07 05:00:00,00000000790,20240707050000,0.227,0.065,0.012,0.0,0.0,0.0,1.0,4,0.0,0.0,28.63,5.29,589268
2024-07-07 06:00:00,00000000790,20240707060000,0.045,0.012,0.016,0.0,0.0,0.0,1.0,4,0.0,0.0,26.67,35.56,589268
2024-07-07 07:00:00,00000000790,20240707070000,0.06,0.019,0.012,0.0,0.0,0.0,1.0,4,0.0,0.0,31.67,20.0,589268
2024-07-07 08:00:00,00000000790,20240707080000,0.048,0.009,0.016,0.0,0.0,0.0,1.0,4,0.0,0.0,18.75,33.33,589268
2024-07-07 09:00:00,00000000790,20240707090000,0.072,0.022,0.01,0.0,0.0,0.0,1.0,4,0.0,0.0,30.56,13.89,589268
2024-07-07 10:00:00,00000000790,20240707100000,0.228,0.059,0.007,0.0,0.0,0.0,1.0,4,0.0,0.0,25.88,3.07,589268
2024-07-07 11:00:00,00000000790,20240707110000,0.067,0.015,0.011,0.0,0.0,0.0,1.0,4,0.0,0.0,22.39,16.42,589268
2024-07-07 12:00:00,00000000790,20240707120000,0.683,0.018,0.011,0.0,0.0,0.0,1.0,4,0.0,0.0,2.64,1.61,589268
2024-07-07 13:00:00,00000000790,20240707130000,0.455,0.006,0.018,0.0,0.0,0.0,1.0,4,0.0,0.0,1.32,3.96,589268
2024-07-07 14:00:00,00000000790,20240707140000,0.152,0.016,0.012,0.0,0.0,0.0,1.0,4,0.0,0.0,10.53,7.89,589268
2024-07-07 15:00:00,00000000790,20240707150000,0.045,0.018,0.005,0.0,0.0,0.0,1.0,4,0.0,0.0,40.0,11.11,589268
2024-07-07 16:00:00,00000000790,20240707160000,0.055,0.022,0.004,0.0,0.0,0.0,1.0,4,0.0,0.0,40.0,7.27,589268
2024-07-07 17:00:00,00000000790,20240707170000,0.051,0.02,0.005,0.0,0.0,0.0,1.0,4,0.0,0.0,39.22,9.8,589268
2024-07-07 18:00:00,00000000790,20240707180000,0.052,0.02,0.006,0.0,0.0,0.0,1.0,4,0.0,0.0,38.46,11.54,589268
2024-07-07 19:00:00,00000000790,20240707190000,0.097,0.014,0.012,0.0,0.0,0.0,1.0,4,0.0,0.0,14.43,12.37,589268
2024-07-07 20:00:00,00000000790,20240707200000,0.127,0.01,0.014,0.0,0.0,0.0,1.0,4,0.0,0.0,7.87,11.02,589268
2024-07-07 21:00:00,00000000790,20240707210000,0.089,0.019,0.006,0.0,0.0,0.0,1.0,4,0.0,0.0,21.35,6.74,589268
2024-07-07 22:00:00,00000000790,20240707220000,0.059,0.018,0.009,0.0,0.0,0.0,1.0,4,0.0,0.0,30.51,15.25,589268
2024-07-07 23:00:00,00000000790,20240707230000,0.464,0.016,0.007,0.0,0.0,0.0,1.0,4,0.0,0.0,3.45,1.51,589268
2024-07-08 00:00:00,00000000790,20240708000000,0.672,0.149,0.006,0.0,0.0,0.0,1.0,4,0.0,0.0,22.17,0.89,589268
2024-07-08 01:00:00,00000000790,20240708010000,0.761,0.149,0.005,0.0,0.0,0.0,1.0,4,0.0,0.0,19.58,0.66,589268
2024-07-08 02:00:00,00000000790,20240708020000,0.545,0.156,0.009,0.0,0.0,0.0,1.0,4,0.0,0.0,28.62,1.65,589268
2024-07-08 03:00:00,00000000790,20240708030000,0.832,0.264,0.0,0.0,0.0,0.0,1.0,4,0.0,0.0,31.73,0.0,589268
2024-07-08 04:00:00,00000000790,20240708040000,0.78,0.275,0.0,0.0,0.0,0.0,1.0,4,0.0,0.0,35.26,0.0,589268
2024-07-08 05:00:00,00000000790,20240708050000,0.705,0.266,0.0,0.0,0.0,0.0,1.0,4,0.0,0.0,37.73,0.0,589268
2024-07-08 06:00:00,00000000790,20240708060000,0.26,0.11,0.008,0.0,0.0,0.0,1.0,4,0.0,0.0,42.31,3.08,589268
2024-07-08 07:00:00,00000000790,20240708070000,0.055,0.013,0.015,0.0,0.0,0.0,1.0,4,0.0,0.0,23.64,27.27,589268
2024-07-08 08:00:00,00000000790,20240708080000,0.063,0.003,0.019,0.0,0.0,0.0,1.0,4,0.0,0.0,4.76,30.16,589268
2024-07-08 09:00:00,00000000790,20240708090000,0.133,0.033,0.003,0.0,0.0,0.0,1.0,4,0.0,0.0,24.81,2.26,589268
2024-07-08 10:00:00,00000000790,20240708100000,0.088,0.016,0.012,0.0,0.0,0.0,1.0,4,0.0,0.0,18.18,13.64,589268
2024-07-08 11:00:00,00000000790,20240708110000,1.254,0.123,0.0,0.0,0.0,0.0,1.0,4,0.0,0.0,9.81,0.0,589268
2024-07-08 12:00:00,00000000790,20240708120000,0.708,0.052,0.003,0.0,0.0,0.0,1.0,4,0.0,0.0,7.34,0.42,589268
2024-07-08 13:00:00,00000000790,20240708130000,0.065,0.016,0.012,0.0,0.0,0.0,1.0,4,0.0,0.0,24.62,18.46,589268
2024-07-08 14:00:00,00000000790,20240708140000,0.02,0.004,0.008,0.0,0.0,0.0,1.0,4,0.0,0.0,20.0,40.0,589268
2024-07-08 15:00:00,00000000790,20240708150000,0.076,0.03,0.003,0.0,0.0,0.0,1.0,4,0.0,0.0,39.47,3.95,589268
2024-07-08 16:00:00,00000000790,20240708160000,0.048,0.02,0.005,0.0,0.0,0.0,1.0,4,0.0,0.0,41.67,10.42,589268
2024-07-08 17:00:00,00000000790,20240708170000,0.024,0.009,0.007,0.0,0.0,0.0,1.0,4,0.0,0.0,37.5,29.17,589268
2024-07-08 18:00:00,00000000790,20240708180000,0.089,0.021,0.009,0.0,0.0,0.0,1.0,4,0.0,0.0,23.6,10.11,589268
2024-07-08 19:00:00,00000000790,20240708190000,0.064,0.023,0.007,0.0,0.0,0.0,1.0,4,0.0,0.0,35.94,10.94,589268
2024-07-08 20:00:00,00000000790,20240708200000,0.177,0.063,0.0,0.0,0.0,0.0,1.0,4,0.0,0.0,35.59,0.0,589268
2024-07-08 21:00:00,00000000790,20240708210000,0.587,0.057,0.0,0.0,0.0,0.0,1.0,4,0.0,0.0,9.71,0.0,589268
2024-07-08 22:00:00,00000000790,20240708220000,0.114,0.028,0.003,0.0,0.0,0.0,1.0,4,0.0,0.0,24.56,2.63,589268
2024-07-08 23:00:00,00000000790,20240708230000,0.042,0.013,0.011,0.0,0.0,0.0,1.0,4,0.0,0.0,30.95,26.19,589268
2024-07-09 00:00:00,00000000790,20240709000000,0.035,0.011,0.013,0.0,0.0,0.0,1.0,4,0.0,0.0,31.43,37.14,589268
2024-07-09 01:00:00,00000000790,20240709010000,0.041,0.012,0.013,0.0,0.0,0.0,1.0,4,0.0,0.0,29.27,31.71,589268
2024-07-09 02:00:00,00000000790,20240709020000,0.481,0.125,0.003,0.0,0.0,0.0,1.0,4,0.0,0.0,25.99,0.62,589268
2024-07-09 03:00:00,00000000790,20240709030000,0.775,0.239,0.0,0.0,0.0,0.0,1.0,4,0.0,0.0,30.84,0.0,589268
2024-07-09 04:00:00,00000000790,20240709040000,0.356,0.067,0.014,0.0,0.0,0.0,1.0,4,0.0,0.0,18.82,3.93,589268
2024-07-09 05:00:00,00000000790,20240709050000,0.054,0.015,0.013,0.0,0.0,0.0,1.0,4,0.0,0.0,27.78,24.07,589268
2024-07-09 06:00:00,00000000790,20240709060000,0.001,0.0,0.002,0.0,0.0,0.0,1.0,4,0.0,0.0,0.0,200.0,589268
2024-07-09 07:00:00,00000000790,20240709070000,0.102,0.033,0.001,0.0,0.0,0.0,1.0,4,0.0,0.0,32.35,0.98,589268
2024-07-09 08:00:00,00000000790,20240709080000,0.075,0.011,0.014,0.0,0.0,0.0,1.0,4,0.0,0.0,14.67,18.67,589268
2024-07-09 09:00:00,00000000790,20240709090000,0.338,0.008,0.016,0.0,0.0,0.0,1.0,4,0.0,0.0,2.37,4.73,589268
2024-07-09 10:00:00,00000000790,20240709100000,0.132,0.024,0.007,0.0,0.0,0.0,1.0,4,0.0,0.0,18.18,5.3,589268
2024-07-09 11:00:00,00000000790,20240709110000,1.364,0.103,0.008,0.0,0.0,0.0,1.0,4,0.0,0.0,7.55,0.59,589268
2024-07-09 12:00:00,00000000790,20240709120000,0.179,0.016,0.011,0.0,0.0,0.0,1.0,4,0.0,0.0,8.94,6.15,589268
2024-07-09 13:00:00,00000000790,20240709130000,0.089,0.007,0.015,0.0,0.0,0.0,1.0,4,0.0,0.0,7.87,16.85,589268
2024-07-09 14:00:00,00000000790,20240709140000,0.061,0.007,0.014,0.0,0.0,0.0,1.0,4,0.0,0.0,11.48,22.95,589268
2024-07-09 15:00:00,00000000790,20240709150000,0.029,0.006,0.013,0.0,0.0,0.0,1.0,4,0.0,0.0,20.69,44.83,589268
2024-07-09 16:00:00,00000000790,20240709160000,0.08,0.027,0.004,0.0,0.0,0.0,1.0,4,0.0,0.0,33.75,5.0,589268
2024-07-09 17:00:00,00000000790,20240709170000,0.053,0.018,0.007,0.0,0.0,0.0,1.0,4,0.0,0.0,33.96,13.21,589268
2024-07-09 18:00:00,00000000790,20240709180000,0.283,0.014,0.009,0.0,0.0,0.0,1.0,4,0.0,0.0,4.95,3.18,589268
2024-07-09 19:00:00,00000000790,20240709190000,0.588,0.093,0.004,0.0,0.0,0.0,1.0,4,0.0,0.0,15.82,0.68,589268
2024-07-09 20:00:00,00000000790,20240709200000,0.064,0.014,0.013,0.0,0.0,0.0,1.0,4,0.0,0.0,21.88,20.31,589268
2024-07-09 21:00:00,00000000790,20240709210000,0.073,0.014,0.012,0.0,0.0,0.0,1.0,4,0.0,0.0,19.18,16.44,589268
2024-07-09 22:00:00,00000000790,20240709220000,0.077,0.023,0.005,0.0,0.0,0.0,1.0,4,0.0,0.0,29.87,6.49,589268
2024-07-09 23:00:00,00000000790,20240709230000,0.062,0.019,0.007,0.0,0.0,0.0,1.0,4,0.0,0.0,30.65,11.29,589268
2024-07-10 00:00:00,00000000790,20240710000000,0.458,0.077,0.01,0.0,0.0,0.0,1.0,4,0.0,0.0,16.81,2.18,589268
2024-07-10 01:00:00,00000000790,20240710010000,0.445,0.109,0.0,0.0,0.0,0.0,1.0,4,0.0,0.0,24.49,0.0,589268
2024-07-10 02:00:00,00000000790,20240710020000,0.649,0.161,0.0,0.0,0.0,0.0,1.0,4,0.0,0.0,24.81,0.0,589268
2024-07-10 03:00:00,00000000790,20240710030000,0.839,0.152,0.0,0.0,0.0,0.0,1.0,4,0.0,0.0,18.12,0.0,589268
2024-07-10 04:00:00,00000000790,20240710040000,0.601,0.176,0.0,0.0,0.0,0.0,1.0,4,0.0,0.0,29.28,0.0,589268
2024-07-10 05:00:00,00000000790,20240710050000,0.517,0.149,0.0,0.0,0.0,0.0,1.0,4,0.0,0.0,28.82,0.0,589268
2024-07-10 06:00:00,00000000790,20240710060000,0.42,0.152,0.002,0.0,0.0,0.0,1.0,4,0.0,0.0,36.19,0.48,589268
2024-07-10 07:00:00,00000000790,20240710070000,0.1,0.022,0.01,0.0,0.0,0.0,1.0,4,0.0,0.0,22.0,10.0,589268
2024-07-10 08:00:00,00000000790,20240710080000,0.094,0.017,0.011,0.0,0.0,0.0,1.0,4,0.0,0.0,18.09,11.7,589268
2024-07-10 09:00:00,00000000790,20240710090000,0.054,0.002,0.019,0.0,0.0,0.0,1.0,4,0.0,0.0,3.7,35.19,589268
2024-07-10 10:00:00,00000000790,20240710100000,0.119,0.023,0.006,0.0,0.0,0.0,1.0,4,0.0,0.0,19.33,5.04,589268
2024-07-10 11:00:00,00000000790,20240710110000,0.448,0.017,0.009,0.0,0.0,0.0,1.0,4,0.0,0.0,3.79,2.01,589268
2024-07-10 12:00:00,00000000790,20240710120000,0.143,0.014,0.01,0.0,0.0,0.0,1.0,4,0.0,0.0,9.79,6.99,589268
2024-07-10 13:00:00,00000000790,20240710130000,0.061,0.023,0.003,0.0,0.0,0.0,1.0,4,0.0,0.0,37.7,4.92,589268
2024-07-10 14:00:00,00000000790,20240710140000,0.038,0.014,0.006,0.0,0.0,0.0,1.0,4,0.0,0.0,36.84,15.79,589268
2024-07-10 15:00:00,00000000790,20240710150000,0.259,0.002,0.008,0.0,0.0,0.0,1.0,4,0.0,0.0,0.77,3.09,589268
2024-07-10 16:00:00,00000000790,20240710160000,0.081,0.029,0.002,0.0,0.0,0.0,1.0,4,0.0,0.0,35.8,2.47,589268
2024-07-10 17:00:00,00000000790,20240710170000,0.049,0.018,0.005,0.0,0.0,0.0,1.0,4,0.0,0.0,36.73,10.2,589268
2024-07-10 18:00:00,00000000790,20240710180000,0.017,0.006,0.007,0.0,0.0,0.0,1.0,4,0.0,0.0,35.29,41.18,589268
2024-07-10 19:00:00,00000000790,20240710190000,0.087,0.022,0.007,0.0,0.0,0.0,1.0,4,0.0,0.0,25.29,8.05,589268
2024-07-10 20:00:00,00000000790,20240710200000,0.093,0.015,0.009,0.0,0.0,0.0,1.0,4,0.0,0.0,16.13,9.68,589268
2024-07-10 21:00:00,00000000790,20240710210000,0.064,0.016,0.008,0.0,0.0,0.0,1.0,4,0.0,0.0,25.0,12.5,589268
2024-07-10 22:00:00,00000000790,20240710220000,0.023,0.006,0.013,0.0,0.0,0.0,1.0,4,0.0,0.0,26.09,56.52,589268
2024-07-10 23:00:00,00000000790,20240710230000,0.06,0.017,0.008,0.0,0.0,0.0,1.0,4,0.0,0.0,28.33,13.33,589268
2024-07-11 00:00:00,00000000790,20240711000000,0.285,0.046,0.008,0.0,0.0,0.0,1.0,4,0.0,0.0,16.14,2.81,589268
2024-07-11 01:00:00,00000000790,20240711010000,0.344,0.045,0.016,0.0,0.0,0.0,1.0,4,0.0,0.0,13.08,4.65,589268
2024-07-11 02:00:00,00000000790,20240711020000,0.179,0.031,0.001,0.0,0.0,0.0,1.0,4,0.0,0.0,17.32,0.56,589268
2024-07-11 03:00:00,00000000790,20240711030000,0.988,0.149,0.005,0.0,0.0,0.0,1.0,4,0.0,0.0,15.08,0.51,589268
2024-07-11 04:00:00,00000000790,20240711040000,0.254,0.059,0.004,0.0,0.0,0.0,1.0,4,0.0,0.0,23.23,1.57,589268
2024-07-11 05:00:00,00000000790,20240711050000,0.113,0.02,0.01,0.0,0.0,0.0,1.0,4,0.0,0.0,17.7,8.85,589268
2024-07-11 06:00:00,00000000790,20240711060000,0.085,0.011,0.016,0.0,0.0,0.0,1.0,4,0.0,0.0,12.94,18.82,589268
2024-07-11 07:00:00,00000000790,20240711070000,0.121,0.023,0.013,0.0,0.0,0.0,1.0,4,0.0,0.0,19.01,10.74,589268
2024-07-11 08:00:00,00000000790,20240711080000,0.247,0.055,0.007,0.0,0.0,0.0,1.0,4,0.0,0.0,22.27,2.83,589268
2024-07-11 09:00:00,00000000790,20240711090000,0.098,0.011,0.013,0.0,0.0,0.0,1.0,4,0.0,0.0,11.22,13.27,589268
2024-07-11 10:00:00,00000000790,20240711100000,0.263,0.046,0.011,0.0,0.0,0.0,1.0,4,0.0,0.0,17.49,4.18,589268
2024-07-11 11:00:00,00000000790,20240711110000,0.112,0.016,0.008,0.0,0.0,0.0,1.0,4,0.0,0.0,14.29,7.14,589268
2024-07-11 12:00:00,00000000790,20240711120000,0.784,0.013,0.01,0.0,0.0,0.0,1.0,4,0.0,0.0,1.66,1.28,589268
2024-07-11 13:00:00,00000000790,20240711130000,0.838,0.079,0.004,0.0,0.0,0.0,1.0,4,0.0,0.0,9.43,0.48,589268
2024-07-11 14:00:00,00000000790,20240711140000,0.044,0.014,0.006,0.0,0.0,0.0,1.0,4,0.0,0.0,31.82,13.64,589268
2024-07-11 15:00:00,00000000790,20240711150000,0.05,0.015,0.005,0.0,0.0,0.0,1.0,4,0.0,0.0,30.0,10.0,589268
2024-07-11 16:00:00,00000000790,20240711160000,0.063,0.024,0.004,0.0,0.0,0.0,1.0,4,0.0,0.0,38.1,6.35,589268
2024-07-11 17:00:00,00000000790,20240711170000,0.064,0.024,0.003,0.0,0.0,0.0,1.0,4,0.0,0.0,37.5,4.69,589268
2024-07-11 18:00:00,00000000790,20240711180000,0.032,0.012,0.006,0.0,0.0,0.0,1.0,4,0.0,0.0,37.5,18.75,589268
2024-07-11 19:00:00,00000000790,20240711190000,0.03,0.011,0.006,0.0,0.0,0.0,1.0,4,0.0,0.0,36.67,20.0,589268
2024-07-11 20:00:00,00000000790,20240711200000,0.093,0.017,0.008,0.0,0.0,0.0,1.0,4,0.0,0.0,18.28,8.6,589268
2024-07-11 21:00:00,00000000790,20240711210000,0.095,0.021,0.005,0.0,0.0,0.0,1.0,4,0.0,0.0,22.11,5.26,589268
2024-07-11 22:00:00,00000000790,20240711220000,0.054,0.015,0.008,0.0,0.0,0.0,1.0,4,0.0,0.0,27.78,14.81,589268
2024-07-11 23:00:00,00000000790,20240711230000,0.316,0.019,0.006,0.0,0.0,0.0,1.0,4,0.0,0.0,6.01,1.9,589268
2024-07-12 00:00:00,00000000790,20240712000000,0.05,0.012,0.012,0.0,0.0,0.0,1.0,4,0.0,0.0,24.0,24.0,589268
2024-07-12 01:00:00,00000000790,20240712010000,0.847,0.154,0.0,0.0,0.0,0.0,1.0,4,0.0,0.0,18.18,0.0,589268
2024-07-12 02:00:00,00000000790,20240712020000,0.255,0.055,0.012,0.0,0.0,0.0,1.0,4,0.0,0.0,21.57,4.71,589268
2024-07-12 03:00:00,00000000790,20240712030000,0.158,0.021,0.01,0.0,0.0,0.0,1.0,4,0.0,0.0,13.29,6.33,589268
2024-07-12 04:00:00,00000000790,20240712040000,0.118,0.021,0.009,0.0,0.0,0.0,1.0,4,0.0,0.0,17.8,7.63,589268
2024-07-12 05:00:00,00000000790,20240712050000,0.432,0.078,0.007,0.0,0.0,0.0,1.0,4,0.0,0.0,18.06,1.62,589268
2024-07-12 06:00:00,00000000790,20240712060000,0.809,0.157,0.002,0.0,0.0,0.0,1.0,4,0.0,0.0,19.41,0.25,589268
2024-07-12 07:00:00,00000000790,20240712070000,0.456,0.123,0.008,0.0,0.0,0.0,1.0,4,0.0,0.0,26.97,1.75,589268
2024-07-12 08:00:00,00000000790,20240712080000,0.109,0.022,0.008,0.0,0.0,0.0,1.0,4,0.0,0.0,20.18,7.34,589268
2024-07-12 09:00:00,00000000790,20240712090000,0.344,0.064,0.012,0.0,0.0,0.0,1.0,4,0.0,0.0,18.6,3.49,589268
2024-07-12 10:00:00,00000000790,20240712100000,0.676,0.068,0.011,0.0,0.0,0.0,1.0,4,0.0,0.0,10.06,1.63,589268
2024-07-12 11:00:00,00000000790,20240712110000,0.095,0.018,0.009,0.0,0.0,0.0,1.0,4,0.0,0.0,18.95,9.47,589268
2024-07-12 12:00:00,00000000790,20240712120000,0.165,0.032,0.013,0.0,0.0,0.0,1.0,4,0.0,0.0,19.39,7.88,589268
2024-07-12 13:00:00,00000000790,20240712130000,0.212,0.043,0.005,0.0,0.0,0.0,1.0,4,0.0,0.0,20.28,2.36,589268
2024-07-12 14:00:00,00000000790,20240712140000,0.47,0.044,0.004,0.0,0.0,0.0,1.0,4,0.0,0.0,9.36,0.85,589268
2024-07-12 15:00:00,00000000790,20240712150000,0.062,0.02,0.004,0.0,0.0,0.0,1.0,4,0.0,0.0,32.26,6.45,589268
2024-07-12 16:00:00,00000000790,20240712160000,0.029,0.012,0.006,0.0,0.0,0.0,1.0,4,0.0,0.0,41.38,20.69,589268
2024-07-12 17:00:00,00000000790,20240712170000,0.063,0.023,0.004,0.0,0.0,0.0,1.0,4,0.0,0.0,36.51,6.35,589268
2024-07-12 18:00:00,00000000790,20240712180000,0.106,0.017,0.004,0.0,0.0,0.0,1.0,4,0.0,0.0,16.04,3.77,589268
2024-07-12 19:00:00,00000000790,20240712190000,0.121,0.014,0.009,0.0,0.0,0.0,1.0,4,0.0,0.0,11.57,7.44,589268
2024-07-12 20:00:00,00000000790,20240712200000,0.077,0.007,0.014,0.0,0.0,0.0,1.0,4,0.0,0.0,9.09,18.18,589268
2024-07-12 21:00:00,00000000790,20240712210000,0.078,0.014,0.009,0.0,0.0,0.0,1.0,4,0.0,0.0,17.95,11.54,589268
2024-07-12 22:00:00,00000000790,20240712220000,0.037,0.009,0.011,0.0,0.0,0.0,1.0,4,0.0,0.0,24.32,29.73,589268
2024-07-12 23:00:00,00000000790,20240712230000,0.057,0.016,0.009,0.0,0.0,0.0,1.0,4,0.0,0.0,28.07,15.79,589268
2024-07-13 00:00:00,00000000790,20240713000000,0.253,0.028,0.006,0.0,0.0,0.0,1.0,4,0.0,0.0,11.07,2.37,589268
2024-07-13 01:00:00,00000000790,20240713010000,0.611,0.1,0.0,0.0,0.0,0.0,1.0,4,0.0,0.0,16.37,0.0,589268
2024-07-13 02:00:00,00000000790,20240713020000,0.721,0.096,0.01,0.0,0.0,0.0,1.0,4,0.0,0.0,13.31,1.39,589268
2024-07-13 03:00:00,00000000790,20240713030000,0.165,0.035,0.001,0.0,0.0,0.0,1.0,4,0.0,0.0,21.21,0.61,589268
2024-07-13 04:00:00,00000000790,20240713040000,0.183,0.021,0.01,0.0,0.0,0.0,1.0,4,0.0,0.0,11.48,5.46,589268
2024-07-13 05:00:00,00000000790,20240713050000,0.173,0.038,0.0,0.0,0.0,0.0,1.0,4,0.0,0.0,21.97,0.0,589268
2024-07-13 06:00:00,00000000790,20240713060000,0.541,0.162,0.0,0.0,0.0,0.0,1.0,4,0.0,0.0,29.94,0.0,589268
2024-07-13 07:00:00,00000000790,20240713070000,0.669,0.219,0.0,0.0,0.0,0.0,1.0,4,0.0,0.0,32.74,0.0,589268
2024-07-13 08:00:00,00000000790,20240713080000,0.106,0.031,0.004,0.0,0.0,0.0,1.0,4,0.0,0.0,29.25,3.77,589268
2024-07-13 09:00:00,00000000790,20240713090000,0.25,0.038,0.016,0.0,0.0,0.0,1.0,4,0.0,0.0,15.2,6.4,589268
2024-07-13 10:00:00,00000000790,20240713100000,0.138,0.026,0.002,0.0,0.0,0.0,1.0,4,0.0,0.0,18.84,1.45,589268
2024-07-13 11:00:00,00000000790,20240713110000,0.113,0.021,0.006,0.0,0.0,0.0,1.0,4,0.0,0.0,18.58,5.31,589268
2024-07-13 12:00:00,00000000790,20240713120000,0.745,0.03,0.003,0.0,0.0,0.0,1.0,4,0.0,0.0,4.03,0.4,589268
2024-07-13 13:00:00,00000000790,20240713130000,0.874,0.123,0.004,0.0,0.0,0.0,1.0,4,0.0,0.0,14.07,0.46,589268
2024-07-13 14:00:00,00000000790,20240713140000,0.507,0.058,0.0,0.0,0.0,0.0,1.0,4,0.0,0.0,11.44,0.0,589268
2024-07-13 15:00:00,00000000790,20240713150000,0.018,0.003,0.008,0.0,0.0,0.0,1.0,4,0.0,0.0,16.67,44.44,589268
2024-07-13 16:00:00,00000000790,20240713160000,0.067,0.022,0.003,0.0,0.0,0.0,1.0,4,0.0,0.0,32.84,4.48,589268
2024-07-13 17:00:00,00000000790,20240713170000,0.045,0.017,0.005,0.0,0.0,0.0,1.0,4,0.0,0.0,37.78,11.11,589268
2024-07-13 18:00:00,00000000790,20240713180000,0.087,0.02,0.005,0.0,0.0,0.0,1.0,4,0.0,0.0,22.99,5.75,589268
2024-07-13 19:00:00,00000000790,20240713190000,0.385,0.024,0.001,0.0,0.0,0.0,1.0,4,0.0,0.0,6.23,0.26,589268
2024-07-13 20:00:00,00000000790,20240713200000,0.119,0.027,0.0,0.0,0.0,0.0,1.0,4,0.0,0.0,22.69,0.0,589268
2024-07-13 21:00:00,00000000790,20240713210000,0.02,0.003,0.015,0.0,0.0,0.0,1.0,4,0.0,0.0,15.0,75.0,589268
2024-07-13 22:00:00,00000000790,20240713220000,0.062,0.015,0.008,0.0,0.0,0.0,1.0,4,0.0,0.0,24.19,12.9,589268
2024-07-13 23:00:00,00000000790,20240713230000,0.043,0.012,0.01,0.0,0.0,0.0,1.0,4,0.0,0.0,27.91,23.26,589268
2024-07-14 00:00:00,00000000790,20240714000000,0.494,0.064,0.008,0.0,0.0,0.0,1.0,4,0.0,0.0,12.96,1.62,589268
2024-07-14 01:00:00,00000000790,20240714010000,0.536,0.256,0.0,0.0,0.0,0.0,1.0,4,0.0,0.0,47.76,0.0,589268
2024-07-14 02:00:00,00000000790,20240714020000,0.129,0.021,0.009,0.0,0.0,0.0,1.0,4,0.0,0.0,16.28,6.98,589268
2024-07-14 03:00:00,00000000790,20240714030000,0.324,0.037,0.017,0.0,0.0,0.0,1.0,4,0.0,0.0,11.42,5.25,589268
2024-07-14 04:00:00,00000000790,20240714040000,0.792,0.221,0.004,0.0,0.0,0.0,1.0,4,0.0,0.0,27.9,0.51,589268
2024-07-14 05:00:00,00000000790,20240714050000,0.657,0.19,0.004,0.0,0.0,0.0,1.0,4,0.0,0.0,28.92,0.61,589268
2024-07-14 06:00:00,00000000790,20240714060000,0.14,0.033,0.005,0.0,0.0,0.0,1.0,4,0.0,0.0,23.57,3.57,589268
2024-07-14 07:00:00,00000000790,20240714070000,0.065,0.019,0.012,0.0,0.0,0.0,1.0,4,0.0,0.0,29.23,18.46,589268
2024-07-14 08:00:00,00000000790,20240714080000,0.67,0.113,0.01,0.0,0.0,0.0,1.0,4,0.0,0.0,16.87,1.49,589268
2024-07-14 09:00:00,00000000790,20240714090000,0.052,0.012,0.013,0.0,0.0,0.0,1.0,4,0.0,0.0,23.08,25.0,589268
2024-07-14 10:00:00,00000000790,20240714100000,0.044,0.008,0.015,0.0,0.0,0.0,1.0,4,0.0,0.0,18.18,34.09,589268
2024-07-14 11:00:00,00000000790,20240714110000,0.322,0.032,0.004,0.0,0.0,0.0,1.0,4,0.0,0.0,9.94,1.24,589268
2024-07-14 12:00:00,00000000790,20240714120000,0.258,0.068,0.0,0.0,0.0,0.0,1.0,4,0.0,0.0,26.36,0.0,589268
2024-07-14 13:00:00,00000000790,20240714130000,0.15,0.064,0.0,0.0,0.0,0.0,1.0,4,0.0,0.0,42.67,0.0,589268
2024-07-14 14:00:00,00000000790,20240714140000,0.144,0.061,0.0,0.0,0.0,0.0,1.0,4,0.0,0.0,42.36,0.0,589268
2024-07-14 15:00:00,00000000790,20240714150000,0.157,0.067,0.0,0.0,0.0,0.0,1.0,4,0.0,0.0,42.68,0.0,589268
2024-07-14 16:00:00,00000000790,20240714160000,0.128,0.048,0.0,0.0,0.0,0.0,1.0,4,0.0,0.0,37.5,0.0,589268
2024-07-14 17:00:00,00000000790,20240714170000,0.356,0.063,0.0,0.0,0.0,0.0,1.0,4,0.0,0.0,17.7,0.0,589268
2024-07-14 18:00:00,00000000790,20240714180000,0.427,0.013,0.011,0.0,0.0,0.0,1.0,4,0.0,0.0,3.04,2.58,589268
2024-07-14 19:00:00,00000000790,20240714190000,0.211,0.026,0.0,0.0,0.0,0.0,1.0,4,0.0,0.0,12.32,0.0,589268
2024-07-14 20:00:00,00000000790,20240714200000,0.061,0.019,0.007,0.0,0.0,0.0,1.0,4,0.0,0.0,31.15,11.48,589268
2024-07-14 21:00:00,00000000790,20240714210000,0.06,0.016,0.007,0.0,0.0,0.0,1.0,4,0.0,0.0,26.67,11.67,589268
2024-07-14 22:00:00,00000000790,20240714220000,0.01,0.0,0.017,0.0,0.0,0.0,1.0,4,0.0,0.0,0.0,170.0,589268
2024-07-14 23:00:00,00000000790,20240714230000,0.098,0.029,0.002,0.0,0.0,0.0,1.0,4,0.0,0.0,29.59,2.04,589268
2024-07-15 00:00:00,00000000790,20240715000000,0.265,0.027,0.011,0.0,0.0,0.0,1.0,4,0.0,0.0,10.19,4.15,589268
2024-07-15 01:00:00,00000000790,20240715010000,0.53,0.109,0.0,0.0,0.0,0.0,1.0,4,0.0,0.0,20.57,0.0,589268
2024-07-15 02:00:00,00000000790,20240715020000,0.106,0.018,0.012,0.0,0.0,0.0,1.0,4,0.0,0.0,16.98,11.32,589268
2024-07-15 03:00:00,00000000790,20240715030000,0.262,0.078,0.007,0.0,0.0,0.0,1.0,4,0.0,0.0,29.77,2.67,589268
2024-07-15 04:00:00,00000000790,20240715040000,0.041,0.006,0.018,0.0,0.0,0.0,1.0,4,0.0,0.0,14.63,43.9,589268
2024-07-15 05:00:00,00000000790,20240715050000,0.102,0.036,0.004,0.0,0.0,0.0,1.0,4,0.0,0.0,35.29,3.92,589268
2024-07-15 06:00:00,00000000790,20240715060000,0.166,0.06,0.011,0.0,0.0,0.0,1.0,4,0.0,0.0,36.14,6.63,589268
2024-07-15 07:00:00,00000000790,20240715070000,0.155,0.019,0.014,0.0,0.0,0.0,1.0,4,0.0,0.0,12.26,9.03,589268
2024-07-15 08:00:00,00000000790,20240715080000,0.254,0.014,0.015,0.0,0.0,0.0,1.0,4,0.0,0.0,5.51,5.91,589268
2024-07-15 09:00:00,00000000790,20240715090000,0.156,0.018,0.011,0.0,0.0,0.0,1.0,4,0.0,0.0,11.54,7.05,589268
2024-07-15 10:00:00,00000000790,20240715100000,0.286,0.014,0.013,0.0,0.0,0.0,1.0,4,0.0,0.0,4.9,4.55,589268
2024-07-15 11:00:00,00000000790,20240715110000,0.504,0.035,0.007,0.0,0.0,0.0,1.0,4,0.0,0.0,6.94,1.39,589268
2024-07-15 12:00:00,00000000790,20240715120000,0.304,0.068,0.01,0.0,0.0,0.0,1.0,4,0.0,0.0,22.37,3.29,589268
2024-07-15 13:00:00,00000000790,20240715130000,0.08,0.017,0.008,0.0,0.0,0.0,1.0,4,0.0,0.0,21.25,10.0,589268
2024-07-15 14:00:00,00000000790,20240715140000,0.051,0.02,0.005,0.0,0.0,0.0,1.0,4,0.0,0.0,39.22,9.8,589268
2024-07-15 15:00:00,00000000790,20240715150000,0.051,0.021,0.004,0.0,0.0,0.0,1.0,4,0.0,0.0,41.18,7.84,589268
2024-07-15 16:00:00,00000000790,20240715160000,0.016,0.003,0.009,0.0,0.0,0.0,1.0,4,0.0,0.0,18.75,56.25,589268
2024-07-15 17:00:00,00000000790,20240715170000,0.078,0.031,0.003,0.0,0.0,0.0,1.0,4,0.0,0.0,39.74,3.85,589268
2024-07-15 18:00:00,00000000790,20240715180000,0.051,0.019,0.004,0.0,0.0,0.0,1.0,4,0.0,0.0,37.25,7.84,589268
2024-07-15 19:00:00,00000000790,20240715190000,0.052,0.017,0.005,0.0,0.0,0.0,1.0,4,0.0,0.0,32.69,9.62,589268
2024-07-15 20:00:00,00000000790,20240715200000,0.634,0.017,0.007,0.0,0.0,0.0,1.0,4,0.0,0.0,2.68,1.1,589268
2024-07-15 21:00:00,00000000790,20240715210000,0.057,0.016,0.008,0.0,0.0,0.0,1.0,4,0.0,0.0,28.07,14.04,589268
2024-07-15 22:00:00,00000000790,20240715220000,0.02,0.002,0.017,0.0,0.0,0.0,1.0,4,0.0,0.0,10.0,85.0,589268
2024-07-15 23:00:00,00000000790,20240715230000,1.154,0.19,0.0,0.0,0.0,0.0,1.0,4,0.0,0.0,16.46,0.0,589268
2024-07-16 00:00:00,00000000790,20240716000000,1.125,0.248,0.0,0.0,0.0,0.0,1.0,4,0.0,0.0,22.04,0.0,589268
2024-07-16 01:00:00,00000000790,20240716010000,0.67,0.151,0.0,0.0,0.0,0.0,1.0,4,0.0,0.0,22.54,0.0,589268
2024-07-16 02:00:00,00000000790,20240716020000,0.607,0.187,0.0,0.0,0.0,0.0,1.0,4,0.0,0.0,30.81,0.0,589268
2024-07-16 03:00:00,00000000790,20240716030000,0.107,0.034,0.008,0.0,0.0,0.0,1.0,4,0.0,0.0,31.78,7.48,589268
2024-07-16 04:00:00,00000000790,20240716040000,0.027,0.0,0.02,0.0,0.0,0.0,1.0,4,0.0,0.0,0.0,74.07,589268
2024-07-16 05:00:00,00000000790,20240716050000,0.121,0.044,0.001,0.0,0.0,0.0,1.0,4,0.0,0.0,36.36,0.83,589268
2024-07-16 06:00:00,00000000790,20240716060000,0.05,0.015,0.015,0.0,0.0,0.0,1.0,4,0.0,0.0,30.0,30.0,589268
2024-07-16 07:00:00,00000000790,20240716070000,0.111,0.017,0.013,0.0,0.0,0.0,1.0,4,0.0,0.0,15.32,11.71,589268
2024-07-16 08:00:00,00000000790,20240716080000,0.327,0.086,0.005,0.0,0.0,0.0,1.0,4,0.0,0.0,26.3,1.53,589268
2024-07-16 09:00:00,00000000790,20240716090000,0.165,0.036,0.007,0.0,0.0,0.0,1.0,4,0.0,0.0,21.82,4.24,589268
2024-07-16 10:00:00,00000000790,20240716100000,0.324,0.007,0.015,0.0,0.0,0.0,1.0,4,0.0,0.0,2.16,4.63,589268
2024-07-16 11:00:00,00000000790,20240716110000,0.082,0.012,0.013,0.0,0.0,0.0,1.0,4,0.0,0.0,14.63,15.85,589268
2024-07-16 12:00:00,00000000790,20240716120000,0.246,0.02,0.009,0.0,0.0,0.0,1.0,4,0.0,0.0,8.13,3.66,589268
2024-07-16 13:00:00,00000000790,20240716130000,0.461,0.033,0.001,0.0,0.0,0.0,1.0,4,0.0,0.0,7.16,0.22,589268
2024-07-16 14:00:00,00000000790,20240716140000,0.144,0.031,0.0,0.0,0.0,0.0,1.0,4,0.0,0.0,21.53,0.0,589268
2024-07-16 15:00:00,00000000790,20240716150000,0.109,0.038,0.0,0.0,0.0,0.0,1.0,4,0.0,0.0,34.86,0.0,589268
2024-07-16 16:00:00,00000000790,20240716160000,0.012,0.0,0.009,0.0,0.0,0.0,1.0,4,0.0,0.0,0.0,75.0,589268
2024-07-16 17:00:00,00000000790,20240716170000,0.097,0.036,0.001,0.0,0.0,0.0,1.0,4,0.0,0.0,37.11,1.03,589268
2024-07-16 18:00:00,00000000790,20240716180000,0.102,0.041,0.0,0.0,0.0,0.0,1.0,4,0.0,0.0,40.2,0.0,589268
2024-07-16 19:00:00,00000000790,20240716190000,0.109,0.037,0.0,0.0,0.0,0.0,1.0,4,0.0,0.0,33.94,0.0,589268
2024-07-16 20:00:00,00000000790,20240716200000,0.14,0.03,0.0,0.0,0.0,0.0,1.0,4,0.0,0.0,21.43,0.0,589268
2024-07-16 21:00:00,00000000790,20240716210000,0.399,0.061,0.0,0.0,0.0,0.0,1.0,4,0.0,0.0,15.29,0.0,589268
2024-07-16 22:00:00,00000000790,20240716220000,0.319,0.003,0.017,0.0,0.0,0.0,1.0,4,0.0,0.0,0.94,5.33,589268
2024-07-16 23:00:00,00000000790,20240716230000,1.066,0.09,0.009,0.0,0.0,0.0,1.0,4,0.0,0.0,8.44,0.84,589268
2024-07-17 00:00:00,00000000790,20240717000000,0.193,0.018,0.01,0.0,0.0,0.0,1.0,4,0.0,0.0,9.33,5.18,589268
2024-07-17 01:00:00,00000000790,20240717010000,0.444,0.072,0.001,0.0,0.0,0.0,1.0,4,0.0,0.0,16.22,0.23,589268
2024-07-17 02:00:00,00000000790,20240717020000,0.535,0.133,0.007,0.0,0.0,0.0,1.0,4,0.0,0.0,24.86,1.31,589268
2024-07-17 03:00:00,00000000790,20240717030000,0.382,0.102,0.0,0.0,0.0,0.0,1.0,4,0.0,0.0,26.7,0.0,589268
2024-07-17 04:00:00,00000000790,20240717040000,0.371,0.107,0.0,0.0,0.0,0.0,1.0,4,0.0,0.0,28.84,0.0,589268
2024-07-17 05:00:00,00000000790,20240717050000,0.243,0.077,0.0,0.0,0.0,0.0,1.0,4,0.0,0.0,31.69,0.0,589268
2024-07-17 06:00:00,00000000790,20240717060000,0.209,0.083,0.0,0.0,0.0,0.0,1.0,4,0.0,0.0,39.71,0.0,589268
2024-07-17 07:00:00,00000000790,20240717070000,0.236,0.089,0.0,0.0,0.0,0.0,1.0,4,0.0,0.0,37.71,0.0,589268
2024-07-17 08:00:00,00000000790,20240717080000,0.199,0.051,0.0,0.0,0.0,0.0,1.0,4,0.0,0.0,25.63,0.0,589268
2024-07-17 09:00:00,00000000790,20240717090000,0.257,0.071,0.0,0.0,0.0,0.0,1.0,4,0.0,0.0,27.63,0.0,589268
2024-07-17 10:00:00,00000000790,20240717100000,0.119,0.033,0.009,0.0,0.0,0.0,1.0,4,0.0,0.0,27.73,7.56,589268
2024-07-17 11:00:00,00000000790,20240717110000,0.279,0.051,0.001,0.0,0.0,0.0,1.0,4,0.0,0.0,18.28,0.36,589268
2024-07-17 12:00:00,00000000790,20240717120000,0.499,0.044,0.005,0.0,0.0,0.0,1.0,4,0.0,0.0,8.82,1.0,589268
2024-07-17 13:00:00,00000000790,20240717130000,0.72,0.09,0.005,0.0,0.0,0.0,1.0,4,0.0,0.0,12.5,0.69,589268
2024-07-17 14:00:00,00000000790,20240717140000,0.779,0.12,0.001,0.0,0.0,0.0,1.0,4,0.0,0.0,15.4,0.13,589268
2024-07-17 15:00:00,00000000790,20240717150000,0.074,0.027,0.003,0.0,0.0,0.0,1.0,4,0.0,0.0,36.49,4.05,589268
2024-07-17 16:00:00,00000000790,20240717160000,0.005,0.002,0.009,0.0,0.0,0.0,1.0,4,0.0,0.0,40.0,180.0,589268
2024-07-17 17:00:00,00000000790,20240717170000,0.057,0.021,0.004,0.0,0.0,0.0,1.0,4,0.0,0.0,36.84,7.02,589268
2024-07-17 18:00:00,00000000790,20240717180000,0.024,0.008,0.007,0.0,0.0,0.0,1.0,4,0.0,0.0,33.33,29.17,589268
2024-07-17 19:00:00,00000000790,20240717190000,0.036,0.013,0.006,0.0,0.0,0.0,1.0,4,0.0,0.0,36.11,16.67,589268
2024-07-17 20:00:00,00000000790,20240717200000,0.45,0.013,0.005,0.0,0.0,0.0,1.0,4,0.0,0.0,2.89,1.11,589268
2024-07-17 21:00:00,00000000790,20240717210000,0.123,0.028,0.0,0.0,0.0,0.0,1.0,4,0.0,0.0,22.76,0.0,589268
2024-07-17 22:00:00,00000000790,20240717220000,0.078,0.022,0.005,0.0,0.0,0.0,1.0,4,0.0,0.0,28.21,6.41,589268
2024-07-17 23:00:00,00000000790,20240717230000,0.065,0.021,0.007,0.0,0.0,0.0,1.0,4,0.0,0.0,32.31,10.77,589268
2024-07-18 00:00:00,00000000790,20240718000000,0.383,0.089,0.009,0.0,0.0,0.0,1.0,4,0.0,0.0,23.24,2.35,589268
2024-07-18 01:00:00,00000000790,20240718010000,0.738,0.167,0.0,0.0,0.0,0.0,1.0,4,0.0,0.0,22.63,0.0,589268
2024-07-18 02:00:00,00000000790,20240718020000,0.267,0.068,0.008,0.0,0.0,0.0,1.0,4,0.0,0.0,25.47,3.0,589268
2024-07-18 03:00:00,00000000790,20240718030000,0.635,0.181,0.0,0.0,0.0,0.0,1.0,4,0.0,0.0,28.5,0.0,589268
2024-07-18 04:00:00,00000000790,20240718040000,0.53,0.175,0.0,0.0,0.0,0.0,1.0,4,0.0,0.0,33.02,0.0,589268
2024-07-18 05:00:00,00000000790,20240718050000,0.526,0.079,0.01,0.0,0.0,0.0,1.0,4,0.0,0.0,15.02,1.9,589268
2024-07-18 06:00:00,00000000790,20240718060000,0.076,0.027,0.009,0.0,0.0,0.0,1.0,4,0.0,0.0,35.53,11.84,589268
2024-07-18 07:00:00,00000000790,20240718070000,0.076,0.027,0.01,0.0,0.0,0.0,1.0,4,0.0,0.0,35.53,13.16,589268
2024-07-18 08:00:00,00000000790,20240718080000,0.04,0.007,0.016,0.0,0.0,0.0,1.0,4,0.0,0.0,17.5,40.0,589268
2024-07-18 09:00:00,00000000790,20240718090000,0.089,0.024,0.008,0.0,0.0,0.0,1.0,4,0.0,0.0,26.97,8.99,589268
2024-07-18 10:00:00,00000000790,20240718100000,0.062,0.016,0.01,0.0,0.0,0.0,1.0,4,0.0,0.0,25.81,16.13,589268
2024-07-18 11:00:00,00000000790,20240718110000,0.058,0.014,0.01,0.0,0.0,0.0,1.0,4,0.0,0.0,24.14,17.24,589268
2024-07-18 12:00:00,00000000790,20240718120000,0.568,0.088,0.0,0.0,0.0,0.0,1.0,4,0.0,0.0,15.49,0.0,589268
2024-07-18 13:00:00,00000000790,20240718130000,0.648,0.057,0.008,0.0,0.0,0.0,1.0,4,0.0,0.0,8.8,1.23,589268
2024-07-18 14:00:00,00000000790,20240718140000,0.23,0.01,0.012,0.0,0.0,0.0,1.0,4,0.0,0.0,4.35,5.22,589268
2024-07-18 15:00:00,00000000790,20240718150000,0.13,0.028,0.006,0.0,0.0,0.0,1.0,4,0.0,0.0,21.54,4.62,589268
2024-07-18 16:00:00,00000000790,20240718160000,0.059,0.023,0.004,0.0,0.0,0.0,1.0,4,0.0,0.0,38.98,6.78,589268
2024-07-18 17:00:00,00000000790,20240718170000,0.063,0.023,0.004,0.0,0.0,0.0,1.0,4,0.0,0.0,36.51,6.35,589268
2024-07-18 18:00:00,00000000790,20240718180000,0.079,0.024,0.006,0.0,0.0,0.0,1.0,4,0.0,0.0,30.38,7.59,589268
2024-07-18 19:00:00,00000000790,20240718190000,0.334,0.016,0.008,0.0,0.0,0.0,1.0,4,0.0,0.0,4.79,2.4,589268
2024-07-18 20:00:00,00000000790,20240718200000,0.054,0.009,0.015,0.0,0.0,0.0,1.0,4,0.0,0.0,16.67,27.78,589268
2024-07-18 21:00:00,00000000790,20240718210000,0.114,0.022,0.005,0.0,0.0,0.0,1.0,4,0.0,0.0,19.3,4.39,589268
2024-07-18 22:00:00,00000000790,20240718220000,0.052,0.014,0.009,0.0,0.0,0.0,1.0,4,0.0,0.0,26.92,17.31,589268
2024-07-18 23:00:00,00000000790,20240718230000,0.048,0.014,0.01,0.0,0.0,0.0,1.0,4,0.0,0.0,29.17,20.83,589268
2024-07-19 00:00:00,00000000790,20240719000000,0.047,0.014,0.012,0.0,0.0,0.0,1.0,4,0.0,0.0,29.79,25.53,589268
2024-07-19 01:00:00,00000000790,20240719010000,0.981,0.214,0.0,0.0,0.0,0.0,1.0,4,0.0,0.0,21.81,0.0,589268
2024-07-19 02:00:00,00000000790,20240719020000,0.572,0.129,0.007,0.0,0.0,0.0,1.0,4,0.0,0.0,22.55,1.22,589268
2024-07-19 03:00:00,00000000790,20240719030000,0.708,0.088,0.005,0.0,0.0,0.0,1.0,4,0.0,0.0,12.43,0.71,589268
2024-07-19 04:00:00,00000000790,20240719040000,0.111,0.019,0.012,0.0,0.0,0.0,1.0,4,0.0,0.0,17.12,10.81,589268
2024-07-19 05:00:00,00000000790,20240719050000,0.206,0.064,0.011,0.0,0.0,0.0,1.0,4,0.0,0.0,31.07,5.34,589268
2024-07-19 06:00:00,00000000790,20240719060000,0.071,0.024,0.011,0.0,0.0,0.0,1.0,4,0.0,0.0,33.8,15.49,589268
2024-07-19 07:00:00,00000000790,20240719070000,0.111,0.038,0.01,0.0,0.0,0.0,1.0,4,0.0,0.0,34.23,9.01,589268
2024-07-19 08:00:00,00000000790,20240719080000,0.675,0.214,0.0,0.0,0.0,0.0,1.0,4,0.0,0.0,31.7,0.0,589268
2024-07-19 09:00:00,00000000790,20240719090000,0.545,0.152,0.0,0.0,0.0,0.0,1.0,4,0.0,0.0,27.89,0.0,589268
2024-07-19 10:00:00,00000000790,20240719100000,0.396,0.098,0.003,0.0,0.0,0.0,1.0,4,0.0,0.0,24.75,0.76,589268
2024-07-19 11:00:00,00000000790,20240719110000,0.044,0.013,0.011,0.0,0.0,0.0,1.0,4,0.0,0.0,29.55,25.0,589268
2024-07-19 12:00:00,00000000790,20240719120000,0.882,0.032,0.008,0.0,0.0,0.0,1.0,4,0.0,0.0,3.63,0.91,589268
2024-07-19 13:00:00,00000000790,20240719130000,0.777,0.11,0.007,0.0,0.0,0.0,1.0,4,0.0,0.0,14.16,0.9,589268
2024-07-19 14:00:00,00000000790,20240719140000,0.415,0.014,0.006,0.0,0.0,0.0,1.0,4,0.0,0.0,3.37,1.45,589268
2024-07-19 15:00:00,00000000790,20240719150000,0.065,0.022,0.004,0.0,0.0,0.0,1.0,4,0.0,0.0,33.85,6.15,589268
2024-07-19 16:00:00,00000000790,20240719160000,0.057,0.022,0.005,0.0,0.0,0.0,1.0,4,0.0,0.0,38.6,8.77,589268
2024-07-19 17:00:00,00000000790,20240719170000,0.054,0.021,0.004,0.0,0.0,0.0,1.0,4,0.0,0.0,38.89,7.41,589268
2024-07-19 18:00:00,00000000790,20240719180000,0.076,0.027,0.004,0.0,0.0,0.0,1.0,4,0.0,0.0,35.53,5.26,589268
2024-07-19 19:00:00,00000000790,20240719190000,0.112,0.033,0.0,0.0,0.0,0.0,1.0,4,0.0,0.0,29.46,0.0,589268
2024-07-19 20:00:00,00000000790,20240719200000,0.259,0.0,0.019,0.0,0.0,0.0,1.0,4,0.0,0.0,0.0,7.34,589268
2024-07-19 21:00:00,00000000790,20240719210000,0.119,0.029,0.002,0.0,0.0,0.0,1.0,4,0.0,0.0,24.37,1.68,589268
2024-07-19 22:00:00,00000000790,20240719220000,0.072,0.023,0.005,0.0,0.0,0.0,1.0,4,0.0,0.0,31.94,6.94,589268
2024-07-19 23:00:00,00000000790,20240719230000,0.065,0.022,0.008,0.0,0.0,0.0,1.0,4,0.0,0.0,33.85,12.31,589268
2024-07-20 00:00:00,00000000790,20240720000000,0.056,0.019,0.009,0.0,0.0,0.0,1.0,4,0.0,0.0,33.93,16.07,589268
2024-07-20 01:00:00,00000000790,20240720010000,0.122,0.03,0.004,0.0,0.0,0.0,1.0,4,0.0,0.0,24.59,3.28,589268
2024-07-20 02:00:00,00000000790,20240720020000,0.235,0.055,0.018,0.0,0.0,0.0,1.0,4,0.0,0.0,23.4,7.66,589268
2024-07-20 03:00:00,00000000790,20240720030000,0.784,0.264,0.0,0.0,0.0,0.0,1.0,4,0.0,0.0,33.67,0.0,589268
2024-07-20 04:00:00,00000000790,20240720040000,0.835,0.18,0.0,0.0,0.0,0.0,1.0,4,0.0,0.0,21.56,0.0,589268
2024-07-20 05:00:00,00000000790,20240720050000,0.491,0.17,0.005,0.0,0.0,0.0,1.0,4,0.0,0.0,34.62,1.02,589268
2024-07-20 06:00:00,00000000790,20240720060000,0.082,0.029,0.009,0.0,0.0,0.0,1.0,4,0.0,0.0,35.37,10.98,589268
2024-07-20 07:00:00,00000000790,20240720070000,0.076,0.026,0.01,0.0,0.0,0.0,1.0,4,0.0,0.0,34.21,13.16,589268
2024-07-20 08:00:00,00000000790,20240720080000,0.074,0.022,0.01,0.0,0.0,0.0,1.0,4,0.0,0.0,29.73,13.51,589268
2024-07-20 09:00:00,00000000790,20240720090000,0.048,0.008,0.015,0.0,0.0,0.0,1.0,4,0.0,0.0,16.67,31.25,589268
2024-07-20 10:00:00,00000000790,20240720100000,0.079,0.022,0.008,0.0,0.0,0.0,1.0,4,0.0,0.0,27.85,10.13,589268
2024-07-20 11:00:00,00000000790,20240720110000,0.514,0.093,0.004,0.0,0.0,0.0,1.0,4,0.0,0.0,18.09,0.78,589268
2024-07-20 12:00:00,00000000790,20240720120000,0.464,0.085,0.002,0.0,0.0,0.0,1.0,4,0.0,0.0,18.32,0.43,589268
2024-07-20 13:00:00,00000000790,20240720130000,0.216,0.014,0.011,0.0,0.0,0.0,1.0,4,0.0,0.0,6.48,5.09,589268
2024-07-20 14:00:00,00000000790,20240720140000,0.695,0.078,0.005,0.0,0.0,0.0,1.0,4,0.0,0.0,11.22,0.72,589268
2024-07-20 15:00:00,00000000790,20240720150000,0.097,0.03,0.007,0.0,0.0,0.0,1.0,4,0.0,0.0,30.93,7.22,589268
2024-07-20 16:00:00,00000000790,20240720160000,0.059,0.023,0.004,0.0,0.0,0.0,1.0,4,0.0,0.0,38.98,6.78,589268
2024-07-20 17:00:00,00000000790,20240720170000,0.294,0.019,0.004,0.0,0.0,0.0,1.0,4,0.0,0.0,6.46,1.36,589268
2024-07-20 18:00:00,00000000790,20240720180000,0.046,0.018,0.005,0.0,0.0,0.0,1.0,4,0.0,0.0,39.13,10.87,589268
2024-07-20 19:00:00,00000000790,20240720190000,0.051,0.02,0.005,0.0,0.0,0.0,1.0,4,0.0,0.0,39.22,9.8,589268
2024-07-20 20:00:00,00000000790,20240720200000,0.058,0.007,0.014,0.0,0.0,0.0,1.0,4,0.0,0.0,12.07,24.14,589268
2024-07-20 21:00:00,00000000790,20240720210000,0.106,0.029,0.001,0.0,0.0,0.0,1.0,4,0.0,0.0,27.36,0.94,589268
2024-07-20 22:00:00,00000000790,20240720220000,0.054,0.017,0.009,0.0,0.0,0.0,1.0,4,0.0,0.0,31.48,16.67,589268
2024-07-20 23:00:00,00000000790,20240720230000,0.772,0.104,0.006,0.0,0.0,0.0,1.0,4,0.0,0.0,13.47,0.78,589268
2024-07-21 00:00:00,00000000790,20240721000000,0.438,0.026,0.0,0.0,0.0,0.0,1.0,4,0.0,0.0,5.94,0.0,589268
2024-07-21 01:00:00,00000000790,20240721010000,0.76,0.113,0.0,0.0,0.0,0.0,1.0,4,0.0,0.0,14.87,0.0,589268
2024-07-21 02:00:00,00000000790,20240721020000,0.589,0.144,0.007,0.0,0.0,0.0,1.0,4,0.0,0.0,24.45,1.19,589268
2024-07-21 03:00:00,00000000790,20240721030000,0.185,0.038,0.0,0.0,0.0,0.0,1.0,4,0.0,0.0,20.54,0.0,589268
2024-07-21 04:00:00,00000000790,20240721040000,0.574,0.145,0.0,0.0,0.0,0.0,1.0,4,0.0,0.0,25.26,0.0,589268
2024-07-21 05:00:00,00000000790,20240721050000,0.411,0.125,0.0,0.0,0.0,0.0,1.0,4,0.0,0.0,30.41,0.0,589268
2024-07-21 06:00:00,00000000790,20240721060000,0.135,0.046,0.0,0.0,0.0,0.0,1.0,4,0.0,0.0,34.07,0.0,589268
2024-07-21 07:00:00,00000000790,20240721070000,0.102,0.039,0.004,0.0,0.0,0.0,1.0,4,0.0,0.0,38.24,3.92,589268
2024-07-21 08:00:00,00000000790,20240721080000,0.07,0.022,0.011,0.0,0.0,0.0,1.0,4,0.0,0.0,31.43,15.71,589268
2024-07-21 09:00:00,00000000790,20240721090000,0.561,0.164,0.005,0.0,0.0,0.0,1.0,4,0.0,0.0,29.23,0.89,589268
2024-07-21 10:00:00,00000000790,20240721100000,0.688,0.183,0.0,0.0,0.0,0.0,1.0,4,0.0,0.0,26.6,0.0,589268
2024-07-21 11:00:00,00000000790,20240721110000,0.342,0.017,0.01,0.0,0.0,0.0,1.0,4,0.0,0.0,4.97,2.92,589268
2024-07-21 12:00:00,00000000790,20240721120000,0.896,0.174,0.0,0.0,0.0,0.0,1.0,4,0.0,0.0,19.42,0.0,589268
2024-07-21 13:00:00,00000000790,20240721130000,0.022,0.003,0.017,0.0,0.0,0.0,1.0,4,0.0,0.0,13.64,77.27,589268
2024-07-21 14:00:00,00000000790,20240721140000,1.291,0.187,0.005,0.0,0.0,0.0,1.0,4,0.0,0.0,14.48,0.39,589268
2024-07-21 15:00:00,00000000790,20240721150000,1.516,0.284,0.0,0.0,0.0,0.0,1.0,4,0.0,0.0,18.73,0.0,589268
2024-07-21 16:00:00,00000000790,20240721160000,1.165,0.13,0.0,0.0,0.0,0.0,1.0,4,0.0,0.0,11.16,0.0,589268
2024-07-21 17:00:00,00000000790,20240721170000,1.192,0.19,0.0,0.0,0.0,0.0,1.0,4,0.0,0.0,15.94,0.0,589268
2024-07-21 18:00:00,00000000790,20240721180000,0.392,0.086,0.006,0.0,0.0,0.0,1.0,4,0.0,0.0,21.94,1.53,589268
2024-07-21 19:00:00,00000000790,20240721190000,0.039,0.01,0.012,0.0,0.0,0.0,1.0,4,0.0,0.0,25.64,30.77,589268
2024-07-21 20:00:00,00000000790,20240721200000,0.035,0.007,0.014,0.0,0.0,0.0,1.0,4,0.0,0.0,20.0,40.0,589268
2024-07-21 21:00:00,00000000790,20240721210000,0.108,0.028,0.0,0.0,0.0,0.0,1.0,4,0.0,0.0,25.93,0.0,589268
2024-07-21 22:00:00,00000000790,20240721220000,0.08,0.024,0.004,0.0,0.0,0.0,1.0,4,0.0,0.0,30.0,5.0,589268
2024-07-21 23:00:00,00000000790,20240721230000,0.077,0.025,0.005,0.0,0.0,0.0,1.0,4,0.0,0.0,32.47,6.49,589268
2024-07-22 00:00:00,00000000790,20240722000000,1.357,0.302,0.004,0.0,0.0,0.0,1.0,4,0.0,0.0,22.25,0.29,589268
2024-07-22 01:00:00,00000000790,20240722010000,0.864,0.219,0.002,0.0,0.0,0.0,1.0,4,0.0,0.0,25.35,0.23,589268
2024-07-22 02:00:00,00000000790,20240722020000,0.317,0.082,0.0,0.0,0.0,0.0,1.0,4,0.0,0.0,25.87,0.0,589268
2024-07-22 03:00:00,00000000790,20240722030000,0.677,0.19,0.0,0.0,0.0,0.0,1.0,4,0.0,0.0,28.06,0.0,589268
2024-07-22 04:00:00,00000000790,20240722040000,0.593,0.07,0.0,0.0,0.0,0.0,1.0,4,0.0,0.0,11.8,0.0,589268
2024-07-22 05:00:00,00000000790,20240722050000,0.19,0.018,0.012,0.0,0.0,0.0,1.0,4,0.0,0.0,9.47,6.32,589268
2024-07-22 06:00:00,00000000790,20240722060000,0.128,0.021,0.013,0.0,0.0,0.0,1.0,4,0.0,0.0,16.41,10.16,589268
2024-07-22 07:00:00,00000000790,20240722070000,0.113,0.016,0.016,0.0,0.0,0.0,1.0,4,0.0,0.0,14.16,14.16,589268
2024-07-22 08:00:00,00000000790,20240722080000,0.206,0.043,0.017,0.0,0.0,0.0,1.0,4,0.0,0.0,20.87,8.25,589268
2024-07-22 09:00:00,00000000790,20240722090000,0.102,0.011,0.018,0.0,0.0,0.0,1.0,4,0.0,0.0,10.78,17.65,589268
2024-07-22 10:00:00,00000000790,20240722100000,0.204,0.028,0.016,0.0,0.0,0.0,1.0,4,0.0,0.0,13.73,7.84,589268
2024-07-22 11:00:00,00000000790,20240722110000,0.623,0.094,0.001,0.0,0.0,0.0,1.0,4,0.0,0.0,15.09,0.16,589268
2024-07-22 12:00:00,00000000790,20240722120000,1.178,0.162,0.0,0.0,0.0,0.0,1.0,4,0.0,0.0,13.75,0.0,589268
2024-07-22 13:00:00,00000000790,20240722130000,0.771,0.107,0.0,0.0,0.0,0.0,1.0,4,0.0,0.0,13.88,0.0,589268
2024-07-22 14:00:00,00000000790,20240722140000,1.723,0.114,0.0,0.0,0.0,0.0,1.0,4,0.0,0.0,6.62,0.0,589268
2024-07-22 15:00:00,00000000790,20240722150000,0.23,0.05,0.0,0.0,0.0,0.0,1.0,4,0.0,0.0,21.74,0.0,589268
2024-07-22 16:00:00,00000000790,20240722160000,0.084,0.021,0.004,0.0,0.0,0.0,1.0,4,0.0,0.0,25.0,4.76,589268
2024-07-22 17:00:00,00000000790,20240722170000,0.064,0.017,0.008,0.0,0.0,0.0,1.0,4,0.0,0.0,26.56,12.5,589268
2024-07-22 18:00:00,00000000790,20240722180000,0.058,0.015,0.011,0.0,0.0,0.0,1.0,4,0.0,0.0,25.86,18.97,589268
2024-07-22 19:00:00,00000000790,20240722190000,0.043,0.011,0.013,0.0,0.0,0.0,1.0,4,0.0,0.0,25.58,30.23,589268
2024-07-22 20:00:00,00000000790,20240722200000,0.865,0.113,0.007,0.0,0.0,0.0,1.0,4,0.0,0.0,13.06,0.81,589268
2024-07-22 21:00:00,00000000790,20240722210000,0.909,0.058,0.0,0.0,0.0,0.0,1.0,4,0.0,0.0,6.38,0.0,589268
2024-07-22 22:00:00,00000000790,20240722220000,0.696,0.153,0.0,0.0,0.0,0.0,1.0,4,0.0,0.0,21.98,0.0,589268
2024-07-22 23:00:00,00000000790,20240722230000,0.809,0.188,0.0,0.0,0.0,0.0,1.0,4,0.0,0.0,23.24,0.0,589268
2024-07-23 00:00:00,00000000790,20240723000000,1.221,0.317,0.0,0.0,0.0,0.0,1.0,4,0.0,0.0,25.96,0.0,589268
2024-07-23 01:00:00,00000000790,20240723010000,0.725,0.225,0.0,0.0,0.0,0.0,1.0,4,0.0,0.0,31.03,0.0,589268
2024-07-23 02:00:00,00000000790,20240723020000,0.749,0.057,0.004,0.0,0.0,0.0,1.0,4,0.0,0.0,7.61,0.53,589268
2024-07-23 03:00:00,00000000790,20240723030000,0.425,0.118,0.0,0.0,0.0,0.0,1.0,4,0.0,0.0,27.76,0.0,589268
2024-07-23 04:00:00,00000000790,20240723040000,0.158,0.032,0.0,0.0,0.0,0.0,1.0,4,0.0,0.0,20.25,0.0,589268
2024-07-23 05:00:00,00000000790,20240723050000,0.187,0.017,0.015,0.0,0.0,0.0,1.0,4,0.0,0.0,9.09,8.02,589268
2024-07-23 06:00:00,00000000790,20240723060000,0.249,0.06,0.002,0.0,0.0,0.0,1.0,4,0.0,0.0,24.1,0.8,589268
2024-07-23 07:00:00,00000000790,20240723070000,0.114,0.014,0.018,0.0,0.0,0.0,1.0,4,0.0,0.0,12.28,15.79,589268
2024-07-23 08:00:00,00000000790,20240723080000,0.106,0.012,0.021,0.0,0.0,0.0,1.0,4,0.0,0.0,11.32,19.81,589268
2024-07-23 09:00:00,00000000790,20240723090000,0.176,0.03,0.02,0.0,0.0,0.0,1.0,4,0.0,0.0,17.05,11.36,589268
2024-07-23 10:00:00,00000000790,20240723100000,0.324,0.035,0.015,0.0,0.0,0.0,1.0,4,0.0,0.0,10.8,4.63,589268
2024-07-23 11:00:00,00000000790,20240723110000,0.903,0.098,0.0,0.0,0.0,0.0,1.0,4,0.0,0.0,10.85,0.0,589268
2024-07-23 12:00:00,00000000790,20240723120000,0.564,0.077,0.0,0.0,0.0,0.0,1.0,4,0.0,0.0,13.65,0.0,589268
2024-07-23 13:00:00,00000000790,20240723130000,0.324,0.065,0.0,0.0,0.0,0.0,1.0,4,0.0,0.0,20.06,0.0,589268
2024-07-23 14:00:00,00000000790,20240723140000,0.753,0.128,0.0,0.0,0.0,0.0,1.0,4,0.0,0.0,17.0,0.0,589268
2024-07-23 15:00:00,00000000790,20240723150000,0.64,0.049,0.001,0.0,0.0,0.0,1.0,4,0.0,0.0,7.66,0.16,589268
2024-07-23 16:00:00,00000000790,20240723160000,0.365,0.045,0.0,0.0,0.0,0.0,1.0,4,0.0,0.0,12.33,0.0,589268
2024-07-23 17:00:00,00000000790,20240723170000,0.102,0.033,0.0,0.0,0.0,0.0,1.0,4,0.0,0.0,32.35,0.0,589268
2024-07-23 18:00:00,00000000790,20240723180000,0.204,0.025,0.005,0.0,0.0,0.0,1.0,4,0.0,0.0,12.25,2.45,589268
2024-07-23 19:00:00,00000000790,20240723190000,0.973,0.101,0.0,0.0,0.0,0.0,1.0,4,0.0,0.0,10.38,0.0,589268
2024-07-23 20:00:00,00000000790,20240723200000,0.586,0.123,0.003,0.0,0.0,0.0,1.0,4,0.0,0.0,20.99,0.51,589268
2024-07-23 21:00:00,00000000790,20240723210000,0.081,0.023,0.005,0.0,0.0,0.0,1.0,4,0.0,0.0,28.4,6.17,589268
2024-07-23 22:00:00,00000000790,20240723220000,0.135,0.02,0.009,0.0,0.0,0.0,1.0,4,0.0,0.0,14.81,6.67,589268
2024-07-23 23:00:00,00000000790,20240723230000,0.111,0.036,0.0,0.0,0.0,0.0,1.0,4,0.0,0.0,32.43,0.0,589268
2024-07-24 00:00:00,00000000790,20240724000000,0.948,0.077,0.006,0.0,0.0,0.0,1.0,4,0.0,0.0,8.12,0.63,589268
2024-07-24 01:00:00,00000000790,20240724010000,2.498,0.361,0.0,0.0,0.0,0.0,1.0,4,0.0,0.0,14.45,0.0,589268
2024-07-24 02:00:00,00000000790,20240724020000,2.005,0.231,0.0,0.0,0.0,0.0,1.0,4,0.0,0.0,11.52,0.0,589268
2024-07-24 03:00:00,00000000790,20240724030000,1.449,0.135,0.0,0.0,0.0,0.0,1.0,4,0.0,0.0,9.32,0.0,589268
2024-07-24 04:00:00,00000000790,20240724040000,1.155,0.096,0.003,0.0,0.0,0.0,1.0,4,0.0,0.0,8.31,0.26,589268
2024-07-24 05:00:00,00000000790,20240724050000,0.993,0.089,0.002,0.0,0.0,0.0,1.0,4,0.0,0.0,8.96,0.2,589268
2024-07-24 06:00:00,00000000790,20240724060000,0.045,0.01,0.017,0.0,0.0,0.0,1.0,4,0.0,0.0,22.22,37.78,589268
2024-07-24 07:00:00,00000000790,20240724070000,0.189,0.065,0.01,0.0,0.0,0.0,1.0,4,0.0,0.0,34.39,5.29,589268
2024-07-24 08:00:00,00000000790,20240724080000,1.034,0.091,0.0,0.0,0.0,0.0,1.0,4,0.0,0.0,8.8,0.0,589268
2024-07-24 09:00:00,00000000790,20240724090000,1.183,0.075,0.0,0.0,0.0,0.0,1.0,4,0.0,0.0,6.34,0.0,589268
2024-07-24 10:00:00,00000000790,20240724100000,1.455,0.1,0.0,0.0,0.0,0.0,1.0,4,0.0,0.0,6.87,0.0,589268
2024-07-24 11:00:00,00000000790,20240724110000,1.664,0.144,0.0,0.0,0.0,0.0,1.0,4,0.0,0.0,8.65,0.0,589268
2024-07-24 12:00:00,00000000790,20240724120000,0.528,0.018,0.009,0.0,0.0,0.0,1.0,4,0.0,0.0,3.41,1.7,589268
2024-07-24 13:00:00,00000000790,20240724130000,0.415,0.049,0.012,0.0,0.0,0.0,1.0,4,0.0,0.0,11.81,2.89,589268
2024-07-24 14:00:00,00000000790,20240724140000,0.638,0.13,0.0,0.0,0.0,0.0,1.0,4,0.0,0.0,20.38,0.0,589268
2024-07-24 15:00:00,00000000790,20240724150000,0.069,0.024,0.007,0.0,0.0,0.0,1.0,4,0.0,0.0,34.78,10.14,589268
2024-07-24 16:00:00,00000000790,20240724160000,0.067,0.023,0.007,0.0,0.0,0.0,1.0,4,0.0,0.0,34.33,10.45,589268
2024-07-24 17:00:00,00000000790,20240724170000,0.044,0.015,0.011,0.0,0.0,0.0,1.0,4,0.0,0.0,34.09,25.0,589268
2024-07-24 18:00:00,00000000790,20240724180000,0.044,0.013,0.012,0.0,0.0,0.0,1.0,4,0.0,0.0,29.55,27.27,589268
2024-07-24 19:00:00,00000000790,20240724190000,0.043,0.01,0.014,0.0,0.0,0.0,1.0,4,0.0,0.0,23.26,32.56,589268
2024-07-24 20:00:00,00000000790,20240724200000,0.066,0.021,0.007,0.0,0.0,0.0,1.0,4,0.0,0.0,31.82,10.61,589268
2024-07-24 21:00:00,00000000790,20240724210000,0.061,0.018,0.008,0.0,0.0,0.0,1.0,4,0.0,0.0,29.51,13.11,589268
2024-07-24 22:00:00,00000000790,20240724220000,0.64,0.063,0.0,0.0,0.0,0.0,1.0,4,0.0,0.0,9.84,0.0,589268
2024-07-24 23:00:00,00000000790,20240724230000,0.128,0.019,0.009,0.0,0.0,0.0,1.0,4,0.0,0.0,14.84,7.03,589268
2024-07-25 00:00:00,00000000790,20240725000000,0.121,0.039,0.0,0.0,0.0,0.0,1.0,4,0.0,0.0,32.23,0.0,589268
2024-07-25 01:00:00,00000000790,20240725010000,1.009,0.265,0.003,0.0,0.0,0.0,1.0,4,0.0,0.0,26.26,0.3,589268
2024-07-25 02:00:00,00000000790,20240725020000,0.268,0.052,0.011,0.0,0.0,0.0,1.0,4,0.0,0.0,19.4,4.1,589268
2024-07-25 03:00:00,00000000790,20240725030000,1.036,0.226,0.0,0.0,0.0,0.0,1.0,4,0.0,0.0,21.81,0.0,589268
2024-07-25 04:00:00,00000000790,20240725040000,0.152,0.042,0.0,0.0,0.0,0.0,1.0,4,0.0,0.0,27.63,0.0,589268
2024-07-25 05:00:00,00000000790,20240725050000,0.511,0.112,0.0,0.0,0.0,0.0,1.0,4,0.0,0.0,21.92,0.0,589268
2024-07-25 06:00:00,00000000790,20240725060000,2.203,0.489,0.0,0.0,0.0,0.0,1.0,4,0.0,0.0,22.2,0.0,589268
2024-07-25 07:00:00,00000000790,20240725070000,1.123,0.128,0.003,0.0,0.0,0.0,1.0,4,0.0,0.0,11.4,0.27,589268
2024-07-25 08:00:00,00000000790,20240725080000,0.991,0.098,0.005,0.0,0.0,0.0,1.0,4,0.0,0.0,9.89,0.5,589268
2024-07-25 09:00:00,00000000790,20240725090000,0.37,0.034,0.008,0.0,0.0,0.0,1.0,4,0.0,0.0,9.19,2.16,589268
2024-07-25 10:00:00,00000000790,20240725100000,0.496,0.052,0.015,0.0,0.0,0.0,1.0,4,0.0,0.0,10.48,3.02,589268
2024-07-25 11:00:00,00000000790,20240725110000,0.4,0.033,0.0,0.0,0.0,0.0,1.0,4,0.0,0.0,8.25,0.0,589268
2024-07-25 12:00:00,00000000790,20240725120000,0.374,0.037,0.0,0.0,0.0,0.0,1.0,4,0.0,0.0,9.89,0.0,589268
2024-07-25 13:00:00,00000000790,20240725130000,0.391,0.037,0.0,0.0,0.0,0.0,1.0,4,0.0,0.0,9.46,0.0,589268
2024-07-25 14:00:00,00000000790,20240725140000,0.597,0.046,0.0,0.0,0.0,0.0,1.0,4,0.0,0.0,7.71,0.0,589268
2024-07-25 15:00:00,00000000790,20240725150000,0.743,0.116,0.0,0.0,0.0,0.0,1.0,4,0.0,0.0,15.61,0.0,589268
2024-07-25 16:00:00,00000000790,20240725160000,1.89,0.037,0.0,0.0,0.0,0.0,1.0,4,0.0,0.0,1.96,0.0,589268
2024-07-25 17:00:00,00000000790,20240725170000,1.372,0.12,0.0,0.0,0.0,0.0,1.0,4,0.0,0.0,8.75,0.0,589268
2024-07-25 18:00:00,00000000790,20240725180000,0.643,0.356,0.0,0.0,0.0,0.0,1.0,4,0.0,0.0,55.37,0.0,589268
2024-07-25 19:00:00,00000000790,20240725190000,0.461,0.126,0.009,0.0,0.0,0.0,1.0,4,0.0,0.0,27.33,1.95,589268
2024-07-25 20:00:00,00000000790,20240725200000,0.067,0.024,0.007,0.0,0.0,0.0,1.0,4,0.0,0.0,35.82,10.45,589268
2024-07-25 21:00:00,00000000790,20240725210000,0.213,0.023,0.007,0.0,0.0,0.0,1.0,4,0.0,0.0,10.8,3.29,589268
2024-07-25 22:00:00,00000000790,20240725220000,0.122,0.008,0.016,0.0,0.0,0.0,1.0,4,0.0,0.0,6.56,13.11,589268
2024-07-25 23:00:00,00000000790,20240725230000,0.178,0.041,0.005,0.0,0.0,0.0,1.0,4,0.0,0.0,23.03,2.81,589268
2024-07-26 00:00:00,00000000790,20240726000000,1.056,0.311,0.0,0.0,0.0,0.0,1.0,4,0.0,0.0,29.45,0.0,589268
2024-07-26 01:00:00,00000000790,20240726010000,0.565,0.183,0.0,0.0,0.0,0.0,1.0,4,0.0,0.0,32.39,0.0,589268
2024-07-26 02:00:00,00000000790,20240726020000,0.202,0.07,0.0,0.0,0.0,0.0,1.0,4,0.0,0.0,34.65,0.0,589268
2024-07-26 03:00:00,00000000790,20240726030000,0.172,0.043,0.0,0.0,0.0,0.0,1.0,4,0.0,0.0,25.0,0.0,589268
2024-07-26 04:00:00,00000000790,20240726040000,0.81,0.074,0.001,0.0,0.0,0.0,1.0,4,0.0,0.0,9.14,0.12,589268
2024-07-26 05:00:00,00000000790,20240726050000,0.086,0.032,0.008,0.0,0.0,0.0,1.0,4,0.0,0.0,37.21,9.3,589268
2024-07-26 06:00:00,00000000790,20240726060000,0.076,0.028,0.01,0.0,0.0,0.0,1.0,4,0.0,0.0,36.84,13.16,589268
2024-07-26 07:00:00,00000000790,20240726070000,0.027,0.001,0.021,0.0,0.0,0.0,1.0,4,0.0,0.0,3.7,77.78,589268
2024-07-26 08:00:00,00000000790,20240726080000,0.103,0.037,0.004,0.0,0.0,0.0,1.0,4,0.0,0.0,35.92,3.88,589268
2024-07-26 09:00:00,00000000790,20240726090000,0.039,0.014,0.013,0.0,0.0,0.0,1.0,4,0.0,0.0,35.9,33.33,589268
2024-07-26 10:00:00,00000000790,20240726100000,0.042,0.015,0.012,0.0,0.0,0.0,1.0,4,0.0,0.0,35.71,28.57,589268
2024-07-26 11:00:00,00000000790,20240726110000,0.451,0.041,0.001,0.0,0.0,0.0,1.0,4,0.0,0.0,9.09,0.22,589268
2024-07-26 12:00:00,00000000790,20240726120000,1.135,0.15,0.0,0.0,0.0,0.0,1.0,4,0.0,0.0,13.22,0.0,589268
2024-07-26 13:00:00,00000000790,20240726130000,0.297,0.008,0.017,0.0,0.0,0.0,1.0,4,0.0,0.0,2.69,5.72,589268
2024-07-26 14:00:00,00000000790,20240726140000,0.865,0.219,0.0,0.0,0.0,0.0,1.0,4,0.0,0.0,25.32,0.0,589268
2024-07-26 15:00:00,00000000790,20240726150000,0.414,0.068,0.0,0.0,0.0,0.0,1.0,4,0.0,0.0,16.43,0.0,589268
2024-07-26 16:00:00,00000000790,20240726160000,0.398,0.033,0.008,0.0,0.0,0.0,1.0,4,0.0,0.0,8.29,2.01,589268
2024-07-26 17:00:00,00000000790,20240726170000,0.117,0.039,0.0,0.0,0.0,0.0,1.0,4,0.0,0.0,33.33,0.0,589268
2024-07-26 18:00:00,00000000790,20240726180000,0.073,0.027,0.006,0.0,0.0,0.0,1.0,4,0.0,0.0,36.99,8.22,589268
2024-07-26 19:00:00,00000000790,20240726190000,0.062,0.022,0.008,0.0,0.0,0.0,1.0,4,0.0,0.0,35.48,12.9,589268
2024-07-26 20:00:00,00000000790,20240726200000,0.337,0.053,0.0,0.0,0.0,0.0,1.0,4,0.0,0.0,15.73,0.0,589268
2024-07-26 21:00:00,00000000790,20240726210000,1.463,0.158,0.0,0.0,0.0,0.0,1.0,4,0.0,0.0,10.8,0.0,589268
2024-07-26 22:00:00,00000000790,20240726220000,0.276,0.07,0.0,0.0,0.0,0.0,1.0,4,0.0,0.0,25.36,0.0,589268
2024-07-26 23:00:00,00000000790,20240726230000,0.101,0.04,0.0,0.0,0.0,0.0,1.0,4,0.0,0.0,39.6,0.0,589268
2024-07-27 00:00:00,00000000790,20240727000000,0.1,0.04,0.0,0.0,0.0,0.0,1.0,4,0.0,0.0,40.0,0.0,589268
2024-07-27 01:00:00,00000000790,20240727010000,0.434,0.126,0.012,0.0,0.0,0.0,1.0,4,0.0,0.0,29.03,2.76,589268
2024-07-27 02:00:00,00000000790,20240727020000,0.661,0.235,0.0,0.0,0.0,0.0,1.0,4,0.0,0.0,35.55,0.0,589268
2024-07-27 03:00:00,00000000790,20240727030000,0.732,0.289,0.0,0.0,0.0,0.0,1.0,4,0.0,0.0,39.48,0.0,589268
2024-07-27 04:00:00,00000000790,20240727040000,0.591,0.093,0.0,0.0,0.0,0.0,1.0,4,0.0,0.0,15.74,0.0,589268
2024-07-27 05:00:00,00000000790,20240727050000,0.087,0.03,0.009,0.0,0.0,0.0,1.0,4,0.0,0.0,34.48,10.34,589268
2024-07-27 06:00:00,00000000790,20240727060000,0.093,0.03,0.009,0.0,0.0,0.0,1.0,4,0.0,0.0,32.26,9.68,589268
2024-07-27 07:00:00,00000000790,20240727070000,0.06,0.018,0.014,0.0,0.0,0.0,1.0,4,0.0,0.0,30.0,23.33,589268
2024-07-27 08:00:00,00000000790,20240727080000,0.609,0.045,0.011,0.0,0.0,0.0,1.0,4,0.0,0.0,7.39,1.81,589268
2024-07-27 09:00:00,00000000790,20240727090000,0.481,0.138,0.0,0.0,0.0,0.0,1.0,4,0.0,0.0,28.69,0.0,589268
2024-07-27 10:00:00,00000000790,20240727100000,1.281,0.309,0.0,0.0,0.0,0.0,1.0,4,0.0,0.0,24.12,0.0,589268
2024-07-27 11:00:00,00000000790,20240727110000,1.151,0.256,0.0,0.0,0.0,0.0,1.0,4,0.0,0.0,22.24,0.0,589268
2024-07-27 12:00:00,00000000790,20240727120000,0.108,0.045,0.0,0.0,0.0,0.0,1.0,4,0.0,0.0,41.67,0.0,589268
2024-07-27 13:00:00,00000000790,20240727130000,0.099,0.039,0.0,0.0,0.0,0.0,1.0,4,0.0,0.0,39.39,0.0,589268
2024-07-27 14:00:00,00000000790,20240727140000,0.043,0.014,0.013,0.0,0.0,0.0,1.0,4,0.0,0.0,32.56,30.23,589268
2024-07-27 15:00:00,00000000790,20240727150000,0.302,0.012,0.012,0.0,0.0,0.0,1.0,4,0.0,0.0,3.97,3.97,589268
2024-07-27 16:00:00,00000000790,20240727160000,0.12,0.02,0.01,0.0,0.0,0.0,1.0,4,0.0,0.0,16.67,8.33,589268
2024-07-27 17:00:00,00000000790,20240727170000,0.077,0.022,0.007,0.0,0.0,0.0,1.0,4,0.0,0.0,28.57,9.09,589268
2024-07-27 18:00:00,00000000790,20240727180000,0.049,0.016,0.011,0.0,0.0,0.0,1.0,4,0.0,0.0,32.65,22.45,589268
2024-07-27 19:00:00,00000000790,20240727190000,0.06,0.018,0.009,0.0,0.0,0.0,1.0,4,0.0,0.0,30.0,15.0,589268
2024-07-27 20:00:00,00000000790,20240727200000,0.941,0.041,0.006,0.0,0.0,0.0,1.0,4,0.0,0.0,4.36,0.64,589268
2024-07-27 21:00:00,00000000790,20240727210000,0.239,0.045,0.0,0.0,0.0,0.0,1.0,4,0.0,0.0,18.83,0.0,589268
2024-07-27 22:00:00,00000000790,20240727220000,0.214,0.018,0.01,0.0,0.0,0.0,1.0,4,0.0,0.0,8.41,4.67,589268
2024-07-27 23:00:00,00000000790,20240727230000,1.053,0.17,0.003,0.0,0.0,0.0,1.0,4,0.0,0.0,16.14,0.28,589268
2024-07-28 00:00:00,00000000790,20240728000000,1.285,0.173,0.001,0.0,0.0,0.0,1.0,4,0.0,0.0,13.46,0.08,589268
2024-07-28 01:00:00,00000000790,20240728010000,0.075,0.004,0.02,0.0,0.0,0.0,1.0,4,0.0,0.0,5.33,26.67,589268
2024-07-28 02:00:00,00000000790,20240728020000,0.138,0.029,0.007,0.0,0.0,0.0,1.0,4,0.0,0.0,21.01,5.07,589268
2024-07-28 03:00:00,00000000790,20240728030000,0.14,0.027,0.007,0.0,0.0,0.0,1.0,4,0.0,0.0,19.29,5.0,589268
2024-07-28 04:00:00,00000000790,20240728040000,0.129,0.022,0.011,0.0,0.0,0.0,1.0,4,0.0,0.0,17.05,8.53,589268
2024-07-28 05:00:00,00000000790,20240728050000,0.375,0.018,0.016,0.0,0.0,0.0,1.0,4,0.0,0.0,4.8,4.27,589268
2024-07-28 06:00:00,00000000790,20240728060000,0.102,0.015,0.021,0.0,0.0,0.0,1.0,4,0.0,0.0,14.71,20.59,589268
2024-07-28 07:00:00,00000000790,20240728070000,0.095,0.01,0.025,0.0,0.0,0.0,1.0,4,0.0,0.0,10.53,26.32,589268
2024-07-28 08:00:00,00000000790,20240728080000,0.132,0.021,0.013,0.0,0.0,0.0,1.0,4,0.0,0.0,15.91,9.85,589268
2024-07-28 09:00:00,00000000790,20240728090000,0.333,0.022,0.015,0.0,0.0,0.0,1.0,4,0.0,0.0,6.61,4.5,589268
2024-07-28 10:00:00,00000000790,20240728100000,1.532,0.337,0.0,0.0,0.0,0.0,1.0,4,0.0,0.0,22.0,0.0,589268
2024-07-28 11:00:00,00000000790,20240728110000,1.071,0.221,0.0,0.0,0.0,0.0,1.0,4,0.0,0.0,20.63,0.0,589268
2024-07-28 12:00:00,00000000790,20240728120000,0.542,0.105,0.0,0.0,0.0,0.0,1.0,4,0.0,0.0,19.37,0.0,589268
2024-07-28 13:00:00,00000000790,20240728130000,0.361,0.09,0.008,0.0,0.0,0.0,1.0,4,0.0,0.0,24.93,2.22,589268
2024-07-28 14:00:00,00000000790,20240728140000,0.068,0.022,0.009,0.0,0.0,0.0,1.0,4,0.0,0.0,32.35,13.24,589268
2024-07-28 15:00:00,00000000790,20240728150000,0.105,0.04,0.0,0.0,0.0,0.0,1.0,4,0.0,0.0,38.1,0.0,589268
2024-07-28 16:00:00,00000000790,20240728160000,0.069,0.025,0.007,0.0,0.0,0.0,1.0,4,0.0,0.0,36.23,10.14,589268
2024-07-28 17:00:00,00000000790,20240728170000,0.124,0.016,0.011,0.0,0.0,0.0,1.0,4,0.0,0.0,12.9,8.87,589268
2024-07-28 18:00:00,00000000790,20240728180000,0.056,0.017,0.01,0.0,0.0,0.0,1.0,4,0.0,0.0,30.36,17.86,589268
2024-07-28 19:00:00,00000000790,20240728190000,0.049,0.015,0.011,0.0,0.0,0.0,1.0,4,0.0,0.0,30.61,22.45,589268
2024-07-28 20:00:00,00000000790,20240728200000,1.176,0.111,0.0,0.0,0.0,0.0,1.0,4,0.0,0.0,9.44,0.0,589268
2024-07-28 21:00:00,00000000790,20240728210000,0.531,0.251,0.0,0.0,0.0,0.0,1.0,4,0.0,0.0,47.27,0.0,589268
2024-07-28 22:00:00,00000000790,20240728220000,0.075,0.026,0.005,0.0,0.0,0.0,1.0,4,0.0,0.0,34.67,6.67,589268
2024-07-28 23:00:00,00000000790,20240728230000,0.742,0.174,0.004,0.0,0.0,0.0,1.0,4,0.0,0.0,23.45,0.54,589268
2024-07-29 00:00:00,00000000790,20240729000000,1.176,0.296,0.0,0.0,0.0,0.0,1.0,4,0.0,0.0,25.17,0.0,589268
2024-07-29 01:00:00,00000000790,20240729010000,0.639,0.225,0.0,0.0,0.0,0.0,1.0,4,0.0,0.0,35.21,0.0,589268
2024-07-29 02:00:00,00000000790,20240729020000,0.425,0.12,0.0,0.0,0.0,0.0,1.0,4,0.0,0.0,28.24,0.0,589268
2024-07-29 03:00:00,00000000790,20240729030000,0.148,0.043,0.0,0.0,0.0,0.0,1.0,4,0.0,0.0,29.05,0.0,589268
2024-07-29 04:00:00,00000000790,20240729040000,0.117,0.048,0.0,0.0,0.0,0.0,1.0,4,0.0,0.0,41.03,0.0,589268
2024-07-29 05:00:00,00000000790,20240729050000,0.117,0.049,0.0,0.0,0.0,0.0,1.0,4,0.0,0.0,41.88,0.0,589268
2024-07-29 06:00:00,00000000790,20240729060000,0.389,0.054,0.0,0.0,0.0,0.0,1.0,4,0.0,0.0,13.88,0.0,589268
2024-07-29 07:00:00,00000000790,20240729070000,0.116,0.053,0.0,0.0,0.0,0.0,1.0,4,0.0,0.0,45.69,0.0,589268
2024-07-29 08:00:00,00000000790,20240729080000,0.038,0.009,0.017,0.0,0.0,0.0,1.0,4,0.0,0.0,23.68,44.74,589268
2024-07-29 09:00:00,00000000790,20240729090000,0.143,0.023,0.009,0.0,0.0,0.0,1.0,4,0.0,0.0,16.08,6.29,589268
2024-07-29 10:00:00,00000000790,20240729100000,0.534,0.04,0.0,0.0,0.0,0.0,1.0,4,0.0,0.0,7.49,0.0,589268
2024-07-29 11:00:00,00000000790,20240729110000,0.875,0.032,0.0,0.0,0.0,0.0,1.0,4,0.0,0.0,3.66,0.0,589268
2024-07-29 12:00:00,00000000790,20240729120000,0.69,0.119,0.0,0.0,0.0,0.0,1.0,4,0.0,0.0,17.25,0.0,589268
2024-07-29 13:00:00,00000000790,20240729130000,0.591,0.16,0.0,0.0,0.0,0.0,1.0,4,0.0,0.0,27.07,0.0,589268
2024-07-29 14:00:00,00000000790,20240729140000,0.327,0.029,0.002,0.0,0.0,0.0,1.0,4,0.0,0.0,8.87,0.61,589268
2024-07-29 15:00:00,00000000790,20240729150000,0.033,0.01,0.017,0.0,0.0,0.0,1.0,4,0.0,0.0,30.3,51.52,589268
2024-07-29 16:00:00,00000000790,20240729160000,0.298,0.017,0.011,0.0,0.0,0.0,1.0,4,0.0,0.0,5.7,3.69,589268
2024-07-29 17:00:00,00000000790,20240729170000,0.073,0.023,0.008,0.0,0.0,0.0,1.0,4,0.0,0.0,31.51,10.96,589268
2024-07-29 18:00:00,00000000790,20240729180000,0.015,0.0,0.023,0.0,0.0,0.0,1.0,4,0.0,0.0,0.0,153.33,589268
2024-07-29 19:00:00,00000000790,20240729190000,0.508,0.0,0.025,0.0,0.0,0.0,1.0,4,0.0,0.0,0.0,4.92,589268
2024-07-29 20:00:00,00000000790,20240729200000,0.106,0.029,0.002,0.0,0.0,0.0,1.0,4,0.0,0.0,27.36,1.89,589268
2024-07-29 21:00:00,00000000790,20240729210000,0.104,0.029,0.0,0.0,0.0,0.0,1.0,4,0.0,0.0,27.88,0.0,589268
2024-07-29 22:00:00,00000000790,20240729220000,0.102,0.031,0.0,0.0,0.0,0.0,1.0,4,0.0,0.0,30.39,0.0,589268
2024-07-29 23:00:00,00000000790,20240729230000,0.092,0.03,0.002,0.0,0.0,0.0,1.0,4,0.0,0.0,32.61,2.17,589268
2024-07-30 00:00:00,00000000790,20240730000000,0.047,0.013,0.014,0.0,0.0,0.0,1.0,4,0.0,0.0,27.66,29.79,589268
2024-07-30 01:00:00,00000000790,20240730010000,1.057,0.268,0.0,0.0,0.0,0.0,1.0,4,0.0,0.0,25.35,0.0,589268
2024-07-30 02:00:00,00000000790,20240730020000,0.899,0.183,0.0,0.0,0.0,0.0,1.0,4,0.0,0.0,20.36,0.0,589268
2024-07-30 03:00:00,00000000790,20240730030000,0.125,0.042,0.0,0.0,0.0,0.0,1.0,4,0.0,0.0,33.6,0.0,589268
2024-07-30 04:00:00,00000000790,20240730040000,0.094,0.033,0.006,0.0,0.0,0.0,1.0,4,0.0,0.0,35.11,6.38,589268
2024-07-30 05:00:00,00000000790,20240730050000,0.089,0.03,0.008,0.0,0.0,0.0,1.0,4,0.0,0.0,33.71,8.99,589268
2024-07-30 06:00:00,00000000790,20240730060000,0.066,0.022,0.014,0.0,0.0,0.0,1.0,4,0.0,0.0,33.33,21.21,589268
2024-07-30 07:00:00,00000000790,20240730070000,0.026,0.0,0.025,0.0,0.0,0.0,1.0,4,0.0,0.0,0.0,96.15,589268
2024-07-30 08:00:00,00000000790,20240730080000,0.093,0.028,0.008,0.0,0.0,0.0,1.0,4,0.0,0.0,30.11,8.6,589268
2024-07-30 09:00:00,00000000790,20240730090000,0.06,0.016,0.014,0.0,0.0,0.0,1.0,4,0.0,0.0,26.67,23.33,589268
2024-07-30 10:00:00,00000000790,20240730100000,0.442,0.022,0.01,0.0,0.0,0.0,1.0,4,0.0,0.0,4.98,2.26,589268
2024-07-30 11:00:00,00000000790,20240730110000,0.245,0.027,0.007,0.0,0.0,0.0,1.0,4,0.0,0.0,11.02,2.86,589268
2024-07-30 12:00:00,00000000790,20240730120000,1.29,0.262,0.0,0.0,0.0,0.0,1.0,4,0.0,0.0,20.31,0.0,589268
2024-07-30 13:00:00,00000000790,20240730130000,1.571,0.223,0.005,0.0,0.0,0.0,1.0,4,0.0,0.0,14.19,0.32,589268
2024-07-30 14:00:00,00000000790,20240730140000,0.027,0.005,0.016,0.0,0.0,0.0,1.0,4,0.0,0.0,18.52,59.26,589268
2024-07-30 15:00:00,00000000790,20240730150000,0.077,0.025,0.006,0.0,0.0,0.0,1.0,4,0.0,0.0,32.47,7.79,589268
2024-07-30 16:00:00,00000000790,20240730160000,0.05,0.018,0.011,0.0,0.0,0.0,1.0,4,0.0,0.0,36.0,22.0,589268
2024-07-30 17:00:00,00000000790,20240730170000,0.048,0.015,0.011,0.0,0.0,0.0,1.0,4,0.0,0.0,31.25,22.92,589268
2024-07-30 18:00:00,00000000790,20240730180000,0.047,0.016,0.011,0.0,0.0,0.0,1.0,4,0.0,0.0,34.04,23.4,589268
2024-07-30 19:00:00,00000000790,20240730190000,0.781,0.025,0.004,0.0,0.0,0.0,1.0,4,0.0,0.0,3.2,0.51,589268
2024-07-30 20:00:00,00000000790,20240730200000,0.595,0.085,0.001,0.0,0.0,0.0,1.0,4,0.0,0.0,14.29,0.17,589268
2024-07-30 21:00:00,00000000790,20240730210000,0.255,0.08,0.0,0.0,0.0,0.0,1.0,4,0.0,0.0,31.37,0.0,589268
2024-07-30 22:00:00,00000000790,20240730220000,0.103,0.036,0.0,0.0,0.0,0.0,1.0,4,0.0,0.0,34.95,0.0,589268
2024-07-30 23:00:00,00000000790,20240730230000,0.101,0.04,0.0,0.0,0.0,0.0,1.0,4,0.0,0.0,39.6,0.0,589268
2024-07-31 00:00:00,00000000790,20240731000000,0.712,0.212,0.0,0.0,0.0,0.0,1.0,4,0.0,0.0,29.78,0.0,589268
2024-07-31 01:00:00,00000000790,20240731010000,1.168,0.405,0.0,0.0,0.0,0.0,1.0,4,0.0,0.0,34.67,0.0,589268
2024-07-31 02:00:00,00000000790,20240731020000,0.733,0.144,0.003,0.0,0.0,0.0,1.0,4,0.0,0.0,19.65,0.41,589268
2024-07-31 03:00:00,00000000790,20240731030000,0.413,0.023,0.012,0.0,0.0,0.0,1.0,4,0.0,0.0,5.57,2.91,589268
2024-07-31 04:00:00,00000000790,20240731040000,0.109,0.035,0.005,0.0,0.0,0.0,1.0,4,0.0,0.0,32.11,4.59,589268
2024-07-31 05:00:00,00000000790,20240731050000,0.062,0.019,0.012,0.0,0.0,0.0,1.0,4,0.0,0.0,30.65,19.35,589268
2024-07-31 06:00:00,00000000790,20240731060000,0.06,0.019,0.014,0.0,0.0,0.0,1.0,4,0.0,0.0,31.67,23.33,589268
2024-07-31 07:00:00,00000000790,20240731070000,0.057,0.018,0.014,0.0,0.0,0.0,1.0,4,0.0,0.0,31.58,24.56,589268
2024-07-31 08:00:00,00000000790,20240731080000,0.042,0.009,0.016,0.0,0.0,0.0,1.0,4,0.0,0.0,21.43,38.1,589268
2024-07-31 09:00:00,00000000790,20240731090000,0.037,0.008,0.016,0.0,0.0,0.0,1.0,4,0.0,0.0,21.62,43.24,589268
2024-07-31 10:00:00,00000000790,20240731100000,0.537,0.064,0.012,0.0,0.0,0.0,1.0,4,0.0,0.0,11.92,2.23,589268
2024-07-31 11:00:00,00000000790,20240731110000,1.337,0.083,0.008,0.0,0.0,0.0,1.0,4,0.0,0.0,6.21,0.6,589268
2024-07-31 12:00:00,00000000790,20240731120000,0.562,0.021,0.01,0.0,0.0,0.0,1.0,4,0.0,0.0,3.74,1.78,589268
2024-07-31 13:00:00,00000000790,20240731130000,0.394,0.047,0.0,0.0,0.0,0.0,1.0,4,0.0,0.0,11.93,0.0,589268
2024-07-31 14:00:00,00000000790,20240731140000,0.344,0.106,0.0,0.0,0.0,0.0,1.0,4,0.0,0.0,30.81,0.0,589268
2024-07-31 15:00:00,00000000790,20240731150000,0.108,0.043,0.0,0.0,0.0,0.0,1.0,4,0.0,0.0,39.81,0.0,589268
2024-07-31 16:00:00,00000000790,20240731160000,0.045,0.017,0.012,0.0,0.0,0.0,1.0,4,0.0,0.0,37.78,26.67,589268
2024-07-31 17:00:00,00000000790,20240731170000,0.041,0.014,0.013,0.0,0.0,0.0,1.0,4,0.0,0.0,34.15,31.71,589268
2024-07-31 18:00:00,00000000790,20240731180000,0.042,0.01,0.014,0.0,0.0,0.0,1.0,4,0.0,0.0,23.81,33.33,589268
2024-07-31 19:00:00,00000000790,20240731190000,1.154,0.144,0.0,0.0,0.0,0.0,1.0,4,0.0,0.0,12.48,0.0,589268
2024-07-31 20:00:00,00000000790,20240731200000,0.856,0.082,0.0,0.0,0.0,0.0,1.0,4,0.0,0.0,9.58,0.0,589268
2024-07-31 21:00:00,00000000790,20240731210000,1.494,0.264,0.0,0.0,0.0,0.0,1.0,4,0.0,0.0,17.67,0.0,589268
2024-07-31 22:00:00,00000000790,20240731220000,0.79,0.121,0.0,0.0,0.0,0.0,1.0,4,0.0,0.0,15.32,0.0,589268
2024-07-31 23:00:00,00000000790,20240731230000,0.379,0.102,0.0,0.0,0.0,0.0,1.0,4,0.0,0.0,26.91,0.0,589268
2024-08-01 00:00:00,00000000790,20240801000000,0.422,0.168,0.0,0.0,0.0,0.0,1.0,4,0.0,0.0,39.81,0.0,589268
2024-08-01 01:00:00,00000000790,20240801010000,1.115,0.395,0.0,0.0,0.0,0.0,1.0,4,0.0,0.0,35.43,0.0,589268
2024-08-01 02:00:00,00000000790,20240801020000,0.227,0.115,0.0,0.0,0.0,0.0,1.0,4,0.0,0.0,50.66,0.0,589268
2024-08-01 03:00:00,00000000790,20240801030000,0.327,0.12,0.0,0.0,0.0,0.0,1.0,4,0.0,0.0,36.7,0.0,589268
2024-08-01 04:00:00,00000000790,20240801040000,0.118,0.049,0.0,0.0,0.0,0.0,1.0,4,0.0,0.0,41.53,0.0,589268
2024-08-01 05:00:00,00000000790,20240801050000,0.329,0.017,0.014,0.0,0.0,0.0,1.0,4,0.0,0.0,5.17,4.26,589268
2024-08-01 06:00:00,00000000790,20240801060000,0.087,0.031,0.009,0.0,0.0,0.0,1.0,4,0.0,0.0,35.63,10.34,589268
2024-08-01 07:00:00,00000000790,20240801070000,0.063,0.022,0.012,0.0,0.0,0.0,1.0,4,0.0,0.0,34.92,19.05,589268
2024-08-01 08:00:00,00000000790,20240801080000,0.055,0.016,0.013,0.0,0.0,0.0,1.0,4,0.0,0.0,29.09,23.64,589268
2024-08-01 09:00:00,00000000790,20240801090000,0.047,0.012,0.015,0.0,0.0,0.0,1.0,4,0.0,0.0,25.53,31.91,589268
2024-08-01 10:00:00,00000000790,20240801100000,0.042,0.01,0.015,0.0,0.0,0.0,1.0,4,0.0,0.0,23.81,35.71,589268
2024-08-01 11:00:00,00000000790,20240801110000,0.474,0.019,0.011,0.0,0.0,0.0,1.0,4,0.0,0.0,4.01,2.32,589268
2024-08-01 12:00:00,00000000790,20240801120000,0.432,0.012,0.015,0.0,0.0,0.0,1.0,4,0.0,0.0,2.78,3.47,589268
2024-08-01 13:00:00,00000000790,20240801130000,0.335,0.038,0.0,0.0,0.0,0.0,1.0,4,0.0,0.0,11.34,0.0,589268
2024-08-01 14:00:00,00000000790,20240801140000,0.46,0.039,0.0,0.0,0.0,0.0,1.0,4,0.0,0.0,8.48,0.0,589268
2024-08-01 15:00:00,00000000790,20240801150000,0.101,0.038,0.0,0.0,0.0,0.0,1.0,4,0.0,0.0,37.62,0.0,589268
2024-08-01 16:00:00,00000000790,20240801160000,0.1,0.039,0.0,0.0,0.0,0.0,1.0,4,0.0,0.0,39.0,0.0,589268
2024-08-01 17:00:00,00000000790,20240801170000,0.074,0.027,0.006,0.0,0.0,0.0,1.0,4,0.0,0.0,36.49,8.11,589268
2024-08-01 18:00:00,00000000790,20240801180000,0.013,0.0,0.019,0.0,0.0,0.0,1.0,4,0.0,0.0,0.0,146.15,589268
2024-08-01 19:00:00,00000000790,20240801190000,0.681,0.082,0.003,0.0,0.0,0.0,1.0,4,0.0,0.0,12.04,0.44,589268
2024-08-01 20:00:00,00000000790,20240801200000,1.018,0.14,0.0,0.0,0.0,0.0,1.0,4,0.0,0.0,13.75,0.0,589268
2024-08-01 21:00:00,00000000790,20240801210000,0.468,0.126,0.0,0.0,0.0,0.0,1.0,4,0.0,0.0,26.92,0.0,589268
2024-08-01 22:00:00,00000000790,20240801220000,0.633,0.166,0.0,0.0,0.0,0.0,1.0,4,0.0,0.0,26.22,0.0,589268
2024-08-01 23:00:00,00000000790,20240801230000,0.323,0.129,0.0,0.0,0.0,0.0,1.0,4,0.0,0.0,39.94,0.0,589268
2024-08-02 00:00:00,00000000790,20240802000000,0.402,0.14,0.0,0.0,0.0,0.0,1.0,4,0.0,0.0,34.83,0.0,589268
2024-08-02 01:00:00,00000000790,20240802010000,0.641,0.152,0.0,0.0,0.0,0.0,1.0,4,0.0,0.0,23.71,0.0,589268
2024-08-02 02:00:00,00000000790,20240802020000,0.246,0.069,0.01,0.0,0.0,0.0,1.0,4,0.0,0.0,28.05,4.07,589268
2024-08-02 03:00:00,00000000790,20240802030000,0.278,0.087,0.003,0.0,0.0,0.0,1.0,4,0.0,0.0,31.29,1.08,589268
2024-08-02 04:00:00,00000000790,20240802040000,0.063,0.0,0.029,0.0,0.0,0.0,1.0,4,0.0,0.0,0.0,46.03,589268
2024-08-02 05:00:00,00000000790,20240802050000,0.12,0.017,0.018,0.0,0.0,0.0,1.0,4,0.0,0.0,14.17,15.0,589268
2024-08-02 06:00:00,00000000790,20240802060000,0.134,0.027,0.01,0.0,0.0,0.0,1.0,4,0.0,0.0,20.15,7.46,589268
2024-08-02 07:00:00,00000000790,20240802070000,0.121,0.021,0.016,0.0,0.0,0.0,1.0,4,0.0,0.0,17.36,13.22,589268
2024-08-02 08:00:00,00000000790,20240802080000,0.11,0.015,0.017,0.0,0.0,0.0,1.0,4,0.0,0.0,13.64,15.45,589268
2024-08-02 09:00:00,00000000790,20240802090000,0.134,0.025,0.024,0.0,0.0,0.0,1.0,4,0.0,0.0,18.66,17.91,589268
2024-08-02 10:00:00,00000000790,20240802100000,1.004,0.173,0.004,0.0,0.0,0.0,1.0,4,0.0,0.0,17.23,0.4,589268
2024-08-02 11:00:00,00000000790,20240802110000,0.712,0.096,0.0,0.0,0.0,0.0,1.0,4,0.0,0.0,13.48,0.0,589268
2024-08-02 12:00:00,00000000790,20240802120000,0.872,0.078,0.0,0.0,0.0,0.0,1.0,4,0.0,0.0,8.94,0.0,589268
2024-08-02 13:00:00,00000000790,20240802130000,0.892,0.264,0.0,0.0,0.0,0.0,1.0,4,0.0,0.0,29.6,0.0,589268
2024-08-02 14:00:00,00000000790,20240802140000,0.181,0.063,0.0,0.0,0.0,0.0,1.0,4,0.0,0.0,34.81,0.0,589268
2024-08-02 15:00:00,00000000790,20240802150000,0.037,0.013,0.013,0.0,0.0,0.0,1.0,4,0.0,0.0,35.14,35.14,589268
2024-08-02 16:00:00,00000000790,20240802160000,0.013,0.0,0.018,0.0,0.0,0.0,1.0,4,0.0,0.0,0.0,138.46,589268
2024-08-02 17:00:00,00000000790,20240802170000,0.074,0.022,0.008,0.0,0.0,0.0,1.0,4,0.0,0.0,29.73,10.81,589268
2024-08-02 18:00:00,00000000790,20240802180000,0.056,0.02,0.009,0.0,0.0,0.0,1.0,4,0.0,0.0,35.71,16.07,589268
2024-08-02 19:00:00,00000000790,20240802190000,0.877,0.039,0.002,0.0,0.0,0.0,1.0,4,0.0,0.0,4.45,0.23,589268
2024-08-02 20:00:00,00000000790,20240802200000,0.028,0.01,0.014,0.0,0.0,0.0,1.0,4,0.0,0.0,35.71,50.0,589268
2024-08-02 21:00:00,00000000790,20240802210000,0.131,0.018,0.008,0.0,0.0,0.0,1.0,4,0.0,0.0,13.74,6.11,589268
2024-08-02 22:00:00,00000000790,20240802220000,0.068,0.021,0.009,0.0,0.0,0.0,1.0,4,0.0,0.0,30.88,13.24,589268
2024-08-02 23:00:00,00000000790,20240802230000,0.04,0.01,0.014,0.0,0.0,0.0,1.0,4,0.0,0.0,25.0,35.0,589268
2024-08-03 00:00:00,00000000790,20240803000000,0.116,0.038,0.007,0.0,0.0,0.0,1.0,4,0.0,0.0,32.76,6.03,589268
2024-08-03 01:00:00,00000000790,20240803010000,0.491,0.13,0.0,0.0,0.0,0.0,1.0,4,0.0,0.0,26.48,0.0,589268
2024-08-03 02:00:00,00000000790,20240803020000,0.141,0.047,0.001,0.0,0.0,0.0,1.0,4,0.0,0.0,33.33,0.71,589268
2024-08-03 03:00:00,00000000790,20240803030000,0.848,0.122,0.0,0.0,0.0,0.0,1.0,4,0.0,0.0,14.39,0.0,589268
2024-08-03 04:00:00,00000000790,20240803040000,0.188,0.083,0.0,0.0,0.0,0.0,1.0,4,0.0,0.0,44.15,0.0,589268
2024-08-03 05:00:00,00000000790,20240803050000,0.114,0.013,0.021,0.0,0.0,0.0,1.0,4,0.0,0.0,11.4,18.42,589268
2024-08-03 06:00:00,00000000790,20240803060000,0.164,0.032,0.004,0.0,0.0,0.0,1.0,4,0.0,0.0,19.51,2.44,589268
2024-08-03 07:00:00,00000000790,20240803070000,0.116,0.019,0.018,0.0,0.0,0.0,1.0,4,0.0,0.0,16.38,15.52,589268
2024-08-03 08:00:00,00000000790,20240803080000,0.088,0.009,0.024,0.0,0.0,0.0,1.0,4,0.0,0.0,10.23,27.27,589268
2024-08-03 09:00:00,00000000790,20240803090000,0.087,0.009,0.023,0.0,0.0,0.0,1.0,4,0.0,0.0,10.34,26.44,589268
2024-08-03 10:00:00,00000000790,20240803100000,0.113,0.013,0.015,0.0,0.0,0.0,1.0,4,0.0,0.0,11.5,13.27,589268
2024-08-03 11:00:00,00000000790,20240803110000,0.351,0.008,0.02,0.0,0.0,0.0,1.0,4,0.0,0.0,2.28,5.7,589268
2024-08-03 12:00:00,00000000790,20240803120000,0.593,0.06,0.0,0.0,0.0,0.0,1.0,4,0.0,0.0,10.12,0.0,589268
2024-08-03 13:00:00,00000000790,20240803130000,0.83,0.189,0.0,0.0,0.0,0.0,1.0,4,0.0,0.0,22.77,0.0,589268
2024-08-03 14:00:00,00000000790,20240803140000,1.063,0.207,0.0,0.0,0.0,0.0,1.0,4,0.0,0.0,19.47,0.0,589268
2024-08-03 15:00:00,00000000790,20240803150000,0.463,0.068,0.0,0.0,0.0,0.0,1.0,4,0.0,0.0,14.69,0.0,589268
2024-08-03 16:00:00,00000000790,20240803160000,0.27,0.027,0.006,0.0,0.0,0.0,1.0,4,0.0,0.0,10.0,2.22,589268
2024-08-03 17:00:00,00000000790,20240803170000,0.013,0.0,0.019,0.0,0.0,0.0,1.0,4,0.0,0.0,0.0,146.15,589268
2024-08-03 18:00:00,00000000790,20240803180000,0.09,0.028,0.004,0.0,0.0,0.0,1.0,4,0.0,0.0,31.11,4.44,589268
2024-08-03 19:00:00,00000000790,20240803190000,1.06,0.106,0.0,0.0,0.0,0.0,1.0,4,0.0,0.0,10.0,0.0,589268
2024-08-03 20:00:00,00000000790,20240803200000,0.579,0.128,0.0,0.0,0.0,0.0,1.0,4,0.0,0.0,22.11,0.0,589268
2024-08-03 21:00:00,00000000790,20240803210000,0.101,0.025,0.003,0.0,0.0,0.0,1.0,4,0.0,0.0,24.75,2.97,589268
2024-08-03 22:00:00,00000000790,20240803220000,0.136,0.023,0.007,0.0,0.0,0.0,1.0,4,0.0,0.0,16.91,5.15,589268
2024-08-03 23:00:00,00000000790,20240803230000,0.09,0.029,0.003,0.0,0.0,0.0,1.0,4,0.0,0.0,32.22,3.33,589268
2024-08-04 00:00:00,00000000790,20240804000000,0.965,0.156,0.008,0.0,0.0,0.0,1.0,4,0.0,0.0,16.17,0.83,589268
2024-08-04 01:00:00,00000000790,20240804010000,0.507,0.172,0.001,0.0,0.0,0.0,1.0,4,0.0,0.0,33.93,0.2,589268
2024-08-04 02:00:00,00000000790,20240804020000,0.357,0.136,0.0,0.0,0.0,0.0,1.0,4,0.0,0.0,38.1,0.0,589268
2024-08-04 03:00:00,00000000790,20240804030000,0.148,0.036,0.004,0.0,0.0,0.0,1.0,4,0.0,0.0,24.32,2.7,589268
2024-08-04 04:00:00,00000000790,20240804040000,0.107,0.013,0.021,0.0,0.0,0.0,1.0,4,0.0,0.0,12.15,19.63,589268
2024-08-04 05:00:00,00000000790,20240804050000,0.087,0.008,0.027,0.0,0.0,0.0,1.0,4,0.0,0.0,9.2,31.03,589268
2024-08-04 06:00:00,00000000790,20240804060000,0.099,0.01,0.024,0.0,0.0,0.0,1.0,4,0.0,0.0,10.1,24.24,589268
2024-08-04 07:00:00,00000000790,20240804070000,0.092,0.007,0.029,0.0,0.0,0.0,1.0,4,0.0,0.0,7.61,31.52,589268
2024-08-04 08:00:00,00000000790,20240804080000,0.16,0.032,0.002,0.0,0.0,0.0,1.0,4,0.0,0.0,20.0,1.25,589268
2024-08-04 09:00:00,00000000790,20240804090000,0.368,0.016,0.017,0.0,0.0,0.0,1.0,4,0.0,0.0,4.35,4.62,589268
2024-08-04 10:00:00,00000000790,20240804100000,0.094,0.009,0.021,0.0,0.0,0.0,1.0,4,0.0,0.0,9.57,22.34,589268
2024-08-04 11:00:00,00000000790,20240804110000,0.565,0.043,0.007,0.0,0.0,0.0,1.0,4,0.0,0.0,7.61,1.24,589268
2024-08-04 12:00:00,00000000790,20240804120000,0.904,0.196,0.0,0.0,0.0,0.0,1.0,4,0.0,0.0,21.68,0.0,589268
2024-08-04 13:00:00,00000000790,20240804130000,0.931,0.153,0.0,0.0,0.0,0.0,1.0,4,0.0,0.0,16.43,0.0,589268
2024-08-04 14:00:00,00000000790,20240804140000,0.616,0.124,0.0,0.0,0.0,0.0,1.0,4,0.0,0.0,20.13,0.0,589268
2024-08-04 15:00:00,00000000790,20240804150000,0.397,0.058,0.0,0.0,0.0,0.0,1.0,4,0.0,0.0,14.61,0.0,589268
2024-08-04 16:00:00,00000000790,20240804160000,0.1,0.036,0.0,0.0,0.0,0.0,1.0,4,0.0,0.0,36.0,0.0,589268
2024-08-04 17:00:00,00000000790,20240804170000,0.044,0.015,0.011,0.0,0.0,0.0,1.0,4,0.0,0.0,34.09,25.0,589268
2024-08-04 18:00:00,00000000790,20240804180000,0.44,0.017,0.011,0.0,0.0,0.0,1.0,4,0.0,0.0,3.86,2.5,589268
2024-08-04 19:00:00,00000000790,20240804190000,0.463,0.043,0.009,0.0,0.0,0.0,1.0,4,0.0,0.0,9.29,1.94,589268
2024-08-04 20:00:00,00000000790,20240804200000,0.104,0.034,0.0,0.0,0.0,0.0,1.0,4,0.0,0.0,32.69,0.0,589268
2024-08-04 21:00:00,00000000790,20240804210000,0.041,0.012,0.011,0.0,0.0,0.0,1.0,4,0.0,0.0,29.27,26.83,589268
2024-08-04 22:00:00,00000000790,20240804220000,0.566,0.094,0.007,0.0,0.0,0.0,1.0,4,0.0,0.0,16.61,1.24,589268
2024-08-04 23:00:00,00000000790,20240804230000,1.463,0.535,0.0,0.0,0.0,0.0,1.0,4,0.0,0.0,36.57,0.0,589268
2024-08-05 00:00:00,00000000790,20240805000000,0.757,0.224,0.0,0.0,0.0,0.0,1.0,4,0.0,0.0,29.59,0.0,589268
2024-08-05 01:00:00,00000000790,20240805010000,0.513,0.103,0.0,0.0,0.0,0.0,1.0,4,0.0,0.0,20.08,0.0,589268
2024-08-05 02:00:00,00000000790,20240805020000,0.618,0.081,0.004,0.0,0.0,0.0,1.0,4,0.0,0.0,13.11,0.65,589268
2024-08-05 03:00:00,00000000790,20240805030000,0.105,0.015,0.015,0.0,0.0,0.0,1.0,4,0.0,0.0,14.29,14.29,589268
2024-08-05 04:00:00,00000000790,20240805040000,0.398,0.098,0.012,0.0,0.0,0.0,1.0,4,0.0,0.0,24.62,3.02,589268
2024-08-05 05:00:00,00000000790,20240805050000,0.128,0.018,0.014,0.0,0.0,0.0,1.0,4,0.0,0.0,14.06,10.94,589268
2024-08-05 06:00:00,00000000790,20240805060000,0.099,0.013,0.023,0.0,0.0,0.0,1.0,4,0.0,0.0,13.13,23.23,589268
2024-08-05 07:00:00,00000000790,20240805070000,0.08,0.004,0.03,0.0,0.0,0.0,1.0,4,0.0,0.0,5.0,37.5,589268
2024-08-05 08:00:00,00000000790,20240805080000,0.294,0.071,0.0,0.0,0.0,0.0,1.0,4,0.0,0.0,24.15,0.0,589268
2024-08-05 09:00:00,00000000790,20240805090000,0.18,0.037,0.018,0.0,0.0,0.0,1.0,4,0.0,0.0,20.56,10.0,589268
2024-08-05 10:00:00,00000000790,20240805100000,0.083,0.01,0.02,0.0,0.0,0.0,1.0,4,0.0,0.0,12.05,24.1,589268
2024-08-05 11:00:00,00000000790,20240805110000,0.109,0.016,0.012,0.0,0.0,0.0,1.0,4,0.0,0.0,14.68,11.01,589268
2024-08-05 12:00:00,00000000790,20240805120000,0.878,0.06,0.01,0.0,0.0,0.0,1.0,4,0.0,0.0,6.83,1.14,589268
2024-08-05 13:00:00,00000000790,20240805130000,1.342,0.206,0.001,0.0,0.0,0.0,1.0,4,0.0,0.0,15.35,0.07,589268
2024-08-05 14:00:00,00000000790,20240805140000,1.024,0.148,0.0,0.0,0.0,0.0,1.0,4,0.0,0.0,14.45,0.0,589268
2024-08-05 15:00:00,00000000790,20240805150000,0.367,0.023,0.01,0.0,0.0,0.0,1.0,4,0.0,0.0,6.27,2.72,589268
2024-08-05 16:00:00,00000000790,20240805160000,0.071,0.023,0.007,0.0,0.0,0.0,1.0,4,0.0,0.0,32.39,9.86,589268
2024-08-05 17:00:00,00000000790,20240805170000,0.053,0.018,0.01,0.0,0.0,0.0,1.0,4,0.0,0.0,33.96,18.87,589268
2024-08-05 18:00:00,00000000790,20240805180000,0.02,0.005,0.016,0.0,0.0,0.0,1.0,4,0.0,0.0,25.0,80.0,589268
2024-08-05 19:00:00,00000000790,20240805190000,0.078,0.023,0.007,0.0,0.0,0.0,1.0,4,0.0,0.0,29.49,8.97,589268
2024-08-05 20:00:00,00000000790,20240805200000,0.029,0.01,0.013,0.0,0.0,0.0,1.0,4,0.0,0.0,34.48,44.83,589268
2024-08-05 21:00:00,00000000790,20240805210000,0.067,0.02,0.007,0.0,0.0,0.0,1.0,4,0.0,0.0,29.85,10.45,589268
2024-08-05 22:00:00,00000000790,20240805220000,0.062,0.02,0.008,0.0,0.0,0.0,1.0,4,0.0,0.0,32.26,12.9,589268
2024-08-05 23:00:00,00000000790,20240805230000,0.038,0.001,0.018,0.0,0.0,0.0,1.0,4,0.0,0.0,2.63,47.37,589268
2024-08-06 00:00:00,00000000790,20240806000000,0.31,0.034,0.003,0.0,0.0,0.0,1.0,4,0.0,0.0,10.97,0.97,589268
2024-08-06 01:00:00,00000000790,20240806010000,1.058,0.207,0.003,0.0,0.0,0.0,1.0,4,0.0,0.0,19.57,0.28,589268
2024-08-06 02:00:00,00000000790,20240806020000,0.636,0.238,0.0,0.0,0.0,0.0,1.0,4,0.0,0.0,37.42,0.0,589268
2024-08-06 03:00:00,00000000790,20240806030000,0.234,0.112,0.0,0.0,0.0,0.0,1.0,4,0.0,0.0,47.86,0.0,589268
2024-08-06 04:00:00,00000000790,20240806040000,0.148,0.066,0.005,0.0,0.0,0.0,1.0,4,0.0,0.0,44.59,3.38,589268
2024-08-06 05:00:00,00000000790,20240806050000,0.076,0.026,0.009,0.0,0.0,0.0,1.0,4,0.0,0.0,34.21,11.84,589268
2024-08-06 06:00:00,00000000790,20240806060000,0.074,0.025,0.011,0.0,0.0,0.0,1.0,4,0.0,0.0,33.78,14.86,589268
2024-08-06 07:00:00,00000000790,20240806070000,0.052,0.011,0.02,0.0,0.0,0.0,1.0,4,0.0,0.0,21.15,38.46,589268
2024-08-06 08:00:00,00000000790,20240806080000,0.157,0.048,0.003,0.0,0.0,0.0,1.0,4,0.0,0.0,30.57,1.91,589268
2024-08-06 09:00:00,00000000790,20240806090000,0.863,0.037,0.017,0.0,0.0,0.0,1.0,4,0.0,0.0,4.29,1.97,589268
2024-08-06 10:00:00,00000000790,20240806100000,0.748,0.081,0.007,0.0,0.0,0.0,1.0,4,0.0,0.0,10.83,0.94,589268
2024-08-06 11:00:00,00000000790,20240806110000,0.128,0.023,0.007,0.0,0.0,0.0,1.0,4,0.0,0.0,17.97,5.47,589268
2024-08-06 12:00:00,00000000790,20240806120000,1.052,0.192,0.0,0.0,0.0,0.0,1.0,4,0.0,0.0,18.25,0.0,589268
2024-08-06 13:00:00,00000000790,20240806130000,0.642,0.068,0.015,0.0,0.0,0.0,1.0,4,0.0,0.0,10.59,2.34,589268
2024-08-06 14:00:00,00000000790,20240806140000,0.488,0.093,0.0,0.0,0.0,0.0,1.0,4,0.0,0.0,19.06,0.0,589268
2024-08-06 15:00:00,00000000790,20240806150000,0.102,0.034,0.0,0.0,0.0,0.0,1.0,4,0.0,0.0,33.33,0.0,589268
2024-08-06 16:00:00,00000000790,20240806160000,0.037,0.011,0.016,0.0,0.0,0.0,1.0,4,0.0,0.0,29.73,43.24,589268
2024-08-06 17:00:00,00000000790,20240806170000,0.133,0.012,0.015,0.0,0.0,0.0,1.0,4,0.0,0.0,9.02,11.28,589268
2024-08-06 18:00:00,00000000790,20240806180000,0.618,0.029,0.002,0.0,0.0,0.0,1.0,4,0.0,0.0,4.69,0.32,589268
2024-08-06 19:00:00,00000000790,20240806190000,0.444,0.047,0.015,0.0,0.0,0.0,1.0,4,0.0,0.0,10.59,3.38,589268
2024-08-06 20:00:00,00000000790,20240806200000,0.108,0.031,0.0,0.0,0.0,0.0,1.0,4,0.0,0.0,28.7,0.0,589268
2024-08-06 21:00:00,00000000790,20240806210000,0.102,0.028,0.0,0.0,0.0,0.0,1.0,4,0.0,0.0,27.45,0.0,589268
2024-08-06 22:00:00,00000000790,20240806220000,0.102,0.031,0.0,0.0,0.0,0.0,1.0,4,0.0,0.0,30.39,0.0,589268
2024-08-06 23:00:00,00000000790,20240806230000,1.188,0.244,0.0,0.0,0.0,0.0,1.0,4,0.0,0.0,20.54,0.0,589268
2024-08-07 00:00:00,00000000790,20240807000000,0.774,0.284,0.001,0.0,0.0,0.0,1.0,4,0.0,0.0,36.69,0.13,589268
2024-08-07 01:00:00,00000000790,20240807010000,1.163,0.288,0.0,0.0,0.0,0.0,1.0,4,0.0,0.0,24.76,0.0,589268
2024-08-07 02:00:00,00000000790,20240807020000,0.582,0.063,0.0,0.0,0.0,0.0,1.0,4,0.0,0.0,10.82,0.0,589268
2024-08-07 03:00:00,00000000790,20240807030000,0.379,0.017,0.021,0.0,0.0,0.0,1.0,4,0.0,0.0,4.49,5.54,589268
2024-08-07 04:00:00,00000000790,20240807040000,0.125,0.018,0.014,0.0,0.0,0.0,1.0,4,0.0,0.0,14.4,11.2,589268
2024-08-07 05:00:00,00000000790,20240807050000,0.102,0.01,0.026,0.0,0.0,0.0,1.0,4,0.0,0.0,9.8,25.49,589268
2024-08-07 06:00:00,00000000790,20240807060000,0.083,0.006,0.032,0.0,0.0,0.0,1.0,4,0.0,0.0,7.23,38.55,589268
2024-08-07 07:00:00,00000000790,20240807070000,0.123,0.018,0.016,0.0,0.0,0.0,1.0,4,0.0,0.0,14.63,13.01,589268
2024-08-07 08:00:00,00000000790,20240807080000,0.075,0.005,0.033,0.0,0.0,0.0,1.0,4,0.0,0.0,6.67,44.0,589268
2024-08-07 09:00:00,00000000790,20240807090000,0.11,0.011,0.023,0.0,0.0,0.0,1.0,4,0.0,0.0,10.0,20.91,589268
2024-08-07 10:00:00,00000000790,20240807100000,0.416,0.028,0.003,0.0,0.0,0.0,1.0,4,0.0,0.0,6.73,0.72,589268
2024-08-07 11:00:00,00000000790,20240807110000,0.767,0.036,0.0,0.0,0.0,0.0,1.0,4,0.0,0.0,4.69,0.0,589268
2024-08-07 12:00:00,00000000790,20240807120000,1.07,0.125,0.0,0.0,0.0,0.0,1.0,4,0.0,0.0,11.68,0.0,589268
2024-08-07 13:00:00,00000000790,20240807130000,0.566,0.084,0.0,0.0,0.0,0.0,1.0,4,0.0,0.0,14.84,0.0,589268
2024-08-07 14:00:00,00000000790,20240807140000,1.175,0.221,0.002,0.0,0.0,0.0,1.0,4,0.0,0.0,18.81,0.17,589268
2024-08-07 15:00:00,00000000790,20240807150000,0.485,0.048,0.011,0.0,0.0,0.0,1.0,4,0.0,0.0,9.9,2.27,589268
2024-08-07 16:00:00,00000000790,20240807160000,0.565,0.12,0.008,0.0,0.0,0.0,1.0,4,0.0,0.0,21.24,1.42,589268
2024-08-07 17:00:00,00000000790,20240807170000,0.679,0.155,0.003,0.0,0.0,0.0,1.0,4,0.0,0.0,22.83,0.44,589268
2024-08-07 18:00:00,00000000790,20240807180000,0.48,0.099,0.001,0.0,0.0,0.0,1.0,4,0.0,0.0,20.62,0.21,589268
2024-08-07 19:00:00,00000000790,20240807190000,0.057,0.018,0.009,0.0,0.0,0.0,1.0,4,0.0,0.0,31.58,15.79,589268
2024-08-07 20:00:00,00000000790,20240807200000,0.047,0.015,0.01,0.0,0.0,0.0,1.0,4,0.0,0.0,31.91,21.28,589268
2024-08-07 21:00:00,00000000790,20240807210000,0.056,0.017,0.009,0.0,0.0,0.0,1.0,4,0.0,0.0,30.36,16.07,589268
2024-08-07 22:00:00,00000000790,20240807220000,0.059,0.018,0.009,0.0,0.0,0.0,1.0,4,0.0,0.0,30.51,15.25,589268
2024-08-07 23:00:00,00000000790,20240807230000,0.933,0.23,0.003,0.0,0.0,0.0,1.0,4,0.0,0.0,24.65,0.32,589268
2024-08-08 00:00:00,00000000790,20240808000000,0.769,0.147,0.0,0.0,0.0,0.0,1.0,4,0.0,0.0,19.12,0.0,589268
2024-08-08 01:00:00,00000000790,20240808010000,1.963,0.306,0.0,0.0,0.0,0.0,1.0,4,0.0,0.0,15.59,0.0,589268
2024-08-08 02:00:00,00000000790,20240808020000,0.517,0.1,0.0,0.0,0.0,0.0,1.0,4,0.0,0.0,19.34,0.0,589268
2024-08-08 03:00:00,00000000790,20240808030000,0.072,0.019,0.012,0.0,0.0,0.0,1.0,4,0.0,0.0,26.39,16.67,589268
2024-08-08 04:00:00,00000000790,20240808040000,0.063,0.02,0.012,0.0,0.0,0.0,1.0,4,0.0,0.0,31.75,19.05,589268
2024-08-08 05:00:00,00000000790,20240808050000,0.073,0.024,0.01,0.0,0.0,0.0,1.0,4,0.0,0.0,32.88,13.7,589268
2024-08-08 06:00:00,00000000790,20240808060000,0.106,0.025,0.011,0.0,0.0,0.0,1.0,4,0.0,0.0,23.58,10.38,589268
2024-08-08 07:00:00,00000000790,20240808070000,0.252,0.012,0.017,0.0,0.0,0.0,1.0,4,0.0,0.0,4.76,6.75,589268
2024-08-08 08:00:00,00000000790,20240808080000,0.676,0.092,0.0,0.0,0.0,0.0,1.0,4,0.0,0.0,13.61,0.0,589268
2025-04-18 23:00:00,00000000790,20250418230000,0.0,0.0,0.0,0.0,0.0,0.0,1.0,4,0.0,0.0,,,589268
2025-04-19 00:00:00,00000000790,20250419000000,0.0,0.0,0.0,0.0,0.0,0.0,1.0,4,0.0,0.0,,,589268
2025-04-19 01:00:00,00000000790,20250419010000,0.0,0.0,0.0,0.0,0.0,0.0,1.0,4,0.0,0.0,,,589268
2025-04-19 02:00:00,00000000790,20250419020000,0.0,0.0,0.0,0.0,0.0,0.0,1.0,4,0.0,0.0,,,589268
2025-04-19 03:00:00,00000000790,20250419030000,0.0,0.0,0.0,0.0,0.0,0.0,1.0,4,0.0,0.0,,,589268
2025-04-19 04:00:00,00000000790,20250419040000,0.0,0.0,0.0,0.0,0.0,0.0,1.0,4,0.0,0.0,,,589268
2025-04-19 05:00:00,00000000790,20250419050000,0.0,0.0,0.0,0.0,0.0,0.0,1.0,4,0.0,0.0,,,589268
2025-04-19 06:00:00,00000000790,20250419060000,0.0,0.0,0.0,0.0,0.0,0.0,1.0,4,0.0,0.0,,,589268
2025-04-19 07:00:00,00000000790,20250419070000,0.0,0.0,0.0,0.0,0.0,0.0,1.0,4,0.0,0.0,,,589268
2025-04-19 08:00:00,00000000790,20250419080000,0.0,0.0,0.0,0.0,0.0,0.0,1.0,4,0.0,0.0,,,589268
2025-04-19 09:00:00,00000000790,20250419090000,0.0,0.0,0.0,0.0,0.0,0.0,1.0,4,0.0,0.0,,,589268
2025-04-19 10:00:00,00000000790,20250419100000,0.0,0.0,0.0,0.0,0.0,0.0,1.0,4,0.0,0.0,,,589268
2025-04-19 11:00:00,00000000790,20250419110000,0.0,0.0,0.0,0.0,0.0,0.0,1.0,4,0.0,0.0,,,589268
2025-04-19 12:00:00,00000000790,20250419120000,0.0,0.0,0.0,0.0,0.0,0.0,1.0,4,0.0,0.0,,,589268
2025-04-19 13:00:00,00000000790,20250419130000,0.0,0.0,0.0,0.0,0.0,0.0,1.0,4,0.0,0.0,,,589268
2025-04-19 14:00:00,00000000790,20250419140000,0.0,0.0,0.0,0.0,0.0,0.0,1.0,4,0.0,0.0,,,589268
2025-04-19 15:00:00,00000000790,20250419150000,0.0,0.0,0.0,0.0,0.0,0.0,1.0,4,0.0,0.0,,,589268
2025-04-19 16:00:00,00000000790,20250419160000,0.0,0.0,0.0,0.0,0.0,0.0,1.0,4,0.0,0.0,,,589268
2025-04-19 17:00:00,00000000790,20250419170000,0.0,0.0,0.0,0.0,0.0,0.0,1.0,4,0.0,0.0,,,589268
2025-04-19 18:00:00,00000000790,20250419180000,0.0,0.0,0.0,0.0,0.0,0.0,1.0,4,0.0,0.0,,,589268
2025-04-19 19:00:00,00000000790,20250419190000,0.0,0.0,0.0,0.0,0.0,0.0,1.0,4,0.0,0.0,,,589268
2025-04-19 20:00:00,00000000790,20250419200000,0.0,0.0,0.0,0.0,0.0,0.0,1.0,4,0.0,0.0,,,589268
2025-04-19 21:00:00,00000000790,20250419210000,0.0,0.0,0.0,0.0,0.0,0.0,1.0,4,0.0,0.0,,,589268
2025-04-19 22:00:00,00000000790,20250419220000,0.0,0.0,0.0,0.0,0.0,0.0,1.0,4,0.0,0.0,,,589268
2025-04-19 23:00:00,00000000790,20250419230000,0.0,0.0,0.0,0.0,0.0,0.0,1.0,4,0.0,0.0,,,589268
2025-04-20 00:00:00,00000000790,20250420000000,0.0,0.0,0.0,0.0,0.0,0.0,1.0,4,0.0,0.0,,,589268
2025-04-20 01:00:00,00000000790,20250420010000,0.0,0.0,0.0,0.0,0.0,0.0,1.0,4,0.0,0.0,,,589268
2025-04-20 02:00:00,00000000790,20250420020000,0.0,0.0,0.0,0.0,0.0,0.0,1.0,4,0.0,0.0,,,589268
2025-04-20 03:00:00,00000000790,20250420030000,0.0,0.0,0.0,0.0,0.0,0.0,1.0,4,0.0,0.0,,,589268
2025-04-20 04:00:00,00000000790,20250420040000,0.0,0.0,0.0,0.0,0.0,0.0,1.0,4,0.0,0.0,,,589268
2025-04-20 05:00:00,00000000790,20250420050000,0.0,0.0,0.0,0.0,0.0,0.0,1.0,4,0.0,0.0,,,589268
2025-04-20 06:00:00,00000000790,20250420060000,0.0,0.0,0.0,0.0,0.0,0.0,1.0,4,0.0,0.0,,,589268
2025-04-20 07:00:00,00000000790,20250420070000,0.0,0.0,0.0,0.0,0.0,0.0,1.0,4,0.0,0.0,,,589268
2025-04-20 08:00:00,00000000790,20250420080000,0.0,0.0,0.0,0.0,0.0,0.0,1.0,4,0.0,0.0,,,589268
2025-04-20 09:00:00,00000000790,20250420090000,0.0,0.0,0.0,0.0,0.0,0.0,1.0,4,0.0,0.0,,,589268
2025-04-20 10:00:00,00000000790,20250420100000,0.0,0.0,0.0,0.0,0.0,0.0,1.0,4,0.0,0.0,,,589268
2025-04-20 11:00:00,00000000790,20250420110000,1.293,0.025,0.002,0.0,0.0,0.0,1.0,4,0.0,0.0,1.93,0.15,589268
2025-04-20 12:00:00,00000000790,20250420120000,0.926,0.055,0.0,0.0,0.0,0.0,1.0,4,0.0,0.0,5.94,0.0,589268
2025-04-20 13:00:00,00000000790,20250420130000,0.1,0.035,0.001,0.0,0.0,0.0,1.0,4,0.0,0.0,35.0,1.0,589268
2025-04-20 14:00:00,00000000790,20250420140000,0.057,0.025,0.001,0.0,0.0,0.0,1.0,4,0.0,0.0,43.86,1.75,589268
2025-04-20 15:00:00,00000000790,20250420150000,0.04,0.014,0.003,0.0,0.0,0.0,1.0,4,0.0,0.0,35.0,7.5,589268
2025-04-20 16:00:00,00000000790,20250420160000,0.027,0.008,0.003,0.0,0.0,0.0,1.0,4,0.0,0.0,29.63,11.11,589268
2025-04-20 17:00:00,00000000790,20250420170000,0.053,0.022,0.001,0.0,0.0,0.0,1.0,4,0.0,0.0,41.51,1.89,589268
2025-04-20 18:00:00,00000000790,20250420180000,0.032,0.014,0.003,0.0,0.0,0.0,1.0,4,0.0,0.0,43.75,9.38,589268
2025-04-20 19:00:00,00000000790,20250420190000,0.019,0.004,0.003,0.0,0.0,0.0,1.0,4,0.0,0.0,21.05,15.79,589268
2025-04-20 20:00:00,00000000790,20250420200000,0.119,0.021,0.006,0.0,0.0,0.0,1.0,4,0.0,0.0,17.65,5.04,589268
2025-04-20 21:00:00,00000000790,20250420210000,1.678,0.099,0.001,0.0,0.0,0.0,1.0,4,0.0,0.0,5.9,0.06,589268
2025-04-20 22:00:00,00000000790,20250420220000,1.023,0.075,0.002,0.0,0.0,0.0,1.0,4,0.0,0.0,7.33,0.2,589268
2025-04-20 23:00:00,00000000790,20250420230000,0.897,0.104,0.002,0.0,0.0,0.0,1.0,4,0.0,0.0,11.59,0.22,589268
2025-04-21 00:00:00,00000000790,20250421000000,0.922,0.113,0.001,0.0,0.0,0.0,1.0,4,0.0,0.0,12.26,0.11,589268
2025-04-21 01:00:00,00000000790,20250421010000,0.814,0.096,0.002,0.0,0.0,0.0,1.0,4,0.0,0.0,11.79,0.25,589268
2025-04-21 02:00:00,00000000790,20250421020000,0.934,0.129,0.002,0.0,0.0,0.0,1.0,4,0.0,0.0,13.81,0.21,589268
2025-04-21 03:00:00,00000000790,20250421030000,0.744,0.109,0.004,0.0,0.0,0.0,1.0,4,0.0,0.0,14.65,0.54,589268
2025-04-21 04:00:00,00000000790,20250421040000,0.856,0.119,0.002,0.0,0.0,0.0,1.0,4,0.0,0.0,13.9,0.23,589268
2025-04-21 05:00:00,00000000790,20250421050000,0.713,0.105,0.001,0.0,0.0,0.0,1.0,4,0.0,0.0,14.73,0.14,589268
2025-04-21 06:00:00,00000000790,20250421060000,0.66,0.102,0.004,0.0,0.0,0.0,1.0,4,0.0,0.0,15.45,0.61,589268
2025-04-21 07:00:00,00000000790,20250421070000,0.66,0.111,0.001,0.0,0.0,0.0,1.0,4,0.0,0.0,16.82,0.15,589268
2025-04-21 08:00:00,00000000790,20250421080000,0.949,0.073,0.006,0.0,0.0,0.0,1.0,4,0.0,0.0,7.69,0.63,589268
2025-04-21 09:00:00,00000000790,20250421090000,1.055,0.076,0.005,0.0,0.0,0.0,1.0,4,0.0,0.0,7.2,0.47,589268
2025-04-21 10:00:00,00000000790,20250421100000,0.106,0.001,0.017,0.0,0.0,0.0,1.0,4,0.0,0.0,0.94,16.04,589268
2025-04-21 11:00:00,00000000790,20250421110000,0.079,0.021,0.005,0.0,0.0,0.0,1.0,4,0.0,0.0,26.58,6.33,589268
2025-04-21 12:00:00,00000000790,20250421120000,0.058,0.016,0.01,0.0,0.0,0.0,1.0,4,0.0,0.0,27.59,17.24,589268
2025-04-21 13:00:00,00000000790,20250421130000,0.027,0.004,0.015,0.0,0.0,0.0,1.0,4,0.0,0.0,14.81,55.56,589268
2025-04-21 14:00:00,00000000790,20250421140000,0.052,0.013,0.011,0.0,0.0,0.0,1.0,4,0.0,0.0,25.0,21.15,589268
2025-04-21 15:00:00,00000000790,20250421150000,0.06,0.016,0.009,0.0,0.0,0.0,1.0,4,0.0,0.0,26.67,15.0,589268
2025-04-21 16:00:00,00000000790,20250421160000,0.063,0.01,0.012,0.0,0.0,0.0,1.0,4,0.0,0.0,15.87,19.05,589268
2025-04-21 17:00:00,00000000790,20250421170000,0.029,0.006,0.015,0.0,0.0,0.0,1.0,4,0.0,0.0,20.69,51.72,589268
2025-04-21 18:00:00,00000000790,20250421180000,0.058,0.014,0.009,0.0,0.0,0.0,1.0,4,0.0,0.0,24.14,15.52,589268
2025-04-21 19:00:00,00000000790,20250421190000,0.007,0.0,0.017,0.0,0.0,0.0,1.0,4,0.0,0.0,0.0,242.86,589268
2025-04-21 20:00:00,00000000790,20250421200000,0.042,0.011,0.011,0.0,0.0,0.0,1.0,4,0.0,0.0,26.19,26.19,589268
2025-04-21 21:00:00,00000000790,20250421210000,0.0,0.0,0.016,0.0,0.0,0.0,1.0,4,0.0,0.0,,,589268
2025-04-21 22:00:00,00000000790,20250421220000,0.843,0.064,0.008,0.0,0.0,0.0,1.0,4,0.0,0.0,7.59,0.95,589268
2025-04-21 23:00:00,00000000790,20250421230000,0.864,0.088,0.003,0.0,0.0,0.0,1.0,4,0.0,0.0,10.19,0.35,589268
2025-04-22 00:00:00,00000000790,20250422000000,0.872,0.111,0.0,0.0,0.0,0.0,1.0,4,0.0,0.0,12.73,0.0,589268
2025-04-22 01:00:00,00000000790,20250422010000,0.687,0.086,0.005,0.0,0.0,0.0,1.0,4,0.0,0.0,12.52,0.73,589268
2025-04-22 02:00:00,00000000790,20250422020000,0.656,0.097,0.003,0.0,0.0,0.0,1.0,4,0.0,0.0,14.79,0.46,589268
2025-04-22 03:00:00,00000000790,20250422030000,0.739,0.116,0.004,0.0,0.0,0.0,1.0,4,0.0,0.0,15.7,0.54,589268
2025-04-22 04:00:00,00000000790,20250422040000,0.703,0.108,0.001,0.0,0.0,0.0,1.0,4,0.0,0.0,15.36,0.14,589268
2025-04-22 05:00:00,00000000790,20250422050000,0.687,0.107,0.003,0.0,0.0,0.0,1.0,4,0.0,0.0,15.57,0.44,589268
2025-04-22 06:00:00,00000000790,20250422060000,0.647,0.102,0.005,0.0,0.0,0.0,1.0,4,0.0,0.0,15.77,0.77,589268
2025-04-22 07:00:00,00000000790,20250422070000,0.748,0.123,0.0,0.0,0.0,0.0,1.0,4,0.0,0.0,16.44,0.0,589268
2025-04-22 08:00:00,00000000790,20250422080000,0.405,0.058,0.006,0.0,0.0,0.0,1.0,4,0.0,0.0,14.32,1.48,589268
2025-04-22 09:00:00,00000000790,20250422090000,1.427,0.045,0.007,0.0,0.0,0.0,1.0,4,0.0,0.0,3.15,0.49,589268
2025-04-22 10:00:00,00000000790,20250422100000,0.547,0.057,0.007,0.0,0.0,0.0,1.0,4,0.0,0.0,10.42,1.28,589268
2025-04-22 11:00:00,00000000790,20250422110000,0.034,0.0,0.017,0.0,0.0,0.0,1.0,4,0.0,0.0,0.0,50.0,589268
2025-04-22 12:00:00,00000000790,20250422120000,0.0,0.0,0.017,0.0,0.0,0.0,1.0,4,0.0,0.0,,,589268
2025-04-22 13:00:00,00000000790,20250422130000,0.0,0.0,0.007,0.0,0.0,0.0,1.0,4,0.0,0.0,,,589268
2025-04-22 14:00:00,00000000790,20250422140000,0.0,0.0,0.007,0.0,0.0,0.0,1.0,4,0.0,0.0,,,589268
2025-04-22 15:00:00,00000000790,20250422150000,0.0,0.0,0.008,0.0,0.0,0.0,1.0,4,0.0,0.0,,,589268
2025-04-22 16:00:00,00000000790,20250422160000,0.006,0.0,0.009,0.0,0.0,0.0,1.0,4,0.0,0.0,0.0,150.0,589268
2025-04-22 17:00:00,00000000790,20250422170000,0.012,0.0,0.017,0.0,0.0,0.0,1.0,4,0.0,0.0,0.0,141.67,589268
2025-04-22 18:00:00,00000000790,20250422180000,0.0,0.0,0.016,0.0,0.0,0.0,1.0,4,0.0,0.0,,,589268
2025-04-22 19:00:00,00000000790,20250422190000,0.919,0.037,0.013,0.0,0.0,0.0,1.0,4,0.0,0.0,4.03,1.41,589268
2025-04-22 20:00:00,00000000790,20250422200000,0.996,0.086,0.001,0.0,0.0,0.0,1.0,4,0.0,0.0,8.63,0.1,589268
2025-04-22 21:00:00,00000000790,20250422210000,0.807,0.063,0.005,0.0,0.0,0.0,1.0,4,0.0,0.0,7.81,0.62,589268
2025-04-22 22:00:00,00000000790,20250422220000,0.744,0.068,0.004,0.0,0.0,0.0,1.0,4,0.0,0.0,9.14,0.54,589268
2025-04-22 23:00:00,00000000790,20250422230000,0.607,0.066,0.005,0.0,0.0,0.0,1.0,4,0.0,0.0,10.87,0.82,589268
2025-04-23 00:00:00,00000000790,20250423000000,0.638,0.074,0.004,0.0,0.0,0.0,1.0,4,0.0,0.0,11.6,0.63,589268
2025-04-23 01:00:00,00000000790,20250423010000,0.465,0.058,0.007,0.0,0.0,0.0,1.0,4,0.0,0.0,12.47,1.51,589268
2025-04-23 02:00:00,00000000790,20250423020000,0.646,0.092,0.004,0.0,0.0,0.0,1.0,4,0.0,0.0,14.24,0.62,589268
2025-04-23 03:00:00,00000000790,20250423030000,0.467,0.064,0.006,0.0,0.0,0.0,1.0,4,0.0,0.0,13.7,1.28,589268
2025-04-23 04:00:00,00000000790,20250423040000,0.463,0.063,0.006,0.0,0.0,0.0,1.0,4,0.0,0.0,13.61,1.3,589268
2025-04-23 05:00:00,00000000790,20250423050000,0.353,0.051,0.006,0.0,0.0,0.0,1.0,4,0.0,0.0,14.45,1.7,589268
2025-04-23 06:00:00,00000000790,20250423060000,0.37,0.055,0.007,0.0,0.0,0.0,1.0,4,0.0,0.0,14.86,1.89,589268
2025-04-23 07:00:00,00000000790,20250423070000,0.429,0.068,0.005,0.0,0.0,0.0,1.0,4,0.0,0.0,15.85,1.17,589268
2025-04-23 08:00:00,00000000790,20250423080000,0.49,0.073,0.006,0.0,0.0,0.0,1.0,4,0.0,0.0,14.9,1.22,589268
2025-04-23 09:00:00,00000000790,20250423090000,0.805,0.033,0.011,0.0,0.0,0.0,1.0,4,0.0,0.0,4.1,1.37,589268
2025-04-23 10:00:00,00000000790,20250423100000,0.138,0.0,0.019,0.0,0.0,0.0,1.0,4,0.0,0.0,0.0,13.77,589268
2025-04-23 11:00:00,00000000790,20250423110000,0.0,0.0,0.016,0.0,0.0,0.0,1.0,4,0.0,0.0,,,589268
2025-04-23 12:00:00,00000000790,20250423120000,0.0,0.0,0.017,0.0,0.0,0.0,1.0,4,0.0,0.0,,,589268
2025-04-23 13:00:00,00000000790,20250423130000,1.301,0.0,0.017,0.0,0.0,0.0,1.0,4,0.0,0.0,0.0,1.31,589268
2025-04-23 14:00:00,00000000790,20250423140000,0.01,0.0,0.017,0.0,0.0,0.0,1.0,4,0.0,0.0,0.0,170.0,589268
2025-04-23 15:00:00,00000000790,20250423150000,0.0,0.0,0.017,0.0,0.0,0.0,1.0,4,0.0,0.0,,,589268
2025-04-23 16:00:00,00000000790,20250423160000,0.0,0.0,0.016,0.0,0.0,0.0,1.0,4,0.0,0.0,,,589268
2025-04-23 17:00:00,00000000790,20250423170000,0.222,0.0,0.017,0.0,0.0,0.0,1.0,4,0.0,0.0,0.0,7.66,589268
2025-04-23 18:00:00,00000000790,20250423180000,0.701,0.066,0.008,0.0,0.0,0.0,1.0,4,0.0,0.0,9.42,1.14,589268
2025-04-23 19:00:00,00000000790,20250423190000,0.622,0.052,0.007,0.0,0.0,0.0,1.0,4,0.0,0.0,8.36,1.13,589268
2025-04-23 20:00:00,00000000790,20250423200000,0.798,0.04,0.007,0.0,0.0,0.0,1.0,4,0.0,0.0,5.01,0.88,589268
2025-04-23 21:00:00,00000000790,20250423210000,0.616,0.054,0.005,0.0,0.0,0.0,1.0,4,0.0,0.0,8.77,0.81,589268
2025-04-23 22:00:00,00000000790,20250423220000,0.476,0.043,0.006,0.0,0.0,0.0,1.0,4,0.0,0.0,9.03,1.26,589268
2025-04-23 23:00:00,00000000790,20250423230000,0.712,0.071,0.005,0.0,0.0,0.0,1.0,4,0.0,0.0,9.97,0.7,589268
2025-04-24 00:00:00,00000000790,20250424000000,0.443,0.041,0.013,0.0,0.0,0.0,1.0,4,0.0,0.0,9.26,2.93,589268
2025-04-24 01:00:00,00000000790,20250424010000,0.414,0.041,0.01,0.0,0.0,0.0,1.0,4,0.0,0.0,9.9,2.42,589268
2025-04-24 02:00:00,00000000790,20250424020000,0.402,0.046,0.008,0.0,0.0,0.0,1.0,4,0.0,0.0,11.44,1.99,589268
2025-04-24 03:00:00,00000000790,20250424030000,0.411,0.054,0.008,0.0,0.0,0.0,1.0,4,0.0,0.0,13.14,1.95,589268
2025-04-24 04:00:00,00000000790,20250424040000,0.311,0.041,0.008,0.0,0.0,0.0,1.0,4,0.0,0.0,13.18,2.57,589268
2025-04-24 05:00:00,00000000790,20250424050000,0.696,0.061,0.005,0.0,0.0,0.0,1.0,4,0.0,0.0,8.76,0.72,589268
2025-04-24 06:00:00,00000000790,20250424060000,0.305,0.046,0.008,0.0,0.0,0.0,1.0,4,0.0,0.0,15.08,2.62,589268
2025-04-24 07:00:00,00000000790,20250424070000,0.64,0.101,0.004,0.0,0.0,0.0,1.0,4,0.0,0.0,15.78,0.62,589268
2025-04-24 08:00:00,00000000790,20250424080000,0.402,0.049,0.007,0.0,0.0,0.0,1.0,4,0.0,0.0,12.19,1.74,589268
2025-04-24 09:00:00,00000000790,20250424090000,0.351,0.04,0.007,0.0,0.0,0.0,1.0,4,0.0,0.0,11.4,1.99,589268
2025-04-24 10:00:00,00000000790,20250424100000,0.358,0.04,0.008,0.0,0.0,0.0,1.0,4,0.0,0.0,11.17,2.23,589268
2025-04-24 11:00:00,00000000790,20250424110000,1.261,0.041,0.007,0.0,0.0,0.0,1.0,4,0.0,0.0,3.25,0.56,589268
2025-04-24 12:00:00,00000000790,20250424120000,0.478,0.03,0.011,0.0,0.0,0.0,1.0,4,0.0,0.0,6.28,2.3,589268
2025-04-24 13:00:00,00000000790,20250424130000,0.011,0.0,0.018,0.0,0.0,0.0,1.0,4,0.0,0.0,0.0,163.64,589268
2025-04-24 14:00:00,00000000790,20250424140000,0.0,0.0,0.017,0.0,0.0,0.0,1.0,4,0.0,0.0,,,589268
2025-04-24 15:00:00,00000000790,20250424150000,0.0,0.0,0.016,0.0,0.0,0.0,1.0,4,0.0,0.0,,,589268
2025-04-24 16:00:00,00000000790,20250424160000,0.005,0.0,0.017,0.0,0.0,0.0,1.0,4,0.0,0.0,0.0,340.0,589268
2025-04-24 17:00:00,00000000790,20250424170000,0.072,0.0,0.017,0.0,0.0,0.0,1.0,4,0.0,0.0,0.0,23.61,589268
2025-04-24 18:00:00,00000000790,20250424180000,0.23,0.0,0.016,0.0,0.0,0.0,1.0,4,0.0,0.0,0.0,6.96,589268
2025-04-24 19:00:00,00000000790,20250424190000,0.0,0.0,0.016,0.0,0.0,0.0,1.0,4,0.0,0.0,,,589268
2025-04-24 20:00:00,00000000790,20250424200000,0.0,0.0,0.015,0.0,0.0,0.0,1.0,4,0.0,0.0,,,589268
2025-04-24 21:00:00,00000000790,20250424210000,0.0,0.0,0.016,0.0,0.0,0.0,1.0,4,0.0,0.0,,,589268
2025-04-24 22:00:00,00000000790,20250424220000,0.0,0.0,0.016,0.0,0.0,0.0,1.0,4,0.0,0.0,,,589268
2025-04-24 23:00:00,00000000790,20250424230000,0.0,0.0,0.015,0.0,0.0,0.0,1.0,4,0.0,0.0,,,589268
2025-04-25 00:00:00,00000000790,20250425000000,1.004,0.078,0.009,0.0,0.0,0.0,1.0,4,0.0,0.0,7.77,0.9,589268
2025-04-25 01:00:00,00000000790,20250425010000,0.735,0.078,0.004,0.0,0.0,0.0,1.0,4,0.0,0.0,10.61,0.54,589268
2025-04-25 02:00:00,00000000790,20250425020000,0.421,0.056,0.007,0.0,0.0,0.0,1.0,4,0.0,0.0,13.3,1.66,589268
2025-04-25 03:00:00,00000000790,20250425030000,0.41,0.057,0.006,0.0,0.0,0.0,1.0,4,0.0,0.0,13.9,1.46,589268
2025-04-25 04:00:00,00000000790,20250425040000,0.506,0.07,0.005,0.0,0.0,0.0,1.0,4,0.0,0.0,13.83,0.99,589268
2025-04-25 05:00:00,00000000790,20250425050000,0.527,0.074,0.005,0.0,0.0,0.0,1.0,4,0.0,0.0,14.04,0.95,589268
2025-04-25 06:00:00,00000000790,20250425060000,0.577,0.088,0.005,0.0,0.0,0.0,1.0,4,0.0,0.0,15.25,0.87,589268
2025-04-25 07:00:00,00000000790,20250425070000,0.333,0.048,0.007,0.0,0.0,0.0,1.0,4,0.0,0.0,14.41,2.1,589268
2025-04-25 08:00:00,00000000790,20250425080000,0.67,0.056,0.006,0.0,0.0,0.0,1.0,4,0.0,0.0,8.36,0.9,589268
2025-04-25 09:00:00,00000000790,20250425090000,0.553,0.048,0.007,0.0,0.0,0.0,1.0,4,0.0,0.0,8.68,1.27,589268
2025-04-25 10:00:00,00000000790,20250425100000,0.59,0.044,0.007,0.0,0.0,0.0,1.0,4,0.0,0.0,7.46,1.19,589268
2025-04-25 11:00:00,00000000790,20250425110000,0.065,0.0,0.014,0.0,0.0,0.0,1.0,4,0.0,0.0,0.0,21.54,589268
2025-04-25 12:00:00,00000000790,20250425120000,0.286,0.0,0.016,0.0,0.0,0.0,1.0,4,0.0,0.0,0.0,5.59,589268
2025-05-04 11:00:00,00000000790,20250504110000,0.0,0.0,0.0,0.0,0.0,0.0,1.0,4,0.0,0.0,,,589268
2025-05-04 12:00:00,00000000790,20250504120000,0.0,0.0,0.0,0.0,0.0,0.0,1.0,4,0.0,0.0,,,589268
2025-05-04 13:00:00,00000000790,20250504130000,0.0,0.0,0.0,0.0,0.0,0.0,1.0,4,0.0,0.0,,,589268
2025-05-04 14:00:00,00000000790,20250504140000,0.0,0.0,0.0,0.0,0.0,0.0,1.0,4,0.0,0.0,,,589268
2025-05-04 15:00:00,00000000790,20250504150000,0.0,0.0,0.0,0.0,0.0,0.0,1.0,4,0.0,0.0,,,589268
2025-05-04 16:00:00,00000000790,20250504160000,0.0,0.0,0.0,0.0,0.0,0.0,1.0,4,0.0,0.0,,,589268
2025-05-04 17:00:00,00000000790,20250504170000,0.0,0.0,0.0,0.0,0.0,0.0,1.0,4,0.0,0.0,,,589268
2025-05-04 18:00:00,00000000790,20250504180000,0.0,0.0,0.0,0.0,0.0,0.0,1.0,4,0.0,0.0,,,589268
2025-05-04 19:00:00,00000000790,20250504190000,0.0,0.0,0.0,0.0,0.0,0.0,1.0,4,0.0,0.0,,,589268
2025-05-04 20:00:00,00000000790,20250504200000,0.0,0.0,0.0,0.0,0.0,0.0,1.0,4,0.0,0.0,,,589268
2025-05-04 21:00:00,00000000790,20250504210000,0.0,0.0,0.0,0.0,0.0,0.0,1.0,4,0.0,0.0,,,589268
2025-05-04 22:00:00,00000000790,20250504220000,0.0,0.0,0.0,0.0,0.0,0.0,1.0,4,0.0,0.0,,,589268
2025-05-04 23:00:00,00000000790,20250504230000,0.0,0.0,0.0,0.0,0.0,0.0,1.0,4,0.0,0.0,,,589268
2025-05-05 00:00:00,00000000790,20250505000000,0.0,0.0,0.0,0.0,0.0,0.0,1.0,4,0.0,0.0,,,589268
2025-05-05 01:00:00,00000000790,20250505010000,0.0,0.0,0.0,0.0,0.0,0.0,1.0,4,0.0,0.0,,,589268
2025-05-05 02:00:00,00000000790,20250505020000,0.0,0.0,0.0,0.0,0.0,0.0,1.0,4,0.0,0.0,,,589268
2025-05-05 03:00:00,00000000790,20250505030000,0.0,0.0,0.0,0.0,0.0,0.0,1.0,4,0.0,0.0,,,589268
2025-05-05 04:00:00,00000000790,20250505040000,0.0,0.0,0.0,0.0,0.0,0.0,1.0,4,0.0,0.0,,,589268
2025-05-05 05:00:00,00000000790,20250505050000,0.0,0.0,0.0,0.0,0.0,0.0,1.0,4,0.0,0.0,,,589268
2025-05-05 06:00:00,00000000790,20250505060000,0.0,0.0,0.0,0.0,0.0,0.0,1.0,4,0.0,0.0,,,589268
2025-05-05 07:00:00,00000000790,20250505070000,0.0,0.0,0.0,0.0,0.0,0.0,1.0,4,0.0,0.0,,,589268
2025-05-05 08:00:00,00000000790,20250505080000,0.0,0.0,0.0,0.0,0.0,0.0,1.0,4,0.0,0.0,,,589268
2025-05-05 09:00:00,00000000790,20250505090000,0.0,0.0,0.0,0.0,0.0,0.0,1.0,4,0.0,0.0,,,589268
2025-05-05 10:00:00,00000000790,20250505100000,0.0,0.0,0.0,0.0,0.0,0.0,1.0,4,0.0,0.0,,,589268
2025-05-05 11:00:00,00000000790,20250505110000,0.0,0.0,0.0,0.0,0.0,0.0,1.0,4,0.0,0.0,,,589268
2025-05-05 12:00:00,00000000790,20250505120000,0.0,0.0,0.0,0.0,0.0,0.0,1.0,4,0.0,0.0,,,589268
2025-05-05 13:00:00,00000000790,20250505130000,0.0,0.0,0.0,0.0,0.0,0.0,1.0,4,0.0,0.0,,,589268
2025-05-05 14:00:00,00000000790,20250505140000,0.0,0.0,0.0,0.0,0.0,0.0,1.0,4,0.0,0.0,,,589268
2025-05-05 15:00:00,00000000790,20250505150000,0.0,0.0,0.0,0.0,0.0,0.0,1.0,4,0.0,0.0,,,589268
2025-05-05 16:00:00,00000000790,20250505160000,0.0,0.0,0.0,0.0,0.0,0.0,1.0,4,0.0,0.0,,,589268
2025-05-05 17:00:00,00000000790,20250505170000,0.0,0.0,0.0,0.0,0.0,0.0,1.0,4,0.0,0.0,,,589268
2025-05-05 18:00:00,00000000790,20250505180000,0.0,0.0,0.0,0.0,0.0,0.0,1.0,4,0.0,0.0,,,589268
2025-05-05 19:00:00,00000000790,20250505190000,0.0,0.0,0.0,0.0,0.0,0.0,1.0,4,0.0,0.0,,,589268
2025-05-05 20:00:00,00000000790,20250505200000,0.0,0.0,0.0,0.0,0.0,0.0,1.0,4,0.0,0.0,,,589268
2025-05-05 21:00:00,00000000790,20250505210000,0.0,0.0,0.0,0.0,0.0,0.0,1.0,4,0.0,0.0,,,589268
2025-05-05 22:00:00,00000000790,20250505220000,0.0,0.0,0.0,0.0,0.0,0.0,1.0,4,0.0,0.0,,,589268
2025-05-05 23:00:00,00000000790,20250505230000,0.0,0.0,0.0,0.0,0.0,0.0,1.0,4,0.0,0.0,,,589268
2025-05-06 00:00:00,00000000790,20250506000000,0.0,0.0,0.0,0.0,0.0,0.0,1.0,4,0.0,0.0,,,589268
2025-05-06 01:00:00,00000000790,20250506010000,0.0,0.0,0.0,0.0,0.0,0.0,1.0,4,0.0,0.0,,,589268
2025-05-06 02:00:00,00000000790,20250506020000,0.0,0.0,0.0,0.0,0.0,0.0,1.0,4,0.0,0.0,,,589268
2025-05-06 03:00:00,00000000790,20250506030000,0.0,0.0,0.0,0.0,0.0,0.0,1.0,4,0.0,0.0,,,589268
2025-05-06 04:00:00,00000000790,20250506040000,0.0,0.0,0.0,0.0,0.0,0.0,1.0,4,0.0,0.0,,,589268
2025-05-06 05:00:00,00000000790,20250506050000,0.0,0.0,0.0,0.0,0.0,0.0,1.0,4,0.0,0.0,,,589268
2025-05-06 06:00:00,00000000790,20250506060000,0.0,0.0,0.0,0.0,0.0,0.0,1.0,4,0.0,0.0,,,589268
2025-05-06 07:00:00,00000000790,20250506070000,0.0,0.0,0.0,0.0,0.0,0.0,1.0,4,0.0,0.0,,,589268
2025-05-06 08:00:00,00000000790,20250506080000,0.0,0.0,0.0,0.0,0.0,0.0,1.0,4,0.0,0.0,,,589268
2025-05-06 09:00:00,00000000790,20250506090000,0.0,0.0,0.0,0.0,0.0,0.0,1.0,4,0.0,0.0,,,589268
2025-05-06 10:00:00,00000000790,20250506100000,0.0,0.0,0.0,0.0,0.0,0.0,1.0,4,0.0,0.0,,,589268
2025-05-06 11:00:00,00000000790,20250506110000,0.0,0.0,0.0,0.0,0.0,0.0,1.0,4,0.0,0.0,,,589268
2025-05-06 12:00:00,00000000790,20250506120000,0.0,0.0,0.0,0.0,0.0,0.0,1.0,4,0.0,0.0,,,589268
2025-05-06 13:00:00,00000000790,20250506130000,0.0,0.0,0.0,0.0,0.0,0.0,1.0,4,0.0,0.0,,,589268
2025-05-06 14:00:00,00000000790,20250506140000,0.0,0.0,0.0,0.0,0.0,0.0,1.0,4,0.0,0.0,,,589268
2025-05-06 15:00:00,00000000790,20250506150000,0.0,0.0,0.0,0.0,0.0,0.0,1.0,4,0.0,0.0,,,589268
2025-05-06 16:00:00,00000000790,20250506160000,0.0,0.0,0.0,0.0,0.0,0.0,1.0,4,0.0,0.0,,,589268
2025-05-06 17:00:00,00000000790,20250506170000,0.0,0.0,0.0,0.0,0.0,0.0,1.0,4,0.0,0.0,,,589268
2025-05-06 18:00:00,00000000790,20250506180000,0.0,0.0,0.0,0.0,0.0,0.0,1.0,4,0.0,0.0,,,589268
2025-05-06 19:00:00,00000000790,20250506190000,0.0,0.0,0.0,0.0,0.0,0.0,1.0,4,0.0,0.0,,,589268
2025-05-06 20:00:00,00000000790,20250506200000,0.0,0.0,0.0,0.0,0.0,0.0,1.0,4,0.0,0.0,,,589268
2025-05-06 21:00:00,00000000790,20250506210000,0.0,0.0,0.0,0.0,0.0,0.0,1.0,4,0.0,0.0,,,589268
2025-05-06 22:00:00,00000000790,20250506220000,0.0,0.0,0.0,0.0,0.0,0.0,1.0,4,0.0,0.0,,,589268
2025-05-06 23:00:00,00000000790,20250506230000,0.0,0.0,0.0,0.0,0.0,0.0,1.0,4,0.0,0.0,,,589268
2025-05-07 00:00:00,00000000790,20250507000000,0.0,0.0,0.0,0.0,0.0,0.0,1.0,4,0.0,0.0,,,589268
2025-05-07 01:00:00,00000000790,20250507010000,0.0,0.0,0.0,0.0,0.0,0.0,1.0,4,0.0,0.0,,,589268
2025-05-07 02:00:00,00000000790,20250507020000,0.0,0.0,0.0,0.0,0.0,0.0,1.0,4,0.0,0.0,,,589268
2025-05-07 03:00:00,00000000790,20250507030000,0.0,0.0,0.0,0.0,0.0,0.0,1.0,4,0.0,0.0,,,589268
2025-05-07 04:00:00,00000000790,20250507040000,0.0,0.0,0.0,0.0,0.0,0.0,1.0,4,0.0,0.0,,,589268
2025-05-07 05:00:00,00000000790,20250507050000,0.0,0.0,0.0,0.0,0.0,0.0,1.0,4,0.0,0.0,,,589268
2025-05-07 06:00:00,00000000790,20250507060000,0.0,0.0,0.0,0.0,0.0,0.0,1.0,4,0.0,0.0,,,589268
2025-05-07 07:00:00,00000000790,20250507070000,0.0,0.0,0.0,0.0,0.0,0.0,1.0,4,0.0,0.0,,,589268
2025-05-07 08:00:00,00000000790,20250507080000,0.0,0.0,0.0,0.0,0.0,0.0,1.0,4,0.0,0.0,,,589268
2025-05-07 09:00:00,00000000790,20250507090000,0.0,0.0,0.0,0.0,0.0,0.0,1.0,4,0.0,0.0,,,589268
2025-05-07 10:00:00,00000000790,20250507100000,0.0,0.0,0.0,0.0,0.0,0.0,1.0,4,0.0,0.0,,,589268
2025-05-07 11:00:00,00000000790,20250507110000,0.0,0.0,0.0,0.0,0.0,0.0,1.0,4,0.0,0.0,,,589268
2025-05-07 12:00:00,00000000790,20250507120000,0.0,0.0,0.0,0.0,0.0,0.0,1.0,4,0.0,0.0,,,589268
2025-05-07 13:00:00,00000000790,20250507130000,0.0,0.0,0.0,0.0,0.0,0.0,1.0,4,0.0,0.0,,,589268
2025-05-07 14:00:00,00000000790,20250507140000,0.0,0.0,0.0,0.0,0.0,0.0,1.0,4,0.0,0.0,,,589268
2025-05-07 15:00:00,00000000790,20250507150000,0.0,0.0,0.0,0.0,0.0,0.0,1.0,4,0.0,0.0,,,589268
2025-05-07 16:00:00,00000000790,20250507160000,0.0,0.0,0.0,0.0,0.0,0.0,1.0,4,0.0,0.0,,,589268
2025-05-07 17:00:00,00000000790,20250507170000,0.0,0.0,0.0,0.0,0.0,0.0,1.0,4,0.0,0.0,,,589268
2025-05-07 18:00:00,00000000790,20250507180000,0.0,0.0,0.0,0.0,0.0,0.0,1.0,4,0.0,0.0,,,589268
2025-05-07 19:00:00,00000000790,20250507190000,0.0,0.0,0.0,0.0,0.0,0.0,1.0,4,0.0,0.0,,,589268
2025-05-07 20:00:00,00000000790,20250507200000,0.0,0.0,0.0,0.0,0.0,0.0,1.0,4,0.0,0.0,,,589268
2025-05-07 21:00:00,00000000790,20250507210000,0.0,0.0,0.0,0.0,0.0,0.0,1.0,4,0.0,0.0,,,589268
2025-05-07 22:00:00,00000000790,20250507220000,0.0,0.0,0.0,0.0,0.0,0.0,1.0,4,0.0,0.0,,,589268
2025-05-07 23:00:00,00000000790,20250507230000,0.0,0.0,0.0,0.0,0.0,0.0,1.0,4,0.0,0.0,,,589268
2025-05-08 00:00:00,00000000790,20250508000000,0.0,0.0,0.0,0.0,0.0,0.0,1.0,4,0.0,0.0,,,589268
2025-05-08 01:00:00,00000000790,20250508010000,0.0,0.0,0.0,0.0,0.0,0.0,1.0,4,0.0,0.0,,,589268
2025-05-08 02:00:00,00000000790,20250508020000,0.0,0.0,0.0,0.0,0.0,0.0,1.0,4,0.0,0.0,,,589268
2025-05-08 03:00:00,00000000790,20250508030000,0.0,0.0,0.0,0.0,0.0,0.0,1.0,4,0.0,0.0,,,589268
2025-05-08 04:00:00,00000000790,20250508040000,0.0,0.0,0.0,0.0,0.0,0.0,1.0,4,0.0,0.0,,,589268
2025-05-08 05:00:00,00000000790,20250508050000,0.0,0.0,0.0,0.0,0.0,0.0,1.0,4,0.0,0.0,,,589268
2025-05-08 06:00:00,00000000790,20250508060000,0.0,0.0,0.0,0.0,0.0,0.0,1.0,4,0.0,0.0,,,589268
2025-05-08 07:00:00,00000000790,20250508070000,0.0,0.0,0.0,0.0,0.0,0.0,1.0,4,0.0,0.0,,,589268
2025-05-08 08:00:00,00000000790,20250508080000,0.0,0.0,0.0,0.0,0.0,0.0,1.0,4,0.0,0.0,,,589268
2025-05-08 09:00:00,00000000790,20250508090000,0.0,0.0,0.0,0.0,0.0,0.0,1.0,4,0.0,0.0,,,589268
2025-05-08 10:00:00,00000000790,20250508100000,0.0,0.0,0.0,0.0,0.0,0.0,1.0,4,0.0,0.0,,,589268
2025-05-08 11:00:00,00000000790,20250508110000,0.0,0.0,0.0,0.0,0.0,0.0,1.0,4,0.0,0.0,,,589268
2025-05-08 12:00:00,00000000790,20250508120000,0.0,0.0,0.0,0.0,0.0,0.0,1.0,4,0.0,0.0,,,589268
2025-05-08 13:00:00,00000000790,20250508130000,0.0,0.0,0.0,0.0,0.0,0.0,1.0,4,0.0,0.0,,,589268
2025-05-08 14:00:00,00000000790,20250508140000,0.0,0.0,0.0,0.0,0.0,0.0,1.0,4,0.0,0.0,,,589268
2025-05-08 15:00:00,00000000790,20250508150000,0.0,0.0,0.0,0.0,0.0,0.0,1.0,4,0.0,0.0,,,589268
2025-05-08 16:00:00,00000000790,20250508160000,0.0,0.0,0.0,0.0,0.0,0.0,1.0,4,0.0,0.0,,,589268
2025-05-08 17:00:00,00000000790,20250508170000,0.0,0.0,0.0,0.0,0.0,0.0,1.0,4,0.0,0.0,,,589268
2025-05-08 18:00:00,00000000790,20250508180000,0.0,0.0,0.0,0.0,0.0,0.0,1.0,4,0.0,0.0,,,589268
2025-05-08 19:00:00,00000000790,20250508190000,0.0,0.0,0.0,0.0,0.0,0.0,1.0,4,0.0,0.0,,,589268
2025-05-08 20:00:00,00000000790,20250508200000,0.0,0.0,0.0,0.0,0.0,0.0,1.0,4,0.0,0.0,,,589268
2025-05-08 21:00:00,00000000790,20250508210000,0.0,0.0,0.0,0.0,0.0,0.0,1.0,4,0.0,0.0,,,589268
2025-05-08 22:00:00,00000000790,20250508220000,0.0,0.0,0.0,0.0,0.0,0.0,1.0,4,0.0,0.0,,,589268
2025-05-08 23:00:00,00000000790,20250508230000,0.0,0.0,0.0,0.0,0.0,0.0,1.0,4,0.0,0.0,,,589268
2025-05-09 00:00:00,00000000790,20250509000000,0.0,0.0,0.0,0.0,0.0,0.0,1.0,4,0.0,0.0,,,589268
2025-05-09 01:00:00,00000000790,20250509010000,0.0,0.0,0.0,0.0,0.0,0.0,1.0,4,0.0,0.0,,,589268
2025-05-09 02:00:00,00000000790,20250509020000,0.0,0.0,0.0,0.0,0.0,0.0,1.0,4,0.0,0.0,,,589268
2025-05-09 03:00:00,00000000790,20250509030000,0.0,0.0,0.0,0.0,0.0,0.0,1.0,4,0.0,0.0,,,589268
2025-05-09 04:00:00,00000000790,20250509040000,0.0,0.0,0.0,0.0,0.0,0.0,1.0,4,0.0,0.0,,,589268
2025-05-09 05:00:00,00000000790,20250509050000,0.0,0.0,0.0,0.0,0.0,0.0,1.0,4,0.0,0.0,,,589268
2025-05-09 06:00:00,00000000790,20250509060000,0.0,0.0,0.0,0.0,0.0,0.0,1.0,4,0.0,0.0,,,589268
2025-05-09 07:00:00,00000000790,20250509070000,0.0,0.0,0.0,0.0,0.0,0.0,1.0,4,0.0,0.0,,,589268
2025-05-09 08:00:00,00000000790,20250509080000,0.0,0.0,0.0,0.0,0.0,0.0,1.0,4,0.0,0.0,,,589268
2025-05-09 09:00:00,00000000790,20250509090000,0.0,0.0,0.0,0.0,0.0,0.0,1.0,4,0.0,0.0,,,589268
2025-05-09 10:00:00,00000000790,20250509100000,0.0,0.0,0.0,0.0,0.0,0.0,1.0,4,0.0,0.0,,,589268
2025-05-09 11:00:00,00000000790,20250509110000,0.0,0.0,0.0,0.0,0.0,0.0,1.0,4,0.0,0.0,,,589268
2025-05-09 12:00:00,00000000790,20250509120000,0.0,0.0,0.0,0.0,0.0,0.0,1.0,4,0.0,0.0,,,589268
2025-05-09 13:00:00,00000000790,20250509130000,0.0,0.0,0.0,0.0,0.0,0.0,1.0,4,0.0,0.0,,,589268
2025-05-09 14:00:00,00000000790,20250509140000,0.0,0.0,0.0,0.0,0.0,0.0,1.0,4,0.0,0.0,,,589268
2025-05-09 15:00:00,00000000790,20250509150000,0.0,0.0,0.0,0.0,0.0,0.0,1.0,4,0.0,0.0,,,589268
2025-05-09 16:00:00,00000000790,20250509160000,0.0,0.0,0.0,0.0,0.0,0.0,1.0,4,0.0,0.0,,,589268
2025-05-09 17:00:00,00000000790,20250509170000,0.0,0.0,0.0,0.0,0.0,0.0,1.0,4,0.0,0.0,,,589268
2025-05-09 18:00:00,00000000790,20250509180000,0.0,0.0,0.0,0.0,0.0,0.0,1.0,4,0.0,0.0,,,589268
2025-05-09 19:00:00,00000000790,20250509190000,0.0,0.0,0.0,0.0,0.0,0.0,1.0,4,0.0,0.0,,,589268
2025-05-09 20:00:00,00000000790,20250509200000,0.0,0.0,0.0,0.0,0.0,0.0,1.0,4,0.0,0.0,,,589268
2025-05-09 21:00:00,00000000790,20250509210000,0.0,0.0,0.0,0.0,0.0,0.0,1.0,4,0.0,0.0,,,589268
2025-05-09 22:00:00,00000000790,20250509220000,0.0,0.0,0.0,0.0,0.0,0.0,1.0,4,0.0,0.0,,,589268
2025-05-09 23:00:00,00000000790,20250509230000,0.0,0.0,0.0,0.0,0.0,0.0,1.0,4,0.0,0.0,,,589268
2025-05-10 00:00:00,00000000790,20250510000000,0.0,0.0,0.0,0.0,0.0,0.0,1.0,4,0.0,0.0,,,589268
2025-05-10 01:00:00,00000000790,20250510010000,0.0,0.0,0.0,0.0,0.0,0.0,1.0,4,0.0,0.0,,,589268
2025-05-10 02:00:00,00000000790,20250510020000,0.0,0.0,0.0,0.0,0.0,0.0,1.0,4,0.0,0.0,,,589268
2025-05-10 03:00:00,00000000790,20250510030000,0.0,0.0,0.0,0.0,0.0,0.0,1.0,4,0.0,0.0,,,589268
2025-05-10 04:00:00,00000000790,20250510040000,0.0,0.0,0.0,0.0,0.0,0.0,1.0,4,0.0,0.0,,,589268
2025-05-10 05:00:00,00000000790,20250510050000,0.0,0.0,0.0,0.0,0.0,0.0,1.0,4,0.0,0.0,,,589268
2025-05-10 06:00:00,00000000790,20250510060000,0.0,0.0,0.0,0.0,0.0,0.0,1.0,4,0.0,0.0,,,589268
2025-05-10 07:00:00,00000000790,20250510070000,0.0,0.0,0.0,0.0,0.0,0.0,1.0,4,0.0,0.0,,,589268
2025-05-10 08:00:00,00000000790,20250510080000,0.0,0.0,0.0,0.0,0.0,0.0,1.0,4,0.0,0.0,,,589268
2025-05-10 09:00:00,00000000790,20250510090000,0.0,0.0,0.0,0.0,0.0,0.0,1.0,4,0.0,0.0,,,589268
2025-05-10 10:00:00,00000000790,20250510100000,0.0,0.0,0.0,0.0,0.0,0.0,1.0,4,0.0,0.0,,,589268
2025-05-10 11:00:00,00000000790,20250510110000,0.0,0.0,0.0,0.0,0.0,0.0,1.0,4,0.0,0.0,,,589268
2025-05-10 12:00:00,00000000790,20250510120000,0.0,0.0,0.0,0.0,0.0,0.0,1.0,4,0.0,0.0,,,589268
2025-05-10 13:00:00,00000000790,20250510130000,0.0,0.0,0.0,0.0,0.0,0.0,1.0,4,0.0,0.0,,,589268
2025-05-10 14:00:00,00000000790,20250510140000,0.0,0.0,0.0,0.0,0.0,0.0,1.0,4,0.0,0.0,,,589268
2025-05-10 15:00:00,00000000790,20250510150000,0.0,0.0,0.0,0.0,0.0,0.0,1.0,4,0.0,0.0,,,589268
2025-05-10 16:00:00,00000000790,20250510160000,0.0,0.0,0.0,0.0,0.0,0.0,1.0,4,0.0,0.0,,,589268
2025-05-10 17:00:00,00000000790,20250510170000,0.0,0.0,0.0,0.0,0.0,0.0,1.0,4,0.0,0.0,,,589268
2025-05-10 18:00:00,00000000790,20250510180000,0.0,0.0,0.0,0.0,0.0,0.0,1.0,4,0.0,0.0,,,589268
2025-05-10 19:00:00,00000000790,20250510190000,0.0,0.0,0.0,0.0,0.0,0.0,1.0,4,0.0,0.0,,,589268
2025-05-10 20:00:00,00000000790,20250510200000,0.0,0.0,0.0,0.0,0.0,0.0,1.0,4,0.0,0.0,,,589268
2025-05-10 21:00:00,00000000790,20250510210000,0.0,0.0,0.0,0.0,0.0,0.0,1.0,4,0.0,0.0,,,589268
2025-05-10 22:00:00,00000000790,20250510220000,0.0,0.0,0.0,0.0,0.0,0.0,1.0,4,0.0,0.0,,,589268
2025-05-10 23:00:00,00000000790,20250510230000,0.0,0.0,0.0,0.0,0.0,0.0,1.0,4,0.0,0.0,,,589268
2025-05-11 00:00:00,00000000790,20250511000000,0.0,0.0,0.0,0.0,0.0,0.0,1.0,4,0.0,0.0,,,589268
2025-05-11 01:00:00,00000000790,20250511010000,0.0,0.0,0.0,0.0,0.0,0.0,1.0,4,0.0,0.0,,,589268
2025-05-11 02:00:00,00000000790,20250511020000,0.0,0.0,0.0,0.0,0.0,0.0,1.0,4,0.0,0.0,,,589268
2025-05-11 03:00:00,00000000790,20250511030000,0.0,0.0,0.0,0.0,0.0,0.0,1.0,4,0.0,0.0,,,589268
2025-05-11 04:00:00,00000000790,20250511040000,0.0,0.0,0.0,0.0,0.0,0.0,1.0,4,0.0,0.0,,,589268
2025-05-11 05:00:00,00000000790,20250511050000,0.0,0.0,0.0,0.0,0.0,0.0,1.0,4,0.0,0.0,,,589268
2025-05-11 06:00:00,00000000790,20250511060000,0.0,0.0,0.0,0.0,0.0,0.0,1.0,4,0.0,0.0,,,589268
2025-05-11 07:00:00,00000000790,20250511070000,0.0,0.0,0.0,0.0,0.0,0.0,1.0,4,0.0,0.0,,,589268
2025-05-11 08:00:00,00000000790,20250511080000,0.0,0.0,0.0,0.0,0.0,0.0,1.0,4,0.0,0.0,,,589268
2025-05-11 09:00:00,00000000790,20250511090000,0.0,0.0,0.0,0.0,0.0,0.0,1.0,4,0.0,0.0,,,589268
2025-05-11 10:00:00,00000000790,20250511100000,0.0,0.0,0.0,0.0,0.0,0.0,1.0,4,0.0,0.0,,,589268
2025-05-11 11:00:00,00000000790,20250511110000,0.0,0.0,0.0,0.0,0.0,0.0,1.0,4,0.0,0.0,,,589268
2025-05-11 12:00:00,00000000790,20250511120000,0.0,0.0,0.0,0.0,0.0,0.0,1.0,4,0.0,0.0,,,589268
2025-05-11 13:00:00,00000000790,20250511130000,0.0,0.0,0.0,0.0,0.0,0.0,1.0,4,0.0,0.0,,,589268
2025-05-11 14:00:00,00000000790,20250511140000,0.0,0.0,0.0,0.0,0.0,0.0,1.0,4,0.0,0.0,,,589268
2025-05-11 15:00:00,00000000790,20250511150000,0.0,0.0,0.0,0.0,0.0,0.0,1.0,4,0.0,0.0,,,589268
2025-05-11 16:00:00,00000000790,20250511160000,0.0,0.0,0.0,0.0,0.0,0.0,1.0,4,0.0,0.0,,,589268
2025-05-11 17:00:00,00000000790,20250511170000,0.0,0.0,0.0,0.0,0.0,0.0,1.0,4,0.0,0.0,,,589268
2025-05-11 18:00:00,00000000790,20250511180000,0.0,0.0,0.0,0.0,0.0,0.0,1.0,4,0.0,0.0,,,589268
2025-05-11 19:00:00,00000000790,20250511190000,0.0,0.0,0.0,0.0,0.0,0.0,1.0,4,0.0,0.0,,,589268
2025-05-11 20:00:00,00000000790,20250511200000,0.0,0.0,0.0,0.0,0.0,0.0,1.0,4,0.0,0.0,,,589268
2025-05-11 21:00:00,00000000790,20250511210000,0.0,0.0,0.0,0.0,0.0,0.0,1.0,4,0.0,0.0,,,589268
2025-05-11 22:00:00,00000000790,20250511220000,0.0,0.0,0.0,0.0,0.0,0.0,1.0,4,0.0,0.0,,,589268
2025-05-11 23:00:00,00000000790,20250511230000,0.0,0.0,0.0,0.0,0.0,0.0,1.0,4,0.0,0.0,,,589268
2025-05-12 00:00:00,00000000790,20250512000000,0.0,0.0,0.0,0.0,0.0,0.0,1.0,4,0.0,0.0,,,589268
2025-05-12 01:00:00,00000000790,20250512010000,0.0,0.0,0.0,0.0,0.0,0.0,1.0,4,0.0,0.0,,,589268
2025-05-12 02:00:00,00000000790,20250512020000,0.0,0.0,0.0,0.0,0.0,0.0,1.0,4,0.0,0.0,,,589268
2025-05-12 03:00:00,00000000790,20250512030000,0.0,0.0,0.0,0.0,0.0,0.0,1.0,4,0.0,0.0,,,589268
2025-05-12 04:00:00,00000000790,20250512040000,0.0,0.0,0.0,0.0,0.0,0.0,1.0,4,0.0,0.0,,,589268
2025-05-12 05:00:00,00000000790,20250512050000,0.0,0.0,0.0,0.0,0.0,0.0,1.0,4,0.0,0.0,,,589268
2025-05-12 06:00:00,00000000790,20250512060000,0.0,0.0,0.0,0.0,0.0,0.0,1.0,4,0.0,0.0,,,589268
2025-05-12 07:00:00,00000000790,20250512070000,0.0,0.0,0.0,0.0,0.0,0.0,1.0,4,0.0,0.0,,,589268
2025-05-12 08:00:00,00000000790,20250512080000,0.0,0.0,0.0,0.0,0.0,0.0,1.0,4,0.0,0.0,,,589268
2025-05-12 09:00:00,00000000790,20250512090000,0.0,0.0,0.0,0.0,0.0,0.0,1.0,4,0.0,0.0,,,589268
2025-05-12 10:00:00,00000000790,20250512100000,0.0,0.0,0.0,0.0,0.0,0.0,1.0,4,0.0,0.0,,,589268
2025-05-12 11:00:00,00000000790,20250512110000,0.0,0.0,0.0,0.0,0.0,0.0,1.0,4,0.0,0.0,,,589268
2025-05-12 12:00:00,00000000790,20250512120000,0.0,0.0,0.0,0.0,0.0,0.0,1.0,4,0.0,0.0,,,589268
2025-05-12 13:00:00,00000000790,20250512130000,0.0,0.0,0.0,0.0,0.0,0.0,1.0,4,0.0,0.0,,,589268
2025-05-12 14:00:00,00000000790,20250512140000,0.0,0.0,0.0,0.0,0.0,0.0,1.0,4,0.0,0.0,,,589268
2025-05-12 15:00:00,00000000790,20250512150000,0.0,0.0,0.0,0.0,0.0,0.0,1.0,4,0.0,0.0,,,589268
2025-05-12 16:00:00,00000000790,20250512160000,0.0,0.0,0.0,0.0,0.0,0.0,1.0,4,0.0,0.0,,,589268
2025-05-12 17:00:00,00000000790,20250512170000,0.0,0.0,0.0,0.0,0.0,0.0,1.0,4,0.0,0.0,,,589268
2025-05-12 18:00:00,00000000790,20250512180000,0.0,0.0,0.0,0.0,0.0,0.0,1.0,4,0.0,0.0,,,589268
2025-05-12 19:00:00,00000000790,20250512190000,0.0,0.0,0.0,0.0,0.0,0.0,1.0,4,0.0,0.0,,,589268
2025-05-12 20:00:00,00000000790,20250512200000,0.0,0.0,0.0,0.0,0.0,0.0,1.0,4,0.0,0.0,,,589268
2025-05-12 21:00:00,00000000790,20250512210000,0.0,0.0,0.0,0.0,0.0,0.0,1.0,4,0.0,0.0,,,589268
2025-05-12 22:00:00,00000000790,20250512220000,0.0,0.0,0.0,0.0,0.0,0.0,1.0,4,0.0,0.0,,,589268
2025-05-12 23:00:00,00000000790,20250512230000,0.0,0.0,0.0,0.0,0.0,0.0,1.0,4,0.0,0.0,,,589268
2025-05-13 00:00:00,00000000790,20250513000000,0.0,0.0,0.0,0.0,0.0,0.0,1.0,4,0.0,0.0,,,589268
2025-05-13 01:00:00,00000000790,20250513010000,0.0,0.0,0.0,0.0,0.0,0.0,1.0,4,0.0,0.0,,,589268
2025-05-13 02:00:00,00000000790,20250513020000,0.0,0.0,0.0,0.0,0.0,0.0,1.0,4,0.0,0.0,,,589268
2025-05-13 03:00:00,00000000790,20250513030000,0.0,0.0,0.0,0.0,0.0,0.0,1.0,4,0.0,0.0,,,589268
2025-05-13 04:00:00,00000000790,20250513040000,0.0,0.0,0.0,0.0,0.0,0.0,1.0,4,0.0,0.0,,,589268
2025-05-13 05:00:00,00000000790,20250513050000,0.0,0.0,0.0,0.0,0.0,0.0,1.0,4,0.0,0.0,,,589268
2025-05-13 06:00:00,00000000790,20250513060000,0.0,0.0,0.0,0.0,0.0,0.0,1.0,4,0.0,0.0,,,589268
2025-05-13 07:00:00,00000000790,20250513070000,0.0,0.0,0.0,0.0,0.0,0.0,1.0,4,0.0,0.0,,,589268
2025-05-13 08:00:00,00000000790,20250513080000,0.0,0.0,0.0,0.0,0.0,0.0,1.0,4,0.0,0.0,,,589268
2025-05-13 09:00:00,00000000790,20250513090000,0.0,0.0,0.0,0.0,0.0,0.0,1.0,4,0.0,0.0,,,589268
2025-05-13 10:00:00,00000000790,20250513100000,0.0,0.0,0.0,0.0,0.0,0.0,1.0,4,0.0,0.0,,,589268
2025-05-13 11:00:00,00000000790,20250513110000,0.0,0.0,0.0,0.0,0.0,0.0,1.0,4,0.0,0.0,,,589268
2025-05-13 12:00:00,00000000790,20250513120000,0.0,0.0,0.0,0.0,0.0,0.0,1.0,4,0.0,0.0,,,589268
2025-05-13 13:00:00,00000000790,20250513130000,0.0,0.0,0.0,0.0,0.0,0.0,1.0,4,0.0,0.0,,,589268
2025-05-13 14:00:00,00000000790,20250513140000,0.0,0.0,0.0,0.0,0.0,0.0,1.0,4,0.0,0.0,,,589268
2025-05-13 15:00:00,00000000790,20250513150000,0.0,0.0,0.0,0.0,0.0,0.0,1.0,4,0.0,0.0,,,589268
2025-05-13 16:00:00,00000000790,20250513160000,0.0,0.0,0.0,0.0,0.0,0.0,1.0,4,0.0,0.0,,,589268
2025-05-13 17:00:00,00000000790,20250513170000,0.0,0.0,0.0,0.0,0.0,0.0,1.0,4,0.0,0.0,,,589268
2025-05-13 18:00:00,00000000790,20250513180000,0.0,0.0,0.0,0.0,0.0,0.0,1.0,4,0.0,0.0,,,589268
2025-05-13 19:00:00,00000000790,20250513190000,0.0,0.0,0.0,0.0,0.0,0.0,1.0,4,0.0,0.0,,,589268
2025-05-13 20:00:00,00000000790,20250513200000,0.0,0.0,0.0,0.0,0.0,0.0,1.0,4,0.0,0.0,,,589268
2025-05-13 21:00:00,00000000790,20250513210000,0.0,0.0,0.0,0.0,0.0,0.0,1.0,4,0.0,0.0,,,589268
2025-05-13 22:00:00,00000000790,20250513220000,0.0,0.0,0.0,0.0,0.0,0.0,1.0,4,0.0,0.0,,,589268
2025-05-13 23:00:00,00000000790,20250513230000,0.0,0.0,0.0,0.0,0.0,0.0,1.0,4,0.0,0.0,,,589268
2025-05-14 00:00:00,00000000790,20250514000000,0.0,0.0,0.0,0.0,0.0,0.0,1.0,4,0.0,0.0,,,589268
2025-05-14 01:00:00,00000000790,20250514010000,0.0,0.0,0.0,0.0,0.0,0.0,1.0,4,0.0,0.0,,,589268
2025-05-14 02:00:00,00000000790,20250514020000,0.0,0.0,0.0,0.0,0.0,0.0,1.0,4,0.0,0.0,,,589268
2025-05-14 03:00:00,00000000790,20250514030000,0.0,0.0,0.0,0.0,0.0,0.0,1.0,4,0.0,0.0,,,589268
2025-05-14 04:00:00,00000000790,20250514040000,0.0,0.0,0.0,0.0,0.0,0.0,1.0,4,0.0,0.0,,,589268
2025-05-14 05:00:00,00000000790,20250514050000,0.0,0.0,0.0,0.0,0.0,0.0,1.0,4,0.0,0.0,,,589268
2025-05-14 06:00:00,00000000790,20250514060000,0.0,0.0,0.0,0.0,0.0,0.0,1.0,4,0.0,0.0,,,589268
2025-05-14 07:00:00,00000000790,20250514070000,0.0,0.0,0.0,0.0,0.0,0.0,1.0,4,0.0,0.0,,,589268
2025-05-14 08:00:00,00000000790,20250514080000,0.0,0.0,0.0,0.0,0.0,0.0,1.0,4,0.0,0.0,,,589268
2025-05-14 09:00:00,00000000790,20250514090000,0.0,0.0,0.0,0.0,0.0,0.0,1.0,4,0.0,0.0,,,589268
2025-05-14 10:00:00,00000000790,20250514100000,0.0,0.0,0.0,0.0,0.0,0.0,1.0,4,0.0,0.0,,,589268
2025-05-14 11:00:00,00000000790,20250514110000,0.0,0.0,0.0,0.0,0.0,0.0,1.0,4,0.0,0.0,,,589268
2025-05-14 12:00:00,00000000790,20250514120000,0.0,0.0,0.0,0.0,0.0,0.0,1.0,4,0.0,0.0,,,589268
