datetime,owner_id,timestamp_raw,consumption,reactive_import,reactive_capacitive,generation,reactive_import_out,reactive_capacitive_out,multiplier,status,additional_consumption,additional_generation,rir,rcr,owner_serno
2023-01-01 00:00:00,00000007180,20230101000000,0.0,0.0,0.011,0.0,0.0,0.0,1.0,4,0.0,0.0,,,589253
2023-01-01 01:00:00,00000007180,20230101010000,0.0,0.0,0.011,0.0,0.0,0.0,1.0,4,0.0,0.0,,,589253
2023-01-01 02:00:00,00000007180,20230101020000,0.0,0.0,0.011,0.0,0.0,0.0,1.0,4,0.0,0.0,,,589253
2023-01-01 03:00:00,00000007180,20230101030000,0.0,0.0,0.012,0.0,0.0,0.0,1.0,4,0.0,0.0,,,589253
2023-01-01 04:00:00,00000007180,20230101040000,0.0,0.0,0.011,0.0,0.0,0.0,1.0,4,0.0,0.0,,,589253
2023-01-01 05:00:00,00000007180,20230101050000,0.0,0.0,0.011,0.0,0.0,0.0,1.0,4,0.0,0.0,,,589253
2023-01-01 06:00:00,00000007180,20230101060000,0.0,0.0,0.011,0.0,0.0,0.0,1.0,4,0.0,0.0,,,589253
2023-01-01 07:00:00,00000007180,20230101070000,0.0,0.0,0.011,0.0,0.0,0.0,1.0,4,0.0,0.0,,,589253
2023-01-01 08:00:00,00000007180,20230101080000,0.0,0.0,0.011,0.0,0.0,0.0,1.0,4,0.0,0.0,,,589253
2023-01-01 09:00:00,00000007180,20230101090000,0.0,0.0,0.012,0.0,0.0,0.0,1.0,4,0.0,0.0,,,589253
2023-01-01 10:00:00,00000007180,20230101100000,0.0,0.0,0.011,0.0,0.0,0.0,1.0,4,0.0,0.0,,,589253
2023-01-01 11:00:00,00000007180,20230101110000,0.0,0.0,0.011,0.0,0.0,0.0,1.0,4,0.0,0.0,,,589253
2023-01-01 12:00:00,00000007180,20230101120000,0.0,0.0,0.011,0.0,0.0,0.0,1.0,4,0.0,0.0,,,589253
2023-01-01 13:00:00,00000007180,20230101130000,0.0,0.0,0.011,0.0,0.0,0.0,1.0,4,0.0,0.0,,,589253
2023-01-01 14:00:00,00000007180,20230101140000,0.0,0.0,0.011,0.0,0.0,0.0,1.0,4,0.0,0.0,,,589253
2023-01-01 15:00:00,00000007180,20230101150000,0.0,0.0,0.011,0.0,0.0,0.0,1.0,4,0.0,0.0,,,589253
2023-01-01 16:00:00,00000007180,20230101160000,0.0,0.0,0.011,0.0,0.0,0.0,1.0,4,0.0,0.0,,,589253
2023-01-01 17:00:00,00000007180,20230101170000,0.0,0.0,0.011,0.0,0.0,0.0,1.0,4,0.0,0.0,,,589253
2023-01-01 18:00:00,00000007180,20230101180000,0.0,0.0,0.01,0.0,0.0,0.0,1.0,4,0.0,0.0,,,589253
2023-01-01 19:00:00,00000007180,20230101190000,0.0,0.0,0.01,0.0,0.0,0.0,1.0,4,0.0,0.0,,,589253
2023-01-01 20:00:00,00000007180,20230101200000,0.0,0.0,0.01,0.0,0.0,0.0,1.0,4,0.0,0.0,,,589253
2023-01-01 21:00:00,00000007180,20230101210000,0.0,0.0,0.011,0.0,0.0,0.0,1.0,4,0.0,0.0,,,589253
2023-01-01 22:00:00,00000007180,20230101220000,0.0,0.0,0.01,0.0,0.0,0.0,1.0,4,0.0,0.0,,,589253
2023-01-01 23:00:00,00000007180,20230101230000,0.0,0.0,0.011,0.0,0.0,0.0,1.0,4,0.0,0.0,,,589253
2023-01-02 00:00:00,00000007180,20230102000000,0.0,0.0,0.011,0.0,0.0,0.0,1.0,4,0.0,0.0,,,589253
2023-01-02 01:00:00,00000007180,20230102010000,0.0,0.0,0.011,0.0,0.0,0.0,1.0,4,0.0,0.0,,,589253
2023-01-02 02:00:00,00000007180,20230102020000,0.0,0.0,0.011,0.0,0.0,0.0,1.0,4,0.0,0.0,,,589253
2023-01-02 03:00:00,00000007180,20230102030000,0.0,0.0,0.011,0.0,0.0,0.0,1.0,4,0.0,0.0,,,589253
2023-01-02 04:00:00,00000007180,20230102040000,0.0,0.0,0.011,0.0,0.0,0.0,1.0,4,0.0,0.0,,,589253
2023-01-02 05:00:00,00000007180,20230102050000,0.0,0.0,0.011,0.0,0.0,0.0,1.0,4,0.0,0.0,,,589253
2023-01-02 06:00:00,00000007180,20230102060000,0.0,0.0,0.011,0.0,0.0,0.0,1.0,4,0.0,0.0,,,589253
2023-01-02 07:00:00,00000007180,20230102070000,0.0,0.0,0.011,0.0,0.0,0.0,1.0,4,0.0,0.0,,,589253
2023-01-02 08:00:00,00000007180,20230102080000,0.0,0.0,0.011,0.0,0.0,0.0,1.0,4,0.0,0.0,,,589253
2023-01-02 09:00:00,00000007180,20230102090000,0.0,0.0,0.011,0.0,0.0,0.0,1.0,4,0.0,0.0,,,589253
2023-01-02 10:00:00,00000007180,20230102100000,0.0,0.0,0.01,0.0,0.0,0.0,1.0,4,0.0,0.0,,,589253
2023-01-02 11:00:00,00000007180,20230102110000,0.0,0.0,0.011,0.0,0.0,0.0,1.0,4,0.0,0.0,,,589253
2023-01-02 12:00:00,00000007180,20230102120000,0.0,0.0,0.011,0.0,0.0,0.0,1.0,4,0.0,0.0,,,589253
2023-01-02 13:00:00,00000007180,20230102130000,0.0,0.0,0.011,0.0,0.0,0.0,1.0,4,0.0,0.0,,,589253
2023-01-02 14:00:00,00000007180,20230102140000,0.0,0.0,0.011,0.0,0.0,0.0,1.0,4,0.0,0.0,,,589253
2023-01-02 15:00:00,00000007180,20230102150000,0.0,0.0,0.011,0.0,0.0,0.0,1.0,4,0.0,0.0,,,589253
2023-01-02 16:00:00,00000007180,20230102160000,0.0,0.0,0.011,0.0,0.0,0.0,1.0,4,0.0,0.0,,,589253
2023-01-02 17:00:00,00000007180,20230102170000,0.0,0.0,0.011,0.0,0.0,0.0,1.0,4,0.0,0.0,,,589253
2023-01-02 18:00:00,00000007180,20230102180000,0.0,0.0,0.01,0.0,0.0,0.0,1.0,4,0.0,0.0,,,589253
2023-01-02 19:00:00,00000007180,20230102190000,0.0,0.0,0.011,0.0,0.0,0.0,1.0,4,0.0,0.0,,,589253
2023-01-02 20:00:00,00000007180,20230102200000,0.0,0.0,0.01,0.0,0.0,0.0,1.0,4,0.0,0.0,,,589253
2023-01-02 21:00:00,00000007180,20230102210000,0.0,0.0,0.011,0.0,0.0,0.0,1.0,4,0.0,0.0,,,589253
2023-01-02 22:00:00,00000007180,20230102220000,0.0,0.0,0.01,0.0,0.0,0.0,1.0,4,0.0,0.0,,,589253
2023-01-02 23:00:00,00000007180,20230102230000,0.0,0.0,0.011,0.0,0.0,0.0,1.0,4,0.0,0.0,,,589253
2023-01-03 00:00:00,00000007180,20230103000000,0.0,0.0,0.011,0.0,0.0,0.0,1.0,4,0.0,0.0,,,589253
2023-01-03 01:00:00,00000007180,20230103010000,0.0,0.0,0.011,0.0,0.0,0.0,1.0,4,0.0,0.0,,,589253
2023-01-03 02:00:00,00000007180,20230103020000,0.0,0.0,0.011,0.0,0.0,0.0,1.0,4,0.0,0.0,,,589253
2023-01-03 03:00:00,00000007180,20230103030000,0.0,0.0,0.011,0.0,0.0,0.0,1.0,4,0.0,0.0,,,589253
2023-01-03 04:00:00,00000007180,20230103040000,0.0,0.0,0.011,0.0,0.0,0.0,1.0,4,0.0,0.0,,,589253
2023-01-03 05:00:00,00000007180,20230103050000,0.0,0.0,0.011,0.0,0.0,0.0,1.0,4,0.0,0.0,,,589253
2023-01-03 06:00:00,00000007180,20230103060000,0.0,0.0,0.011,0.0,0.0,0.0,1.0,4,0.0,0.0,,,589253
2023-01-03 07:00:00,00000007180,20230103070000,0.0,0.0,0.011,0.0,0.0,0.0,1.0,4,0.0,0.0,,,589253
2023-01-03 08:00:00,00000007180,20230103080000,0.0,0.0,0.01,0.0,0.0,0.0,1.0,4,0.0,0.0,,,589253
2023-01-03 09:00:00,00000007180,20230103090000,0.0,0.0,0.011,0.0,0.0,0.0,1.0,4,0.0,0.0,,,589253
2023-01-03 10:00:00,00000007180,20230103100000,0.0,0.0,0.011,0.0,0.0,0.0,1.0,4,0.0,0.0,,,589253
2023-01-03 11:00:00,00000007180,20230103110000,0.0,0.0,0.011,0.0,0.0,0.0,1.0,4,0.0,0.0,,,589253
2023-01-03 12:00:00,00000007180,20230103120000,0.0,0.0,0.01,0.0,0.0,0.0,1.0,4,0.0,0.0,,,589253
2023-01-03 13:00:00,00000007180,20230103130000,0.0,0.0,0.011,0.0,0.0,0.0,1.0,4,0.0,0.0,,,589253
2023-01-03 14:00:00,00000007180,20230103140000,0.0,0.0,0.011,0.0,0.0,0.0,1.0,4,0.0,0.0,,,589253
2023-01-03 15:00:00,00000007180,20230103150000,0.0,0.0,0.011,0.0,0.0,0.0,1.0,4,0.0,0.0,,,589253
2023-01-03 16:00:00,00000007180,20230103160000,0.0,0.0,0.011,0.0,0.0,0.0,1.0,4,0.0,0.0,,,589253
2023-01-03 17:00:00,00000007180,20230103170000,0.0,0.0,0.011,0.0,0.0,0.0,1.0,4,0.0,0.0,,,589253
2023-01-03 18:00:00,00000007180,20230103180000,0.0,0.0,0.01,0.0,0.0,0.0,1.0,4,0.0,0.0,,,589253
2023-01-03 19:00:00,00000007180,20230103190000,0.0,0.0,0.011,0.0,0.0,0.0,1.0,4,0.0,0.0,,,589253
2023-01-03 20:00:00,00000007180,20230103200000,0.0,0.0,0.01,0.0,0.0,0.0,1.0,4,0.0,0.0,,,589253
2023-01-03 21:00:00,00000007180,20230103210000,0.0,0.0,0.01,0.0,0.0,0.0,1.0,4,0.0,0.0,,,589253
2023-01-03 22:00:00,00000007180,20230103220000,0.0,0.0,0.011,0.0,0.0,0.0,1.0,4,0.0,0.0,,,589253
2023-01-03 23:00:00,00000007180,20230103230000,0.0,0.0,0.011,0.0,0.0,0.0,1.0,4,0.0,0.0,,,589253
2023-01-04 00:00:00,00000007180,20230104000000,0.0,0.0,0.01,0.0,0.0,0.0,1.0,4,0.0,0.0,,,589253
2023-01-04 01:00:00,00000007180,20230104010000,0.0,0.0,0.012,0.0,0.0,0.0,1.0,4,0.0,0.0,,,589253
2023-01-04 02:00:00,00000007180,20230104020000,0.0,0.0,0.01,0.0,0.0,0.0,1.0,4,0.0,0.0,,,589253
2023-01-04 03:00:00,00000007180,20230104030000,0.0,0.0,0.012,0.0,0.0,0.0,1.0,4,0.0,0.0,,,589253
2023-01-04 04:00:00,00000007180,20230104040000,0.0,0.0,0.011,0.0,0.0,0.0,1.0,4,0.0,0.0,,,589253
2023-01-04 05:00:00,00000007180,20230104050000,0.0,0.0,0.011,0.0,0.0,0.0,1.0,4,0.0,0.0,,,589253
2023-01-04 06:00:00,00000007180,20230104060000,0.0,0.0,0.011,0.0,0.0,0.0,1.0,4,0.0,0.0,,,589253
2023-01-04 07:00:00,00000007180,20230104070000,0.0,0.0,0.01,0.0,0.0,0.0,1.0,4,0.0,0.0,,,589253
2023-01-04 08:00:00,00000007180,20230104080000,0.0,0.0,0.011,0.0,0.0,0.0,1.0,4,0.0,0.0,,,589253
2023-01-04 09:00:00,00000007180,20230104090000,0.0,0.0,0.011,0.0,0.0,0.0,1.0,4,0.0,0.0,,,589253
2023-01-04 10:00:00,00000007180,20230104100000,0.0,0.0,0.011,0.0,0.0,0.0,1.0,4,0.0,0.0,,,589253
2023-01-04 11:00:00,00000007180,20230104110000,0.0,0.0,0.011,0.0,0.0,0.0,1.0,4,0.0,0.0,,,589253
2023-01-04 12:00:00,00000007180,20230104120000,0.0,0.0,0.011,0.0,0.0,0.0,1.0,4,0.0,0.0,,,589253
2023-01-04 13:00:00,00000007180,20230104130000,0.0,0.0,0.011,0.0,0.0,0.0,1.0,4,0.0,0.0,,,589253
2023-01-04 14:00:00,00000007180,20230104140000,0.0,0.0,0.011,0.0,0.0,0.0,1.0,4,0.0,0.0,,,589253
2023-01-04 15:00:00,00000007180,20230104150000,0.0,0.0,0.011,0.0,0.0,0.0,1.0,4,0.0,0.0,,,589253
2023-01-04 16:00:00,00000007180,20230104160000,0.0,0.0,0.011,0.0,0.0,0.0,1.0,4,0.0,0.0,,,589253
2023-01-04 17:00:00,00000007180,20230104170000,0.0,0.0,0.011,0.0,0.0,0.0,1.0,4,0.0,0.0,,,589253
2023-01-04 18:00:00,00000007180,20230104180000,0.0,0.0,0.011,0.0,0.0,0.0,1.0,4,0.0,0.0,,,589253
2023-01-04 19:00:00,00000007180,20230104190000,0.0,0.0,0.01,0.0,0.0,0.0,1.0,4,0.0,0.0,,,589253
2023-01-04 20:00:00,00000007180,20230104200000,0.0,0.0,0.01,0.0,0.0,0.0,1.0,4,0.0,0.0,,,589253
2023-01-04 21:00:00,00000007180,20230104210000,0.0,0.0,0.011,0.0,0.0,0.0,1.0,4,0.0,0.0,,,589253
2023-01-04 22:00:00,00000007180,20230104220000,0.0,0.0,0.011,0.0,0.0,0.0,1.0,4,0.0,0.0,,,589253
2023-01-04 23:00:00,00000007180,20230104230000,0.0,0.0,0.01,0.0,0.0,0.0,1.0,4,0.0,0.0,,,589253
2023-01-05 00:00:00,00000007180,20230105000000,0.0,0.0,0.011,0.0,0.0,0.0,1.0,4,0.0,0.0,,,589253
2023-01-05 01:00:00,00000007180,20230105010000,0.0,0.0,0.011,0.0,0.0,0.0,1.0,4,0.0,0.0,,,589253
2023-01-05 02:00:00,00000007180,20230105020000,0.0,0.0,0.012,0.0,0.0,0.0,1.0,4,0.0,0.0,,,589253
2023-01-05 03:00:00,00000007180,20230105030000,0.0,0.0,0.011,0.0,0.0,0.0,1.0,4,0.0,0.0,,,589253
2023-01-05 04:00:00,00000007180,20230105040000,0.0,0.0,0.011,0.0,0.0,0.0,1.0,4,0.0,0.0,,,589253
2023-01-05 05:00:00,00000007180,20230105050000,0.0,0.0,0.011,0.0,0.0,0.0,1.0,4,0.0,0.0,,,589253
2023-01-05 06:00:00,00000007180,20230105060000,0.0,0.0,0.011,0.0,0.0,0.0,1.0,4,0.0,0.0,,,589253
2023-01-05 07:00:00,00000007180,20230105070000,0.0,0.0,0.011,0.0,0.0,0.0,1.0,4,0.0,0.0,,,589253
2023-01-05 08:00:00,00000007180,20230105080000,0.0,0.0,0.011,0.0,0.0,0.0,1.0,4,0.0,0.0,,,589253
2023-01-05 09:00:00,00000007180,20230105090000,0.0,0.0,0.011,0.0,0.0,0.0,1.0,4,0.0,0.0,,,589253
2023-01-05 10:00:00,00000007180,20230105100000,0.0,0.0,0.011,0.0,0.0,0.0,1.0,4,0.0,0.0,,,589253
2023-01-05 11:00:00,00000007180,20230105110000,0.0,0.0,0.009,0.0,0.0,0.0,1.0,4,0.0,0.0,,,589253
2023-01-05 12:00:00,00000007180,20230105120000,0.0,0.0,0.011,0.0,0.0,0.0,1.0,4,0.0,0.0,,,589253
2023-01-05 13:00:00,00000007180,20230105130000,0.0,0.0,0.012,0.0,0.0,0.0,1.0,4,0.0,0.0,,,589253
2023-01-05 14:00:00,00000007180,20230105140000,0.0,0.0,0.011,0.0,0.0,0.0,1.0,4,0.0,0.0,,,589253
2023-01-05 15:00:00,00000007180,20230105150000,0.0,0.0,0.011,0.0,0.0,0.0,1.0,4,0.0,0.0,,,589253
2023-01-05 16:00:00,00000007180,20230105160000,0.0,0.0,0.011,0.0,0.0,0.0,1.0,4,0.0,0.0,,,589253
2023-01-05 17:00:00,00000007180,20230105170000,0.0,0.0,0.011,0.0,0.0,0.0,1.0,4,0.0,0.0,,,589253
2023-01-05 18:00:00,00000007180,20230105180000,0.0,0.0,0.011,0.0,0.0,0.0,1.0,4,0.0,0.0,,,589253
2023-01-05 19:00:00,00000007180,20230105190000,0.0,0.0,0.01,0.0,0.0,0.0,1.0,4,0.0,0.0,,,589253
2023-01-05 20:00:00,00000007180,20230105200000,0.0,0.0,0.011,0.0,0.0,0.0,1.0,4,0.0,0.0,,,589253
2023-01-05 21:00:00,00000007180,20230105210000,0.0,0.0,0.01,0.0,0.0,0.0,1.0,4,0.0,0.0,,,589253
2023-01-05 22:00:00,00000007180,20230105220000,0.0,0.0,0.011,0.0,0.0,0.0,1.0,4,0.0,0.0,,,589253
2023-01-05 23:00:00,00000007180,20230105230000,0.0,0.0,0.011,0.0,0.0,0.0,1.0,4,0.0,0.0,,,589253
2023-01-06 00:00:00,00000007180,20230106000000,0.0,0.0,0.011,0.0,0.0,0.0,1.0,4,0.0,0.0,,,589253
2023-01-06 01:00:00,00000007180,20230106010000,0.0,0.0,0.011,0.0,0.0,0.0,1.0,4,0.0,0.0,,,589253
2023-01-06 02:00:00,00000007180,20230106020000,0.0,0.0,0.011,0.0,0.0,0.0,1.0,4,0.0,0.0,,,589253
2023-01-06 03:00:00,00000007180,20230106030000,0.0,0.0,0.012,0.0,0.0,0.0,1.0,4,0.0,0.0,,,589253
2023-01-06 04:00:00,00000007180,20230106040000,0.0,0.0,0.011,0.0,0.0,0.0,1.0,4,0.0,0.0,,,589253
2023-01-06 05:00:00,00000007180,20230106050000,0.0,0.0,0.011,0.0,0.0,0.0,1.0,4,0.0,0.0,,,589253
2023-01-06 06:00:00,00000007180,20230106060000,0.0,0.0,0.012,0.0,0.0,0.0,1.0,4,0.0,0.0,,,589253
2023-01-06 07:00:00,00000007180,20230106070000,0.0,0.0,0.011,0.0,0.0,0.0,1.0,4,0.0,0.0,,,589253
2023-01-06 08:00:00,00000007180,20230106080000,0.0,0.0,0.01,0.0,0.0,0.0,1.0,4,0.0,0.0,,,589253
2023-01-06 09:00:00,00000007180,20230106090000,0.0,0.0,0.011,0.0,0.0,0.0,1.0,4,0.0,0.0,,,589253
2023-01-06 10:00:00,00000007180,20230106100000,0.0,0.0,0.011,0.0,0.0,0.0,1.0,4,0.0,0.0,,,589253
2023-01-06 11:00:00,00000007180,20230106110000,0.0,0.0,0.011,0.0,0.0,0.0,1.0,4,0.0,0.0,,,589253
2023-01-06 12:00:00,00000007180,20230106120000,0.0,0.0,0.011,0.0,0.0,0.0,1.0,4,0.0,0.0,,,589253
2023-01-06 13:00:00,00000007180,20230106130000,0.0,0.0,0.011,0.0,0.0,0.0,1.0,4,0.0,0.0,,,589253
2023-01-06 14:00:00,00000007180,20230106140000,0.0,0.0,0.011,0.0,0.0,0.0,1.0,4,0.0,0.0,,,589253
2023-01-06 15:00:00,00000007180,20230106150000,0.0,0.0,0.012,0.0,0.0,0.0,1.0,4,0.0,0.0,,,589253
2023-01-06 16:00:00,00000007180,20230106160000,0.0,0.0,0.011,0.0,0.0,0.0,1.0,4,0.0,0.0,,,589253
2023-01-06 17:00:00,00000007180,20230106170000,0.0,0.0,0.011,0.0,0.0,0.0,1.0,4,0.0,0.0,,,589253
2023-01-06 18:00:00,00000007180,20230106180000,0.0,0.0,0.01,0.0,0.0,0.0,1.0,4,0.0,0.0,,,589253
2023-01-06 19:00:00,00000007180,20230106190000,0.0,0.0,0.011,0.0,0.0,0.0,1.0,4,0.0,0.0,,,589253
2023-01-06 20:00:00,00000007180,20230106200000,0.0,0.0,0.011,0.0,0.0,0.0,1.0,4,0.0,0.0,,,589253
2023-01-06 21:00:00,00000007180,20230106210000,0.0,0.0,0.01,0.0,0.0,0.0,1.0,4,0.0,0.0,,,589253
2023-01-06 22:00:00,00000007180,20230106220000,0.0,0.0,0.011,0.0,0.0,0.0,1.0,4,0.0,0.0,,,589253
2023-01-06 23:00:00,00000007180,20230106230000,0.0,0.0,0.011,0.0,0.0,0.0,1.0,4,0.0,0.0,,,589253
2023-01-07 00:00:00,00000007180,20230107000000,0.0,0.0,0.011,0.0,0.0,0.0,1.0,4,0.0,0.0,,,589253
2023-01-07 01:00:00,00000007180,20230107010000,0.0,0.0,0.011,0.0,0.0,0.0,1.0,4,0.0,0.0,,,589253
2023-01-07 02:00:00,00000007180,20230107020000,0.0,0.0,0.011,0.0,0.0,0.0,1.0,4,0.0,0.0,,,589253
2023-01-07 03:00:00,00000007180,20230107030000,0.0,0.0,0.011,0.0,0.0,0.0,1.0,4,0.0,0.0,,,589253
2023-01-07 04:00:00,00000007180,20230107040000,0.0,0.0,0.011,0.0,0.0,0.0,1.0,4,0.0,0.0,,,589253
2023-01-07 05:00:00,00000007180,20230107050000,0.0,0.0,0.011,0.0,0.0,0.0,1.0,4,0.0,0.0,,,589253
2023-01-07 06:00:00,00000007180,20230107060000,0.0,0.0,0.012,0.0,0.0,0.0,1.0,4,0.0,0.0,,,589253
2023-01-07 07:00:00,00000007180,20230107070000,0.0,0.0,0.011,0.0,0.0,0.0,1.0,4,0.0,0.0,,,589253
2023-01-07 08:00:00,00000007180,20230107080000,0.0,0.0,0.011,0.0,0.0,0.0,1.0,4,0.0,0.0,,,589253
2023-01-07 09:00:00,00000007180,20230107090000,0.0,0.0,0.011,0.0,0.0,0.0,1.0,4,0.0,0.0,,,589253
2023-01-07 10:00:00,00000007180,20230107100000,0.0,0.0,0.011,0.0,0.0,0.0,1.0,4,0.0,0.0,,,589253
2023-01-07 11:00:00,00000007180,20230107110000,0.0,0.0,0.011,0.0,0.0,0.0,1.0,4,0.0,0.0,,,589253
2023-01-07 12:00:00,00000007180,20230107120000,0.0,0.0,0.011,0.0,0.0,0.0,1.0,4,0.0,0.0,,,589253
2023-01-07 13:00:00,00000007180,20230107130000,0.0,0.0,0.011,0.0,0.0,0.0,1.0,4,0.0,0.0,,,589253
2023-01-07 14:00:00,00000007180,20230107140000,0.0,0.0,0.011,0.0,0.0,0.0,1.0,4,0.0,0.0,,,589253
2023-01-07 15:00:00,00000007180,20230107150000,0.0,0.0,0.011,0.0,0.0,0.0,1.0,4,0.0,0.0,,,589253
2023-01-07 16:00:00,00000007180,20230107160000,0.0,0.0,0.011,0.0,0.0,0.0,1.0,4,0.0,0.0,,,589253
2023-01-07 17:00:00,00000007180,20230107170000,0.0,0.0,0.011,0.0,0.0,0.0,1.0,4,0.0,0.0,,,589253
2023-01-07 18:00:00,00000007180,20230107180000,0.0,0.0,0.01,0.0,0.0,0.0,1.0,4,0.0,0.0,,,589253
2023-01-07 19:00:00,00000007180,20230107190000,0.0,0.0,0.011,0.0,0.0,0.0,1.0,4,0.0,0.0,,,589253
2023-01-07 20:00:00,00000007180,20230107200000,0.0,0.0,0.01,0.0,0.0,0.0,1.0,4,0.0,0.0,,,589253
2023-01-07 21:00:00,00000007180,20230107210000,0.0,0.0,0.011,0.0,0.0,0.0,1.0,4,0.0,0.0,,,589253
2023-01-07 22:00:00,00000007180,20230107220000,0.0,0.0,0.011,0.0,0.0,0.0,1.0,4,0.0,0.0,,,589253
2023-01-07 23:00:00,00000007180,20230107230000,0.0,0.0,0.011,0.0,0.0,0.0,1.0,4,0.0,0.0,,,589253
2023-01-08 00:00:00,00000007180,20230108000000,0.0,0.0,0.011,0.0,0.0,0.0,1.0,4,0.0,0.0,,,589253
2023-01-08 01:00:00,00000007180,20230108010000,0.0,0.0,0.011,0.0,0.0,0.0,1.0,4,0.0,0.0,,,589253
2023-01-08 02:00:00,00000007180,20230108020000,0.0,0.0,0.011,0.0,0.0,0.0,1.0,4,0.0,0.0,,,589253
2023-01-08 03:00:00,00000007180,20230108030000,0.0,0.0,0.011,0.0,0.0,0.0,1.0,4,0.0,0.0,,,589253
2023-01-08 04:00:00,00000007180,20230108040000,0.0,0.0,0.011,0.0,0.0,0.0,1.0,4,0.0,0.0,,,589253
2023-01-08 05:00:00,00000007180,20230108050000,0.0,0.0,0.011,0.0,0.0,0.0,1.0,4,0.0,0.0,,,589253
2023-01-08 06:00:00,00000007180,20230108060000,0.0,0.0,0.011,0.0,0.0,0.0,1.0,4,0.0,0.0,,,589253
2023-01-08 07:00:00,00000007180,20230108070000,0.0,0.0,0.011,0.0,0.0,0.0,1.0,4,0.0,0.0,,,589253
2023-01-08 08:00:00,00000007180,20230108080000,0.0,0.0,0.011,0.0,0.0,0.0,1.0,4,0.0,0.0,,,589253
2023-01-08 09:00:00,00000007180,20230108090000,0.0,0.0,0.011,0.0,0.0,0.0,1.0,4,0.0,0.0,,,589253
2023-01-08 10:00:00,00000007180,20230108100000,0.0,0.0,0.011,0.0,0.0,0.0,1.0,4,0.0,0.0,,,589253
2023-01-08 11:00:00,00000007180,20230108110000,0.0,0.0,0.011,0.0,0.0,0.0,1.0,4,0.0,0.0,,,589253
2023-01-08 12:00:00,00000007180,20230108120000,0.0,0.0,0.011,0.0,0.0,0.0,1.0,4,0.0,0.0,,,589253
2023-01-08 13:00:00,00000007180,20230108130000,0.0,0.0,0.011,0.0,0.0,0.0,1.0,4,0.0,0.0,,,589253
2023-01-08 14:00:00,00000007180,20230108140000,0.0,0.0,0.011,0.0,0.0,0.0,1.0,4,0.0,0.0,,,589253
2023-01-08 15:00:00,00000007180,20230108150000,0.0,0.0,0.012,0.0,0.0,0.0,1.0,4,0.0,0.0,,,589253
2023-01-08 16:00:00,00000007180,20230108160000,0.0,0.0,0.011,0.0,0.0,0.0,1.0,4,0.0,0.0,,,589253
2023-01-08 17:00:00,00000007180,20230108170000,0.0,0.0,0.011,0.0,0.0,0.0,1.0,4,0.0,0.0,,,589253
2023-01-08 18:00:00,00000007180,20230108180000,0.0,0.0,0.01,0.0,0.0,0.0,1.0,4,0.0,0.0,,,589253
2023-01-08 19:00:00,00000007180,20230108190000,0.0,0.0,0.01,0.0,0.0,0.0,1.0,4,0.0,0.0,,,589253
2023-01-08 20:00:00,00000007180,20230108200000,0.0,0.0,0.011,0.0,0.0,0.0,1.0,4,0.0,0.0,,,589253
2023-01-08 21:00:00,00000007180,20230108210000,0.0,0.0,0.01,0.0,0.0,0.0,1.0,4,0.0,0.0,,,589253
2023-01-08 22:00:00,00000007180,20230108220000,0.0,0.0,0.011,0.0,0.0,0.0,1.0,4,0.0,0.0,,,589253
2023-01-08 23:00:00,00000007180,20230108230000,0.0,0.0,0.011,0.0,0.0,0.0,1.0,4,0.0,0.0,,,589253
2023-01-09 00:00:00,00000007180,20230109000000,0.0,0.0,0.011,0.0,0.0,0.0,1.0,4,0.0,0.0,,,589253
2023-01-09 01:00:00,00000007180,20230109010000,0.0,0.0,0.011,0.0,0.0,0.0,1.0,4,0.0,0.0,,,589253
2023-01-09 02:00:00,00000007180,20230109020000,0.0,0.0,0.011,0.0,0.0,0.0,1.0,4,0.0,0.0,,,589253
2023-01-09 03:00:00,00000007180,20230109030000,0.0,0.0,0.011,0.0,0.0,0.0,1.0,4,0.0,0.0,,,589253
2023-01-09 04:00:00,00000007180,20230109040000,0.0,0.0,0.011,0.0,0.0,0.0,1.0,4,0.0,0.0,,,589253
2023-01-09 05:00:00,00000007180,20230109050000,0.0,0.0,0.011,0.0,0.0,0.0,1.0,4,0.0,0.0,,,589253
2023-01-09 06:00:00,00000007180,20230109060000,0.0,0.0,0.011,0.0,0.0,0.0,1.0,4,0.0,0.0,,,589253
2023-01-09 07:00:00,00000007180,20230109070000,0.0,0.0,0.011,0.0,0.0,0.0,1.0,4,0.0,0.0,,,589253
2023-01-09 08:00:00,00000007180,20230109080000,0.0,0.0,0.011,0.0,0.0,0.0,1.0,4,0.0,0.0,,,589253
2023-01-09 09:00:00,00000007180,20230109090000,0.0,0.0,0.011,0.0,0.0,0.0,1.0,4,0.0,0.0,,,589253
2023-01-09 10:00:00,00000007180,20230109100000,0.0,0.0,0.011,0.0,0.0,0.0,1.0,4,0.0,0.0,,,589253
2023-01-09 11:00:00,00000007180,20230109110000,0.0,0.0,0.01,0.0,0.0,0.0,1.0,4,0.0,0.0,,,589253
2023-01-09 12:00:00,00000007180,20230109120000,0.0,0.0,0.011,0.0,0.0,0.0,1.0,4,0.0,0.0,,,589253
2023-01-09 13:00:00,00000007180,20230109130000,0.0,0.0,0.011,0.0,0.0,0.0,1.0,4,0.0,0.0,,,589253
2023-01-09 14:00:00,00000007180,20230109140000,0.0,0.0,0.011,0.0,0.0,0.0,1.0,4,0.0,0.0,,,589253
2023-01-09 15:00:00,00000007180,20230109150000,0.0,0.0,0.011,0.0,0.0,0.0,1.0,4,0.0,0.0,,,589253
2023-01-09 16:00:00,00000007180,20230109160000,0.0,0.0,0.01,0.0,0.0,0.0,1.0,4,0.0,0.0,,,589253
2023-01-09 17:00:00,00000007180,20230109170000,0.0,0.0,0.011,0.0,0.0,0.0,1.0,4,0.0,0.0,,,589253
2023-01-09 18:00:00,00000007180,20230109180000,0.0,0.0,0.011,0.0,0.0,0.0,1.0,4,0.0,0.0,,,589253
2023-01-09 19:00:00,00000007180,20230109190000,0.0,0.0,0.01,0.0,0.0,0.0,1.0,4,0.0,0.0,,,589253
2023-01-09 20:00:00,00000007180,20230109200000,0.0,0.0,0.011,0.0,0.0,0.0,1.0,4,0.0,0.0,,,589253
2023-01-09 21:00:00,00000007180,20230109210000,0.0,0.0,0.01,0.0,0.0,0.0,1.0,4,0.0,0.0,,,589253
2023-01-09 22:00:00,00000007180,20230109220000,0.0,0.0,0.011,0.0,0.0,0.0,1.0,4,0.0,0.0,,,589253
2023-01-09 23:00:00,00000007180,20230109230000,0.0,0.0,0.011,0.0,0.0,0.0,1.0,4,0.0,0.0,,,589253
2023-01-10 00:00:00,00000007180,20230110000000,0.0,0.0,0.011,0.0,0.0,0.0,1.0,4,0.0,0.0,,,589253
2023-01-10 01:00:00,00000007180,20230110010000,0.0,0.0,0.011,0.0,0.0,0.0,1.0,4,0.0,0.0,,,589253
2023-01-10 02:00:00,00000007180,20230110020000,0.0,0.0,0.011,0.0,0.0,0.0,1.0,4,0.0,0.0,,,589253
2023-01-10 03:00:00,00000007180,20230110030000,0.0,0.0,0.011,0.0,0.0,0.0,1.0,4,0.0,0.0,,,589253
2023-01-10 04:00:00,00000007180,20230110040000,0.0,0.0,0.012,0.0,0.0,0.0,1.0,4,0.0,0.0,,,589253
2023-01-10 05:00:00,00000007180,20230110050000,0.0,0.0,0.011,0.0,0.0,0.0,1.0,4,0.0,0.0,,,589253
2023-01-10 06:00:00,00000007180,20230110060000,0.0,0.0,0.011,0.0,0.0,0.0,1.0,4,0.0,0.0,,,589253
2023-01-10 07:00:00,00000007180,20230110070000,0.0,0.0,0.011,0.0,0.0,0.0,1.0,4,0.0,0.0,,,589253
2023-01-10 08:00:00,00000007180,20230110080000,0.0,0.0,0.011,0.0,0.0,0.0,1.0,4,0.0,0.0,,,589253
2023-01-10 09:00:00,00000007180,20230110090000,0.0,0.0,0.011,0.0,0.0,0.0,1.0,4,0.0,0.0,,,589253
2023-01-10 10:00:00,00000007180,20230110100000,0.0,0.0,0.01,0.0,0.0,0.0,1.0,4,0.0,0.0,,,589253
2023-01-10 11:00:00,00000007180,20230110110000,0.0,0.0,0.011,0.0,0.0,0.0,1.0,4,0.0,0.0,,,589253
2023-01-10 12:00:00,00000007180,20230110120000,0.0,0.0,0.012,0.0,0.0,0.0,1.0,4,0.0,0.0,,,589253
2023-01-10 13:00:00,00000007180,20230110130000,0.0,0.0,0.011,0.0,0.0,0.0,1.0,4,0.0,0.0,,,589253
2023-01-10 14:00:00,00000007180,20230110140000,0.0,0.0,0.011,0.0,0.0,0.0,1.0,4,0.0,0.0,,,589253
2023-01-10 15:00:00,00000007180,20230110150000,0.0,0.0,0.01,0.0,0.0,0.0,1.0,4,0.0,0.0,,,589253
2023-01-10 16:00:00,00000007180,20230110160000,0.0,0.0,0.011,0.0,0.0,0.0,1.0,4,0.0,0.0,,,589253
2023-01-10 17:00:00,00000007180,20230110170000,0.0,0.0,0.011,0.0,0.0,0.0,1.0,4,0.0,0.0,,,589253
2023-01-10 18:00:00,00000007180,20230110180000,0.0,0.0,0.011,0.0,0.0,0.0,1.0,4,0.0,0.0,,,589253
2023-01-10 19:00:00,00000007180,20230110190000,0.0,0.0,0.01,0.0,0.0,0.0,1.0,4,0.0,0.0,,,589253
2023-01-10 20:00:00,00000007180,20230110200000,0.0,0.0,0.011,0.0,0.0,0.0,1.0,4,0.0,0.0,,,589253
2023-01-10 21:00:00,00000007180,20230110210000,0.0,0.0,0.011,0.0,0.0,0.0,1.0,4,0.0,0.0,,,589253
2023-01-10 22:00:00,00000007180,20230110220000,0.0,0.0,0.01,0.0,0.0,0.0,1.0,4,0.0,0.0,,,589253
2023-01-10 23:00:00,00000007180,20230110230000,0.0,0.0,0.011,0.0,0.0,0.0,1.0,4,0.0,0.0,,,589253
2023-01-11 00:00:00,00000007180,20230111000000,0.0,0.0,0.011,0.0,0.0,0.0,1.0,4,0.0,0.0,,,589253
2023-01-11 01:00:00,00000007180,20230111010000,0.0,0.0,0.011,0.0,0.0,0.0,1.0,4,0.0,0.0,,,589253
2023-01-11 02:00:00,00000007180,20230111020000,0.0,0.0,0.012,0.0,0.0,0.0,1.0,4,0.0,0.0,,,589253
2023-01-11 03:00:00,00000007180,20230111030000,0.0,0.0,0.011,0.0,0.0,0.0,1.0,4,0.0,0.0,,,589253
2023-01-11 04:00:00,00000007180,20230111040000,0.0,0.0,0.011,0.0,0.0,0.0,1.0,4,0.0,0.0,,,589253
2023-01-11 05:00:00,00000007180,20230111050000,0.0,0.0,0.012,0.0,0.0,0.0,1.0,4,0.0,0.0,,,589253
2023-01-11 06:00:00,00000007180,20230111060000,0.0,0.0,0.011,0.0,0.0,0.0,1.0,4,0.0,0.0,,,589253
2023-01-11 07:00:00,00000007180,20230111070000,0.0,0.0,0.011,0.0,0.0,0.0,1.0,4,0.0,0.0,,,589253
2023-01-11 08:00:00,00000007180,20230111080000,0.0,0.0,0.011,0.0,0.0,0.0,1.0,4,0.0,0.0,,,589253
2023-01-11 09:00:00,00000007180,20230111090000,0.0,0.0,0.011,0.0,0.0,0.0,1.0,4,0.0,0.0,,,589253
2023-01-11 10:00:00,00000007180,20230111100000,0.0,0.0,0.01,0.0,0.0,0.0,1.0,4,0.0,0.0,,,589253
2023-01-11 11:00:00,00000007180,20230111110000,0.0,0.0,0.011,0.0,0.0,0.0,1.0,4,0.0,0.0,,,589253
2023-01-11 12:00:00,00000007180,20230111120000,0.0,0.0,0.011,0.0,0.0,0.0,1.0,4,0.0,0.0,,,589253
2023-01-11 13:00:00,00000007180,20230111130000,0.0,0.0,0.011,0.0,0.0,0.0,1.0,4,0.0,0.0,,,589253
2023-01-11 14:00:00,00000007180,20230111140000,0.0,0.0,0.011,0.0,0.0,0.0,1.0,4,0.0,0.0,,,589253
2023-01-11 15:00:00,00000007180,20230111150000,0.0,0.0,0.011,0.0,0.0,0.0,1.0,4,0.0,0.0,,,589253
2023-01-11 16:00:00,00000007180,20230111160000,0.0,0.0,0.01,0.0,0.0,0.0,1.0,4,0.0,0.0,,,589253
2023-01-11 17:00:00,00000007180,20230111170000,0.0,0.0,0.011,0.0,0.0,0.0,1.0,4,0.0,0.0,,,589253
2023-01-11 18:00:00,00000007180,20230111180000,0.0,0.0,0.011,0.0,0.0,0.0,1.0,4,0.0,0.0,,,589253
2023-01-11 19:00:00,00000007180,20230111190000,0.0,0.0,0.01,0.0,0.0,0.0,1.0,4,0.0,0.0,,,589253
2023-01-11 20:00:00,00000007180,20230111200000,0.0,0.0,0.011,0.0,0.0,0.0,1.0,4,0.0,0.0,,,589253
2023-01-11 21:00:00,00000007180,20230111210000,0.0,0.0,0.011,0.0,0.0,0.0,1.0,4,0.0,0.0,,,589253
2023-01-11 22:00:00,00000007180,20230111220000,0.0,0.0,0.01,0.0,0.0,0.0,1.0,4,0.0,0.0,,,589253
2023-01-11 23:00:00,00000007180,20230111230000,0.0,0.0,0.011,0.0,0.0,0.0,1.0,4,0.0,0.0,,,589253
2023-01-12 00:00:00,00000007180,20230112000000,0.0,0.0,0.011,0.0,0.0,0.0,1.0,4,0.0,0.0,,,589253
2023-01-12 01:00:00,00000007180,20230112010000,0.0,0.0,0.012,0.0,0.0,0.0,1.0,4,0.0,0.0,,,589253
2023-01-12 02:00:00,00000007180,20230112020000,0.0,0.0,0.011,0.0,0.0,0.0,1.0,4,0.0,0.0,,,589253
2023-01-12 03:00:00,00000007180,20230112030000,0.0,0.0,0.011,0.0,0.0,0.0,1.0,4,0.0,0.0,,,589253
2023-01-12 04:00:00,00000007180,20230112040000,0.0,0.0,0.011,0.0,0.0,0.0,1.0,4,0.0,0.0,,,589253
2023-01-12 05:00:00,00000007180,20230112050000,0.0,0.0,0.012,0.0,0.0,0.0,1.0,4,0.0,0.0,,,589253
2023-01-12 06:00:00,00000007180,20230112060000,0.0,0.0,0.011,0.0,0.0,0.0,1.0,4,0.0,0.0,,,589253
2023-01-12 07:00:00,00000007180,20230112070000,0.0,0.0,0.011,0.0,0.0,0.0,1.0,4,0.0,0.0,,,589253
2023-01-12 08:00:00,00000007180,20230112080000,0.0,0.0,0.011,0.0,0.0,0.0,1.0,4,0.0,0.0,,,589253
2023-01-12 09:00:00,00000007180,20230112090000,0.0,0.0,0.011,0.0,0.0,0.0,1.0,4,0.0,0.0,,,589253
2023-01-12 10:00:00,00000007180,20230112100000,0.0,0.0,0.011,0.0,0.0,0.0,1.0,4,0.0,0.0,,,589253
2023-01-12 11:00:00,00000007180,20230112110000,0.0,0.0,0.011,0.0,0.0,0.0,1.0,4,0.0,0.0,,,589253
2023-01-12 12:00:00,00000007180,20230112120000,0.0,0.0,0.011,0.0,0.0,0.0,1.0,4,0.0,0.0,,,589253
2023-01-12 13:00:00,00000007180,20230112130000,0.0,0.0,0.011,0.0,0.0,0.0,1.0,4,0.0,0.0,,,589253
2023-01-12 14:00:00,00000007180,20230112140000,0.0,0.0,0.01,0.0,0.0,0.0,1.0,4,0.0,0.0,,,589253
2023-01-12 15:00:00,00000007180,20230112150000,0.0,0.0,0.011,0.0,0.0,0.0,1.0,4,0.0,0.0,,,589253
2023-01-12 16:00:00,00000007180,20230112160000,0.0,0.0,0.011,0.0,0.0,0.0,1.0,4,0.0,0.0,,,589253
2023-01-12 17:00:00,00000007180,20230112170000,0.0,0.0,0.011,0.0,0.0,0.0,1.0,4,0.0,0.0,,,589253
2023-01-12 18:00:00,00000007180,20230112180000,0.0,0.0,0.011,0.0,0.0,0.0,1.0,4,0.0,0.0,,,589253
2023-01-12 19:00:00,00000007180,20230112190000,0.0,0.0,0.01,0.0,0.0,0.0,1.0,4,0.0,0.0,,,589253
2023-01-12 20:00:00,00000007180,20230112200000,0.0,0.0,0.011,0.0,0.0,0.0,1.0,4,0.0,0.0,,,589253
2023-01-12 21:00:00,00000007180,20230112210000,0.0,0.0,0.01,0.0,0.0,0.0,1.0,4,0.0,0.0,,,589253
2023-01-12 22:00:00,00000007180,20230112220000,0.0,0.0,0.011,0.0,0.0,0.0,1.0,4,0.0,0.0,,,589253
2023-01-12 23:00:00,00000007180,20230112230000,0.0,0.0,0.011,0.0,0.0,0.0,1.0,4,0.0,0.0,,,589253
2023-01-13 00:00:00,00000007180,20230113000000,0.0,0.0,0.011,0.0,0.0,0.0,1.0,4,0.0,0.0,,,589253
2023-01-13 01:00:00,00000007180,20230113010000,0.0,0.0,0.011,0.0,0.0,0.0,1.0,4,0.0,0.0,,,589253
2023-01-13 02:00:00,00000007180,20230113020000,0.0,0.0,0.011,0.0,0.0,0.0,1.0,4,0.0,0.0,,,589253
2023-01-13 03:00:00,00000007180,20230113030000,0.0,0.0,0.012,0.0,0.0,0.0,1.0,4,0.0,0.0,,,589253
2023-01-13 04:00:00,00000007180,20230113040000,0.0,0.0,0.011,0.0,0.0,0.0,1.0,4,0.0,0.0,,,589253
2023-01-13 05:00:00,00000007180,20230113050000,0.0,0.0,0.012,0.0,0.0,0.0,1.0,4,0.0,0.0,,,589253
2023-01-13 06:00:00,00000007180,20230113060000,0.0,0.0,0.011,0.0,0.0,0.0,1.0,4,0.0,0.0,,,589253
2023-01-13 07:00:00,00000007180,20230113070000,0.0,0.0,0.011,0.0,0.0,0.0,1.0,4,0.0,0.0,,,589253
2023-01-13 08:00:00,00000007180,20230113080000,0.0,0.0,0.011,0.0,0.0,0.0,1.0,4,0.0,0.0,,,589253
2023-01-13 09:00:00,00000007180,20230113090000,0.0,0.0,0.011,0.0,0.0,0.0,1.0,4,0.0,0.0,,,589253
2023-01-13 10:00:00,00000007180,20230113100000,0.0,0.0,0.01,0.0,0.0,0.0,1.0,4,0.0,0.0,,,589253
2023-01-13 11:00:00,00000007180,20230113110000,0.0,0.0,0.011,0.0,0.0,0.0,1.0,4,0.0,0.0,,,589253
2023-01-13 12:00:00,00000007180,20230113120000,0.0,0.0,0.011,0.0,0.0,0.0,1.0,4,0.0,0.0,,,589253
2023-01-13 13:00:00,00000007180,20230113130000,0.0,0.0,0.011,0.0,0.0,0.0,1.0,4,0.0,0.0,,,589253
2023-01-13 14:00:00,00000007180,20230113140000,0.0,0.0,0.01,0.0,0.0,0.0,1.0,4,0.0,0.0,,,589253
2023-01-13 15:00:00,00000007180,20230113150000,0.0,0.0,0.011,0.0,0.0,0.0,1.0,4,0.0,0.0,,,589253
2023-01-13 16:00:00,00000007180,20230113160000,0.0,0.0,0.011,0.0,0.0,0.0,1.0,4,0.0,0.0,,,589253
2023-01-13 17:00:00,00000007180,20230113170000,0.0,0.0,0.011,0.0,0.0,0.0,1.0,4,0.0,0.0,,,589253
2023-01-13 18:00:00,00000007180,20230113180000,0.0,0.0,0.011,0.0,0.0,0.0,1.0,4,0.0,0.0,,,589253
2023-01-13 19:00:00,00000007180,20230113190000,0.0,0.0,0.01,0.0,0.0,0.0,1.0,4,0.0,0.0,,,589253
2023-01-13 20:00:00,00000007180,20230113200000,0.0,0.0,0.011,0.0,0.0,0.0,1.0,4,0.0,0.0,,,589253
2023-01-13 21:00:00,00000007180,20230113210000,0.0,0.0,0.01,0.0,0.0,0.0,1.0,4,0.0,0.0,,,589253
2023-01-13 22:00:00,00000007180,20230113220000,0.0,0.0,0.011,0.0,0.0,0.0,1.0,4,0.0,0.0,,,589253
2023-01-13 23:00:00,00000007180,20230113230000,0.0,0.0,0.011,0.0,0.0,0.0,1.0,4,0.0,0.0,,,589253
2023-01-14 00:00:00,00000007180,20230114000000,0.0,0.0,0.011,0.0,0.0,0.0,1.0,4,0.0,0.0,,,589253
2023-01-14 01:00:00,00000007180,20230114010000,0.0,0.0,0.011,0.0,0.0,0.0,1.0,4,0.0,0.0,,,589253
2023-01-14 02:00:00,00000007180,20230114020000,0.0,0.0,0.011,0.0,0.0,0.0,1.0,4,0.0,0.0,,,589253
2023-01-14 03:00:00,00000007180,20230114030000,0.0,0.0,0.011,0.0,0.0,0.0,1.0,4,0.0,0.0,,,589253
2023-01-14 04:00:00,00000007180,20230114040000,0.0,0.0,0.012,0.0,0.0,0.0,1.0,4,0.0,0.0,,,589253
2023-01-14 05:00:00,00000007180,20230114050000,0.0,0.0,0.011,0.0,0.0,0.0,1.0,4,0.0,0.0,,,589253
2023-01-14 06:00:00,00000007180,20230114060000,0.0,0.0,0.011,0.0,0.0,0.0,1.0,4,0.0,0.0,,,589253
2023-01-14 07:00:00,00000007180,20230114070000,0.0,0.0,0.011,0.0,0.0,0.0,1.0,4,0.0,0.0,,,589253
2023-01-14 08:00:00,00000007180,20230114080000,0.0,0.0,0.011,0.0,0.0,0.0,1.0,4,0.0,0.0,,,589253
2023-01-14 09:00:00,00000007180,20230114090000,0.0,0.0,0.011,0.0,0.0,0.0,1.0,4,0.0,0.0,,,589253
2023-01-14 10:00:00,00000007180,20230114100000,0.0,0.0,0.011,0.0,0.0,0.0,1.0,4,0.0,0.0,,,589253
2023-01-14 11:00:00,00000007180,20230114110000,0.0,0.0,0.011,0.0,0.0,0.0,1.0,4,0.0,0.0,,,589253
2023-01-14 12:00:00,00000007180,20230114120000,0.0,0.0,0.011,0.0,0.0,0.0,1.0,4,0.0,0.0,,,589253
2023-01-14 13:00:00,00000007180,20230114130000,0.0,0.0,0.01,0.0,0.0,0.0,1.0,4,0.0,0.0,,,589253
2023-01-14 14:00:00,00000007180,20230114140000,0.0,0.0,0.011,0.0,0.0,0.0,1.0,4,0.0,0.0,,,589253
2023-01-14 15:00:00,00000007180,20230114150000,0.0,0.0,0.011,0.0,0.0,0.0,1.0,4,0.0,0.0,,,589253
2023-01-14 16:00:00,00000007180,20230114160000,0.0,0.0,0.011,0.0,0.0,0.0,1.0,4,0.0,0.0,,,589253
2023-01-14 17:00:00,00000007180,20230114170000,0.0,0.0,0.01,0.0,0.0,0.0,1.0,4,0.0,0.0,,,589253
2023-01-14 18:00:00,00000007180,20230114180000,0.0,0.0,0.011,0.0,0.0,0.0,1.0,4,0.0,0.0,,,589253
2023-01-14 19:00:00,00000007180,20230114190000,0.0,0.0,0.01,0.0,0.0,0.0,1.0,4,0.0,0.0,,,589253
2023-01-14 20:00:00,00000007180,20230114200000,0.0,0.0,0.011,0.0,0.0,0.0,1.0,4,0.0,0.0,,,589253
2023-01-14 21:00:00,00000007180,20230114210000,0.0,0.0,0.011,0.0,0.0,0.0,1.0,4,0.0,0.0,,,589253
2023-01-14 22:00:00,00000007180,20230114220000,0.0,0.0,0.01,0.0,0.0,0.0,1.0,4,0.0,0.0,,,589253
2023-01-14 23:00:00,00000007180,20230114230000,0.0,0.0,0.011,0.0,0.0,0.0,1.0,4,0.0,0.0,,,589253
2023-01-15 00:00:00,00000007180,20230115000000,0.0,0.0,0.011,0.0,0.0,0.0,1.0,4,0.0,0.0,,,589253
2023-01-15 01:00:00,00000007180,20230115010000,0.0,0.0,0.011,0.0,0.0,0.0,1.0,4,0.0,0.0,,,589253
2023-01-15 02:00:00,00000007180,20230115020000,0.0,0.0,0.011,0.0,0.0,0.0,1.0,4,0.0,0.0,,,589253
2023-01-15 03:00:00,00000007180,20230115030000,0.0,0.0,0.011,0.0,0.0,0.0,1.0,4,0.0,0.0,,,589253
2023-01-15 04:00:00,00000007180,20230115040000,0.0,0.0,0.012,0.0,0.0,0.0,1.0,4,0.0,0.0,,,589253
2023-01-15 05:00:00,00000007180,20230115050000,0.0,0.0,0.011,0.0,0.0,0.0,1.0,4,0.0,0.0,,,589253
2023-01-15 06:00:00,00000007180,20230115060000,0.0,0.0,0.011,0.0,0.0,0.0,1.0,4,0.0,0.0,,,589253
2023-01-15 07:00:00,00000007180,20230115070000,0.0,0.0,0.011,0.0,0.0,0.0,1.0,4,0.0,0.0,,,589253
2023-01-15 08:00:00,00000007180,20230115080000,0.0,0.0,0.011,0.0,0.0,0.0,1.0,4,0.0,0.0,,,589253
2023-01-15 09:00:00,00000007180,20230115090000,0.0,0.0,0.011,0.0,0.0,0.0,1.0,4,0.0,0.0,,,589253
2023-01-15 10:00:00,00000007180,20230115100000,0.0,0.0,0.012,0.0,0.0,0.0,1.0,4,0.0,0.0,,,589253
2023-01-15 11:00:00,00000007180,20230115110000,0.0,0.0,0.01,0.0,0.0,0.0,1.0,4,0.0,0.0,,,589253
2023-01-15 12:00:00,00000007180,20230115120000,0.0,0.0,0.012,0.0,0.0,0.0,1.0,4,0.0,0.0,,,589253
2023-01-15 13:00:00,00000007180,20230115130000,0.0,0.0,0.01,0.0,0.0,0.0,1.0,4,0.0,0.0,,,589253
2023-01-15 14:00:00,00000007180,20230115140000,0.0,0.0,0.011,0.0,0.0,0.0,1.0,4,0.0,0.0,,,589253
2023-01-15 15:00:00,00000007180,20230115150000,0.0,0.0,0.011,0.0,0.0,0.0,1.0,4,0.0,0.0,,,589253
2023-01-15 16:00:00,00000007180,20230115160000,0.0,0.0,0.011,0.0,0.0,0.0,1.0,4,0.0,0.0,,,589253
2023-01-15 17:00:00,00000007180,20230115170000,0.0,0.0,0.011,0.0,0.0,0.0,1.0,4,0.0,0.0,,,589253
2023-01-15 18:00:00,00000007180,20230115180000,0.0,0.0,0.01,0.0,0.0,0.0,1.0,4,0.0,0.0,,,589253
2023-01-15 19:00:00,00000007180,20230115190000,0.0,0.0,0.01,0.0,0.0,0.0,1.0,4,0.0,0.0,,,589253
2023-01-15 20:00:00,00000007180,20230115200000,0.0,0.0,0.011,0.0,0.0,0.0,1.0,4,0.0,0.0,,,589253
2023-01-15 21:00:00,00000007180,20230115210000,0.0,0.0,0.01,0.0,0.0,0.0,1.0,4,0.0,0.0,,,589253
2023-01-15 22:00:00,00000007180,20230115220000,0.0,0.0,0.011,0.0,0.0,0.0,1.0,4,0.0,0.0,,,589253
2023-01-15 23:00:00,00000007180,20230115230000,0.0,0.0,0.011,0.0,0.0,0.0,1.0,4,0.0,0.0,,,589253
2023-01-16 00:00:00,00000007180,20230116000000,0.0,0.0,0.01,0.0,0.0,0.0,1.0,4,0.0,0.0,,,589253
2023-01-16 01:00:00,00000007180,20230116010000,0.0,0.0,0.011,0.0,0.0,0.0,1.0,4,0.0,0.0,,,589253
2023-01-16 02:00:00,00000007180,20230116020000,0.0,0.0,0.012,0.0,0.0,0.0,1.0,4,0.0,0.0,,,589253
2023-01-16 03:00:00,00000007180,20230116030000,0.0,0.0,0.011,0.0,0.0,0.0,1.0,4,0.0,0.0,,,589253
2023-01-16 04:00:00,00000007180,20230116040000,0.0,0.0,0.011,0.0,0.0,0.0,1.0,4,0.0,0.0,,,589253
2023-01-16 05:00:00,00000007180,20230116050000,0.0,0.0,0.011,0.0,0.0,0.0,1.0,4,0.0,0.0,,,589253
2023-01-16 06:00:00,00000007180,20230116060000,0.0,0.0,0.012,0.0,0.0,0.0,1.0,4,0.0,0.0,,,589253
2023-01-16 07:00:00,00000007180,20230116070000,0.0,0.0,0.01,0.0,0.0,0.0,1.0,4,0.0,0.0,,,589253
2023-01-16 08:00:00,00000007180,20230116080000,0.0,0.0,0.011,0.0,0.0,0.0,1.0,4,0.0,0.0,,,589253
2023-01-16 09:00:00,00000007180,20230116090000,0.0,0.0,0.011,0.0,0.0,0.0,1.0,4,0.0,0.0,,,589253
2023-01-16 10:00:00,00000007180,20230116100000,0.0,0.0,0.011,0.0,0.0,0.0,1.0,4,0.0,0.0,,,589253
2023-01-16 11:00:00,00000007180,20230116110000,0.0,0.0,0.011,0.0,0.0,0.0,1.0,4,0.0,0.0,,,589253
2023-01-16 12:00:00,00000007180,20230116120000,0.0,0.0,0.011,0.0,0.0,0.0,1.0,4,0.0,0.0,,,589253
2023-01-16 13:00:00,00000007180,20230116130000,0.0,0.0,0.01,0.0,0.0,0.0,1.0,4,0.0,0.0,,,589253
2023-01-16 14:00:00,00000007180,20230116140000,0.0,0.0,0.011,0.0,0.0,0.0,1.0,4,0.0,0.0,,,589253
2023-01-16 15:00:00,00000007180,20230116150000,0.0,0.0,0.011,0.0,0.0,0.0,1.0,4,0.0,0.0,,,589253
2023-01-16 16:00:00,00000007180,20230116160000,0.0,0.0,0.011,0.0,0.0,0.0,1.0,4,0.0,0.0,,,589253
2023-01-16 17:00:00,00000007180,20230116170000,0.0,0.0,0.011,0.0,0.0,0.0,1.0,4,0.0,0.0,,,589253
2023-01-16 18:00:00,00000007180,20230116180000,0.0,0.0,0.011,0.0,0.0,0.0,1.0,4,0.0,0.0,,,589253
2023-01-16 19:00:00,00000007180,20230116190000,0.0,0.0,0.01,0.0,0.0,0.0,1.0,4,0.0,0.0,,,589253
2023-01-16 20:00:00,00000007180,20230116200000,0.0,0.0,0.011,0.0,0.0,0.0,1.0,4,0.0,0.0,,,589253
2023-01-16 21:00:00,00000007180,20230116210000,0.0,0.0,0.01,0.0,0.0,0.0,1.0,4,0.0,0.0,,,589253
2023-01-16 22:00:00,00000007180,20230116220000,0.0,0.0,0.011,0.0,0.0,0.0,1.0,4,0.0,0.0,,,589253
2023-01-16 23:00:00,00000007180,20230116230000,0.0,0.0,0.011,0.0,0.0,0.0,1.0,4,0.0,0.0,,,589253
2023-01-17 00:00:00,00000007180,20230117000000,0.0,0.0,0.011,0.0,0.0,0.0,1.0,4,0.0,0.0,,,589253
2023-01-17 01:00:00,00000007180,20230117010000,0.0,0.0,0.011,0.0,0.0,0.0,1.0,4,0.0,0.0,,,589253
2023-01-17 02:00:00,00000007180,20230117020000,0.0,0.0,0.011,0.0,0.0,0.0,1.0,4,0.0,0.0,,,589253
2023-01-17 03:00:00,00000007180,20230117030000,0.0,0.0,0.012,0.0,0.0,0.0,1.0,4,0.0,0.0,,,589253
2023-01-17 04:00:00,00000007180,20230117040000,0.0,0.0,0.011,0.0,0.0,0.0,1.0,4,0.0,0.0,,,589253
2023-01-17 05:00:00,00000007180,20230117050000,0.0,0.0,0.011,0.0,0.0,0.0,1.0,4,0.0,0.0,,,589253
2023-01-17 06:00:00,00000007180,20230117060000,0.0,0.0,0.012,0.0,0.0,0.0,1.0,4,0.0,0.0,,,589253
2023-01-17 07:00:00,00000007180,20230117070000,0.0,0.0,0.011,0.0,0.0,0.0,1.0,4,0.0,0.0,,,589253
2023-01-17 08:00:00,00000007180,20230117080000,0.0,0.0,0.011,0.0,0.0,0.0,1.0,4,0.0,0.0,,,589253
2023-01-17 09:00:00,00000007180,20230117090000,0.0,0.0,0.011,0.0,0.0,0.0,1.0,4,0.0,0.0,,,589253
2023-01-17 10:00:00,00000007180,20230117100000,0.0,0.0,0.011,0.0,0.0,0.0,1.0,4,0.0,0.0,,,589253
2023-01-17 11:00:00,00000007180,20230117110000,0.0,0.0,0.011,0.0,0.0,0.0,1.0,4,0.0,0.0,,,589253
2023-01-17 12:00:00,00000007180,20230117120000,0.0,0.0,0.011,0.0,0.0,0.0,1.0,4,0.0,0.0,,,589253
2023-01-17 13:00:00,00000007180,20230117130000,0.0,0.0,0.011,0.0,0.0,0.0,1.0,4,0.0,0.0,,,589253
2023-01-17 14:00:00,00000007180,20230117140000,0.0,0.0,0.012,0.0,0.0,0.0,1.0,4,0.0,0.0,,,589253
2023-01-17 15:00:00,00000007180,20230117150000,0.0,0.0,0.011,0.0,0.0,0.0,1.0,4,0.0,0.0,,,589253
2023-01-17 16:00:00,00000007180,20230117160000,0.0,0.0,0.011,0.0,0.0,0.0,1.0,4,0.0,0.0,,,589253
2023-01-17 17:00:00,00000007180,20230117170000,0.0,0.0,0.011,0.0,0.0,0.0,1.0,4,0.0,0.0,,,589253
2023-01-17 18:00:00,00000007180,20230117180000,0.0,0.0,0.011,0.0,0.0,0.0,1.0,4,0.0,0.0,,,589253
2023-01-17 19:00:00,00000007180,20230117190000,0.0,0.0,0.01,0.0,0.0,0.0,1.0,4,0.0,0.0,,,589253
2023-01-17 20:00:00,00000007180,20230117200000,0.0,0.0,0.011,0.0,0.0,0.0,1.0,4,0.0,0.0,,,589253
2023-01-17 21:00:00,00000007180,20230117210000,0.0,0.0,0.011,0.0,0.0,0.0,1.0,4,0.0,0.0,,,589253
2023-01-17 22:00:00,00000007180,20230117220000,0.0,0.0,0.011,0.0,0.0,0.0,1.0,4,0.0,0.0,,,589253
2023-01-17 23:00:00,00000007180,20230117230000,0.0,0.0,0.011,0.0,0.0,0.0,1.0,4,0.0,0.0,,,589253
2023-01-18 00:00:00,00000007180,20230118000000,0.0,0.0,0.011,0.0,0.0,0.0,1.0,4,0.0,0.0,,,589253
2023-01-18 01:00:00,00000007180,20230118010000,0.0,0.0,0.011,0.0,0.0,0.0,1.0,4,0.0,0.0,,,589253
2023-01-18 02:00:00,00000007180,20230118020000,0.0,0.0,0.012,0.0,0.0,0.0,1.0,4,0.0,0.0,,,589253
2023-01-18 03:00:00,00000007180,20230118030000,0.0,0.0,0.011,0.0,0.0,0.0,1.0,4,0.0,0.0,,,589253
2023-01-18 04:00:00,00000007180,20230118040000,0.0,0.0,0.011,0.0,0.0,0.0,1.0,4,0.0,0.0,,,589253
2023-01-18 05:00:00,00000007180,20230118050000,0.0,0.0,0.012,0.0,0.0,0.0,1.0,4,0.0,0.0,,,589253
2023-01-18 06:00:00,00000007180,20230118060000,0.0,0.0,0.011,0.0,0.0,0.0,1.0,4,0.0,0.0,,,589253
2023-01-18 07:00:00,00000007180,20230118070000,0.0,0.0,0.011,0.0,0.0,0.0,1.0,4,0.0,0.0,,,589253
2023-01-18 08:00:00,00000007180,20230118080000,0.0,0.0,0.011,0.0,0.0,0.0,1.0,4,0.0,0.0,,,589253
2023-01-18 09:00:00,00000007180,20230118090000,0.0,0.0,0.011,0.0,0.0,0.0,1.0,4,0.0,0.0,,,589253
2023-01-18 10:00:00,00000007180,20230118100000,0.0,0.0,0.012,0.0,0.0,0.0,1.0,4,0.0,0.0,,,589253
2023-01-18 11:00:00,00000007180,20230118110000,0.0,0.0,0.011,0.0,0.0,0.0,1.0,4,0.0,0.0,,,589253
2023-01-18 12:00:00,00000007180,20230118120000,0.0,0.0,0.011,0.0,0.0,0.0,1.0,4,0.0,0.0,,,589253
2023-01-18 13:00:00,00000007180,20230118130000,0.0,0.0,0.011,0.0,0.0,0.0,1.0,4,0.0,0.0,,,589253
2023-01-18 14:00:00,00000007180,20230118140000,0.0,0.0,0.011,0.0,0.0,0.0,1.0,4,0.0,0.0,,,589253
2023-01-18 15:00:00,00000007180,20230118150000,0.0,0.0,0.012,0.0,0.0,0.0,1.0,4,0.0,0.0,,,589253
2023-01-18 16:00:00,00000007180,20230118160000,0.0,0.0,0.011,0.0,0.0,0.0,1.0,4,0.0,0.0,,,589253
2023-01-18 17:00:00,00000007180,20230118170000,0.0,0.0,0.011,0.0,0.0,0.0,1.0,4,0.0,0.0,,,589253
2023-01-18 18:00:00,00000007180,20230118180000,0.0,0.0,0.011,0.0,0.0,0.0,1.0,4,0.0,0.0,,,589253
2023-01-18 19:00:00,00000007180,20230118190000,0.0,0.0,0.011,0.0,0.0,0.0,1.0,4,0.0,0.0,,,589253
2023-01-18 20:00:00,00000007180,20230118200000,0.0,0.0,0.01,0.0,0.0,0.0,1.0,4,0.0,0.0,,,589253
2023-01-18 21:00:00,00000007180,20230118210000,0.0,0.0,0.011,0.0,0.0,0.0,1.0,4,0.0,0.0,,,589253
2023-01-18 22:00:00,00000007180,20230118220000,0.0,0.0,0.011,0.0,0.0,0.0,1.0,4,0.0,0.0,,,589253
2023-01-18 23:00:00,00000007180,20230118230000,0.0,0.0,0.011,0.0,0.0,0.0,1.0,4,0.0,0.0,,,589253
2023-01-19 00:00:00,00000007180,20230119000000,0.0,0.0,0.011,0.0,0.0,0.0,1.0,4,0.0,0.0,,,589253
2023-01-19 01:00:00,00000007180,20230119010000,0.0,0.0,0.012,0.0,0.0,0.0,1.0,4,0.0,0.0,,,589253
2023-01-19 02:00:00,00000007180,20230119020000,0.0,0.0,0.011,0.0,0.0,0.0,1.0,4,0.0,0.0,,,589253
2023-01-19 03:00:00,00000007180,20230119030000,0.0,0.0,0.012,0.0,0.0,0.0,1.0,4,0.0,0.0,,,589253
2023-01-19 04:00:00,00000007180,20230119040000,0.0,0.0,0.011,0.0,0.0,0.0,1.0,4,0.0,0.0,,,589253
2023-01-19 05:00:00,00000007180,20230119050000,0.0,0.0,0.012,0.0,0.0,0.0,1.0,4,0.0,0.0,,,589253
2023-01-19 06:00:00,00000007180,20230119060000,0.0,0.0,0.011,0.0,0.0,0.0,1.0,4,0.0,0.0,,,589253
2023-01-19 07:00:00,00000007180,20230119070000,0.0,0.0,0.011,0.0,0.0,0.0,1.0,4,0.0,0.0,,,589253
2023-01-19 08:00:00,00000007180,20230119080000,0.0,0.0,0.011,0.0,0.0,0.0,1.0,4,0.0,0.0,,,589253
2023-01-19 09:00:00,00000007180,20230119090000,0.0,0.0,0.012,0.0,0.0,0.0,1.0,4,0.0,0.0,,,589253
2023-01-19 10:00:00,00000007180,20230119100000,0.0,0.0,0.011,0.0,0.0,0.0,1.0,4,0.0,0.0,,,589253
2023-01-19 11:00:00,00000007180,20230119110000,0.0,0.0,0.011,0.0,0.0,0.0,1.0,4,0.0,0.0,,,589253
2023-01-19 12:00:00,00000007180,20230119120000,0.0,0.0,0.012,0.0,0.0,0.0,1.0,4,0.0,0.0,,,589253
2023-01-19 13:00:00,00000007180,20230119130000,0.0,0.0,0.011,0.0,0.0,0.0,1.0,4,0.0,0.0,,,589253
2023-01-19 14:00:00,00000007180,20230119140000,0.0,0.0,0.012,0.0,0.0,0.0,1.0,4,0.0,0.0,,,589253
2023-01-19 15:00:00,00000007180,20230119150000,0.0,0.0,0.011,0.0,0.0,0.0,1.0,4,0.0,0.0,,,589253
2023-01-19 16:00:00,00000007180,20230119160000,0.0,0.0,0.011,0.0,0.0,0.0,1.0,4,0.0,0.0,,,589253
2023-01-19 17:00:00,00000007180,20230119170000,0.0,0.0,0.012,0.0,0.0,0.0,1.0,4,0.0,0.0,,,589253
2023-01-19 18:00:00,00000007180,20230119180000,0.0,0.0,0.011,0.0,0.0,0.0,1.0,4,0.0,0.0,,,589253
2023-01-19 19:00:00,00000007180,20230119190000,0.0,0.0,0.01,0.0,0.0,0.0,1.0,4,0.0,0.0,,,589253
2023-01-19 20:00:00,00000007180,20230119200000,0.0,0.0,0.011,0.0,0.0,0.0,1.0,4,0.0,0.0,,,589253
2023-01-19 21:00:00,00000007180,20230119210000,0.0,0.0,0.011,0.0,0.0,0.0,1.0,4,0.0,0.0,,,589253
2023-01-19 22:00:00,00000007180,20230119220000,0.0,0.0,0.011,0.0,0.0,0.0,1.0,4,0.0,0.0,,,589253
2023-01-19 23:00:00,00000007180,20230119230000,0.0,0.0,0.011,0.0,0.0,0.0,1.0,4,0.0,0.0,,,589253
2023-01-20 00:00:00,00000007180,20230120000000,0.0,0.0,0.012,0.0,0.0,0.0,1.0,4,0.0,0.0,,,589253
2023-01-20 01:00:00,00000007180,20230120010000,0.0,0.0,0.011,0.0,0.0,0.0,1.0,4,0.0,0.0,,,589253
2023-01-20 02:00:00,00000007180,20230120020000,0.0,0.0,0.011,0.0,0.0,0.0,1.0,4,0.0,0.0,,,589253
2023-01-20 03:00:00,00000007180,20230120030000,0.0,0.0,0.012,0.0,0.0,0.0,1.0,4,0.0,0.0,,,589253
2023-01-20 04:00:00,00000007180,20230120040000,0.0,0.0,0.011,0.0,0.0,0.0,1.0,4,0.0,0.0,,,589253
2023-01-20 05:00:00,00000007180,20230120050000,0.0,0.0,0.012,0.0,0.0,0.0,1.0,4,0.0,0.0,,,589253
2023-01-20 06:00:00,00000007180,20230120060000,0.0,0.0,0.011,0.0,0.0,0.0,1.0,4,0.0,0.0,,,589253
2023-01-20 07:00:00,00000007180,20230120070000,0.0,0.0,0.011,0.0,0.0,0.0,1.0,4,0.0,0.0,,,589253
2023-01-20 08:00:00,00000007180,20230120080000,0.0,0.0,0.011,0.0,0.0,0.0,1.0,4,0.0,0.0,,,589253
2023-01-20 09:00:00,00000007180,20230120090000,0.0,0.0,0.012,0.0,0.0,0.0,1.0,4,0.0,0.0,,,589253
2023-01-20 10:00:00,00000007180,20230120100000,0.0,0.0,0.011,0.0,0.0,0.0,1.0,4,0.0,0.0,,,589253
2023-01-20 11:00:00,00000007180,20230120110000,0.0,0.0,0.011,0.0,0.0,0.0,1.0,4,0.0,0.0,,,589253
2023-01-20 12:00:00,00000007180,20230120120000,0.0,0.0,0.011,0.0,0.0,0.0,1.0,4,0.0,0.0,,,589253
2023-01-20 13:00:00,00000007180,20230120130000,0.0,0.0,0.012,0.0,0.0,0.0,1.0,4,0.0,0.0,,,589253
2023-01-20 14:00:00,00000007180,20230120140000,0.0,0.0,0.011,0.0,0.0,0.0,1.0,4,0.0,0.0,,,589253
2023-01-20 15:00:00,00000007180,20230120150000,0.0,0.0,0.011,0.0,0.0,0.0,1.0,4,0.0,0.0,,,589253
2023-01-20 16:00:00,00000007180,20230120160000,0.0,0.0,0.011,0.0,0.0,0.0,1.0,4,0.0,0.0,,,589253
2023-01-20 17:00:00,00000007180,20230120170000,0.0,0.0,0.011,0.0,0.0,0.0,1.0,4,0.0,0.0,,,589253
2023-01-20 18:00:00,00000007180,20230120180000,0.0,0.0,0.011,0.0,0.0,0.0,1.0,4,0.0,0.0,,,589253
2023-01-20 19:00:00,00000007180,20230120190000,0.0,0.0,0.011,0.0,0.0,0.0,1.0,4,0.0,0.0,,,589253
2023-01-20 20:00:00,00000007180,20230120200000,0.0,0.0,0.011,0.0,0.0,0.0,1.0,4,0.0,0.0,,,589253
2023-01-20 21:00:00,00000007180,20230120210000,0.0,0.0,0.011,0.0,0.0,0.0,1.0,4,0.0,0.0,,,589253
2023-01-20 22:00:00,00000007180,20230120220000,0.0,0.0,0.011,0.0,0.0,0.0,1.0,4,0.0,0.0,,,589253
2023-01-20 23:00:00,00000007180,20230120230000,0.0,0.0,0.011,0.0,0.0,0.0,1.0,4,0.0,0.0,,,589253
2023-01-21 00:00:00,00000007180,20230121000000,0.0,0.0,0.011,0.0,0.0,0.0,1.0,4,0.0,0.0,,,589253
2023-01-21 01:00:00,00000007180,20230121010000,0.0,0.0,0.011,0.0,0.0,0.0,1.0,4,0.0,0.0,,,589253
2023-01-21 02:00:00,00000007180,20230121020000,0.0,0.0,0.012,0.0,0.0,0.0,1.0,4,0.0,0.0,,,589253
2023-01-21 03:00:00,00000007180,20230121030000,0.0,0.0,0.011,0.0,0.0,0.0,1.0,4,0.0,0.0,,,589253
2023-01-21 04:00:00,00000007180,20230121040000,0.0,0.0,0.012,0.0,0.0,0.0,1.0,4,0.0,0.0,,,589253
2023-01-21 05:00:00,00000007180,20230121050000,0.0,0.0,0.011,0.0,0.0,0.0,1.0,4,0.0,0.0,,,589253
2023-01-21 06:00:00,00000007180,20230121060000,0.0,0.0,0.011,0.0,0.0,0.0,1.0,4,0.0,0.0,,,589253
2023-01-21 07:00:00,00000007180,20230121070000,0.0,0.0,0.012,0.0,0.0,0.0,1.0,4,0.0,0.0,,,589253
2023-01-21 08:00:00,00000007180,20230121080000,0.0,0.0,0.011,0.0,0.0,0.0,1.0,4,0.0,0.0,,,589253
2023-01-21 09:00:00,00000007180,20230121090000,0.0,0.0,0.011,0.0,0.0,0.0,1.0,4,0.0,0.0,,,589253
2023-01-21 10:00:00,00000007180,20230121100000,0.0,0.0,0.012,0.0,0.0,0.0,1.0,4,0.0,0.0,,,589253
2023-01-21 11:00:00,00000007180,20230121110000,0.0,0.0,0.011,0.0,0.0,0.0,1.0,4,0.0,0.0,,,589253
2023-01-21 12:00:00,00000007180,20230121120000,0.0,0.0,0.011,0.0,0.0,0.0,1.0,4,0.0,0.0,,,589253
2023-01-21 13:00:00,00000007180,20230121130000,0.0,0.0,0.012,0.0,0.0,0.0,1.0,4,0.0,0.0,,,589253
2023-01-21 14:00:00,00000007180,20230121140000,0.0,0.0,0.011,0.0,0.0,0.0,1.0,4,0.0,0.0,,,589253
2023-01-21 15:00:00,00000007180,20230121150000,0.0,0.0,0.011,0.0,0.0,0.0,1.0,4,0.0,0.0,,,589253
2023-01-21 16:00:00,00000007180,20230121160000,0.0,0.0,0.012,0.0,0.0,0.0,1.0,4,0.0,0.0,,,589253
2023-01-21 17:00:00,00000007180,20230121170000,0.0,0.0,0.011,0.0,0.0,0.0,1.0,4,0.0,0.0,,,589253
2023-01-21 18:00:00,00000007180,20230121180000,0.0,0.0,0.011,0.0,0.0,0.0,1.0,4,0.0,0.0,,,589253
2023-01-21 19:00:00,00000007180,20230121190000,0.0,0.0,0.011,0.0,0.0,0.0,1.0,4,0.0,0.0,,,589253
2023-01-21 20:00:00,00000007180,20230121200000,0.0,0.0,0.011,0.0,0.0,0.0,1.0,4,0.0,0.0,,,589253
2023-01-21 21:00:00,00000007180,20230121210000,0.0,0.0,0.011,0.0,0.0,0.0,1.0,4,0.0,0.0,,,589253
2023-01-21 22:00:00,00000007180,20230121220000,0.0,0.0,0.011,0.0,0.0,0.0,1.0,4,0.0,0.0,,,589253
2023-01-21 23:00:00,00000007180,20230121230000,0.0,0.0,0.011,0.0,0.0,0.0,1.0,4,0.0,0.0,,,589253
2023-01-22 00:00:00,00000007180,20230122000000,0.0,0.0,0.011,0.0,0.0,0.0,1.0,4,0.0,0.0,,,589253
2023-01-22 01:00:00,00000007180,20230122010000,0.0,0.0,0.011,0.0,0.0,0.0,1.0,4,0.0,0.0,,,589253
2023-01-22 02:00:00,00000007180,20230122020000,0.0,0.0,0.012,0.0,0.0,0.0,1.0,4,0.0,0.0,,,589253
2023-01-22 03:00:00,00000007180,20230122030000,0.0,0.0,0.011,0.0,0.0,0.0,1.0,4,0.0,0.0,,,589253
2023-01-22 04:00:00,00000007180,20230122040000,0.0,0.0,0.011,0.0,0.0,0.0,1.0,4,0.0,0.0,,,589253
2023-01-22 05:00:00,00000007180,20230122050000,0.0,0.0,0.012,0.0,0.0,0.0,1.0,4,0.0,0.0,,,589253
2023-01-22 06:00:00,00000007180,20230122060000,0.0,0.0,0.011,0.0,0.0,0.0,1.0,4,0.0,0.0,,,589253
2023-01-22 07:00:00,00000007180,20230122070000,0.0,0.0,0.011,0.0,0.0,0.0,1.0,4,0.0,0.0,,,589253
2023-01-22 08:00:00,00000007180,20230122080000,0.0,0.0,0.011,0.0,0.0,0.0,1.0,4,0.0,0.0,,,589253
2023-01-22 09:00:00,00000007180,20230122090000,0.0,0.0,0.011,0.0,0.0,0.0,1.0,4,0.0,0.0,,,589253
2023-01-22 10:00:00,00000007180,20230122100000,0.0,0.0,0.012,0.0,0.0,0.0,1.0,4,0.0,0.0,,,589253
2023-01-22 11:00:00,00000007180,20230122110000,0.0,0.0,0.01,0.0,0.0,0.0,1.0,4,0.0,0.0,,,589253
2023-01-22 12:00:00,00000007180,20230122120000,0.0,0.0,0.011,0.0,0.0,0.0,1.0,4,0.0,0.0,,,589253
2023-01-22 13:00:00,00000007180,20230122130000,0.0,0.0,0.011,0.0,0.0,0.0,1.0,4,0.0,0.0,,,589253
2023-01-22 14:00:00,00000007180,20230122140000,0.0,0.0,0.011,0.0,0.0,0.0,1.0,4,0.0,0.0,,,589253
2023-01-22 15:00:00,00000007180,20230122150000,0.0,0.0,0.011,0.0,0.0,0.0,1.0,4,0.0,0.0,,,589253
2023-01-22 16:00:00,00000007180,20230122160000,0.0,0.0,0.011,0.0,0.0,0.0,1.0,4,0.0,0.0,,,589253
2023-01-22 17:00:00,00000007180,20230122170000,0.0,0.0,0.011,0.0,0.0,0.0,1.0,4,0.0,0.0,,,589253
2023-01-22 18:00:00,00000007180,20230122180000,0.0,0.0,0.01,0.0,0.0,0.0,1.0,4,0.0,0.0,,,589253
2023-01-22 19:00:00,00000007180,20230122190000,0.0,0.0,0.011,0.0,0.0,0.0,1.0,4,0.0,0.0,,,589253
2023-01-22 20:00:00,00000007180,20230122200000,0.0,0.0,0.011,0.0,0.0,0.0,1.0,4,0.0,0.0,,,589253
2023-01-22 21:00:00,00000007180,20230122210000,0.0,0.0,0.01,0.0,0.0,0.0,1.0,4,0.0,0.0,,,589253
2023-01-22 22:00:00,00000007180,20230122220000,0.0,0.0,0.011,0.0,0.0,0.0,1.0,4,0.0,0.0,,,589253
2023-01-22 23:00:00,00000007180,20230122230000,0.0,0.0,0.011,0.0,0.0,0.0,1.0,4,0.0,0.0,,,589253
2023-01-23 00:00:00,00000007180,20230123000000,0.0,0.0,0.011,0.0,0.0,0.0,1.0,4,0.0,0.0,,,589253
2023-01-23 01:00:00,00000007180,20230123010000,0.0,0.0,0.011,0.0,0.0,0.0,1.0,4,0.0,0.0,,,589253
2023-01-23 02:00:00,00000007180,20230123020000,0.0,0.0,0.011,0.0,0.0,0.0,1.0,4,0.0,0.0,,,589253
2023-01-23 03:00:00,00000007180,20230123030000,0.0,0.0,0.011,0.0,0.0,0.0,1.0,4,0.0,0.0,,,589253
2023-01-23 04:00:00,00000007180,20230123040000,0.0,0.0,0.012,0.0,0.0,0.0,1.0,4,0.0,0.0,,,589253
2023-01-23 05:00:00,00000007180,20230123050000,0.0,0.0,0.011,0.0,0.0,0.0,1.0,4,0.0,0.0,,,589253
2023-01-23 06:00:00,00000007180,20230123060000,0.0,0.0,0.011,0.0,0.0,0.0,1.0,4,0.0,0.0,,,589253
2023-01-23 07:00:00,00000007180,20230123070000,0.0,0.0,0.011,0.0,0.0,0.0,1.0,4,0.0,0.0,,,589253
2023-01-23 08:00:00,00000007180,20230123080000,0.0,0.0,0.011,0.0,0.0,0.0,1.0,4,0.0,0.0,,,589253
2023-01-23 09:00:00,00000007180,20230123090000,0.0,0.0,0.011,0.0,0.0,0.0,1.0,4,0.0,0.0,,,589253
2023-01-23 10:00:00,00000007180,20230123100000,0.0,0.0,0.011,0.0,0.0,0.0,1.0,4,0.0,0.0,,,589253
2023-01-23 11:00:00,00000007180,20230123110000,0.0,0.0,0.011,0.0,0.0,0.0,1.0,4,0.0,0.0,,,589253
2023-01-23 12:00:00,00000007180,20230123120000,0.0,0.0,0.01,0.0,0.0,0.0,1.0,4,0.0,0.0,,,589253
2023-01-23 13:00:00,00000007180,20230123130000,0.0,0.0,0.011,0.0,0.0,0.0,1.0,4,0.0,0.0,,,589253
2023-01-23 14:00:00,00000007180,20230123140000,0.0,0.0,0.011,0.0,0.0,0.0,1.0,4,0.0,0.0,,,589253
2023-01-23 15:00:00,00000007180,20230123150000,0.0,0.0,0.012,0.0,0.0,0.0,1.0,4,0.0,0.0,,,589253
2023-01-23 16:00:00,00000007180,20230123160000,0.0,0.0,0.01,0.0,0.0,0.0,1.0,4,0.0,0.0,,,589253
2023-01-23 17:00:00,00000007180,20230123170000,0.0,0.0,0.011,0.0,0.0,0.0,1.0,4,0.0,0.0,,,589253
2023-01-23 18:00:00,00000007180,20230123180000,0.0,0.0,0.011,0.0,0.0,0.0,1.0,4,0.0,0.0,,,589253
2023-01-23 19:00:00,00000007180,20230123190000,0.0,0.0,0.011,0.0,0.0,0.0,1.0,4,0.0,0.0,,,589253
2023-01-23 20:00:00,00000007180,20230123200000,0.0,0.0,0.01,0.0,0.0,0.0,1.0,4,0.0,0.0,,,589253
2023-01-23 21:00:00,00000007180,20230123210000,0.0,0.0,0.011,0.0,0.0,0.0,1.0,4,0.0,0.0,,,589253
2023-01-23 22:00:00,00000007180,20230123220000,0.0,0.0,0.011,0.0,0.0,0.0,1.0,4,0.0,0.0,,,589253
2023-01-23 23:00:00,00000007180,20230123230000,0.0,0.0,0.011,0.0,0.0,0.0,1.0,4,0.0,0.0,,,589253
2023-01-24 00:00:00,00000007180,20230124000000,0.0,0.0,0.011,0.0,0.0,0.0,1.0,4,0.0,0.0,,,589253
2023-01-24 01:00:00,00000007180,20230124010000,0.0,0.0,0.011,0.0,0.0,0.0,1.0,4,0.0,0.0,,,589253
2023-01-24 02:00:00,00000007180,20230124020000,0.0,0.0,0.011,0.0,0.0,0.0,1.0,4,0.0,0.0,,,589253
2023-01-24 03:00:00,00000007180,20230124030000,0.0,0.0,0.012,0.0,0.0,0.0,1.0,4,0.0,0.0,,,589253
2023-01-24 04:00:00,00000007180,20230124040000,0.0,0.0,0.011,0.0,0.0,0.0,1.0,4,0.0,0.0,,,589253
2023-01-24 05:00:00,00000007180,20230124050000,0.0,0.0,0.011,0.0,0.0,0.0,1.0,4,0.0,0.0,,,589253
2023-01-24 06:00:00,00000007180,20230124060000,0.0,0.0,0.011,0.0,0.0,0.0,1.0,4,0.0,0.0,,,589253
2023-01-24 07:00:00,00000007180,20230124070000,0.0,0.0,0.011,0.0,0.0,0.0,1.0,4,0.0,0.0,,,589253
2023-01-24 08:00:00,00000007180,20230124080000,0.0,0.0,0.012,0.0,0.0,0.0,1.0,4,0.0,0.0,,,589253
2023-01-25 09:00:00,00000007180,20230125090000,0.0,0.0,0.011,0.0,0.0,0.0,1.0,4,0.0,0.0,,,589253
2023-01-25 10:00:00,00000007180,20230125100000,0.0,0.0,0.011,0.0,0.0,0.0,1.0,4,0.0,0.0,,,589253
2023-01-25 11:00:00,00000007180,20230125110000,0.0,0.0,0.011,0.0,0.0,0.0,1.0,4,0.0,0.0,,,589253
2023-01-25 12:00:00,00000007180,20230125120000,0.0,0.0,0.011,0.0,0.0,0.0,1.0,4,0.0,0.0,,,589253
2023-01-25 13:00:00,00000007180,20230125130000,0.0,0.0,0.01,0.0,0.0,0.0,1.0,4,0.0,0.0,,,589253
2023-01-25 14:00:00,00000007180,20230125140000,0.0,0.0,0.011,0.0,0.0,0.0,1.0,4,0.0,0.0,,,589253
2023-01-25 15:00:00,00000007180,20230125150000,0.0,0.0,0.011,0.0,0.0,0.0,1.0,4,0.0,0.0,,,589253
2023-01-25 16:00:00,00000007180,20230125160000,0.0,0.0,0.011,0.0,0.0,0.0,1.0,4,0.0,0.0,,,589253
2023-01-25 17:00:00,00000007180,20230125170000,0.0,0.0,0.011,0.0,0.0,0.0,1.0,4,0.0,0.0,,,589253
2023-01-25 18:00:00,00000007180,20230125180000,0.0,0.0,0.01,0.0,0.0,0.0,1.0,4,0.0,0.0,,,589253
2023-01-25 19:00:00,00000007180,20230125190000,0.0,0.0,0.011,0.0,0.0,0.0,1.0,4,0.0,0.0,,,589253
2023-01-25 20:00:00,00000007180,20230125200000,0.0,0.0,0.011,0.0,0.0,0.0,1.0,4,0.0,0.0,,,589253
2023-01-25 21:00:00,00000007180,20230125210000,0.0,0.0,0.01,0.0,0.0,0.0,1.0,4,0.0,0.0,,,589253
2023-01-25 22:00:00,00000007180,20230125220000,0.0,0.0,0.011,0.0,0.0,0.0,1.0,4,0.0,0.0,,,589253
2023-01-25 23:00:00,00000007180,20230125230000,0.0,0.0,0.011,0.0,0.0,0.0,1.0,4,0.0,0.0,,,589253
2023-01-26 00:00:00,00000007180,20230126000000,0.0,0.0,0.011,0.0,0.0,0.0,1.0,4,0.0,0.0,,,589253
2023-01-26 01:00:00,00000007180,20230126010000,0.0,0.0,0.011,0.0,0.0,0.0,1.0,4,0.0,0.0,,,589253
2023-01-26 02:00:00,00000007180,20230126020000,0.0,0.0,0.011,0.0,0.0,0.0,1.0,4,0.0,0.0,,,589253
2023-01-26 03:00:00,00000007180,20230126030000,0.0,0.0,0.011,0.0,0.0,0.0,1.0,4,0.0,0.0,,,589253
2023-01-26 04:00:00,00000007180,20230126040000,0.0,0.0,0.011,0.0,0.0,0.0,1.0,4,0.0,0.0,,,589253
2023-01-26 05:00:00,00000007180,20230126050000,0.0,0.0,0.011,0.0,0.0,0.0,1.0,4,0.0,0.0,,,589253
2023-01-26 06:00:00,00000007180,20230126060000,0.0,0.0,0.011,0.0,0.0,0.0,1.0,4,0.0,0.0,,,589253
2023-01-26 07:00:00,00000007180,20230126070000,0.0,0.0,0.011,0.0,0.0,0.0,1.0,4,0.0,0.0,,,589253
2023-01-26 08:00:00,00000007180,20230126080000,0.0,0.0,0.011,0.0,0.0,0.0,1.0,4,0.0,0.0,,,589253
2023-01-26 09:00:00,00000007180,20230126090000,0.0,0.0,0.011,0.0,0.0,0.0,1.0,4,0.0,0.0,,,589253
2023-01-26 10:00:00,00000007180,20230126100000,0.0,0.0,0.011,0.0,0.0,0.0,1.0,4,0.0,0.0,,,589253
2023-01-26 11:00:00,00000007180,20230126110000,0.0,0.0,0.011,0.0,0.0,0.0,1.0,4,0.0,0.0,,,589253
2023-01-26 12:00:00,00000007180,20230126120000,0.0,0.0,0.01,0.0,0.0,0.0,1.0,4,0.0,0.0,,,589253
2023-01-26 13:00:00,00000007180,20230126130000,0.0,0.0,0.011,0.0,0.0,0.0,1.0,4,0.0,0.0,,,589253
2023-01-26 14:00:00,00000007180,20230126140000,0.0,0.0,0.011,0.0,0.0,0.0,1.0,4,0.0,0.0,,,589253
2023-01-26 15:00:00,00000007180,20230126150000,0.0,0.0,0.011,0.0,0.0,0.0,1.0,4,0.0,0.0,,,589253
2023-01-26 16:00:00,00000007180,20230126160000,0.0,0.0,0.01,0.0,0.0,0.0,1.0,4,0.0,0.0,,,589253
2023-01-26 17:00:00,00000007180,20230126170000,0.0,0.0,0.011,0.0,0.0,0.0,1.0,4,0.0,0.0,,,589253
2023-01-26 18:00:00,00000007180,20230126180000,0.0,0.0,0.011,0.0,0.0,0.0,1.0,4,0.0,0.0,,,589253
2023-01-26 19:00:00,00000007180,20230126190000,0.0,0.0,0.01,0.0,0.0,0.0,1.0,4,0.0,0.0,,,589253
2023-01-26 20:00:00,00000007180,20230126200000,0.0,0.0,0.01,0.0,0.0,0.0,1.0,4,0.0,0.0,,,589253
2023-01-26 21:00:00,00000007180,20230126210000,0.0,0.0,0.011,0.0,0.0,0.0,1.0,4,0.0,0.0,,,589253
2023-01-26 22:00:00,00000007180,20230126220000,0.0,0.0,0.011,0.0,0.0,0.0,1.0,4,0.0,0.0,,,589253
2023-01-26 23:00:00,00000007180,20230126230000,0.0,0.0,0.011,0.0,0.0,0.0,1.0,4,0.0,0.0,,,589253
2023-01-27 00:00:00,00000007180,20230127000000,0.0,0.0,0.01,0.0,0.0,0.0,1.0,4,0.0,0.0,,,589253
2023-01-27 01:00:00,00000007180,20230127010000,0.0,0.0,0.011,0.0,0.0,0.0,1.0,4,0.0,0.0,,,589253
2023-01-27 02:00:00,00000007180,20230127020000,0.0,0.0,0.011,0.0,0.0,0.0,1.0,4,0.0,0.0,,,589253
2023-01-27 03:00:00,00000007180,20230127030000,0.0,0.0,0.012,0.0,0.0,0.0,1.0,4,0.0,0.0,,,589253
2023-01-27 04:00:00,00000007180,20230127040000,0.0,0.0,0.011,0.0,0.0,0.0,1.0,4,0.0,0.0,,,589253
2023-01-27 05:00:00,00000007180,20230127050000,0.0,0.0,0.011,0.0,0.0,0.0,1.0,4,0.0,0.0,,,589253
2023-01-27 06:00:00,00000007180,20230127060000,0.0,0.0,0.011,0.0,0.0,0.0,1.0,4,0.0,0.0,,,589253
2023-01-27 07:00:00,00000007180,20230127070000,0.0,0.0,0.011,0.0,0.0,0.0,1.0,4,0.0,0.0,,,589253
2023-01-27 08:00:00,00000007180,20230127080000,0.0,0.0,0.011,0.0,0.0,0.0,1.0,4,0.0,0.0,,,589253
2023-01-27 09:00:00,00000007180,20230127090000,0.0,0.0,0.011,0.0,0.0,0.0,1.0,4,0.0,0.0,,,589253
2023-01-27 10:00:00,00000007180,20230127100000,0.0,0.0,0.011,0.0,0.0,0.0,1.0,4,0.0,0.0,,,589253
2023-01-27 11:00:00,00000007180,20230127110000,0.0,0.0,0.011,0.0,0.0,0.0,1.0,4,0.0,0.0,,,589253
2023-01-27 12:00:00,00000007180,20230127120000,0.0,0.0,0.01,0.0,0.0,0.0,1.0,4,0.0,0.0,,,589253
2023-01-27 13:00:00,00000007180,20230127130000,0.0,0.0,0.011,0.0,0.0,0.0,1.0,4,0.0,0.0,,,589253
2023-01-27 14:00:00,00000007180,20230127140000,0.0,0.0,0.011,0.0,0.0,0.0,1.0,4,0.0,0.0,,,589253
2023-01-27 15:00:00,00000007180,20230127150000,0.0,0.0,0.011,0.0,0.0,0.0,1.0,4,0.0,0.0,,,589253
2023-01-27 16:00:00,00000007180,20230127160000,0.0,0.0,0.011,0.0,0.0,0.0,1.0,4,0.0,0.0,,,589253
2023-01-27 17:00:00,00000007180,20230127170000,0.0,0.0,0.01,0.0,0.0,0.0,1.0,4,0.0,0.0,,,589253
2023-01-27 18:00:00,00000007180,20230127180000,0.0,0.0,0.011,0.0,0.0,0.0,1.0,4,0.0,0.0,,,589253
2023-01-27 19:00:00,00000007180,20230127190000,0.0,0.0,0.01,0.0,0.0,0.0,1.0,4,0.0,0.0,,,589253
2023-01-27 20:00:00,00000007180,20230127200000,0.0,0.0,0.011,0.0,0.0,0.0,1.0,4,0.0,0.0,,,589253
2023-01-27 21:00:00,00000007180,20230127210000,0.0,0.0,0.011,0.0,0.0,0.0,1.0,4,0.0,0.0,,,589253
2023-01-27 22:00:00,00000007180,20230127220000,0.0,0.0,0.01,0.0,0.0,0.0,1.0,4,0.0,0.0,,,589253
2023-01-27 23:00:00,00000007180,20230127230000,0.0,0.0,0.011,0.0,0.0,0.0,1.0,4,0.0,0.0,,,589253
2023-01-28 00:00:00,00000007180,20230128000000,0.0,0.0,0.011,0.0,0.0,0.0,1.0,4,0.0,0.0,,,589253
2023-01-28 01:00:00,00000007180,20230128010000,0.0,0.0,0.011,0.0,0.0,0.0,1.0,4,0.0,0.0,,,589253
2023-01-28 02:00:00,00000007180,20230128020000,0.0,0.0,0.011,0.0,0.0,0.0,1.0,4,0.0,0.0,,,589253
2023-01-28 03:00:00,00000007180,20230128030000,0.0,0.0,0.011,0.0,0.0,0.0,1.0,4,0.0,0.0,,,589253
2023-01-28 04:00:00,00000007180,20230128040000,0.0,0.0,0.012,0.0,0.0,0.0,1.0,4,0.0,0.0,,,589253
2023-01-28 05:00:00,00000007180,20230128050000,0.0,0.0,0.011,0.0,0.0,0.0,1.0,4,0.0,0.0,,,589253
2023-01-28 06:00:00,00000007180,20230128060000,0.0,0.0,0.011,0.0,0.0,0.0,1.0,4,0.0,0.0,,,589253
2023-01-28 07:00:00,00000007180,20230128070000,0.0,0.0,0.011,0.0,0.0,0.0,1.0,4,0.0,0.0,,,589253
2023-01-28 08:00:00,00000007180,20230128080000,0.0,0.0,0.011,0.0,0.0,0.0,1.0,4,0.0,0.0,,,589253
2023-01-28 09:00:00,00000007180,20230128090000,0.0,0.0,0.011,0.0,0.0,0.0,1.0,4,0.0,0.0,,,589253
2023-01-28 10:00:00,00000007180,20230128100000,0.0,0.0,0.011,0.0,0.0,0.0,1.0,4,0.0,0.0,,,589253
2023-01-28 11:00:00,00000007180,20230128110000,0.0,0.0,0.011,0.0,0.0,0.0,1.0,4,0.0,0.0,,,589253
2023-01-28 12:00:00,00000007180,20230128120000,0.0,0.0,0.011,0.0,0.0,0.0,1.0,4,0.0,0.0,,,589253
2023-01-28 13:00:00,00000007180,20230128130000,0.0,0.0,0.011,0.0,0.0,0.0,1.0,4,0.0,0.0,,,589253
2023-01-28 14:00:00,00000007180,20230128140000,0.0,0.0,0.011,0.0,0.0,0.0,1.0,4,0.0,0.0,,,589253
2023-01-28 15:00:00,00000007180,20230128150000,0.0,0.0,0.012,0.0,0.0,0.0,1.0,4,0.0,0.0,,,589253
2023-01-28 16:00:00,00000007180,20230128160000,0.0,0.0,0.011,0.0,0.0,0.0,1.0,4,0.0,0.0,,,589253
2023-01-28 17:00:00,00000007180,20230128170000,0.0,0.0,0.011,0.0,0.0,0.0,1.0,4,0.0,0.0,,,589253
2023-01-28 18:00:00,00000007180,20230128180000,0.0,0.0,0.01,0.0,0.0,0.0,1.0,4,0.0,0.0,,,589253
2023-01-28 19:00:00,00000007180,20230128190000,0.0,0.0,0.011,0.0,0.0,0.0,1.0,4,0.0,0.0,,,589253
2023-01-28 20:00:00,00000007180,20230128200000,0.0,0.0,0.01,0.0,0.0,0.0,1.0,4,0.0,0.0,,,589253
2023-01-28 21:00:00,00000007180,20230128210000,0.0,0.0,0.011,0.0,0.0,0.0,1.0,4,0.0,0.0,,,589253
2023-01-28 22:00:00,00000007180,20230128220000,0.0,0.0,0.011,0.0,0.0,0.0,1.0,4,0.0,0.0,,,589253
2023-01-28 23:00:00,00000007180,20230128230000,0.0,0.0,0.011,0.0,0.0,0.0,1.0,4,0.0,0.0,,,589253
2023-01-29 00:00:00,00000007180,20230129000000,0.0,0.0,0.011,0.0,0.0,0.0,1.0,4,0.0,0.0,,,589253
2023-01-29 01:00:00,00000007180,20230129010000,0.0,0.0,0.011,0.0,0.0,0.0,1.0,4,0.0,0.0,,,589253
2023-01-29 02:00:00,00000007180,20230129020000,0.0,0.0,0.011,0.0,0.0,0.0,1.0,4,0.0,0.0,,,589253
2023-01-29 03:00:00,00000007180,20230129030000,0.0,0.0,0.011,0.0,0.0,0.0,1.0,4,0.0,0.0,,,589253
2023-01-29 04:00:00,00000007180,20230129040000,0.0,0.0,0.011,0.0,0.0,0.0,1.0,4,0.0,0.0,,,589253
2023-01-29 05:00:00,00000007180,20230129050000,0.0,0.0,0.012,0.0,0.0,0.0,1.0,4,0.0,0.0,,,589253
2023-01-29 06:00:00,00000007180,20230129060000,0.0,0.0,0.011,0.0,0.0,0.0,1.0,4,0.0,0.0,,,589253
2023-01-29 07:00:00,00000007180,20230129070000,0.0,0.0,0.011,0.0,0.0,0.0,1.0,4,0.0,0.0,,,589253
2023-01-29 08:00:00,00000007180,20230129080000,0.0,0.0,0.011,0.0,0.0,0.0,1.0,4,0.0,0.0,,,589253
2023-01-29 09:00:00,00000007180,20230129090000,0.0,0.0,0.011,0.0,0.0,0.0,1.0,4,0.0,0.0,,,589253
2023-01-29 10:00:00,00000007180,20230129100000,0.0,0.0,0.011,0.0,0.0,0.0,1.0,4,0.0,0.0,,,589253
2023-01-29 11:00:00,00000007180,20230129110000,0.0,0.0,0.011,0.0,0.0,0.0,1.0,4,0.0,0.0,,,589253
2023-01-29 12:00:00,00000007180,20230129120000,0.0,0.0,0.011,0.0,0.0,0.0,1.0,4,0.0,0.0,,,589253
2023-01-29 13:00:00,00000007180,20230129130000,0.0,0.0,0.011,0.0,0.0,0.0,1.0,4,0.0,0.0,,,589253
2023-01-29 14:00:00,00000007180,20230129140000,0.0,0.0,0.011,0.0,0.0,0.0,1.0,4,0.0,0.0,,,589253
2023-01-29 15:00:00,00000007180,20230129150000,0.0,0.0,0.01,0.0,0.0,0.0,1.0,4,0.0,0.0,,,589253
2023-01-29 16:00:00,00000007180,20230129160000,0.0,0.0,0.011,0.0,0.0,0.0,1.0,4,0.0,0.0,,,589253
2023-01-29 17:00:00,00000007180,20230129170000,0.0,0.0,0.011,0.0,0.0,0.0,1.0,4,0.0,0.0,,,589253
2023-01-29 18:00:00,00000007180,20230129180000,0.0,0.0,0.01,0.0,0.0,0.0,1.0,4,0.0,0.0,,,589253
2023-01-29 19:00:00,00000007180,20230129190000,0.0,0.0,0.011,0.0,0.0,0.0,1.0,4,0.0,0.0,,,589253
2023-01-29 20:00:00,00000007180,20230129200000,0.0,0.0,0.01,0.0,0.0,0.0,1.0,4,0.0,0.0,,,589253
2023-01-29 21:00:00,00000007180,20230129210000,0.0,0.0,0.01,0.0,0.0,0.0,1.0,4,0.0,0.0,,,589253
2023-01-29 22:00:00,00000007180,20230129220000,0.0,0.0,0.011,0.0,0.0,0.0,1.0,4,0.0,0.0,,,589253
2023-01-29 23:00:00,00000007180,20230129230000,0.0,0.0,0.011,0.0,0.0,0.0,1.0,4,0.0,0.0,,,589253
2023-01-30 00:00:00,00000007180,20230130000000,0.0,0.0,0.011,0.0,0.0,0.0,1.0,4,0.0,0.0,,,589253
2023-01-30 01:00:00,00000007180,20230130010000,0.0,0.0,0.011,0.0,0.0,0.0,1.0,4,0.0,0.0,,,589253
2023-01-30 02:00:00,00000007180,20230130020000,0.0,0.0,0.011,0.0,0.0,0.0,1.0,4,0.0,0.0,,,589253
2023-01-30 03:00:00,00000007180,20230130030000,0.0,0.0,0.012,0.0,0.0,0.0,1.0,4,0.0,0.0,,,589253
2023-01-30 04:00:00,00000007180,20230130040000,0.0,0.0,0.011,0.0,0.0,0.0,1.0,4,0.0,0.0,,,589253
2023-01-30 05:00:00,00000007180,20230130050000,0.0,0.0,0.011,0.0,0.0,0.0,1.0,4,0.0,0.0,,,589253
2023-01-30 06:00:00,00000007180,20230130060000,0.0,0.0,0.011,0.0,0.0,0.0,1.0,4,0.0,0.0,,,589253
2023-01-30 07:00:00,00000007180,20230130070000,0.0,0.0,0.011,0.0,0.0,0.0,1.0,4,0.0,0.0,,,589253
2023-01-30 08:00:00,00000007180,20230130080000,0.0,0.0,0.011,0.0,0.0,0.0,1.0,4,0.0,0.0,,,589253
2023-01-30 09:00:00,00000007180,20230130090000,0.0,0.0,0.011,0.0,0.0,0.0,1.0,4,0.0,0.0,,,589253
2023-01-30 10:00:00,00000007180,20230130100000,0.0,0.0,0.011,0.0,0.0,0.0,1.0,4,0.0,0.0,,,589253
2023-01-30 11:00:00,00000007180,20230130110000,0.0,0.0,0.011,0.0,0.0,0.0,1.0,4,0.0,0.0,,,589253
2023-01-30 12:00:00,00000007180,20230130120000,0.0,0.0,0.011,0.0,0.0,0.0,1.0,4,0.0,0.0,,,589253
2023-01-30 13:00:00,00000007180,20230130130000,0.0,0.0,0.01,0.0,0.0,0.0,1.0,4,0.0,0.0,,,589253
2023-01-30 14:00:00,00000007180,20230130140000,0.0,0.0,0.011,0.0,0.0,0.0,1.0,4,0.0,0.0,,,589253
2023-01-30 15:00:00,00000007180,20230130150000,0.0,0.0,0.011,0.0,0.0,0.0,1.0,4,0.0,0.0,,,589253
2023-01-30 16:00:00,00000007180,20230130160000,0.0,0.0,0.011,0.0,0.0,0.0,1.0,4,0.0,0.0,,,589253
2023-01-30 17:00:00,00000007180,20230130170000,0.0,0.0,0.011,0.0,0.0,0.0,1.0,4,0.0,0.0,,,589253
2023-01-30 18:00:00,00000007180,20230130180000,0.0,0.0,0.01,0.0,0.0,0.0,1.0,4,0.0,0.0,,,589253
2023-01-30 19:00:00,00000007180,20230130190000,0.0,0.0,0.01,0.0,0.0,0.0,1.0,4,0.0,0.0,,,589253
2023-01-30 20:00:00,00000007180,20230130200000,0.0,0.0,0.011,0.0,0.0,0.0,1.0,4,0.0,0.0,,,589253
2023-01-30 21:00:00,00000007180,20230130210000,0.0,0.0,0.01,0.0,0.0,0.0,1.0,4,0.0,0.0,,,589253
2023-01-30 22:00:00,00000007180,20230130220000,0.0,0.0,0.011,0.0,0.0,0.0,1.0,4,0.0,0.0,,,589253
2023-01-30 23:00:00,00000007180,20230130230000,0.0,0.0,0.01,0.0,0.0,0.0,1.0,4,0.0,0.0,,,589253
2023-01-31 00:00:00,00000007180,20230131000000,0.0,0.0,0.011,0.0,0.0,0.0,1.0,4,0.0,0.0,,,589253
2023-01-31 01:00:00,00000007180,20230131010000,0.0,0.0,0.011,0.0,0.0,0.0,1.0,4,0.0,0.0,,,589253
2023-01-31 02:00:00,00000007180,20230131020000,0.0,0.0,0.011,0.0,0.0,0.0,1.0,4,0.0,0.0,,,589253
2023-01-31 03:00:00,00000007180,20230131030000,0.0,0.0,0.011,0.0,0.0,0.0,1.0,4,0.0,0.0,,,589253
2023-01-31 04:00:00,00000007180,20230131040000,0.0,0.0,0.011,0.0,0.0,0.0,1.0,4,0.0,0.0,,,589253
2023-01-31 05:00:00,00000007180,20230131050000,0.0,0.0,0.012,0.0,0.0,0.0,1.0,4,0.0,0.0,,,589253
2023-01-31 06:00:00,00000007180,20230131060000,0.0,0.0,0.011,0.0,0.0,0.0,1.0,4,0.0,0.0,,,589253
2023-01-31 07:00:00,00000007180,20230131070000,0.0,0.0,0.011,0.0,0.0,0.0,1.0,4,0.0,0.0,,,589253
2023-01-31 08:00:00,00000007180,20230131080000,0.0,0.0,0.01,0.0,0.0,0.0,1.0,4,0.0,0.0,,,589253
2023-01-31 09:00:00,00000007180,20230131090000,0.0,0.0,0.011,0.0,0.0,0.0,1.0,4,0.0,0.0,,,589253
2023-01-31 10:00:00,00000007180,20230131100000,0.0,0.0,0.011,0.0,0.0,0.0,1.0,4,0.0,0.0,,,589253
2023-01-31 11:00:00,00000007180,20230131110000,0.0,0.0,0.011,0.0,0.0,0.0,1.0,4,0.0,0.0,,,589253
2023-01-31 12:00:00,00000007180,20230131120000,0.0,0.0,0.011,0.0,0.0,0.0,1.0,4,0.0,0.0,,,589253
2023-01-31 13:00:00,00000007180,20230131130000,0.0,0.0,0.01,0.0,0.0,0.0,1.0,4,0.0,0.0,,,589253
2023-01-31 14:00:00,00000007180,20230131140000,0.0,0.0,0.011,0.0,0.0,0.0,1.0,4,0.0,0.0,,,589253
2023-01-31 15:00:00,00000007180,20230131150000,0.0,0.0,0.011,0.0,0.0,0.0,1.0,4,0.0,0.0,,,589253
2023-01-31 16:00:00,00000007180,20230131160000,0.0,0.0,0.011,0.0,0.0,0.0,1.0,4,0.0,0.0,,,589253
2023-01-31 17:00:00,00000007180,20230131170000,0.0,0.0,0.01,0.0,0.0,0.0,1.0,4,0.0,0.0,,,589253
2023-01-31 18:00:00,00000007180,20230131180000,0.0,0.0,0.011,0.0,0.0,0.0,1.0,4,0.0,0.0,,,589253
2023-01-31 19:00:00,00000007180,20230131190000,0.0,0.0,0.01,0.0,0.0,0.0,1.0,4,0.0,0.0,,,589253
2023-01-31 20:00:00,00000007180,20230131200000,0.0,0.0,0.011,0.0,0.0,0.0,1.0,4,0.0,0.0,,,589253
2023-01-31 21:00:00,00000007180,20230131210000,0.0,0.0,0.01,0.0,0.0,0.0,1.0,4,0.0,0.0,,,589253
2023-01-31 22:00:00,00000007180,20230131220000,0.0,0.0,0.011,0.0,0.0,0.0,1.0,4,0.0,0.0,,,589253
2023-01-31 23:00:00,00000007180,20230131230000,0.0,0.0,0.01,0.0,0.0,0.0,1.0,4,0.0,0.0,,,589253
2023-02-01 00:00:00,00000007180,20230201000000,0.0,0.0,0.011,0.0,0.0,0.0,1.0,4,0.0,0.0,,,589253
2023-02-01 01:00:00,00000007180,20230201010000,0.0,0.0,0.011,0.0,0.0,0.0,1.0,4,0.0,0.0,,,589253
2023-02-01 02:00:00,00000007180,20230201020000,0.0,0.0,0.011,0.0,0.0,0.0,1.0,4,0.0,0.0,,,589253
2023-02-01 03:00:00,00000007180,20230201030000,0.0,0.0,0.011,0.0,0.0,0.0,1.0,4,0.0,0.0,,,589253
2023-02-01 04:00:00,00000007180,20230201040000,0.0,0.0,0.011,0.0,0.0,0.0,1.0,4,0.0,0.0,,,589253
2023-02-01 05:00:00,00000007180,20230201050000,0.0,0.0,0.011,0.0,0.0,0.0,1.0,4,0.0,0.0,,,589253
2023-02-01 06:00:00,00000007180,20230201060000,0.0,0.0,0.011,0.0,0.0,0.0,1.0,4,0.0,0.0,,,589253
2023-02-01 07:00:00,00000007180,20230201070000,0.0,0.0,0.011,0.0,0.0,0.0,1.0,4,0.0,0.0,,,589253
2023-02-01 08:00:00,00000007180,20230201080000,0.0,0.0,0.011,0.0,0.0,0.0,1.0,4,0.0,0.0,,,589253
2023-02-01 09:00:00,00000007180,20230201090000,0.0,0.0,0.011,0.0,0.0,0.0,1.0,4,0.0,0.0,,,589253
2023-02-01 10:00:00,00000007180,20230201100000,0.0,0.0,0.011,0.0,0.0,0.0,1.0,4,0.0,0.0,,,589253
2023-02-01 11:00:00,00000007180,20230201110000,0.0,0.0,0.01,0.0,0.0,0.0,1.0,4,0.0,0.0,,,589253
2023-02-01 12:00:00,00000007180,20230201120000,0.0,0.0,0.011,0.0,0.0,0.0,1.0,4,0.0,0.0,,,589253
2023-02-01 13:00:00,00000007180,20230201130000,0.0,0.0,0.011,0.0,0.0,0.0,1.0,4,0.0,0.0,,,589253
2023-02-01 14:00:00,00000007180,20230201140000,0.0,0.0,0.011,0.0,0.0,0.0,1.0,4,0.0,0.0,,,589253
2023-02-01 15:00:00,00000007180,20230201150000,0.0,0.0,0.011,0.0,0.0,0.0,1.0,4,0.0,0.0,,,589253
2023-02-01 16:00:00,00000007180,20230201160000,0.0,0.0,0.011,0.0,0.0,0.0,1.0,4,0.0,0.0,,,589253
2023-02-01 17:00:00,00000007180,20230201170000,0.0,0.0,0.01,0.0,0.0,0.0,1.0,4,0.0,0.0,,,589253
2023-02-01 18:00:00,00000007180,20230201180000,0.0,0.0,0.011,0.0,0.0,0.0,1.0,4,0.0,0.0,,,589253
2023-02-01 19:00:00,00000007180,20230201190000,0.0,0.0,0.011,0.0,0.0,0.0,1.0,4,0.0,0.0,,,589253
2023-02-01 20:00:00,00000007180,20230201200000,0.0,0.0,0.01,0.0,0.0,0.0,1.0,4,0.0,0.0,,,589253
2023-02-01 21:00:00,00000007180,20230201210000,0.0,0.0,0.011,0.0,0.0,0.0,1.0,4,0.0,0.0,,,589253
2023-02-01 22:00:00,00000007180,20230201220000,0.0,0.0,0.01,0.0,0.0,0.0,1.0,4,0.0,0.0,,,589253
2023-02-01 23:00:00,00000007180,20230201230000,0.0,0.0,0.011,0.0,0.0,0.0,1.0,4,0.0,0.0,,,589253
2023-02-02 00:00:00,00000007180,20230202000000,0.0,0.0,0.011,0.0,0.0,0.0,1.0,4,0.0,0.0,,,589253
2023-02-02 01:00:00,00000007180,20230202010000,0.0,0.0,0.011,0.0,0.0,0.0,1.0,4,0.0,0.0,,,589253
2023-02-02 02:00:00,00000007180,20230202020000,0.0,0.0,0.011,0.0,0.0,0.0,1.0,4,0.0,0.0,,,589253
2023-02-02 03:00:00,00000007180,20230202030000,0.0,0.0,0.011,0.0,0.0,0.0,1.0,4,0.0,0.0,,,589253
2023-02-02 04:00:00,00000007180,20230202040000,0.0,0.0,0.011,0.0,0.0,0.0,1.0,4,0.0,0.0,,,589253
2023-02-02 05:00:00,00000007180,20230202050000,0.0,0.0,0.011,0.0,0.0,0.0,1.0,4,0.0,0.0,,,589253
2023-02-02 06:00:00,00000007180,20230202060000,0.0,0.0,0.011,0.0,0.0,0.0,1.0,4,0.0,0.0,,,589253
2023-02-02 07:00:00,00000007180,20230202070000,0.0,0.0,0.011,0.0,0.0,0.0,1.0,4,0.0,0.0,,,589253
2023-02-02 08:00:00,00000007180,20230202080000,0.0,0.0,0.011,0.0,0.0,0.0,1.0,4,0.0,0.0,,,589253
2023-02-02 09:00:00,00000007180,20230202090000,0.0,0.0,0.011,0.0,0.0,0.0,1.0,4,0.0,0.0,,,589253
2023-02-02 10:00:00,00000007180,20230202100000,0.0,0.0,0.01,0.0,0.0,0.0,1.0,4,0.0,0.0,,,589253
2023-02-02 11:00:00,00000007180,20230202110000,0.0,0.0,0.011,0.0,0.0,0.0,1.0,4,0.0,0.0,,,589253
2023-02-02 12:00:00,00000007180,20230202120000,0.0,0.0,0.011,0.0,0.0,0.0,1.0,4,0.0,0.0,,,589253
2023-02-02 13:00:00,00000007180,20230202130000,0.0,0.0,0.011,0.0,0.0,0.0,1.0,4,0.0,0.0,,,589253
2023-02-02 14:00:00,00000007180,20230202140000,0.0,0.0,0.011,0.0,0.0,0.0,1.0,4,0.0,0.0,,,589253
2023-02-02 15:00:00,00000007180,20230202150000,0.0,0.0,0.011,0.0,0.0,0.0,1.0,4,0.0,0.0,,,589253
2023-02-02 16:00:00,00000007180,20230202160000,0.0,0.0,0.011,0.0,0.0,0.0,1.0,4,0.0,0.0,,,589253
2023-02-02 17:00:00,00000007180,20230202170000,0.0,0.0,0.011,0.0,0.0,0.0,1.0,4,0.0,0.0,,,589253
2023-02-02 18:00:00,00000007180,20230202180000,0.0,0.0,0.011,0.0,0.0,0.0,1.0,4,0.0,0.0,,,589253
2023-02-02 19:00:00,00000007180,20230202190000,0.0,0.0,0.011,0.0,0.0,0.0,1.0,4,0.0,0.0,,,589253
2023-02-02 20:00:00,00000007180,20230202200000,0.0,0.0,0.01,0.0,0.0,0.0,1.0,4,0.0,0.0,,,589253
2023-02-02 21:00:00,00000007180,20230202210000,0.0,0.0,0.011,0.0,0.0,0.0,1.0,4,0.0,0.0,,,589253
2023-02-02 22:00:00,00000007180,20230202220000,0.0,0.0,0.01,0.0,0.0,0.0,1.0,4,0.0,0.0,,,589253
2023-02-02 23:00:00,00000007180,20230202230000,0.0,0.0,0.011,0.0,0.0,0.0,1.0,4,0.0,0.0,,,589253
2023-02-03 00:00:00,00000007180,20230203000000,0.0,0.0,0.011,0.0,0.0,0.0,1.0,4,0.0,0.0,,,589253
2023-02-03 01:00:00,00000007180,20230203010000,0.0,0.0,0.011,0.0,0.0,0.0,1.0,4,0.0,0.0,,,589253
2023-02-03 02:00:00,00000007180,20230203020000,0.0,0.0,0.011,0.0,0.0,0.0,1.0,4,0.0,0.0,,,589253
2023-02-03 03:00:00,00000007180,20230203030000,0.0,0.0,0.011,0.0,0.0,0.0,1.0,4,0.0,0.0,,,589253
2023-02-03 04:00:00,00000007180,20230203040000,0.0,0.0,0.011,0.0,0.0,0.0,1.0,4,0.0,0.0,,,589253
2023-02-03 05:00:00,00000007180,20230203050000,0.0,0.0,0.011,0.0,0.0,0.0,1.0,4,0.0,0.0,,,589253
2023-02-03 06:00:00,00000007180,20230203060000,0.0,0.0,0.012,0.0,0.0,0.0,1.0,4,0.0,0.0,,,589253
2023-02-03 07:00:00,00000007180,20230203070000,0.0,0.0,0.01,0.0,0.0,0.0,1.0,4,0.0,0.0,,,589253
2023-02-03 08:00:00,00000007180,20230203080000,0.0,0.0,0.011,0.0,0.0,0.0,1.0,4,0.0,0.0,,,589253
2023-02-03 09:00:00,00000007180,20230203090000,0.0,0.0,0.011,0.0,0.0,0.0,1.0,4,0.0,0.0,,,589253
2023-02-03 10:00:00,00000007180,20230203100000,0.0,0.0,0.011,0.0,0.0,0.0,1.0,4,0.0,0.0,,,589253
2023-02-03 11:00:00,00000007180,20230203110000,0.0,0.0,0.01,0.0,0.0,0.0,1.0,4,0.0,0.0,,,589253
2023-02-03 12:00:00,00000007180,20230203120000,0.0,0.0,0.011,0.0,0.0,0.0,1.0,4,0.0,0.0,,,589253
2023-02-03 13:00:00,00000007180,20230203130000,0.0,0.0,0.011,0.0,0.0,0.0,1.0,4,0.0,0.0,,,589253
2023-02-03 14:00:00,00000007180,20230203140000,0.0,0.0,0.01,0.0,0.0,0.0,1.0,4,0.0,0.0,,,589253
2023-02-03 15:00:00,00000007180,20230203150000,0.0,0.0,0.011,0.0,0.0,0.0,1.0,4,0.0,0.0,,,589253
2023-02-03 16:00:00,00000007180,20230203160000,0.0,0.0,0.011,0.0,0.0,0.0,1.0,4,0.0,0.0,,,589253
2023-02-03 17:00:00,00000007180,20230203170000,0.0,0.0,0.011,0.0,0.0,0.0,1.0,4,0.0,0.0,,,589253
2023-02-03 18:00:00,00000007180,20230203180000,0.0,0.0,0.011,0.0,0.0,0.0,1.0,4,0.0,0.0,,,589253
2023-02-03 19:00:00,00000007180,20230203190000,0.0,0.0,0.01,0.0,0.0,0.0,1.0,4,0.0,0.0,,,589253
2023-02-03 20:00:00,00000007180,20230203200000,0.0,0.0,0.01,0.0,0.0,0.0,1.0,4,0.0,0.0,,,589253
2023-02-03 21:00:00,00000007180,20230203210000,0.0,0.0,0.011,0.0,0.0,0.0,1.0,4,0.0,0.0,,,589253
2023-02-03 22:00:00,00000007180,20230203220000,0.0,0.0,0.01,0.0,0.0,0.0,1.0,4,0.0,0.0,,,589253
2023-02-03 23:00:00,00000007180,20230203230000,0.0,0.0,0.011,0.0,0.0,0.0,1.0,4,0.0,0.0,,,589253
2023-02-04 00:00:00,00000007180,20230204000000,0.0,0.0,0.01,0.0,0.0,0.0,1.0,4,0.0,0.0,,,589253
2023-02-04 01:00:00,00000007180,20230204010000,0.0,0.0,0.011,0.0,0.0,0.0,1.0,4,0.0,0.0,,,589253
2023-02-04 02:00:00,00000007180,20230204020000,0.0,0.0,0.011,0.0,0.0,0.0,1.0,4,0.0,0.0,,,589253
2023-02-04 03:00:00,00000007180,20230204030000,0.0,0.0,0.011,0.0,0.0,0.0,1.0,4,0.0,0.0,,,589253
2023-02-04 04:00:00,00000007180,20230204040000,0.0,0.0,0.011,0.0,0.0,0.0,1.0,4,0.0,0.0,,,589253
2023-02-04 05:00:00,00000007180,20230204050000,0.0,0.0,0.011,0.0,0.0,0.0,1.0,4,0.0,0.0,,,589253
2023-02-04 06:00:00,00000007180,20230204060000,0.0,0.0,0.011,0.0,0.0,0.0,1.0,4,0.0,0.0,,,589253
2023-02-04 07:00:00,00000007180,20230204070000,0.0,0.0,0.011,0.0,0.0,0.0,1.0,4,0.0,0.0,,,589253
2023-02-04 08:00:00,00000007180,20230204080000,0.0,0.0,0.011,0.0,0.0,0.0,1.0,4,0.0,0.0,,,589253
2023-02-04 09:00:00,00000007180,20230204090000,0.0,0.0,0.011,0.0,0.0,0.0,1.0,4,0.0,0.0,,,589253
2023-02-04 10:00:00,00000007180,20230204100000,0.0,0.0,0.011,0.0,0.0,0.0,1.0,4,0.0,0.0,,,589253
2023-02-04 11:00:00,00000007180,20230204110000,0.0,0.0,0.011,0.0,0.0,0.0,1.0,4,0.0,0.0,,,589253
2023-02-04 12:00:00,00000007180,20230204120000,0.0,0.0,0.011,0.0,0.0,0.0,1.0,4,0.0,0.0,,,589253
2023-02-04 13:00:00,00000007180,20230204130000,0.0,0.0,0.011,0.0,0.0,0.0,1.0,4,0.0,0.0,,,589253
2023-02-04 14:00:00,00000007180,20230204140000,0.0,0.0,0.011,0.0,0.0,0.0,1.0,4,0.0,0.0,,,589253
2023-02-04 15:00:00,00000007180,20230204150000,0.0,0.0,0.011,0.0,0.0,0.0,1.0,4,0.0,0.0,,,589253
2023-02-04 16:00:00,00000007180,20230204160000,0.0,0.0,0.011,0.0,0.0,0.0,1.0,4,0.0,0.0,,,589253
2023-02-04 17:00:00,00000007180,20230204170000,0.0,0.0,0.011,0.0,0.0,0.0,1.0,4,0.0,0.0,,,589253
2023-02-04 18:00:00,00000007180,20230204180000,0.0,0.0,0.011,0.0,0.0,0.0,1.0,4,0.0,0.0,,,589253
2023-02-04 19:00:00,00000007180,20230204190000,0.0,0.0,0.01,0.0,0.0,0.0,1.0,4,0.0,0.0,,,589253
2023-02-04 20:00:00,00000007180,20230204200000,0.0,0.0,0.01,0.0,0.0,0.0,1.0,4,0.0,0.0,,,589253
2023-02-04 21:00:00,00000007180,20230204210000,0.0,0.0,0.011,0.0,0.0,0.0,1.0,4,0.0,0.0,,,589253
2023-02-04 22:00:00,00000007180,20230204220000,0.0,0.0,0.01,0.0,0.0,0.0,1.0,4,0.0,0.0,,,589253
2023-02-04 23:00:00,00000007180,20230204230000,0.0,0.0,0.011,0.0,0.0,0.0,1.0,4,0.0,0.0,,,589253
2023-02-05 00:00:00,00000007180,20230205000000,0.0,0.0,0.011,0.0,0.0,0.0,1.0,4,0.0,0.0,,,589253
2023-02-05 01:00:00,00000007180,20230205010000,0.0,0.0,0.011,0.0,0.0,0.0,1.0,4,0.0,0.0,,,589253
2023-02-05 02:00:00,00000007180,20230205020000,0.0,0.0,0.011,0.0,0.0,0.0,1.0,4,0.0,0.0,,,589253
2023-02-05 03:00:00,00000007180,20230205030000,0.0,0.0,0.011,0.0,0.0,0.0,1.0,4,0.0,0.0,,,589253
2023-02-05 04:00:00,00000007180,20230205040000,0.0,0.0,0.011,0.0,0.0,0.0,1.0,4,0.0,0.0,,,589253
2023-02-05 05:00:00,00000007180,20230205050000,0.0,0.0,0.011,0.0,0.0,0.0,1.0,4,0.0,0.0,,,589253
2023-02-05 06:00:00,00000007180,20230205060000,0.0,0.0,0.012,0.0,0.0,0.0,1.0,4,0.0,0.0,,,589253
2023-02-05 07:00:00,00000007180,20230205070000,0.0,0.0,0.011,0.0,0.0,0.0,1.0,4,0.0,0.0,,,589253
2023-02-05 08:00:00,00000007180,20230205080000,0.0,0.0,0.011,0.0,0.0,0.0,1.0,4,0.0,0.0,,,589253
2023-02-05 09:00:00,00000007180,20230205090000,0.0,0.0,0.011,0.0,0.0,0.0,1.0,4,0.0,0.0,,,589253
2023-02-05 10:00:00,00000007180,20230205100000,0.0,0.0,0.011,0.0,0.0,0.0,1.0,4,0.0,0.0,,,589253
2023-02-05 11:00:00,00000007180,20230205110000,0.0,0.0,0.01,0.0,0.0,0.0,1.0,4,0.0,0.0,,,589253
2023-02-05 12:00:00,00000007180,20230205120000,0.0,0.0,0.011,0.0,0.0,0.0,1.0,4,0.0,0.0,,,589253
2023-02-05 13:00:00,00000007180,20230205130000,0.0,0.0,0.009,0.0,0.0,0.0,1.0,4,0.0,0.0,,,589253
2023-02-05 14:00:00,00000007180,20230205140000,0.0,0.0,0.011,0.0,0.0,0.0,1.0,4,0.0,0.0,,,589253
2023-02-05 15:00:00,00000007180,20230205150000,0.0,0.0,0.004,0.0,0.0,0.0,1.0,4,0.0,0.0,,,589253
2023-02-05 16:00:00,00000007180,20230205160000,0.0,0.0,0.01,0.0,0.0,0.0,1.0,4,0.0,0.0,,,589253
2023-02-05 17:00:00,00000007180,20230205170000,0.0,0.0,0.01,0.0,0.0,0.0,1.0,4,0.0,0.0,,,589253
2023-02-05 18:00:00,00000007180,20230205180000,0.0,0.0,0.01,0.0,0.0,0.0,1.0,4,0.0,0.0,,,589253
2023-02-05 19:00:00,00000007180,20230205190000,0.0,0.0,0.01,0.0,0.0,0.0,1.0,4,0.0,0.0,,,589253
2023-02-05 20:00:00,00000007180,20230205200000,0.0,0.0,0.01,0.0,0.0,0.0,1.0,4,0.0,0.0,,,589253
2023-02-05 21:00:00,00000007180,20230205210000,0.0,0.0,0.01,0.0,0.0,0.0,1.0,4,0.0,0.0,,,589253
2023-02-05 22:00:00,00000007180,20230205220000,0.0,0.0,0.011,0.0,0.0,0.0,1.0,4,0.0,0.0,,,589253
2023-02-05 23:00:00,00000007180,20230205230000,0.0,0.0,0.011,0.0,0.0,0.0,1.0,4,0.0,0.0,,,589253
2023-02-06 00:00:00,00000007180,20230206000000,0.0,0.0,0.01,0.0,0.0,0.0,1.0,4,0.0,0.0,,,589253
2023-02-06 01:00:00,00000007180,20230206010000,0.0,0.0,0.011,0.0,0.0,0.0,1.0,4,0.0,0.0,,,589253
2023-02-06 02:00:00,00000007180,20230206020000,0.0,0.0,0.011,0.0,0.0,0.0,1.0,4,0.0,0.0,,,589253
2023-02-06 03:00:00,00000007180,20230206030000,0.0,0.0,0.011,0.0,0.0,0.0,1.0,4,0.0,0.0,,,589253
2023-02-06 04:00:00,00000007180,20230206040000,0.0,0.0,0.011,0.0,0.0,0.0,1.0,4,0.0,0.0,,,589253
2023-02-06 05:00:00,00000007180,20230206050000,0.0,0.0,0.011,0.0,0.0,0.0,1.0,4,0.0,0.0,,,589253
2023-02-06 06:00:00,00000007180,20230206060000,0.0,0.0,0.011,0.0,0.0,0.0,1.0,4,0.0,0.0,,,589253
2023-02-06 07:00:00,00000007180,20230206070000,0.0,0.0,0.011,0.0,0.0,0.0,1.0,4,0.0,0.0,,,589253
2023-02-06 08:00:00,00000007180,20230206080000,0.0,0.0,0.01,0.0,0.0,0.0,1.0,4,0.0,0.0,,,589253
2023-02-06 09:00:00,00000007180,20230206090000,0.0,0.0,0.011,0.0,0.0,0.0,1.0,4,0.0,0.0,,,589253
2023-02-06 10:00:00,00000007180,20230206100000,0.0,0.0,0.011,0.0,0.0,0.0,1.0,4,0.0,0.0,,,589253
2023-02-06 11:00:00,00000007180,20230206110000,0.0,0.0,0.01,0.0,0.0,0.0,1.0,4,0.0,0.0,,,589253
2023-02-06 12:00:00,00000007180,20230206120000,0.0,0.0,0.011,0.0,0.0,0.0,1.0,4,0.0,0.0,,,589253
2023-02-06 13:00:00,00000007180,20230206130000,0.0,0.0,0.01,0.0,0.0,0.0,1.0,4,0.0,0.0,,,589253
2023-02-06 14:00:00,00000007180,20230206140000,0.0,0.0,0.01,0.0,0.0,0.0,1.0,4,0.0,0.0,,,589253
2023-02-06 15:00:00,00000007180,20230206150000,0.0,0.0,0.011,0.0,0.0,0.0,1.0,4,0.0,0.0,,,589253
2023-02-06 16:00:00,00000007180,20230206160000,0.0,0.0,0.01,0.0,0.0,0.0,1.0,4,0.0,0.0,,,589253
2023-02-06 17:00:00,00000007180,20230206170000,0.0,0.0,0.011,0.0,0.0,0.0,1.0,4,0.0,0.0,,,589253
2023-02-06 18:00:00,00000007180,20230206180000,0.0,0.0,0.01,0.0,0.0,0.0,1.0,4,0.0,0.0,,,589253
2023-02-06 19:00:00,00000007180,20230206190000,0.0,0.0,0.01,0.0,0.0,0.0,1.0,4,0.0,0.0,,,589253
2023-02-06 20:00:00,00000007180,20230206200000,0.0,0.0,0.01,0.0,0.0,0.0,1.0,4,0.0,0.0,,,589253
2023-02-06 21:00:00,00000007180,20230206210000,0.0,0.0,0.011,0.0,0.0,0.0,1.0,4,0.0,0.0,,,589253
2023-02-06 22:00:00,00000007180,20230206220000,0.0,0.0,0.01,0.0,0.0,0.0,1.0,4,0.0,0.0,,,589253
2023-02-06 23:00:00,00000007180,20230206230000,0.0,0.0,0.01,0.0,0.0,0.0,1.0,4,0.0,0.0,,,589253
2023-02-07 00:00:00,00000007180,20230207000000,0.0,0.0,0.011,0.0,0.0,0.0,1.0,4,0.0,0.0,,,589253
2023-02-07 01:00:00,00000007180,20230207010000,0.0,0.0,0.011,0.0,0.0,0.0,1.0,4,0.0,0.0,,,589253
2023-02-07 02:00:00,00000007180,20230207020000,0.0,0.0,0.011,0.0,0.0,0.0,1.0,4,0.0,0.0,,,589253
2023-02-07 03:00:00,00000007180,20230207030000,0.0,0.0,0.011,0.0,0.0,0.0,1.0,4,0.0,0.0,,,589253
2023-02-07 04:00:00,00000007180,20230207040000,0.0,0.0,0.011,0.0,0.0,0.0,1.0,4,0.0,0.0,,,589253
2023-02-07 05:00:00,00000007180,20230207050000,0.0,0.0,0.011,0.0,0.0,0.0,1.0,4,0.0,0.0,,,589253
2023-02-07 06:00:00,00000007180,20230207060000,0.0,0.0,0.01,0.0,0.0,0.0,1.0,4,0.0,0.0,,,589253
2023-02-07 07:00:00,00000007180,20230207070000,0.0,0.0,0.011,0.0,0.0,0.0,1.0,4,0.0,0.0,,,589253
2023-02-07 08:00:00,00000007180,20230207080000,0.0,0.0,0.011,0.0,0.0,0.0,1.0,4,0.0,0.0,,,589253
2023-02-07 09:00:00,00000007180,20230207090000,0.0,0.0,0.01,0.0,0.0,0.0,1.0,4,0.0,0.0,,,589253
2023-02-07 10:00:00,00000007180,20230207100000,0.0,0.0,0.01,0.0,0.0,0.0,1.0,4,0.0,0.0,,,589253
2023-02-07 11:00:00,00000007180,20230207110000,0.0,0.0,0.011,0.0,0.0,0.0,1.0,4,0.0,0.0,,,589253
2023-02-07 12:00:00,00000007180,20230207120000,0.0,0.0,0.01,0.0,0.0,0.0,1.0,4,0.0,0.0,,,589253
2023-02-07 13:00:00,00000007180,20230207130000,0.0,0.0,0.01,0.0,0.0,0.0,1.0,4,0.0,0.0,,,589253
2023-02-07 14:00:00,00000007180,20230207140000,0.0,0.0,0.011,0.0,0.0,0.0,1.0,4,0.0,0.0,,,589253
2023-02-07 15:00:00,00000007180,20230207150000,0.0,0.0,0.01,0.0,0.0,0.0,1.0,4,0.0,0.0,,,589253
2023-02-07 16:00:00,00000007180,20230207160000,0.0,0.0,0.01,0.0,0.0,0.0,1.0,4,0.0,0.0,,,589253
2023-02-07 17:00:00,00000007180,20230207170000,0.0,0.0,0.011,0.0,0.0,0.0,1.0,4,0.0,0.0,,,589253
2023-02-07 18:00:00,00000007180,20230207180000,0.0,0.0,0.01,0.0,0.0,0.0,1.0,4,0.0,0.0,,,589253
2023-02-07 19:00:00,00000007180,20230207190000,0.0,0.0,0.01,0.0,0.0,0.0,1.0,4,0.0,0.0,,,589253
2023-02-07 20:00:00,00000007180,20230207200000,0.0,0.0,0.01,0.0,0.0,0.0,1.0,4,0.0,0.0,,,589253
2023-02-07 21:00:00,00000007180,20230207210000,0.0,0.0,0.01,0.0,0.0,0.0,1.0,4,0.0,0.0,,,589253
2023-02-07 22:00:00,00000007180,20230207220000,0.0,0.0,0.01,0.0,0.0,0.0,1.0,4,0.0,0.0,,,589253
2023-02-07 23:00:00,00000007180,20230207230000,0.0,0.0,0.01,0.0,0.0,0.0,1.0,4,0.0,0.0,,,589253
2023-02-08 00:00:00,00000007180,20230208000000,0.0,0.0,0.011,0.0,0.0,0.0,1.0,4,0.0,0.0,,,589253
2023-02-08 01:00:00,00000007180,20230208010000,0.0,0.0,0.01,0.0,0.0,0.0,1.0,4,0.0,0.0,,,589253
2023-02-08 02:00:00,00000007180,20230208020000,0.0,0.0,0.011,0.0,0.0,0.0,1.0,4,0.0,0.0,,,589253
2023-02-08 03:00:00,00000007180,20230208030000,0.0,0.0,0.011,0.0,0.0,0.0,1.0,4,0.0,0.0,,,589253
2023-02-08 04:00:00,00000007180,20230208040000,0.0,0.0,0.011,0.0,0.0,0.0,1.0,4,0.0,0.0,,,589253
2023-02-08 05:00:00,00000007180,20230208050000,0.0,0.0,0.011,0.0,0.0,0.0,1.0,4,0.0,0.0,,,589253
2023-02-08 06:00:00,00000007180,20230208060000,0.0,0.0,0.011,0.0,0.0,0.0,1.0,4,0.0,0.0,,,589253
2023-02-08 07:00:00,00000007180,20230208070000,0.0,0.0,0.01,0.0,0.0,0.0,1.0,4,0.0,0.0,,,589253
2023-02-08 08:00:00,00000007180,20230208080000,0.0,0.0,0.011,0.0,0.0,0.0,1.0,4,0.0,0.0,,,589253
2023-02-08 09:00:00,00000007180,20230208090000,0.0,0.0,0.01,0.0,0.0,0.0,1.0,4,0.0,0.0,,,589253
2023-02-08 10:00:00,00000007180,20230208100000,0.0,0.0,0.011,0.0,0.0,0.0,1.0,4,0.0,0.0,,,589253
2023-02-08 11:00:00,00000007180,20230208110000,0.0,0.0,0.01,0.0,0.0,0.0,1.0,4,0.0,0.0,,,589253
2023-02-08 12:00:00,00000007180,20230208120000,0.0,0.0,0.01,0.0,0.0,0.0,1.0,4,0.0,0.0,,,589253
2023-02-08 13:00:00,00000007180,20230208130000,0.0,0.0,0.01,0.0,0.0,0.0,1.0,4,0.0,0.0,,,589253
2023-02-08 14:00:00,00000007180,20230208140000,0.0,0.0,0.01,0.0,0.0,0.0,1.0,4,0.0,0.0,,,589253
2023-02-08 15:00:00,00000007180,20230208150000,0.0,0.0,0.01,0.0,0.0,0.0,1.0,4,0.0,0.0,,,589253
2023-02-08 16:00:00,00000007180,20230208160000,0.0,0.0,0.01,0.0,0.0,0.0,1.0,4,0.0,0.0,,,589253
2023-02-08 17:00:00,00000007180,20230208170000,0.0,0.0,0.011,0.0,0.0,0.0,1.0,4,0.0,0.0,,,589253
2023-02-08 18:00:00,00000007180,20230208180000,0.0,0.0,0.01,0.0,0.0,0.0,1.0,4,0.0,0.0,,,589253
2023-02-08 19:00:00,00000007180,20230208190000,0.0,0.0,0.01,0.0,0.0,0.0,1.0,4,0.0,0.0,,,589253
2023-02-08 20:00:00,00000007180,20230208200000,0.0,0.0,0.01,0.0,0.0,0.0,1.0,4,0.0,0.0,,,589253
2023-02-08 21:00:00,00000007180,20230208210000,0.0,0.0,0.01,0.0,0.0,0.0,1.0,4,0.0,0.0,,,589253
2023-02-08 22:00:00,00000007180,20230208220000,0.0,0.0,0.01,0.0,0.0,0.0,1.0,4,0.0,0.0,,,589253
2023-02-08 23:00:00,00000007180,20230208230000,0.0,0.0,0.011,0.0,0.0,0.0,1.0,4,0.0,0.0,,,589253
2023-02-09 00:00:00,00000007180,20230209000000,0.0,0.0,0.01,0.0,0.0,0.0,1.0,4,0.0,0.0,,,589253
2023-02-09 01:00:00,00000007180,20230209010000,0.0,0.0,0.011,0.0,0.0,0.0,1.0,4,0.0,0.0,,,589253
2023-02-09 02:00:00,00000007180,20230209020000,0.0,0.0,0.01,0.0,0.0,0.0,1.0,4,0.0,0.0,,,589253
2023-02-09 03:00:00,00000007180,20230209030000,0.0,0.0,0.011,0.0,0.0,0.0,1.0,4,0.0,0.0,,,589253
2023-02-09 04:00:00,00000007180,20230209040000,0.0,0.0,0.011,0.0,0.0,0.0,1.0,4,0.0,0.0,,,589253
2023-02-09 05:00:00,00000007180,20230209050000,0.0,0.0,0.011,0.0,0.0,0.0,1.0,4,0.0,0.0,,,589253
2023-02-09 06:00:00,00000007180,20230209060000,0.0,0.0,0.011,0.0,0.0,0.0,1.0,4,0.0,0.0,,,589253
2023-02-09 07:00:00,00000007180,20230209070000,0.0,0.0,0.011,0.0,0.0,0.0,1.0,4,0.0,0.0,,,589253
2023-02-09 08:00:00,00000007180,20230209080000,0.0,0.0,0.01,0.0,0.0,0.0,1.0,4,0.0,0.0,,,589253
2023-02-09 09:00:00,00000007180,20230209090000,0.0,0.0,0.011,0.0,0.0,0.0,1.0,4,0.0,0.0,,,589253
2023-02-09 10:00:00,00000007180,20230209100000,0.0,0.0,0.01,0.0,0.0,0.0,1.0,4,0.0,0.0,,,589253
2023-02-09 11:00:00,00000007180,20230209110000,0.0,0.0,0.01,0.0,0.0,0.0,1.0,4,0.0,0.0,,,589253
2023-02-09 12:00:00,00000007180,20230209120000,0.0,0.0,0.01,0.0,0.0,0.0,1.0,4,0.0,0.0,,,589253
2023-02-09 13:00:00,00000007180,20230209130000,0.0,0.0,0.011,0.0,0.0,0.0,1.0,4,0.0,0.0,,,589253
2023-02-09 14:00:00,00000007180,20230209140000,0.0,0.0,0.01,0.0,0.0,0.0,1.0,4,0.0,0.0,,,589253
2023-02-09 15:00:00,00000007180,20230209150000,0.0,0.0,0.011,0.0,0.0,0.0,1.0,4,0.0,0.0,,,589253
2023-02-09 16:00:00,00000007180,20230209160000,0.0,0.0,0.01,0.0,0.0,0.0,1.0,4,0.0,0.0,,,589253
2023-02-09 17:00:00,00000007180,20230209170000,0.0,0.0,0.01,0.0,0.0,0.0,1.0,4,0.0,0.0,,,589253
2023-02-09 18:00:00,00000007180,20230209180000,0.0,0.0,0.011,0.0,0.0,0.0,1.0,4,0.0,0.0,,,589253
2023-02-09 19:00:00,00000007180,20230209190000,0.0,0.0,0.01,0.0,0.0,0.0,1.0,4,0.0,0.0,,,589253
2023-02-09 20:00:00,00000007180,20230209200000,0.0,0.0,0.01,0.0,0.0,0.0,1.0,4,0.0,0.0,,,589253
2023-02-09 21:00:00,00000007180,20230209210000,0.0,0.0,0.01,0.0,0.0,0.0,1.0,4,0.0,0.0,,,589253
2023-02-09 22:00:00,00000007180,20230209220000,0.0,0.0,0.01,0.0,0.0,0.0,1.0,4,0.0,0.0,,,589253
2023-02-09 23:00:00,00000007180,20230209230000,0.0,0.0,0.01,0.0,0.0,0.0,1.0,4,0.0,0.0,,,589253
2023-02-10 00:00:00,00000007180,20230210000000,0.0,0.0,0.011,0.0,0.0,0.0,1.0,4,0.0,0.0,,,589253
2023-02-10 01:00:00,00000007180,20230210010000,0.0,0.0,0.01,0.0,0.0,0.0,1.0,4,0.0,0.0,,,589253
2023-02-10 02:00:00,00000007180,20230210020000,0.0,0.0,0.011,0.0,0.0,0.0,1.0,4,0.0,0.0,,,589253
2023-02-10 03:00:00,00000007180,20230210030000,0.0,0.0,0.011,0.0,0.0,0.0,1.0,4,0.0,0.0,,,589253
2023-02-10 04:00:00,00000007180,20230210040000,0.0,0.0,0.011,0.0,0.0,0.0,1.0,4,0.0,0.0,,,589253
2023-02-10 05:00:00,00000007180,20230210050000,0.0,0.0,0.011,0.0,0.0,0.0,1.0,4,0.0,0.0,,,589253
2023-02-10 06:00:00,00000007180,20230210060000,0.0,0.0,0.011,0.0,0.0,0.0,1.0,4,0.0,0.0,,,589253
2023-02-10 07:00:00,00000007180,20230210070000,0.0,0.0,0.011,0.0,0.0,0.0,1.0,4,0.0,0.0,,,589253
2023-02-10 08:00:00,00000007180,20230210080000,0.0,0.0,0.01,0.0,0.0,0.0,1.0,4,0.0,0.0,,,589253
2023-02-10 09:00:00,00000007180,20230210090000,0.0,0.0,0.011,0.0,0.0,0.0,1.0,4,0.0,0.0,,,589253
2023-02-10 10:00:00,00000007180,20230210100000,0.0,0.0,0.01,0.0,0.0,0.0,1.0,4,0.0,0.0,,,589253
2023-02-10 11:00:00,00000007180,20230210110000,0.0,0.0,0.01,0.0,0.0,0.0,1.0,4,0.0,0.0,,,589253
2023-02-10 12:00:00,00000007180,20230210120000,0.0,0.0,0.01,0.0,0.0,0.0,1.0,4,0.0,0.0,,,589253
2023-02-10 13:00:00,00000007180,20230210130000,0.0,0.0,0.011,0.0,0.0,0.0,1.0,4,0.0,0.0,,,589253
2023-02-10 14:00:00,00000007180,20230210140000,0.0,0.0,0.01,0.0,0.0,0.0,1.0,4,0.0,0.0,,,589253
2023-02-10 15:00:00,00000007180,20230210150000,0.0,0.0,0.01,0.0,0.0,0.0,1.0,4,0.0,0.0,,,589253
2023-02-10 16:00:00,00000007180,20230210160000,0.0,0.0,0.011,0.0,0.0,0.0,1.0,4,0.0,0.0,,,589253
2023-02-10 17:00:00,00000007180,20230210170000,0.0,0.0,0.01,0.0,0.0,0.0,1.0,4,0.0,0.0,,,589253
2023-02-10 18:00:00,00000007180,20230210180000,0.0,0.0,0.011,0.0,0.0,0.0,1.0,4,0.0,0.0,,,589253
2023-02-10 19:00:00,00000007180,20230210190000,0.0,0.0,0.01,0.0,0.0,0.0,1.0,4,0.0,0.0,,,589253
2023-02-10 20:00:00,00000007180,20230210200000,0.0,0.0,0.01,0.0,0.0,0.0,1.0,4,0.0,0.0,,,589253
2023-02-10 21:00:00,00000007180,20230210210000,0.0,0.0,0.01,0.0,0.0,0.0,1.0,4,0.0,0.0,,,589253
2023-02-10 22:00:00,00000007180,20230210220000,0.0,0.0,0.01,0.0,0.0,0.0,1.0,4,0.0,0.0,,,589253
2023-02-10 23:00:00,00000007180,20230210230000,0.0,0.0,0.01,0.0,0.0,0.0,1.0,4,0.0,0.0,,,589253
2023-02-11 00:00:00,00000007180,20230211000000,0.0,0.0,0.011,0.0,0.0,0.0,1.0,4,0.0,0.0,,,589253
2023-02-11 01:00:00,00000007180,20230211010000,0.0,0.0,0.01,0.0,0.0,0.0,1.0,4,0.0,0.0,,,589253
2023-02-11 02:00:00,00000007180,20230211020000,0.0,0.0,0.011,0.0,0.0,0.0,1.0,4,0.0,0.0,,,589253
2023-02-11 03:00:00,00000007180,20230211030000,0.0,0.0,0.011,0.0,0.0,0.0,1.0,4,0.0,0.0,,,589253
2023-02-11 04:00:00,00000007180,20230211040000,0.0,0.0,0.011,0.0,0.0,0.0,1.0,4,0.0,0.0,,,589253
2023-02-11 05:00:00,00000007180,20230211050000,0.0,0.0,0.011,0.0,0.0,0.0,1.0,4,0.0,0.0,,,589253
2023-02-11 06:00:00,00000007180,20230211060000,0.0,0.0,0.01,0.0,0.0,0.0,1.0,4,0.0,0.0,,,589253
2023-02-11 07:00:00,00000007180,20230211070000,0.0,0.0,0.011,0.0,0.0,0.0,1.0,4,0.0,0.0,,,589253
2023-02-11 08:00:00,00000007180,20230211080000,0.0,0.0,0.011,0.0,0.0,0.0,1.0,4,0.0,0.0,,,589253
2023-02-11 09:00:00,00000007180,20230211090000,0.0,0.0,0.011,0.0,0.0,0.0,1.0,4,0.0,0.0,,,589253
2023-02-11 10:00:00,00000007180,20230211100000,0.0,0.0,0.011,0.0,0.0,0.0,1.0,4,0.0,0.0,,,589253
2023-02-11 11:00:00,00000007180,20230211110000,0.0,0.0,0.011,0.0,0.0,0.0,1.0,4,0.0,0.0,,,589253
2023-02-11 12:00:00,00000007180,20230211120000,0.0,0.0,0.01,0.0,0.0,0.0,1.0,4,0.0,0.0,,,589253
2023-02-11 13:00:00,00000007180,20230211130000,0.0,0.0,0.011,0.0,0.0,0.0,1.0,4,0.0,0.0,,,589253
2023-02-11 14:00:00,00000007180,20230211140000,0.0,0.0,0.011,0.0,0.0,0.0,1.0,4,0.0,0.0,,,589253
2023-02-11 15:00:00,00000007180,20230211150000,0.0,0.0,0.01,0.0,0.0,0.0,1.0,4,0.0,0.0,,,589253
2023-02-11 16:00:00,00000007180,20230211160000,0.0,0.0,0.011,0.0,0.0,0.0,1.0,4,0.0,0.0,,,589253
2023-02-11 17:00:00,00000007180,20230211170000,0.0,0.0,0.01,0.0,0.0,0.0,1.0,4,0.0,0.0,,,589253
2023-02-11 18:00:00,00000007180,20230211180000,0.0,0.0,0.01,0.0,0.0,0.0,1.0,4,0.0,0.0,,,589253
2023-02-11 19:00:00,00000007180,20230211190000,0.0,0.0,0.01,0.0,0.0,0.0,1.0,4,0.0,0.0,,,589253
2023-02-11 20:00:00,00000007180,20230211200000,0.0,0.0,0.01,0.0,0.0,0.0,1.0,4,0.0,0.0,,,589253
2023-02-11 21:00:00,00000007180,20230211210000,0.0,0.0,0.01,0.0,0.0,0.0,1.0,4,0.0,0.0,,,589253
2023-02-11 22:00:00,00000007180,20230211220000,0.0,0.0,0.01,0.0,0.0,0.0,1.0,4,0.0,0.0,,,589253
2023-02-11 23:00:00,00000007180,20230211230000,0.0,0.0,0.011,0.0,0.0,0.0,1.0,4,0.0,0.0,,,589253
2023-02-12 00:00:00,00000007180,20230212000000,0.0,0.0,0.01,0.0,0.0,0.0,1.0,4,0.0,0.0,,,589253
2023-02-12 01:00:00,00000007180,20230212010000,0.0,0.0,0.01,0.0,0.0,0.0,1.0,4,0.0,0.0,,,589253
2023-02-12 02:00:00,00000007180,20230212020000,0.0,0.0,0.011,0.0,0.0,0.0,1.0,4,0.0,0.0,,,589253
2023-02-12 03:00:00,00000007180,20230212030000,0.0,0.0,0.011,0.0,0.0,0.0,1.0,4,0.0,0.0,,,589253
2023-02-12 04:00:00,00000007180,20230212040000,0.0,0.0,0.011,0.0,0.0,0.0,1.0,4,0.0,0.0,,,589253
2023-02-12 05:00:00,00000007180,20230212050000,0.0,0.0,0.01,0.0,0.0,0.0,1.0,4,0.0,0.0,,,589253
2023-02-12 06:00:00,00000007180,20230212060000,0.0,0.0,0.011,0.0,0.0,0.0,1.0,4,0.0,0.0,,,589253
2023-02-12 07:00:00,00000007180,20230212070000,0.0,0.0,0.011,0.0,0.0,0.0,1.0,4,0.0,0.0,,,589253
2023-02-12 08:00:00,00000007180,20230212080000,0.0,0.0,0.01,0.0,0.0,0.0,1.0,4,0.0,0.0,,,589253
2023-02-12 09:00:00,00000007180,20230212090000,0.0,0.0,0.011,0.0,0.0,0.0,1.0,4,0.0,0.0,,,589253
2023-02-12 10:00:00,00000007180,20230212100000,0.0,0.0,0.01,0.0,0.0,0.0,1.0,4,0.0,0.0,,,589253
2023-02-12 11:00:00,00000007180,20230212110000,0.0,0.0,0.011,0.0,0.0,0.0,1.0,4,0.0,0.0,,,589253
2023-02-12 12:00:00,00000007180,20230212120000,0.0,0.0,0.01,0.0,0.0,0.0,1.0,4,0.0,0.0,,,589253
2023-02-12 13:00:00,00000007180,20230212130000,0.0,0.0,0.011,0.0,0.0,0.0,1.0,4,0.0,0.0,,,589253
2023-02-12 14:00:00,00000007180,20230212140000,0.0,0.0,0.01,0.0,0.0,0.0,1.0,4,0.0,0.0,,,589253
2023-02-12 15:00:00,00000007180,20230212150000,0.0,0.0,0.011,0.0,0.0,0.0,1.0,4,0.0,0.0,,,589253
2023-02-12 16:00:00,00000007180,20230212160000,0.0,0.0,0.01,0.0,0.0,0.0,1.0,4,0.0,0.0,,,589253
2023-02-12 17:00:00,00000007180,20230212170000,0.0,0.0,0.011,0.0,0.0,0.0,1.0,4,0.0,0.0,,,589253
2023-02-12 18:00:00,00000007180,20230212180000,0.0,0.0,0.01,0.0,0.0,0.0,1.0,4,0.0,0.0,,,589253
2023-02-12 19:00:00,00000007180,20230212190000,0.0,0.0,0.01,0.0,0.0,0.0,1.0,4,0.0,0.0,,,589253
2023-02-12 20:00:00,00000007180,20230212200000,0.0,0.0,0.01,0.0,0.0,0.0,1.0,4,0.0,0.0,,,589253
2023-02-12 21:00:00,00000007180,20230212210000,0.0,0.0,0.01,0.0,0.0,0.0,1.0,4,0.0,0.0,,,589253
2023-02-12 22:00:00,00000007180,20230212220000,0.0,0.0,0.011,0.0,0.0,0.0,1.0,4,0.0,0.0,,,589253
2023-02-12 23:00:00,00000007180,20230212230000,0.0,0.0,0.01,0.0,0.0,0.0,1.0,4,0.0,0.0,,,589253
2023-02-13 00:00:00,00000007180,20230213000000,0.0,0.0,0.011,0.0,0.0,0.0,1.0,4,0.0,0.0,,,589253
2023-02-13 01:00:00,00000007180,20230213010000,0.0,0.0,0.011,0.0,0.0,0.0,1.0,4,0.0,0.0,,,589253
2023-02-13 02:00:00,00000007180,20230213020000,0.0,0.0,0.011,0.0,0.0,0.0,1.0,4,0.0,0.0,,,589253
2023-02-13 03:00:00,00000007180,20230213030000,0.0,0.0,0.011,0.0,0.0,0.0,1.0,4,0.0,0.0,,,589253
2023-02-13 04:00:00,00000007180,20230213040000,0.0,0.0,0.011,0.0,0.0,0.0,1.0,4,0.0,0.0,,,589253
2023-02-13 05:00:00,00000007180,20230213050000,0.0,0.0,0.011,0.0,0.0,0.0,1.0,4,0.0,0.0,,,589253
2023-02-13 06:00:00,00000007180,20230213060000,0.0,0.0,0.011,0.0,0.0,0.0,1.0,4,0.0,0.0,,,589253
2023-02-13 07:00:00,00000007180,20230213070000,0.0,0.0,0.01,0.0,0.0,0.0,1.0,4,0.0,0.0,,,589253
2023-02-13 08:00:00,00000007180,20230213080000,0.0,0.0,0.011,0.0,0.0,0.0,1.0,4,0.0,0.0,,,589253
2023-02-13 09:00:00,00000007180,20230213090000,0.0,0.0,0.011,0.0,0.0,0.0,1.0,4,0.0,0.0,,,589253
2023-02-13 10:00:00,00000007180,20230213100000,0.0,0.0,0.01,0.0,0.0,0.0,1.0,4,0.0,0.0,,,589253
2023-02-13 11:00:00,00000007180,20230213110000,0.0,0.0,0.01,0.0,0.0,0.0,1.0,4,0.0,0.0,,,589253
2023-02-13 12:00:00,00000007180,20230213120000,0.0,0.0,0.011,0.0,0.0,0.0,1.0,4,0.0,0.0,,,589253
2023-02-13 13:00:00,00000007180,20230213130000,0.0,0.0,0.01,0.0,0.0,0.0,1.0,4,0.0,0.0,,,589253
2023-02-13 14:00:00,00000007180,20230213140000,0.0,0.0,0.01,0.0,0.0,0.0,1.0,4,0.0,0.0,,,589253
2023-02-13 15:00:00,00000007180,20230213150000,0.0,0.0,0.011,0.0,0.0,0.0,1.0,4,0.0,0.0,,,589253
2023-02-13 16:00:00,00000007180,20230213160000,0.0,0.0,0.01,0.0,0.0,0.0,1.0,4,0.0,0.0,,,589253
2023-02-13 17:00:00,00000007180,20230213170000,0.0,0.0,0.011,0.0,0.0,0.0,1.0,4,0.0,0.0,,,589253
2023-02-13 18:00:00,00000007180,20230213180000,0.0,0.0,0.01,0.0,0.0,0.0,1.0,4,0.0,0.0,,,589253
2023-02-13 19:00:00,00000007180,20230213190000,0.0,0.0,0.01,0.0,0.0,0.0,1.0,4,0.0,0.0,,,589253
2023-02-13 20:00:00,00000007180,20230213200000,0.0,0.0,0.011,0.0,0.0,0.0,1.0,4,0.0,0.0,,,589253
2023-02-13 21:00:00,00000007180,20230213210000,0.0,0.0,0.01,0.0,0.0,0.0,1.0,4,0.0,0.0,,,589253
2023-02-13 22:00:00,00000007180,20230213220000,0.0,0.0,0.01,0.0,0.0,0.0,1.0,4,0.0,0.0,,,589253
2023-02-13 23:00:00,00000007180,20230213230000,0.0,0.0,0.01,0.0,0.0,0.0,1.0,4,0.0,0.0,,,589253
2023-02-14 00:00:00,00000007180,20230214000000,0.0,0.0,0.01,0.0,0.0,0.0,1.0,4,0.0,0.0,,,589253
2023-02-14 01:00:00,00000007180,20230214010000,0.0,0.0,0.011,0.0,0.0,0.0,1.0,4,0.0,0.0,,,589253
2023-02-14 02:00:00,00000007180,20230214020000,0.0,0.0,0.011,0.0,0.0,0.0,1.0,4,0.0,0.0,,,589253
2023-02-14 03:00:00,00000007180,20230214030000,0.0,0.0,0.011,0.0,0.0,0.0,1.0,4,0.0,0.0,,,589253
2023-02-14 04:00:00,00000007180,20230214040000,0.0,0.0,0.011,0.0,0.0,0.0,1.0,4,0.0,0.0,,,589253
2023-02-14 05:00:00,00000007180,20230214050000,0.0,0.0,0.011,0.0,0.0,0.0,1.0,4,0.0,0.0,,,589253
2023-02-14 06:00:00,00000007180,20230214060000,0.0,0.0,0.01,0.0,0.0,0.0,1.0,4,0.0,0.0,,,589253
2023-02-14 07:00:00,00000007180,20230214070000,0.0,0.0,0.011,0.0,0.0,0.0,1.0,4,0.0,0.0,,,589253
2023-02-14 08:00:00,00000007180,20230214080000,0.0,0.0,0.011,0.0,0.0,0.0,1.0,4,0.0,0.0,,,589253
2023-02-14 09:00:00,00000007180,20230214090000,0.0,0.0,0.01,0.0,0.0,0.0,1.0,4,0.0,0.0,,,589253
2023-02-14 10:00:00,00000007180,20230214100000,0.0,0.0,0.011,0.0,0.0,0.0,1.0,4,0.0,0.0,,,589253
2023-02-14 11:00:00,00000007180,20230214110000,0.0,0.0,0.011,0.0,0.0,0.0,1.0,4,0.0,0.0,,,589253
2023-02-14 12:00:00,00000007180,20230214120000,0.0,0.0,0.01,0.0,0.0,0.0,1.0,4,0.0,0.0,,,589253
2023-02-14 13:00:00,00000007180,20230214130000,0.0,0.0,0.011,0.0,0.0,0.0,1.0,4,0.0,0.0,,,589253
2023-02-14 14:00:00,00000007180,20230214140000,0.0,0.0,0.011,0.0,0.0,0.0,1.0,4,0.0,0.0,,,589253
2023-02-14 15:00:00,00000007180,20230214150000,0.0,0.0,0.01,0.0,0.0,0.0,1.0,4,0.0,0.0,,,589253
2023-02-14 16:00:00,00000007180,20230214160000,0.0,0.0,0.011,0.0,0.0,0.0,1.0,4,0.0,0.0,,,589253
2023-02-14 17:00:00,00000007180,20230214170000,0.0,0.0,0.011,0.0,0.0,0.0,1.0,4,0.0,0.0,,,589253
2023-02-14 18:00:00,00000007180,20230214180000,0.0,0.0,0.011,0.0,0.0,0.0,1.0,4,0.0,0.0,,,589253
2023-02-14 19:00:00,00000007180,20230214190000,0.0,0.0,0.01,0.0,0.0,0.0,1.0,4,0.0,0.0,,,589253
2023-02-14 20:00:00,00000007180,20230214200000,0.0,0.0,0.01,0.0,0.0,0.0,1.0,4,0.0,0.0,,,589253
2023-02-14 21:00:00,00000007180,20230214210000,0.0,0.0,0.01,0.0,0.0,0.0,1.0,4,0.0,0.0,,,589253
2023-02-14 22:00:00,00000007180,20230214220000,0.0,0.0,0.01,0.0,0.0,0.0,1.0,4,0.0,0.0,,,589253
2023-02-14 23:00:00,00000007180,20230214230000,0.0,0.0,0.01,0.0,0.0,0.0,1.0,4,0.0,0.0,,,589253
2023-02-15 00:00:00,00000007180,20230215000000,0.0,0.0,0.011,0.0,0.0,0.0,1.0,4,0.0,0.0,,,589253
2023-02-15 01:00:00,00000007180,20230215010000,0.0,0.0,0.011,0.0,0.0,0.0,1.0,4,0.0,0.0,,,589253
2023-02-15 02:00:00,00000007180,20230215020000,0.0,0.0,0.011,0.0,0.0,0.0,1.0,4,0.0,0.0,,,589253
2023-02-15 03:00:00,00000007180,20230215030000,0.0,0.0,0.011,0.0,0.0,0.0,1.0,4,0.0,0.0,,,589253
2023-02-15 04:00:00,00000007180,20230215040000,0.0,0.0,0.011,0.0,0.0,0.0,1.0,4,0.0,0.0,,,589253
2023-02-15 05:00:00,00000007180,20230215050000,0.0,0.0,0.011,0.0,0.0,0.0,1.0,4,0.0,0.0,,,589253
2023-02-15 06:00:00,00000007180,20230215060000,0.0,0.0,0.011,0.0,0.0,0.0,1.0,4,0.0,0.0,,,589253
2023-02-15 07:00:00,00000007180,20230215070000,0.0,0.0,0.011,0.0,0.0,0.0,1.0,4,0.0,0.0,,,589253
2023-02-15 08:00:00,00000007180,20230215080000,0.0,0.0,0.01,0.0,0.0,0.0,1.0,4,0.0,0.0,,,589253
2023-02-15 09:00:00,00000007180,20230215090000,0.0,0.0,0.011,0.0,0.0,0.0,1.0,4,0.0,0.0,,,589253
2023-02-15 10:00:00,00000007180,20230215100000,0.0,0.0,0.011,0.0,0.0,0.0,1.0,4,0.0,0.0,,,589253
2023-02-15 11:00:00,00000007180,20230215110000,0.0,0.0,0.011,0.0,0.0,0.0,1.0,4,0.0,0.0,,,589253
2023-02-15 12:00:00,00000007180,20230215120000,0.0,0.0,0.011,0.0,0.0,0.0,1.0,4,0.0,0.0,,,589253
2023-02-15 13:00:00,00000007180,20230215130000,0.0,0.0,0.011,0.0,0.0,0.0,1.0,4,0.0,0.0,,,589253
2023-02-15 14:00:00,00000007180,20230215140000,0.0,0.0,0.011,0.0,0.0,0.0,1.0,4,0.0,0.0,,,589253
2023-02-15 15:00:00,00000007180,20230215150000,0.0,0.0,0.01,0.0,0.0,0.0,1.0,4,0.0,0.0,,,589253
2023-02-15 16:00:00,00000007180,20230215160000,0.0,0.0,0.011,0.0,0.0,0.0,1.0,4,0.0,0.0,,,589253
2023-02-15 17:00:00,00000007180,20230215170000,0.0,0.0,0.011,0.0,0.0,0.0,1.0,4,0.0,0.0,,,589253
2023-02-15 18:00:00,00000007180,20230215180000,0.0,0.0,0.011,0.0,0.0,0.0,1.0,4,0.0,0.0,,,589253
2023-02-15 19:00:00,00000007180,20230215190000,0.0,0.0,0.01,0.0,0.0,0.0,1.0,4,0.0,0.0,,,589253
2023-02-15 20:00:00,00000007180,20230215200000,0.0,0.0,0.01,0.0,0.0,0.0,1.0,4,0.0,0.0,,,589253
2023-02-15 21:00:00,00000007180,20230215210000,0.0,0.0,0.01,0.0,0.0,0.0,1.0,4,0.0,0.0,,,589253
2023-02-15 22:00:00,00000007180,20230215220000,0.0,0.0,0.011,0.0,0.0,0.0,1.0,4,0.0,0.0,,,589253
2023-02-15 23:00:00,00000007180,20230215230000,0.0,0.0,0.01,0.0,0.0,0.0,1.0,4,0.0,0.0,,,589253
2023-02-16 00:00:00,00000007180,20230216000000,0.0,0.0,0.011,0.0,0.0,0.0,1.0,4,0.0,0.0,,,589253
2023-02-16 01:00:00,00000007180,20230216010000,0.0,0.0,0.01,0.0,0.0,0.0,1.0,4,0.0,0.0,,,589253
2023-02-16 02:00:00,00000007180,20230216020000,0.0,0.0,0.011,0.0,0.0,0.0,1.0,4,0.0,0.0,,,589253
2023-02-16 03:00:00,00000007180,20230216030000,0.0,0.0,0.011,0.0,0.0,0.0,1.0,4,0.0,0.0,,,589253
2023-02-16 04:00:00,00000007180,20230216040000,0.0,0.0,0.011,0.0,0.0,0.0,1.0,4,0.0,0.0,,,589253
2023-02-16 05:00:00,00000007180,20230216050000,0.0,0.0,0.011,0.0,0.0,0.0,1.0,4,0.0,0.0,,,589253
2023-02-16 06:00:00,00000007180,20230216060000,0.0,0.0,0.011,0.0,0.0,0.0,1.0,4,0.0,0.0,,,589253
2023-02-16 07:00:00,00000007180,20230216070000,0.0,0.0,0.011,0.0,0.0,0.0,1.0,4,0.0,0.0,,,589253
2023-02-16 08:00:00,00000007180,20230216080000,0.0,0.0,0.01,0.0,0.0,0.0,1.0,4,0.0,0.0,,,589253
2023-02-16 09:00:00,00000007180,20230216090000,0.0,0.0,0.011,0.0,0.0,0.0,1.0,4,0.0,0.0,,,589253
2023-02-16 10:00:00,00000007180,20230216100000,0.0,0.0,0.01,0.0,0.0,0.0,1.0,4,0.0,0.0,,,589253
2023-02-16 11:00:00,00000007180,20230216110000,0.0,0.0,0.011,0.0,0.0,0.0,1.0,4,0.0,0.0,,,589253
2023-02-16 12:00:00,00000007180,20230216120000,0.0,0.0,0.011,0.0,0.0,0.0,1.0,4,0.0,0.0,,,589253
2023-02-16 13:00:00,00000007180,20230216130000,0.0,0.0,0.011,0.0,0.0,0.0,1.0,4,0.0,0.0,,,589253
2023-02-16 14:00:00,00000007180,20230216140000,0.0,0.0,0.01,0.0,0.0,0.0,1.0,4,0.0,0.0,,,589253
2023-02-16 15:00:00,00000007180,20230216150000,0.0,0.0,0.011,0.0,0.0,0.0,1.0,4,0.0,0.0,,,589253
2023-02-16 16:00:00,00000007180,20230216160000,0.0,0.0,0.011,0.0,0.0,0.0,1.0,4,0.0,0.0,,,589253
2023-02-16 17:00:00,00000007180,20230216170000,0.0,0.0,0.011,0.0,0.0,0.0,1.0,4,0.0,0.0,,,589253
2023-02-16 18:00:00,00000007180,20230216180000,0.0,0.0,0.011,0.0,0.0,0.0,1.0,4,0.0,0.0,,,589253
2023-02-16 19:00:00,00000007180,20230216190000,0.0,0.0,0.01,0.0,0.0,0.0,1.0,4,0.0,0.0,,,589253
2023-02-16 20:00:00,00000007180,20230216200000,0.0,0.0,0.01,0.0,0.0,0.0,1.0,4,0.0,0.0,,,589253
2023-02-16 21:00:00,00000007180,20230216210000,0.0,0.0,0.01,0.0,0.0,0.0,1.0,4,0.0,0.0,,,589253
2023-02-16 22:00:00,00000007180,20230216220000,0.0,0.0,0.011,0.0,0.0,0.0,1.0,4,0.0,0.0,,,589253
2023-02-16 23:00:00,00000007180,20230216230000,0.0,0.0,0.01,0.0,0.0,0.0,1.0,4,0.0,0.0,,,589253
2023-02-17 00:00:00,00000007180,20230217000000,0.0,0.0,0.011,0.0,0.0,0.0,1.0,4,0.0,0.0,,,589253
2023-02-17 01:00:00,00000007180,20230217010000,0.0,0.0,0.011,0.0,0.0,0.0,1.0,4,0.0,0.0,,,589253
2023-02-17 02:00:00,00000007180,20230217020000,0.0,0.0,0.011,0.0,0.0,0.0,1.0,4,0.0,0.0,,,589253
2023-02-17 03:00:00,00000007180,20230217030000,0.0,0.0,0.011,0.0,0.0,0.0,1.0,4,0.0,0.0,,,589253
2023-02-17 04:00:00,00000007180,20230217040000,0.0,0.0,0.011,0.0,0.0,0.0,1.0,4,0.0,0.0,,,589253
2023-02-17 05:00:00,00000007180,20230217050000,0.0,0.0,0.011,0.0,0.0,0.0,1.0,4,0.0,0.0,,,589253
2023-02-17 06:00:00,00000007180,20230217060000,0.0,0.0,0.011,0.0,0.0,0.0,1.0,4,0.0,0.0,,,589253
2023-02-17 07:00:00,00000007180,20230217070000,0.0,0.0,0.01,0.0,0.0,0.0,1.0,4,0.0,0.0,,,589253
2023-02-17 08:00:00,00000007180,20230217080000,0.0,0.0,0.011,0.0,0.0,0.0,1.0,4,0.0,0.0,,,589253
2023-02-17 09:00:00,00000007180,20230217090000,0.0,0.0,0.011,0.0,0.0,0.0,1.0,4,0.0,0.0,,,589253
2023-02-17 10:00:00,00000007180,20230217100000,0.0,0.0,0.011,0.0,0.0,0.0,1.0,4,0.0,0.0,,,589253
2023-02-17 11:00:00,00000007180,20230217110000,0.0,0.0,0.01,0.0,0.0,0.0,1.0,4,0.0,0.0,,,589253
2023-02-17 12:00:00,00000007180,20230217120000,0.0,0.0,0.011,0.0,0.0,0.0,1.0,4,0.0,0.0,,,589253
2023-02-17 13:00:00,00000007180,20230217130000,0.0,0.0,0.011,0.0,0.0,0.0,1.0,4,0.0,0.0,,,589253
2023-02-17 14:00:00,00000007180,20230217140000,0.0,0.0,0.011,0.0,0.0,0.0,1.0,4,0.0,0.0,,,589253
2023-02-17 15:00:00,00000007180,20230217150000,0.0,0.0,0.011,0.0,0.0,0.0,1.0,4,0.0,0.0,,,589253
2023-02-17 16:00:00,00000007180,20230217160000,0.0,0.0,0.011,0.0,0.0,0.0,1.0,4,0.0,0.0,,,589253
2023-02-17 17:00:00,00000007180,20230217170000,0.0,0.0,0.011,0.0,0.0,0.0,1.0,4,0.0,0.0,,,589253
2023-02-17 18:00:00,00000007180,20230217180000,0.0,0.0,0.01,0.0,0.0,0.0,1.0,4,0.0,0.0,,,589253
2023-02-17 19:00:00,00000007180,20230217190000,0.0,0.0,0.01,0.0,0.0,0.0,1.0,4,0.0,0.0,,,589253
2023-02-17 20:00:00,00000007180,20230217200000,0.0,0.0,0.011,0.0,0.0,0.0,1.0,4,0.0,0.0,,,589253
2023-02-17 21:00:00,00000007180,20230217210000,0.0,0.0,0.01,0.0,0.0,0.0,1.0,4,0.0,0.0,,,589253
2023-02-17 22:00:00,00000007180,20230217220000,0.0,0.0,0.011,0.0,0.0,0.0,1.0,4,0.0,0.0,,,589253
2023-02-17 23:00:00,00000007180,20230217230000,0.0,0.0,0.01,0.0,0.0,0.0,1.0,4,0.0,0.0,,,589253
2023-02-18 00:00:00,00000007180,20230218000000,0.0,0.0,0.011,0.0,0.0,0.0,1.0,4,0.0,0.0,,,589253
2023-02-18 01:00:00,00000007180,20230218010000,0.0,0.0,0.01,0.0,0.0,0.0,1.0,4,0.0,0.0,,,589253
2023-02-18 02:00:00,00000007180,20230218020000,0.0,0.0,0.011,0.0,0.0,0.0,1.0,4,0.0,0.0,,,589253
2023-02-18 03:00:00,00000007180,20230218030000,0.0,0.0,0.011,0.0,0.0,0.0,1.0,4,0.0,0.0,,,589253
2023-02-18 04:00:00,00000007180,20230218040000,0.0,0.0,0.011,0.0,0.0,0.0,1.0,4,0.0,0.0,,,589253
2023-02-18 05:00:00,00000007180,20230218050000,0.0,0.0,0.011,0.0,0.0,0.0,1.0,4,0.0,0.0,,,589253
2023-02-18 06:00:00,00000007180,20230218060000,0.0,0.0,0.011,0.0,0.0,0.0,1.0,4,0.0,0.0,,,589253
2023-02-18 07:00:00,00000007180,20230218070000,0.0,0.0,0.011,0.0,0.0,0.0,1.0,4,0.0,0.0,,,589253
2023-02-18 08:00:00,00000007180,20230218080000,0.0,0.0,0.012,0.0,0.0,0.0,1.0,4,0.0,0.0,,,589253
2023-02-18 09:00:00,00000007180,20230218090000,0.0,0.0,0.011,0.0,0.0,0.0,1.0,4,0.0,0.0,,,589253
2023-02-18 10:00:00,00000007180,20230218100000,0.0,0.0,0.011,0.0,0.0,0.0,1.0,4,0.0,0.0,,,589253
2023-02-18 11:00:00,00000007180,20230218110000,0.0,0.0,0.01,0.0,0.0,0.0,1.0,4,0.0,0.0,,,589253
2023-02-18 12:00:00,00000007180,20230218120000,0.0,0.0,0.011,0.0,0.0,0.0,1.0,4,0.0,0.0,,,589253
2023-02-18 13:00:00,00000007180,20230218130000,0.0,0.0,0.012,0.0,0.0,0.0,1.0,4,0.0,0.0,,,589253
2023-02-18 14:00:00,00000007180,20230218140000,0.0,0.0,0.011,0.0,0.0,0.0,1.0,4,0.0,0.0,,,589253
2023-02-18 15:00:00,00000007180,20230218150000,0.0,0.0,0.011,0.0,0.0,0.0,1.0,4,0.0,0.0,,,589253
2023-02-18 16:00:00,00000007180,20230218160000,0.0,0.0,0.012,0.0,0.0,0.0,1.0,4,0.0,0.0,,,589253
2023-02-18 17:00:00,00000007180,20230218170000,0.0,0.0,0.01,0.0,0.0,0.0,1.0,4,0.0,0.0,,,589253
2023-02-18 18:00:00,00000007180,20230218180000,0.0,0.0,0.011,0.0,0.0,0.0,1.0,4,0.0,0.0,,,589253
2023-02-18 19:00:00,00000007180,20230218190000,0.0,0.0,0.01,0.0,0.0,0.0,1.0,4,0.0,0.0,,,589253
2023-02-18 20:00:00,00000007180,20230218200000,0.0,0.0,0.011,0.0,0.0,0.0,1.0,4,0.0,0.0,,,589253
2023-02-18 21:00:00,00000007180,20230218210000,0.0,0.0,0.01,0.0,0.0,0.0,1.0,4,0.0,0.0,,,589253
2023-02-18 22:00:00,00000007180,20230218220000,0.0,0.0,0.011,0.0,0.0,0.0,1.0,4,0.0,0.0,,,589253
2023-02-18 23:00:00,00000007180,20230218230000,0.0,0.0,0.01,0.0,0.0,0.0,1.0,4,0.0,0.0,,,589253
2023-02-19 00:00:00,00000007180,20230219000000,0.0,0.0,0.011,0.0,0.0,0.0,1.0,4,0.0,0.0,,,589253
2023-02-19 01:00:00,00000007180,20230219010000,0.0,0.0,0.011,0.0,0.0,0.0,1.0,4,0.0,0.0,,,589253
2023-02-19 02:00:00,00000007180,20230219020000,0.0,0.0,0.011,0.0,0.0,0.0,1.0,4,0.0,0.0,,,589253
2023-02-19 03:00:00,00000007180,20230219030000,0.0,0.0,0.011,0.0,0.0,0.0,1.0,4,0.0,0.0,,,589253
2023-02-19 04:00:00,00000007180,20230219040000,0.0,0.0,0.012,0.0,0.0,0.0,1.0,4,0.0,0.0,,,589253
2023-02-19 05:00:00,00000007180,20230219050000,0.0,0.0,0.011,0.0,0.0,0.0,1.0,4,0.0,0.0,,,589253
2023-02-19 06:00:00,00000007180,20230219060000,0.0,0.0,0.011,0.0,0.0,0.0,1.0,4,0.0,0.0,,,589253
2023-02-19 07:00:00,00000007180,20230219070000,0.0,0.0,0.011,0.0,0.0,0.0,1.0,4,0.0,0.0,,,589253
2023-02-19 08:00:00,00000007180,20230219080000,0.0,0.0,0.012,0.0,0.0,0.0,1.0,4,0.0,0.0,,,589253
2023-02-19 09:00:00,00000007180,20230219090000,0.0,0.0,0.0,0.0,0.0,0.0,1.0,4,0.0,0.0,,,589253
2023-02-19 10:00:00,00000007180,20230219100000,0.0,0.0,0.0,0.0,0.0,0.0,1.0,4,0.0,0.0,,,589253
2023-02-19 11:00:00,00000007180,20230219110000,0.0,0.0,0.0,0.0,0.0,0.0,1.0,4,0.0,0.0,,,589253
2023-02-19 12:00:00,00000007180,20230219120000,0.0,0.0,0.006,0.0,0.0,0.0,1.0,4,0.0,0.0,,,589253
2023-02-19 13:00:00,00000007180,20230219130000,0.0,0.0,0.009,0.0,0.0,0.0,1.0,4,0.0,0.0,,,589253
2023-02-19 14:00:00,00000007180,20230219140000,0.0,0.0,0.008,0.0,0.0,0.0,1.0,4,0.0,0.0,,,589253
2023-02-19 15:00:00,00000007180,20230219150000,0.0,0.0,0.009,0.0,0.0,0.0,1.0,4,0.0,0.0,,,589253
2023-02-19 16:00:00,00000007180,20230219160000,0.0,0.0,0.01,0.0,0.0,0.0,1.0,4,0.0,0.0,,,589253
2023-02-19 17:00:00,00000007180,20230219170000,0.0,0.0,0.01,0.0,0.0,0.0,1.0,4,0.0,0.0,,,589253
2023-02-19 18:00:00,00000007180,20230219180000,0.0,0.0,0.008,0.0,0.0,0.0,1.0,4,0.0,0.0,,,589253
2023-02-19 19:00:00,00000007180,20230219190000,0.0,0.0,0.011,0.0,0.0,0.0,1.0,4,0.0,0.0,,,589253
2023-02-19 20:00:00,00000007180,20230219200000,0.0,0.0,0.01,0.0,0.0,0.0,1.0,4,0.0,0.0,,,589253
2023-02-19 21:00:00,00000007180,20230219210000,0.0,0.0,0.011,0.0,0.0,0.0,1.0,4,0.0,0.0,,,589253
2023-02-19 22:00:00,00000007180,20230219220000,0.0,0.0,0.011,0.0,0.0,0.0,1.0,4,0.0,0.0,,,589253
2023-02-19 23:00:00,00000007180,20230219230000,0.0,0.0,0.011,0.0,0.0,0.0,1.0,4,0.0,0.0,,,589253
2023-02-20 00:00:00,00000007180,20230220000000,0.0,0.0,0.012,0.0,0.0,0.0,1.0,4,0.0,0.0,,,589253
2023-02-20 01:00:00,00000007180,20230220010000,0.0,0.0,0.011,0.0,0.0,0.0,1.0,4,0.0,0.0,,,589253
2023-02-20 02:00:00,00000007180,20230220020000,0.0,0.0,0.012,0.0,0.0,0.0,1.0,4,0.0,0.0,,,589253
2023-02-20 03:00:00,00000007180,20230220030000,0.0,0.0,0.011,0.0,0.0,0.0,1.0,4,0.0,0.0,,,589253
2023-02-20 04:00:00,00000007180,20230220040000,0.0,0.0,0.012,0.0,0.0,0.0,1.0,4,0.0,0.0,,,589253
2023-02-20 05:00:00,00000007180,20230220050000,0.0,0.0,0.012,0.0,0.0,0.0,1.0,4,0.0,0.0,,,589253
2023-02-20 06:00:00,00000007180,20230220060000,0.0,0.0,0.011,0.0,0.0,0.0,1.0,4,0.0,0.0,,,589253
2023-02-20 07:00:00,00000007180,20230220070000,0.0,0.0,0.012,0.0,0.0,0.0,1.0,4,0.0,0.0,,,589253
2023-02-20 08:00:00,00000007180,20230220080000,0.0,0.0,0.011,0.0,0.0,0.0,1.0,4,0.0,0.0,,,589253
2023-02-20 09:00:00,00000007180,20230220090000,0.0,0.0,0.011,0.0,0.0,0.0,1.0,4,0.0,0.0,,,589253
2023-02-20 10:00:00,00000007180,20230220100000,0.0,0.0,0.011,0.0,0.0,0.0,1.0,4,0.0,0.0,,,589253
2023-02-20 11:00:00,00000007180,20230220110000,0.0,0.0,0.011,0.0,0.0,0.0,1.0,4,0.0,0.0,,,589253
2023-02-20 12:00:00,00000007180,20230220120000,0.0,0.0,0.011,0.0,0.0,0.0,1.0,4,0.0,0.0,,,589253
2023-02-20 13:00:00,00000007180,20230220130000,0.0,0.0,0.01,0.0,0.0,0.0,1.0,4,0.0,0.0,,,589253
2023-02-20 14:00:00,00000007180,20230220140000,0.0,0.0,0.012,0.0,0.0,0.0,1.0,4,0.0,0.0,,,589253
2023-02-20 15:00:00,00000007180,20230220150000,0.0,0.0,0.011,0.0,0.0,0.0,1.0,4,0.0,0.0,,,589253
2023-02-20 16:00:00,00000007180,20230220160000,0.0,0.0,0.012,0.0,0.0,0.0,1.0,4,0.0,0.0,,,589253
2023-02-20 17:00:00,00000007180,20230220170000,0.0,0.0,0.011,0.0,0.0,0.0,1.0,4,0.0,0.0,,,589253
2023-02-20 18:00:00,00000007180,20230220180000,0.0,0.0,0.011,0.0,0.0,0.0,1.0,4,0.0,0.0,,,589253
2023-02-20 19:00:00,00000007180,20230220190000,0.0,0.0,0.011,0.0,0.0,0.0,1.0,4,0.0,0.0,,,589253
2023-02-20 20:00:00,00000007180,20230220200000,0.0,0.0,0.011,0.0,0.0,0.0,1.0,4,0.0,0.0,,,589253
2023-02-20 21:00:00,00000007180,20230220210000,0.0,0.0,0.01,0.0,0.0,0.0,1.0,4,0.0,0.0,,,589253
2023-02-20 22:00:00,00000007180,20230220220000,0.0,0.0,0.011,0.0,0.0,0.0,1.0,4,0.0,0.0,,,589253
2023-02-20 23:00:00,00000007180,20230220230000,0.0,0.0,0.011,0.0,0.0,0.0,1.0,4,0.0,0.0,,,589253
2023-02-21 00:00:00,00000007180,20230221000000,0.0,0.0,0.011,0.0,0.0,0.0,1.0,4,0.0,0.0,,,589253
2023-02-21 01:00:00,00000007180,20230221010000,0.0,0.0,0.012,0.0,0.0,0.0,1.0,4,0.0,0.0,,,589253
2023-02-21 02:00:00,00000007180,20230221020000,0.0,0.0,0.011,0.0,0.0,0.0,1.0,4,0.0,0.0,,,589253
2023-02-21 03:00:00,00000007180,20230221030000,0.0,0.0,0.011,0.0,0.0,0.0,1.0,4,0.0,0.0,,,589253
2023-02-21 04:00:00,00000007180,20230221040000,0.0,0.0,0.012,0.0,0.0,0.0,1.0,4,0.0,0.0,,,589253
2023-02-21 05:00:00,00000007180,20230221050000,0.0,0.0,0.011,0.0,0.0,0.0,1.0,4,0.0,0.0,,,589253
2023-02-21 06:00:00,00000007180,20230221060000,0.0,0.0,0.011,0.0,0.0,0.0,1.0,4,0.0,0.0,,,589253
2023-02-21 07:00:00,00000007180,20230221070000,0.0,0.0,0.012,0.0,0.0,0.0,1.0,4,0.0,0.0,,,589253
2023-02-21 08:00:00,00000007180,20230221080000,0.0,0.0,0.011,0.0,0.0,0.0,1.0,4,0.0,0.0,,,589253
2023-02-21 09:00:00,00000007180,20230221090000,0.0,0.0,0.011,0.0,0.0,0.0,1.0,4,0.0,0.0,,,589253
2023-02-21 10:00:00,00000007180,20230221100000,0.0,0.0,0.011,0.0,0.0,0.0,1.0,4,0.0,0.0,,,589253
2023-02-21 11:00:00,00000007180,20230221110000,0.0,0.0,0.012,0.0,0.0,0.0,1.0,4,0.0,0.0,,,589253
2023-02-21 12:00:00,00000007180,20230221120000,0.0,0.0,0.011,0.0,0.0,0.0,1.0,4,0.0,0.0,,,589253
2023-02-21 13:00:00,00000007180,20230221130000,0.0,0.0,0.012,0.0,0.0,0.0,1.0,4,0.0,0.0,,,589253
2023-02-21 14:00:00,00000007180,20230221140000,0.0,0.0,0.011,0.0,0.0,0.0,1.0,4,0.0,0.0,,,589253
2023-02-21 15:00:00,00000007180,20230221150000,0.0,0.0,0.012,0.0,0.0,0.0,1.0,4,0.0,0.0,,,589253
2023-02-21 16:00:00,00000007180,20230221160000,0.0,0.0,0.012,0.0,0.0,0.0,1.0,4,0.0,0.0,,,589253
2023-02-21 17:00:00,00000007180,20230221170000,0.0,0.0,0.011,0.0,0.0,0.0,1.0,4,0.0,0.0,,,589253
2023-02-21 18:00:00,00000007180,20230221180000,0.0,0.0,0.012,0.0,0.0,0.0,1.0,4,0.0,0.0,,,589253
2023-02-21 19:00:00,00000007180,20230221190000,0.0,0.0,0.01,0.0,0.0,0.0,1.0,4,0.0,0.0,,,589253
2023-02-21 20:00:00,00000007180,20230221200000,0.0,0.0,0.011,0.0,0.0,0.0,1.0,4,0.0,0.0,,,589253
2023-02-21 21:00:00,00000007180,20230221210000,0.0,0.0,0.011,0.0,0.0,0.0,1.0,4,0.0,0.0,,,589253
2023-02-21 22:00:00,00000007180,20230221220000,0.0,0.0,0.011,0.0,0.0,0.0,1.0,4,0.0,0.0,,,589253
2023-02-21 23:00:00,00000007180,20230221230000,0.0,0.0,0.011,0.0,0.0,0.0,1.0,4,0.0,0.0,,,589253
2023-02-22 00:00:00,00000007180,20230222000000,0.0,0.0,0.011,0.0,0.0,0.0,1.0,4,0.0,0.0,,,589253
2023-02-22 01:00:00,00000007180,20230222010000,0.0,0.0,0.012,0.0,0.0,0.0,1.0,4,0.0,0.0,,,589253
2023-02-22 02:00:00,00000007180,20230222020000,0.0,0.0,0.011,0.0,0.0,0.0,1.0,4,0.0,0.0,,,589253
2023-02-22 03:00:00,00000007180,20230222030000,0.0,0.0,0.011,0.0,0.0,0.0,1.0,4,0.0,0.0,,,589253
2023-02-22 04:00:00,00000007180,20230222040000,0.0,0.0,0.012,0.0,0.0,0.0,1.0,4,0.0,0.0,,,589253
2023-02-22 05:00:00,00000007180,20230222050000,0.0,0.0,0.011,0.0,0.0,0.0,1.0,4,0.0,0.0,,,589253
2023-02-22 06:00:00,00000007180,20230222060000,0.0,0.0,0.011,0.0,0.0,0.0,1.0,4,0.0,0.0,,,589253
2023-02-22 07:00:00,00000007180,20230222070000,0.0,0.0,0.012,0.0,0.0,0.0,1.0,4,0.0,0.0,,,589253
2023-02-22 08:00:00,00000007180,20230222080000,0.0,0.0,0.011,0.0,0.0,0.0,1.0,4,0.0,0.0,,,589253
2023-02-22 09:00:00,00000007180,20230222090000,0.0,0.0,0.011,0.0,0.0,0.0,1.0,4,0.0,0.0,,,589253
2023-02-22 10:00:00,00000007180,20230222100000,0.0,0.0,0.011,0.0,0.0,0.0,1.0,4,0.0,0.0,,,589253
2023-02-22 11:00:00,00000007180,20230222110000,0.0,0.0,0.011,0.0,0.0,0.0,1.0,4,0.0,0.0,,,589253
2023-02-22 12:00:00,00000007180,20230222120000,0.0,0.0,0.011,0.0,0.0,0.0,1.0,4,0.0,0.0,,,589253
2023-02-22 13:00:00,00000007180,20230222130000,0.0,0.0,0.011,0.0,0.0,0.0,1.0,4,0.0,0.0,,,589253
2023-02-22 14:00:00,00000007180,20230222140000,0.0,0.0,0.012,0.0,0.0,0.0,1.0,4,0.0,0.0,,,589253
2023-02-22 15:00:00,00000007180,20230222150000,0.0,0.0,0.011,0.0,0.0,0.0,1.0,4,0.0,0.0,,,589253
2023-02-22 16:00:00,00000007180,20230222160000,0.0,0.0,0.011,0.0,0.0,0.0,1.0,4,0.0,0.0,,,589253
2023-02-22 17:00:00,00000007180,20230222170000,0.0,0.0,0.012,0.0,0.0,0.0,1.0,4,0.0,0.0,,,589253
2023-02-22 18:00:00,00000007180,20230222180000,0.0,0.0,0.011,0.0,0.0,0.0,1.0,4,0.0,0.0,,,589253
2023-02-22 19:00:00,00000007180,20230222190000,0.0,0.0,0.011,0.0,0.0,0.0,1.0,4,0.0,0.0,,,589253
2023-02-22 20:00:00,00000007180,20230222200000,0.0,0.0,0.011,0.0,0.0,0.0,1.0,4,0.0,0.0,,,589253
2023-02-22 21:00:00,00000007180,20230222210000,0.0,0.0,0.011,0.0,0.0,0.0,1.0,4,0.0,0.0,,,589253
2023-02-22 22:00:00,00000007180,20230222220000,0.0,0.0,0.01,0.0,0.0,0.0,1.0,4,0.0,0.0,,,589253
2023-02-22 23:00:00,00000007180,20230222230000,0.0,0.0,0.011,0.0,0.0,0.0,1.0,4,0.0,0.0,,,589253
2023-02-23 00:00:00,00000007180,20230223000000,0.0,0.0,0.011,0.0,0.0,0.0,1.0,4,0.0,0.0,,,589253
2023-02-23 01:00:00,00000007180,20230223010000,0.0,0.0,0.012,0.0,0.0,0.0,1.0,4,0.0,0.0,,,589253
2023-02-23 02:00:00,00000007180,20230223020000,0.0,0.0,0.011,0.0,0.0,0.0,1.0,4,0.0,0.0,,,589253
2023-02-23 03:00:00,00000007180,20230223030000,0.0,0.0,0.012,0.0,0.0,0.0,1.0,4,0.0,0.0,,,589253
2023-02-23 04:00:00,00000007180,20230223040000,0.0,0.0,0.011,0.0,0.0,0.0,1.0,4,0.0,0.0,,,589253
2023-02-23 05:00:00,00000007180,20230223050000,0.0,0.0,0.011,0.0,0.0,0.0,1.0,4,0.0,0.0,,,589253
2023-02-23 06:00:00,00000007180,20230223060000,0.0,0.0,0.012,0.0,0.0,0.0,1.0,4,0.0,0.0,,,589253
2023-02-23 07:00:00,00000007180,20230223070000,0.0,0.0,0.011,0.0,0.0,0.0,1.0,4,0.0,0.0,,,589253
2023-02-23 08:00:00,00000007180,20230223080000,0.0,0.0,0.011,0.0,0.0,0.0,1.0,4,0.0,0.0,,,589253
2023-02-23 09:00:00,00000007180,20230223090000,0.0,0.0,0.011,0.0,0.0,0.0,1.0,4,0.0,0.0,,,589253
2023-02-23 10:00:00,00000007180,20230223100000,0.0,0.0,0.011,0.0,0.0,0.0,1.0,4,0.0,0.0,,,589253
2023-02-23 11:00:00,00000007180,20230223110000,0.0,0.0,0.011,0.0,0.0,0.0,1.0,4,0.0,0.0,,,589253
2023-02-23 12:00:00,00000007180,20230223120000,0.0,0.0,0.011,0.0,0.0,0.0,1.0,4,0.0,0.0,,,589253
2023-02-23 13:00:00,00000007180,20230223130000,0.0,0.0,0.011,0.0,0.0,0.0,1.0,4,0.0,0.0,,,589253
2023-02-23 14:00:00,00000007180,20230223140000,0.0,0.0,0.011,0.0,0.0,0.0,1.0,4,0.0,0.0,,,589253
2023-02-23 15:00:00,00000007180,20230223150000,0.0,0.0,0.011,0.0,0.0,0.0,1.0,4,0.0,0.0,,,589253
2023-02-23 16:00:00,00000007180,20230223160000,0.0,0.0,0.011,0.0,0.0,0.0,1.0,4,0.0,0.0,,,589253
2023-02-23 17:00:00,00000007180,20230223170000,0.0,0.0,0.011,0.0,0.0,0.0,1.0,4,0.0,0.0,,,589253
2023-02-23 18:00:00,00000007180,20230223180000,0.0,0.0,0.011,0.0,0.0,0.0,1.0,4,0.0,0.0,,,589253
2023-02-23 19:00:00,00000007180,20230223190000,0.0,0.0,0.011,0.0,0.0,0.0,1.0,4,0.0,0.0,,,589253
2023-02-23 20:00:00,00000007180,20230223200000,0.0,0.0,0.011,0.0,0.0,0.0,1.0,4,0.0,0.0,,,589253
2023-02-23 21:00:00,00000007180,20230223210000,0.0,0.0,0.01,0.0,0.0,0.0,1.0,4,0.0,0.0,,,589253
2023-02-23 22:00:00,00000007180,20230223220000,0.0,0.0,0.011,0.0,0.0,0.0,1.0,4,0.0,0.0,,,589253
2023-02-23 23:00:00,00000007180,20230223230000,0.0,0.0,0.011,0.0,0.0,0.0,1.0,4,0.0,0.0,,,589253
2023-02-24 00:00:00,00000007180,20230224000000,0.0,0.0,0.011,0.0,0.0,0.0,1.0,4,0.0,0.0,,,589253
2023-02-24 01:00:00,00000007180,20230224010000,0.0,0.0,0.011,0.0,0.0,0.0,1.0,4,0.0,0.0,,,589253
2023-02-24 02:00:00,00000007180,20230224020000,0.0,0.0,0.011,0.0,0.0,0.0,1.0,4,0.0,0.0,,,589253
2023-02-24 03:00:00,00000007180,20230224030000,0.0,0.0,0.011,0.0,0.0,0.0,1.0,4,0.0,0.0,,,589253
2023-02-24 04:00:00,00000007180,20230224040000,0.0,0.0,0.011,0.0,0.0,0.0,1.0,4,0.0,0.0,,,589253
2023-02-24 05:00:00,00000007180,20230224050000,0.0,0.0,0.012,0.0,0.0,0.0,1.0,4,0.0,0.0,,,589253
2023-02-24 06:00:00,00000007180,20230224060000,0.0,0.0,0.011,0.0,0.0,0.0,1.0,4,0.0,0.0,,,589253
2023-02-24 07:00:00,00000007180,20230224070000,0.0,0.0,0.011,0.0,0.0,0.0,1.0,4,0.0,0.0,,,589253
2023-02-24 08:00:00,00000007180,20230224080000,0.0,0.0,0.011,0.0,0.0,0.0,1.0,4,0.0,0.0,,,589253
2023-02-24 09:00:00,00000007180,20230224090000,0.0,0.0,0.011,0.0,0.0,0.0,1.0,4,0.0,0.0,,,589253
2023-02-24 10:00:00,00000007180,20230224100000,0.0,0.0,0.011,0.0,0.0,0.0,1.0,4,0.0,0.0,,,589253
2023-02-24 11:00:00,00000007180,20230224110000,0.0,0.0,0.011,0.0,0.0,0.0,1.0,4,0.0,0.0,,,589253
2023-02-24 12:00:00,00000007180,20230224120000,0.0,0.0,0.011,0.0,0.0,0.0,1.0,4,0.0,0.0,,,589253
2023-02-24 13:00:00,00000007180,20230224130000,0.0,0.0,0.011,0.0,0.0,0.0,1.0,4,0.0,0.0,,,589253
2023-02-24 14:00:00,00000007180,20230224140000,0.0,0.0,0.011,0.0,0.0,0.0,1.0,4,0.0,0.0,,,589253
2023-02-24 15:00:00,00000007180,20230224150000,0.0,0.0,0.011,0.0,0.0,0.0,1.0,4,0.0,0.0,,,589253
2023-02-24 16:00:00,00000007180,20230224160000,0.0,0.0,0.012,0.0,0.0,0.0,1.0,4,0.0,0.0,,,589253
2023-02-24 17:00:00,00000007180,20230224170000,0.0,0.0,0.011,0.0,0.0,0.0,1.0,4,0.0,0.0,,,589253
2023-02-24 18:00:00,00000007180,20230224180000,0.0,0.0,0.011,0.0,0.0,0.0,1.0,4,0.0,0.0,,,589253
2023-02-24 19:00:00,00000007180,20230224190000,0.0,0.0,0.011,0.0,0.0,0.0,1.0,4,0.0,0.0,,,589253
2023-02-24 20:00:00,00000007180,20230224200000,0.0,0.0,0.01,0.0,0.0,0.0,1.0,4,0.0,0.0,,,589253
2023-02-24 21:00:00,00000007180,20230224210000,0.0,0.0,0.011,0.0,0.0,0.0,1.0,4,0.0,0.0,,,589253
2023-02-24 22:00:00,00000007180,20230224220000,0.0,0.0,0.011,0.0,0.0,0.0,1.0,4,0.0,0.0,,,589253
2023-02-24 23:00:00,00000007180,20230224230000,0.0,0.0,0.011,0.0,0.0,0.0,1.0,4,0.0,0.0,,,589253
2023-02-25 00:00:00,00000007180,20230225000000,0.0,0.0,0.011,0.0,0.0,0.0,1.0,4,0.0,0.0,,,589253
2023-02-25 01:00:00,00000007180,20230225010000,0.0,0.0,0.011,0.0,0.0,0.0,1.0,4,0.0,0.0,,,589253
2023-02-25 02:00:00,00000007180,20230225020000,0.0,0.0,0.012,0.0,0.0,0.0,1.0,4,0.0,0.0,,,589253
2023-02-25 03:00:00,00000007180,20230225030000,0.0,0.0,0.011,0.0,0.0,0.0,1.0,4,0.0,0.0,,,589253
2023-02-25 04:00:00,00000007180,20230225040000,0.0,0.0,0.011,0.0,0.0,0.0,1.0,4,0.0,0.0,,,589253
2023-02-25 05:00:00,00000007180,20230225050000,0.0,0.0,0.012,0.0,0.0,0.0,1.0,4,0.0,0.0,,,589253
2023-02-25 06:00:00,00000007180,20230225060000,0.0,0.0,0.011,0.0,0.0,0.0,1.0,4,0.0,0.0,,,589253
2023-02-25 07:00:00,00000007180,20230225070000,0.0,0.0,0.011,0.0,0.0,0.0,1.0,4,0.0,0.0,,,589253
2023-02-25 08:00:00,00000007180,20230225080000,0.0,0.0,0.012,0.0,0.0,0.0,1.0,4,0.0,0.0,,,589253
2023-02-25 09:00:00,00000007180,20230225090000,0.0,0.0,0.011,0.0,0.0,0.0,1.0,4,0.0,0.0,,,589253
2023-02-25 10:00:00,00000007180,20230225100000,0.0,0.0,0.011,0.0,0.0,0.0,1.0,4,0.0,0.0,,,589253
2023-02-25 11:00:00,00000007180,20230225110000,0.0,0.0,0.011,0.0,0.0,0.0,1.0,4,0.0,0.0,,,589253
2023-02-25 12:00:00,00000007180,20230225120000,0.0,0.0,0.011,0.0,0.0,0.0,1.0,4,0.0,0.0,,,589253
2023-02-25 13:00:00,00000007180,20230225130000,0.0,0.0,0.012,0.0,0.0,0.0,1.0,4,0.0,0.0,,,589253
2023-02-25 14:00:00,00000007180,20230225140000,0.0,0.0,0.011,0.0,0.0,0.0,1.0,4,0.0,0.0,,,589253
2023-02-25 15:00:00,00000007180,20230225150000,0.0,0.0,0.011,0.0,0.0,0.0,1.0,4,0.0,0.0,,,589253
2023-02-25 16:00:00,00000007180,20230225160000,0.0,0.0,0.012,0.0,0.0,0.0,1.0,4,0.0,0.0,,,589253
2023-02-25 17:00:00,00000007180,20230225170000,0.0,0.0,0.011,0.0,0.0,0.0,1.0,4,0.0,0.0,,,589253
2023-02-25 18:00:00,00000007180,20230225180000,0.0,0.0,0.011,0.0,0.0,0.0,1.0,4,0.0,0.0,,,589253
2023-02-25 19:00:00,00000007180,20230225190000,0.0,0.0,0.011,0.0,0.0,0.0,1.0,4,0.0,0.0,,,589253
2023-02-25 20:00:00,00000007180,20230225200000,0.0,0.0,0.01,0.0,0.0,0.0,1.0,4,0.0,0.0,,,589253
2023-02-25 21:00:00,00000007180,20230225210000,0.0,0.0,0.011,0.0,0.0,0.0,1.0,4,0.0,0.0,,,589253
2023-02-25 22:00:00,00000007180,20230225220000,0.0,0.0,0.011,0.0,0.0,0.0,1.0,4,0.0,0.0,,,589253
2023-02-25 23:00:00,00000007180,20230225230000,0.0,0.0,0.011,0.0,0.0,0.0,1.0,4,0.0,0.0,,,589253
2023-02-26 00:00:00,00000007180,20230226000000,0.0,0.0,0.011,0.0,0.0,0.0,1.0,4,0.0,0.0,,,589253
2023-02-26 01:00:00,00000007180,20230226010000,0.0,0.0,0.011,0.0,0.0,0.0,1.0,4,0.0,0.0,,,589253
2023-02-26 02:00:00,00000007180,20230226020000,0.0,0.0,0.012,0.0,0.0,0.0,1.0,4,0.0,0.0,,,589253
2023-02-26 03:00:00,00000007180,20230226030000,0.0,0.0,0.011,0.0,0.0,0.0,1.0,4,0.0,0.0,,,589253
2023-02-26 04:00:00,00000007180,20230226040000,0.0,0.0,0.012,0.0,0.0,0.0,1.0,4,0.0,0.0,,,589253
2023-02-26 05:00:00,00000007180,20230226050000,0.0,0.0,0.011,0.0,0.0,0.0,1.0,4,0.0,0.0,,,589253
2023-02-26 06:00:00,00000007180,20230226060000,0.0,0.0,0.011,0.0,0.0,0.0,1.0,4,0.0,0.0,,,589253
2023-02-26 07:00:00,00000007180,20230226070000,0.0,0.0,0.012,0.0,0.0,0.0,1.0,4,0.0,0.0,,,589253
2023-02-26 08:00:00,00000007180,20230226080000,0.0,0.0,0.011,0.0,0.0,0.0,1.0,4,0.0,0.0,,,589253
2023-02-26 09:00:00,00000007180,20230226090000,0.0,0.0,0.012,0.0,0.0,0.0,1.0,4,0.0,0.0,,,589253
2023-02-26 10:00:00,00000007180,20230226100000,0.0,0.0,0.011,0.0,0.0,0.0,1.0,4,0.0,0.0,,,589253
2023-02-26 11:00:00,00000007180,20230226110000,0.0,0.0,0.011,0.0,0.0,0.0,1.0,4,0.0,0.0,,,589253
2023-02-26 12:00:00,00000007180,20230226120000,0.0,0.0,0.011,0.0,0.0,0.0,1.0,4,0.0,0.0,,,589253
2023-02-26 13:00:00,00000007180,20230226130000,0.0,0.0,0.012,0.0,0.0,0.0,1.0,4,0.0,0.0,,,589253
2023-02-26 14:00:00,00000007180,20230226140000,0.0,0.0,0.011,0.0,0.0,0.0,1.0,4,0.0,0.0,,,589253
2023-02-26 15:00:00,00000007180,20230226150000,0.0,0.0,0.011,0.0,0.0,0.0,1.0,4,0.0,0.0,,,589253
2023-02-26 16:00:00,00000007180,20230226160000,0.0,0.0,0.012,0.0,0.0,0.0,1.0,4,0.0,0.0,,,589253
2023-02-26 17:00:00,00000007180,20230226170000,0.0,0.0,0.011,0.0,0.0,0.0,1.0,4,0.0,0.0,,,589253
2023-02-26 18:00:00,00000007180,20230226180000,0.0,0.0,0.011,0.0,0.0,0.0,1.0,4,0.0,0.0,,,589253
2023-02-26 19:00:00,00000007180,20230226190000,0.0,0.0,0.011,0.0,0.0,0.0,1.0,4,0.0,0.0,,,589253
2023-02-26 20:00:00,00000007180,20230226200000,0.0,0.0,0.01,0.0,0.0,0.0,1.0,4,0.0,0.0,,,589253
2023-02-26 21:00:00,00000007180,20230226210000,0.0,0.0,0.011,0.0,0.0,0.0,1.0,4,0.0,0.0,,,589253
2023-02-26 22:00:00,00000007180,20230226220000,0.0,0.0,0.011,0.0,0.0,0.0,1.0,4,0.0,0.0,,,589253
2023-02-26 23:00:00,00000007180,20230226230000,0.0,0.0,0.011,0.0,0.0,0.0,1.0,4,0.0,0.0,,,589253
2023-02-27 00:00:00,00000007180,20230227000000,0.0,0.0,0.012,0.0,0.0,0.0,1.0,4,0.0,0.0,,,589253
2023-02-27 01:00:00,00000007180,20230227010000,0.0,0.0,0.011,0.0,0.0,0.0,1.0,4,0.0,0.0,,,589253
2023-02-27 02:00:00,00000007180,20230227020000,0.0,0.0,0.011,0.0,0.0,0.0,1.0,4,0.0,0.0,,,589253
2023-02-27 03:00:00,00000007180,20230227030000,0.0,0.0,0.012,0.0,0.0,0.0,1.0,4,0.0,0.0,,,589253
2023-02-27 04:00:00,00000007180,20230227040000,0.0,0.0,0.011,0.0,0.0,0.0,1.0,4,0.0,0.0,,,589253
2023-02-27 05:00:00,00000007180,20230227050000,0.0,0.0,0.012,0.0,0.0,0.0,1.0,4,0.0,0.0,,,589253
2023-02-27 06:00:00,00000007180,20230227060000,0.0,0.0,0.011,0.0,0.0,0.0,1.0,4,0.0,0.0,,,589253
2023-02-27 07:00:00,00000007180,20230227070000,0.0,0.0,0.011,0.0,0.0,0.0,1.0,4,0.0,0.0,,,589253
2023-02-27 08:00:00,00000007180,20230227080000,0.0,0.0,0.012,0.0,0.0,0.0,1.0,4,0.0,0.0,,,589253
2023-02-27 09:00:00,00000007180,20230227090000,0.0,0.0,0.011,0.0,0.0,0.0,1.0,4,0.0,0.0,,,589253
2023-02-27 10:00:00,00000007180,20230227100000,0.0,0.0,0.011,0.0,0.0,0.0,1.0,4,0.0,0.0,,,589253
2023-02-27 11:00:00,00000007180,20230227110000,0.0,0.0,0.011,0.0,0.0,0.0,1.0,4,0.0,0.0,,,589253
2023-02-27 12:00:00,00000007180,20230227120000,0.0,0.0,0.012,0.0,0.0,0.0,1.0,4,0.0,0.0,,,589253
2023-02-27 13:00:00,00000007180,20230227130000,0.0,0.0,0.011,0.0,0.0,0.0,1.0,4,0.0,0.0,,,589253
2023-02-27 14:00:00,00000007180,20230227140000,0.0,0.0,0.011,0.0,0.0,0.0,1.0,4,0.0,0.0,,,589253
2023-02-27 15:00:00,00000007180,20230227150000,0.0,0.0,0.011,0.0,0.0,0.0,1.0,4,0.0,0.0,,,589253
2023-02-27 16:00:00,00000007180,20230227160000,0.0,0.0,0.011,0.0,0.0,0.0,1.0,4,0.0,0.0,,,589253
2023-02-27 17:00:00,00000007180,20230227170000,0.0,0.0,0.011,0.0,0.0,0.0,1.0,4,0.0,0.0,,,589253
2023-02-27 18:00:00,00000007180,20230227180000,0.0,0.0,0.011,0.0,0.0,0.0,1.0,4,0.0,0.0,,,589253
2023-02-27 19:00:00,00000007180,20230227190000,0.0,0.0,0.011,0.0,0.0,0.0,1.0,4,0.0,0.0,,,589253
2023-02-27 20:00:00,00000007180,20230227200000,0.0,0.0,0.011,0.0,0.0,0.0,1.0,4,0.0,0.0,,,589253
2023-02-27 21:00:00,00000007180,20230227210000,0.0,0.0,0.011,0.0,0.0,0.0,1.0,4,0.0,0.0,,,589253
2023-02-27 22:00:00,00000007180,20230227220000,0.0,0.0,0.011,0.0,0.0,0.0,1.0,4,0.0,0.0,,,589253
2023-02-27 23:00:00,00000007180,20230227230000,0.0,0.0,0.011,0.0,0.0,0.0,1.0,4,0.0,0.0,,,589253
2023-02-28 00:00:00,00000007180,20230228000000,0.0,0.0,0.011,0.0,0.0,0.0,1.0,4,0.0,0.0,,,589253
2023-02-28 01:00:00,00000007180,20230228010000,0.0,0.0,0.011,0.0,0.0,0.0,1.0,4,0.0,0.0,,,589253
2023-02-28 02:00:00,00000007180,20230228020000,0.0,0.0,0.012,0.0,0.0,0.0,1.0,4,0.0,0.0,,,589253
2023-02-28 03:00:00,00000007180,20230228030000,0.0,0.0,0.011,0.0,0.0,0.0,1.0,4,0.0,0.0,,,589253
2023-02-28 04:00:00,00000007180,20230228040000,0.0,0.0,0.011,0.0,0.0,0.0,1.0,4,0.0,0.0,,,589253
2023-02-28 05:00:00,00000007180,20230228050000,0.0,0.0,0.011,0.0,0.0,0.0,1.0,4,0.0,0.0,,,589253
2023-02-28 06:00:00,00000007180,20230228060000,0.0,0.0,0.012,0.0,0.0,0.0,1.0,4,0.0,0.0,,,589253
2023-02-28 07:00:00,00000007180,20230228070000,0.0,0.0,0.011,0.0,0.0,0.0,1.0,4,0.0,0.0,,,589253
2023-02-28 08:00:00,00000007180,20230228080000,0.0,0.0,0.011,0.0,0.0,0.0,1.0,4,0.0,0.0,,,589253
2023-02-28 09:00:00,00000007180,20230228090000,0.0,0.0,0.011,0.0,0.0,0.0,1.0,4,0.0,0.0,,,589253
2023-02-28 10:00:00,00000007180,20230228100000,0.0,0.0,0.011,0.0,0.0,0.0,1.0,4,0.0,0.0,,,589253
2023-02-28 11:00:00,00000007180,20230228110000,0.0,0.0,0.011,0.0,0.0,0.0,1.0,4,0.0,0.0,,,589253
2023-02-28 12:00:00,00000007180,20230228120000,0.0,0.0,0.011,0.0,0.0,0.0,1.0,4,0.0,0.0,,,589253
2023-02-28 13:00:00,00000007180,20230228130000,0.0,0.0,0.011,0.0,0.0,0.0,1.0,4,0.0,0.0,,,589253
2023-02-28 14:00:00,00000007180,20230228140000,0.0,0.0,0.011,0.0,0.0,0.0,1.0,4,0.0,0.0,,,589253
2023-02-28 15:00:00,00000007180,20230228150000,0.0,0.0,0.011,0.0,0.0,0.0,1.0,4,0.0,0.0,,,589253
2023-02-28 16:00:00,00000007180,20230228160000,0.0,0.0,0.011,0.0,0.0,0.0,1.0,4,0.0,0.0,,,589253
2023-02-28 17:00:00,00000007180,20230228170000,0.0,0.0,0.011,0.0,0.0,0.0,1.0,4,0.0,0.0,,,589253
2023-02-28 18:00:00,00000007180,20230228180000,0.0,0.0,0.011,0.0,0.0,0.0,1.0,4,0.0,0.0,,,589253
2023-02-28 19:00:00,00000007180,20230228190000,0.0,0.0,0.011,0.0,0.0,0.0,1.0,4,0.0,0.0,,,589253
2023-02-28 20:00:00,00000007180,20230228200000,0.0,0.0,0.01,0.0,0.0,0.0,1.0,4,0.0,0.0,,,589253
2023-02-28 21:00:00,00000007180,20230228210000,0.0,0.0,0.011,0.0,0.0,0.0,1.0,4,0.0,0.0,,,589253
2023-02-28 22:00:00,00000007180,20230228220000,0.0,0.0,0.011,0.0,0.0,0.0,1.0,4,0.0,0.0,,,589253
2023-02-28 23:00:00,00000007180,20230228230000,0.0,0.0,0.011,0.0,0.0,0.0,1.0,4,0.0,0.0,,,589253
2023-03-01 00:00:00,00000007180,20230301000000,0.0,0.0,0.011,0.0,0.0,0.0,1.0,4,0.0,0.0,,,589253
2023-03-01 01:00:00,00000007180,20230301010000,0.0,0.0,0.011,0.0,0.0,0.0,1.0,4,0.0,0.0,,,589253
2023-03-01 02:00:00,00000007180,20230301020000,0.0,0.0,0.011,0.0,0.0,0.0,1.0,4,0.0,0.0,,,589253
2023-03-01 03:00:00,00000007180,20230301030000,0.0,0.0,0.012,0.0,0.0,0.0,1.0,4,0.0,0.0,,,589253
2023-03-01 04:00:00,00000007180,20230301040000,0.0,0.0,0.011,0.0,0.0,0.0,1.0,4,0.0,0.0,,,589253
2023-03-01 05:00:00,00000007180,20230301050000,0.0,0.0,0.012,0.0,0.0,0.0,1.0,4,0.0,0.0,,,589253
2023-03-01 06:00:00,00000007180,20230301060000,0.0,0.0,0.011,0.0,0.0,0.0,1.0,4,0.0,0.0,,,589253
2023-03-01 07:00:00,00000007180,20230301070000,0.0,0.0,0.011,0.0,0.0,0.0,1.0,4,0.0,0.0,,,589253
2023-03-01 08:00:00,00000007180,20230301080000,0.0,0.0,0.011,0.0,0.0,0.0,1.0,4,0.0,0.0,,,589253
2023-03-01 09:00:00,00000007180,20230301090000,0.0,0.0,0.011,0.0,0.0,0.0,1.0,4,0.0,0.0,,,589253
2023-03-01 10:00:00,00000007180,20230301100000,0.0,0.0,0.012,0.0,0.0,0.0,1.0,4,0.0,0.0,,,589253
2023-03-01 11:00:00,00000007180,20230301110000,0.0,0.0,0.011,0.0,0.0,0.0,1.0,4,0.0,0.0,,,589253
2023-03-01 12:00:00,00000007180,20230301120000,0.0,0.0,0.011,0.0,0.0,0.0,1.0,4,0.0,0.0,,,589253
2023-03-01 13:00:00,00000007180,20230301130000,0.0,0.0,0.011,0.0,0.0,0.0,1.0,4,0.0,0.0,,,589253
2023-03-01 14:00:00,00000007180,20230301140000,0.0,0.0,0.011,0.0,0.0,0.0,1.0,4,0.0,0.0,,,589253
2023-03-01 15:00:00,00000007180,20230301150000,0.0,0.0,0.011,0.0,0.0,0.0,1.0,4,0.0,0.0,,,589253
2023-03-01 16:00:00,00000007180,20230301160000,0.0,0.0,0.011,0.0,0.0,0.0,1.0,4,0.0,0.0,,,589253
2023-03-01 17:00:00,00000007180,20230301170000,0.0,0.0,0.011,0.0,0.0,0.0,1.0,4,0.0,0.0,,,589253
2023-03-01 18:00:00,00000007180,20230301180000,0.0,0.0,0.012,0.0,0.0,0.0,1.0,4,0.0,0.0,,,589253
2023-03-01 19:00:00,00000007180,20230301190000,0.0,0.0,0.01,0.0,0.0,0.0,1.0,4,0.0,0.0,,,589253
2023-03-01 20:00:00,00000007180,20230301200000,0.0,0.0,0.011,0.0,0.0,0.0,1.0,4,0.0,0.0,,,589253
2023-03-01 21:00:00,00000007180,20230301210000,0.0,0.0,0.011,0.0,0.0,0.0,1.0,4,0.0,0.0,,,589253
2023-03-01 22:00:00,00000007180,20230301220000,0.0,0.0,0.011,0.0,0.0,0.0,1.0,4,0.0,0.0,,,589253
2023-03-01 23:00:00,00000007180,20230301230000,0.0,0.0,0.011,0.0,0.0,0.0,1.0,4,0.0,0.0,,,589253
2023-03-02 00:00:00,00000007180,20230302000000,0.0,0.0,0.011,0.0,0.0,0.0,1.0,4,0.0,0.0,,,589253
2023-03-02 01:00:00,00000007180,20230302010000,0.0,0.0,0.011,0.0,0.0,0.0,1.0,4,0.0,0.0,,,589253
2023-03-02 02:00:00,00000007180,20230302020000,0.0,0.0,0.012,0.0,0.0,0.0,1.0,4,0.0,0.0,,,589253
2023-03-02 03:00:00,00000007180,20230302030000,0.0,0.0,0.011,0.0,0.0,0.0,1.0,4,0.0,0.0,,,589253
2023-03-02 04:00:00,00000007180,20230302040000,0.0,0.0,0.012,0.0,0.0,0.0,1.0,4,0.0,0.0,,,589253
2023-03-02 05:00:00,00000007180,20230302050000,0.0,0.0,0.011,0.0,0.0,0.0,1.0,4,0.0,0.0,,,589253
2023-03-02 06:00:00,00000007180,20230302060000,0.0,0.0,0.011,0.0,0.0,0.0,1.0,4,0.0,0.0,,,589253
2023-03-02 07:00:00,00000007180,20230302070000,0.0,0.0,0.011,0.0,0.0,0.0,1.0,4,0.0,0.0,,,589253
2023-03-02 08:00:00,00000007180,20230302080000,0.0,0.0,0.012,0.0,0.0,0.0,1.0,4,0.0,0.0,,,589253
2023-03-02 09:00:00,00000007180,20230302090000,0.0,0.0,0.011,0.0,0.0,0.0,1.0,4,0.0,0.0,,,589253
2023-03-02 10:00:00,00000007180,20230302100000,0.0,0.0,0.011,0.0,0.0,0.0,1.0,4,0.0,0.0,,,589253
2023-03-02 11:00:00,00000007180,20230302110000,0.0,0.0,0.01,0.0,0.0,0.0,1.0,4,0.0,0.0,,,589253
2023-03-02 12:00:00,00000007180,20230302120000,0.0,0.0,0.011,0.0,0.0,0.0,1.0,4,0.0,0.0,,,589253
2023-03-02 13:00:00,00000007180,20230302130000,0.0,0.0,0.011,0.0,0.0,0.0,1.0,4,0.0,0.0,,,589253
2023-03-02 14:00:00,00000007180,20230302140000,0.0,0.0,0.011,0.0,0.0,0.0,1.0,4,0.0,0.0,,,589253
2023-03-02 15:00:00,00000007180,20230302150000,0.0,0.0,0.011,0.0,0.0,0.0,1.0,4,0.0,0.0,,,589253
2023-03-02 16:00:00,00000007180,20230302160000,0.0,0.0,0.011,0.0,0.0,0.0,1.0,4,0.0,0.0,,,589253
2023-03-02 17:00:00,00000007180,20230302170000,0.0,0.0,0.01,0.0,0.0,0.0,1.0,4,0.0,0.0,,,589253
2023-03-02 18:00:00,00000007180,20230302180000,0.0,0.0,0.011,0.0,0.0,0.0,1.0,4,0.0,0.0,,,589253
2023-03-02 19:00:00,00000007180,20230302190000,0.0,0.0,0.011,0.0,0.0,0.0,1.0,4,0.0,0.0,,,589253
2023-03-02 20:00:00,00000007180,20230302200000,0.0,0.0,0.01,0.0,0.0,0.0,1.0,4,0.0,0.0,,,589253
2023-03-02 21:00:00,00000007180,20230302210000,0.0,0.0,0.011,0.0,0.0,0.0,1.0,4,0.0,0.0,,,589253
2023-03-02 22:00:00,00000007180,20230302220000,0.0,0.0,0.011,0.0,0.0,0.0,1.0,4,0.0,0.0,,,589253
2023-03-02 23:00:00,00000007180,20230302230000,0.0,0.0,0.011,0.0,0.0,0.0,1.0,4,0.0,0.0,,,589253
2023-03-03 00:00:00,00000007180,20230303000000,0.0,0.0,0.011,0.0,0.0,0.0,1.0,4,0.0,0.0,,,589253
2023-03-03 01:00:00,00000007180,20230303010000,0.0,0.0,0.011,0.0,0.0,0.0,1.0,4,0.0,0.0,,,589253
2023-03-03 02:00:00,00000007180,20230303020000,0.0,0.0,0.011,0.0,0.0,0.0,1.0,4,0.0,0.0,,,589253
2023-03-03 03:00:00,00000007180,20230303030000,0.0,0.0,0.012,0.0,0.0,0.0,1.0,4,0.0,0.0,,,589253
2023-03-03 04:00:00,00000007180,20230303040000,0.0,0.0,0.011,0.0,0.0,0.0,1.0,4,0.0,0.0,,,589253
2023-03-03 05:00:00,00000007180,20230303050000,0.0,0.0,0.011,0.0,0.0,0.0,1.0,4,0.0,0.0,,,589253
2023-03-03 06:00:00,00000007180,20230303060000,0.0,0.0,0.011,0.0,0.0,0.0,1.0,4,0.0,0.0,,,589253
2023-03-03 07:00:00,00000007180,20230303070000,0.0,0.0,0.011,0.0,0.0,0.0,1.0,4,0.0,0.0,,,589253
2023-03-03 08:00:00,00000007180,20230303080000,0.0,0.0,0.011,0.0,0.0,0.0,1.0,4,0.0,0.0,,,589253
2023-03-03 09:00:00,00000007180,20230303090000,0.0,0.0,0.011,0.0,0.0,0.0,1.0,4,0.0,0.0,,,589253
2023-03-03 10:00:00,00000007180,20230303100000,0.0,0.0,0.011,0.0,0.0,0.0,1.0,4,0.0,0.0,,,589253
2023-03-03 11:00:00,00000007180,20230303110000,0.0,0.0,0.011,0.0,0.0,0.0,1.0,4,0.0,0.0,,,589253
2023-03-03 12:00:00,00000007180,20230303120000,0.0,0.0,0.011,0.0,0.0,0.0,1.0,4,0.0,0.0,,,589253
2023-03-03 13:00:00,00000007180,20230303130000,0.0,0.0,0.01,0.0,0.0,0.0,1.0,4,0.0,0.0,,,589253
2023-03-03 14:00:00,00000007180,20230303140000,0.0,0.0,0.011,0.0,0.0,0.0,1.0,4,0.0,0.0,,,589253
2023-03-03 15:00:00,00000007180,20230303150000,0.0,0.0,0.011,0.0,0.0,0.0,1.0,4,0.0,0.0,,,589253
2023-03-03 16:00:00,00000007180,20230303160000,0.0,0.0,0.011,0.0,0.0,0.0,1.0,4,0.0,0.0,,,589253
2023-03-03 17:00:00,00000007180,20230303170000,0.0,0.0,0.011,0.0,0.0,0.0,1.0,4,0.0,0.0,,,589253
2023-03-03 18:00:00,00000007180,20230303180000,0.0,0.0,0.011,0.0,0.0,0.0,1.0,4,0.0,0.0,,,589253
2023-03-03 19:00:00,00000007180,20230303190000,0.0,0.0,0.01,0.0,0.0,0.0,1.0,4,0.0,0.0,,,589253
2023-03-03 20:00:00,00000007180,20230303200000,0.0,0.0,0.011,0.0,0.0,0.0,1.0,4,0.0,0.0,,,589253
2023-03-03 21:00:00,00000007180,20230303210000,0.0,0.0,0.011,0.0,0.0,0.0,1.0,4,0.0,0.0,,,589253
2023-03-03 22:00:00,00000007180,20230303220000,0.0,0.0,0.01,0.0,0.0,0.0,1.0,4,0.0,0.0,,,589253
2023-03-03 23:00:00,00000007180,20230303230000,0.0,0.0,0.011,0.0,0.0,0.0,1.0,4,0.0,0.0,,,589253
2023-03-04 00:00:00,00000007180,20230304000000,0.0,0.0,0.011,0.0,0.0,0.0,1.0,4,0.0,0.0,,,589253
2023-03-04 01:00:00,00000007180,20230304010000,0.0,0.0,0.011,0.0,0.0,0.0,1.0,4,0.0,0.0,,,589253
2023-03-04 02:00:00,00000007180,20230304020000,0.0,0.0,0.011,0.0,0.0,0.0,1.0,4,0.0,0.0,,,589253
2023-03-04 03:00:00,00000007180,20230304030000,0.0,0.0,0.011,0.0,0.0,0.0,1.0,4,0.0,0.0,,,589253
2023-03-04 04:00:00,00000007180,20230304040000,0.0,0.0,0.011,0.0,0.0,0.0,1.0,4,0.0,0.0,,,589253
2023-03-04 05:00:00,00000007180,20230304050000,0.0,0.0,0.011,0.0,0.0,0.0,1.0,4,0.0,0.0,,,589253
2023-03-04 06:00:00,00000007180,20230304060000,0.0,0.0,0.011,0.0,0.0,0.0,1.0,4,0.0,0.0,,,589253
2023-03-04 07:00:00,00000007180,20230304070000,0.0,0.0,0.011,0.0,0.0,0.0,1.0,4,0.0,0.0,,,589253
2023-03-04 08:00:00,00000007180,20230304080000,0.0,0.0,0.011,0.0,0.0,0.0,1.0,4,0.0,0.0,,,589253
2023-03-04 09:00:00,00000007180,20230304090000,0.0,0.0,0.011,0.0,0.0,0.0,1.0,4,0.0,0.0,,,589253
2023-03-04 10:00:00,00000007180,20230304100000,0.0,0.0,0.011,0.0,0.0,0.0,1.0,4,0.0,0.0,,,589253
2023-03-04 11:00:00,00000007180,20230304110000,0.0,0.0,0.011,0.0,0.0,0.0,1.0,4,0.0,0.0,,,589253
2023-03-04 12:00:00,00000007180,20230304120000,0.0,0.0,0.011,0.0,0.0,0.0,1.0,4,0.0,0.0,,,589253
2023-03-04 13:00:00,00000007180,20230304130000,0.0,0.0,0.011,0.0,0.0,0.0,1.0,4,0.0,0.0,,,589253
2023-03-04 14:00:00,00000007180,20230304140000,0.0,0.0,0.011,0.0,0.0,0.0,1.0,4,0.0,0.0,,,589253
2023-03-04 15:00:00,00000007180,20230304150000,0.0,0.0,0.011,0.0,0.0,0.0,1.0,4,0.0,0.0,,,589253
2023-03-04 16:00:00,00000007180,20230304160000,0.0,0.0,0.011,0.0,0.0,0.0,1.0,4,0.0,0.0,,,589253
2023-03-04 17:00:00,00000007180,20230304170000,0.0,0.0,0.011,0.0,0.0,0.0,1.0,4,0.0,0.0,,,589253
2023-03-04 18:00:00,00000007180,20230304180000,0.0,0.0,0.011,0.0,0.0,0.0,1.0,4,0.0,0.0,,,589253
2023-03-04 19:00:00,00000007180,20230304190000,0.0,0.0,0.011,0.0,0.0,0.0,1.0,4,0.0,0.0,,,589253
2023-03-04 20:00:00,00000007180,20230304200000,0.0,0.0,0.01,0.0,0.0,0.0,1.0,4,0.0,0.0,,,589253
2023-03-04 21:00:00,00000007180,20230304210000,0.0,0.0,0.011,0.0,0.0,0.0,1.0,4,0.0,0.0,,,589253
2023-03-04 22:00:00,00000007180,20230304220000,0.0,0.0,0.011,0.0,0.0,0.0,1.0,4,0.0,0.0,,,589253
2023-03-04 23:00:00,00000007180,20230304230000,0.0,0.0,0.011,0.0,0.0,0.0,1.0,4,0.0,0.0,,,589253
2023-03-05 00:00:00,00000007180,20230305000000,0.0,0.0,0.01,0.0,0.0,0.0,1.0,4,0.0,0.0,,,589253
2023-03-05 01:00:00,00000007180,20230305010000,0.0,0.0,0.011,0.0,0.0,0.0,1.0,4,0.0,0.0,,,589253
2023-03-05 02:00:00,00000007180,20230305020000,0.0,0.0,0.012,0.0,0.0,0.0,1.0,4,0.0,0.0,,,589253
2023-03-05 03:00:00,00000007180,20230305030000,0.0,0.0,0.011,0.0,0.0,0.0,1.0,4,0.0,0.0,,,589253
2023-03-05 04:00:00,00000007180,20230305040000,0.0,0.0,0.011,0.0,0.0,0.0,1.0,4,0.0,0.0,,,589253
2023-03-05 05:00:00,00000007180,20230305050000,0.0,0.0,0.011,0.0,0.0,0.0,1.0,4,0.0,0.0,,,589253
2023-03-05 06:00:00,00000007180,20230305060000,0.0,0.0,0.012,0.0,0.0,0.0,1.0,4,0.0,0.0,,,589253
2023-03-05 07:00:00,00000007180,20230305070000,0.0,0.0,0.011,0.0,0.0,0.0,1.0,4,0.0,0.0,,,589253
2023-03-05 08:00:00,00000007180,20230305080000,0.0,0.0,0.011,0.0,0.0,0.0,1.0,4,0.0,0.0,,,589253
2023-03-05 09:00:00,00000007180,20230305090000,0.0,0.0,0.011,0.0,0.0,0.0,1.0,4,0.0,0.0,,,589253
2023-03-05 10:00:00,00000007180,20230305100000,0.0,0.0,0.011,0.0,0.0,0.0,1.0,4,0.0,0.0,,,589253
2023-03-05 11:00:00,00000007180,20230305110000,0.0,0.0,0.011,0.0,0.0,0.0,1.0,4,0.0,0.0,,,589253
2023-03-05 12:00:00,00000007180,20230305120000,0.0,0.0,0.011,0.0,0.0,0.0,1.0,4,0.0,0.0,,,589253
2023-03-05 13:00:00,00000007180,20230305130000,0.0,0.0,0.011,0.0,0.0,0.0,1.0,4,0.0,0.0,,,589253
2023-03-05 14:00:00,00000007180,20230305140000,0.0,0.0,0.01,0.0,0.0,0.0,1.0,4,0.0,0.0,,,589253
2023-03-05 15:00:00,00000007180,20230305150000,0.0,0.0,0.011,0.0,0.0,0.0,1.0,4,0.0,0.0,,,589253
2023-03-05 16:00:00,00000007180,20230305160000,0.0,0.0,0.011,0.0,0.0,0.0,1.0,4,0.0,0.0,,,589253
2023-03-05 17:00:00,00000007180,20230305170000,0.0,0.0,0.011,0.0,0.0,0.0,1.0,4,0.0,0.0,,,589253
2023-03-05 18:00:00,00000007180,20230305180000,0.0,0.0,0.011,0.0,0.0,0.0,1.0,4,0.0,0.0,,,589253
2023-03-05 19:00:00,00000007180,20230305190000,0.0,0.0,0.01,0.0,0.0,0.0,1.0,4,0.0,0.0,,,589253
2023-03-05 20:00:00,00000007180,20230305200000,0.0,0.0,0.01,0.0,0.0,0.0,1.0,4,0.0,0.0,,,589253
2023-03-05 21:00:00,00000007180,20230305210000,0.0,0.0,0.011,0.0,0.0,0.0,1.0,4,0.0,0.0,,,589253
2023-03-05 22:00:00,00000007180,20230305220000,0.0,0.0,0.011,0.0,0.0,0.0,1.0,4,0.0,0.0,,,589253
2023-03-05 23:00:00,00000007180,20230305230000,0.0,0.0,0.011,0.0,0.0,0.0,1.0,4,0.0,0.0,,,589253
2023-03-06 00:00:00,00000007180,20230306000000,0.0,0.0,0.011,0.0,0.0,0.0,1.0,4,0.0,0.0,,,589253
2023-03-06 01:00:00,00000007180,20230306010000,0.0,0.0,0.011,0.0,0.0,0.0,1.0,4,0.0,0.0,,,589253
2023-03-06 02:00:00,00000007180,20230306020000,0.0,0.0,0.011,0.0,0.0,0.0,1.0,4,0.0,0.0,,,589253
2023-03-06 03:00:00,00000007180,20230306030000,0.0,0.0,0.012,0.0,0.0,0.0,1.0,4,0.0,0.0,,,589253
2023-03-06 04:00:00,00000007180,20230306040000,0.0,0.0,0.011,0.0,0.0,0.0,1.0,4,0.0,0.0,,,589253
2023-03-06 05:00:00,00000007180,20230306050000,0.0,0.0,0.012,0.0,0.0,0.0,1.0,4,0.0,0.0,,,589253
2023-03-06 06:00:00,00000007180,20230306060000,0.0,0.0,0.011,0.0,0.0,0.0,1.0,4,0.0,0.0,,,589253
2023-03-06 07:00:00,00000007180,20230306070000,0.0,0.0,0.011,0.0,0.0,0.0,1.0,4,0.0,0.0,,,589253
2023-03-06 08:00:00,00000007180,20230306080000,0.0,0.0,0.011,0.0,0.0,0.0,1.0,4,0.0,0.0,,,589253
2023-03-06 09:00:00,00000007180,20230306090000,0.0,0.0,0.011,0.0,0.0,0.0,1.0,4,0.0,0.0,,,589253
2023-03-06 10:00:00,00000007180,20230306100000,0.0,0.0,0.011,0.0,0.0,0.0,1.0,4,0.0,0.0,,,589253
2023-03-06 11:00:00,00000007180,20230306110000,0.0,0.0,0.01,0.0,0.0,0.0,1.0,4,0.0,0.0,,,589253
2023-03-06 12:00:00,00000007180,20230306120000,0.0,0.0,0.011,0.0,0.0,0.0,1.0,4,0.0,0.0,,,589253
2023-03-06 13:00:00,00000007180,20230306130000,0.0,0.0,0.011,0.0,0.0,0.0,1.0,4,0.0,0.0,,,589253
2023-03-06 14:00:00,00000007180,20230306140000,0.0,0.0,0.011,0.0,0.0,0.0,1.0,4,0.0,0.0,,,589253
2023-03-06 15:00:00,00000007180,20230306150000,0.0,0.0,0.011,0.0,0.0,0.0,1.0,4,0.0,0.0,,,589253
2023-03-06 16:00:00,00000007180,20230306160000,0.0,0.0,0.011,0.0,0.0,0.0,1.0,4,0.0,0.0,,,589253
2023-03-06 17:00:00,00000007180,20230306170000,0.0,0.0,0.011,0.0,0.0,0.0,1.0,4,0.0,0.0,,,589253
2023-03-06 18:00:00,00000007180,20230306180000,0.0,0.0,0.011,0.0,0.0,0.0,1.0,4,0.0,0.0,,,589253
2023-03-06 19:00:00,00000007180,20230306190000,0.0,0.0,0.011,0.0,0.0,0.0,1.0,4,0.0,0.0,,,589253
2023-03-06 20:00:00,00000007180,20230306200000,0.0,0.0,0.01,0.0,0.0,0.0,1.0,4,0.0,0.0,,,589253
2023-03-06 21:00:00,00000007180,20230306210000,0.0,0.0,0.011,0.0,0.0,0.0,1.0,4,0.0,0.0,,,589253
2023-03-06 22:00:00,00000007180,20230306220000,0.0,0.0,0.01,0.0,0.0,0.0,1.0,4,0.0,0.0,,,589253
2023-03-06 23:00:00,00000007180,20230306230000,0.0,0.0,0.011,0.0,0.0,0.0,1.0,4,0.0,0.0,,,589253
2023-03-07 00:00:00,00000007180,20230307000000,0.0,0.0,0.012,0.0,0.0,0.0,1.0,4,0.0,0.0,,,589253
2023-03-07 01:00:00,00000007180,20230307010000,0.0,0.0,0.011,0.0,0.0,0.0,1.0,4,0.0,0.0,,,589253
2023-03-07 02:00:00,00000007180,20230307020000,0.0,0.0,0.011,0.0,0.0,0.0,1.0,4,0.0,0.0,,,589253
2023-03-07 03:00:00,00000007180,20230307030000,0.0,0.0,0.012,0.0,0.0,0.0,1.0,4,0.0,0.0,,,589253
2023-03-07 04:00:00,00000007180,20230307040000,0.0,0.0,0.011,0.0,0.0,0.0,1.0,4,0.0,0.0,,,589253
2023-03-07 05:00:00,00000007180,20230307050000,0.0,0.0,0.011,0.0,0.0,0.0,1.0,4,0.0,0.0,,,589253
2023-03-07 06:00:00,00000007180,20230307060000,0.0,0.0,0.012,0.0,0.0,0.0,1.0,4,0.0,0.0,,,589253
2023-03-07 07:00:00,00000007180,20230307070000,0.0,0.0,0.011,0.0,0.0,0.0,1.0,4,0.0,0.0,,,589253
2023-03-07 08:00:00,00000007180,20230307080000,0.0,0.0,0.011,0.0,0.0,0.0,1.0,4,0.0,0.0,,,589253
2023-03-07 09:00:00,00000007180,20230307090000,0.0,0.0,0.011,0.0,0.0,0.0,1.0,4,0.0,0.0,,,589253
2023-03-07 10:00:00,00000007180,20230307100000,0.0,0.0,0.011,0.0,0.0,0.0,1.0,4,0.0,0.0,,,589253
2023-03-07 11:00:00,00000007180,20230307110000,0.0,0.0,0.011,0.0,0.0,0.0,1.0,4,0.0,0.0,,,589253
2023-03-07 12:00:00,00000007180,20230307120000,0.0,0.0,0.012,0.0,0.0,0.0,1.0,4,0.0,0.0,,,589253
2023-03-07 13:00:00,00000007180,20230307130000,0.0,0.0,0.011,0.0,0.0,0.0,1.0,4,0.0,0.0,,,589253
2023-03-07 14:00:00,00000007180,20230307140000,0.0,0.0,0.011,0.0,0.0,0.0,1.0,4,0.0,0.0,,,589253
2023-03-07 15:00:00,00000007180,20230307150000,0.0,0.0,0.011,0.0,0.0,0.0,1.0,4,0.0,0.0,,,589253
2023-03-07 16:00:00,00000007180,20230307160000,0.0,0.0,0.012,0.0,0.0,0.0,1.0,4,0.0,0.0,,,589253
2023-03-07 17:00:00,00000007180,20230307170000,0.0,0.0,0.011,0.0,0.0,0.0,1.0,4,0.0,0.0,,,589253
2023-03-07 18:00:00,00000007180,20230307180000,0.0,0.0,0.011,0.0,0.0,0.0,1.0,4,0.0,0.0,,,589253
2023-03-07 19:00:00,00000007180,20230307190000,0.0,0.0,0.011,0.0,0.0,0.0,1.0,4,0.0,0.0,,,589253
2023-03-07 20:00:00,00000007180,20230307200000,0.0,0.0,0.01,0.0,0.0,0.0,1.0,4,0.0,0.0,,,589253
2023-03-07 21:00:00,00000007180,20230307210000,0.0,0.0,0.011,0.0,0.0,0.0,1.0,4,0.0,0.0,,,589253
2023-03-07 22:00:00,00000007180,20230307220000,0.0,0.0,0.011,0.0,0.0,0.0,1.0,4,0.0,0.0,,,589253
2023-03-07 23:00:00,00000007180,20230307230000,0.0,0.0,0.011,0.0,0.0,0.0,1.0,4,0.0,0.0,,,589253
2023-03-08 00:00:00,00000007180,20230308000000,0.0,0.0,0.011,0.0,0.0,0.0,1.0,4,0.0,0.0,,,589253
2023-03-08 01:00:00,00000007180,20230308010000,0.0,0.0,0.011,0.0,0.0,0.0,1.0,4,0.0,0.0,,,589253
2023-03-08 02:00:00,00000007180,20230308020000,0.0,0.0,0.012,0.0,0.0,0.0,1.0,4,0.0,0.0,,,589253
2023-03-08 03:00:00,00000007180,20230308030000,0.0,0.0,0.011,0.0,0.0,0.0,1.0,4,0.0,0.0,,,589253
2023-03-08 04:00:00,00000007180,20230308040000,0.0,0.0,0.011,0.0,0.0,0.0,1.0,4,0.0,0.0,,,589253
2023-03-08 05:00:00,00000007180,20230308050000,0.0,0.0,0.012,0.0,0.0,0.0,1.0,4,0.0,0.0,,,589253
2023-03-08 06:00:00,00000007180,20230308060000,0.0,0.0,0.011,0.0,0.0,0.0,1.0,4,0.0,0.0,,,589253
2023-03-08 07:00:00,00000007180,20230308070000,0.0,0.0,0.011,0.0,0.0,0.0,1.0,4,0.0,0.0,,,589253
2023-03-08 08:00:00,00000007180,20230308080000,0.0,0.0,0.011,0.0,0.0,0.0,1.0,4,0.0,0.0,,,589253
2023-03-08 09:00:00,00000007180,20230308090000,0.0,0.0,0.011,0.0,0.0,0.0,1.0,4,0.0,0.0,,,589253
2023-03-08 10:00:00,00000007180,20230308100000,0.0,0.0,0.011,0.0,0.0,0.0,1.0,4,0.0,0.0,,,589253
2023-03-08 11:00:00,00000007180,20230308110000,0.0,0.0,0.011,0.0,0.0,0.0,1.0,4,0.0,0.0,,,589253
2023-03-08 12:00:00,00000007180,20230308120000,0.0,0.0,0.012,0.0,0.0,0.0,1.0,4,0.0,0.0,,,589253
2023-03-08 13:00:00,00000007180,20230308130000,0.0,0.0,0.011,0.0,0.0,0.0,1.0,4,0.0,0.0,,,589253
2023-03-08 14:00:00,00000007180,20230308140000,0.0,0.0,0.011,0.0,0.0,0.0,1.0,4,0.0,0.0,,,589253
2023-03-08 15:00:00,00000007180,20230308150000,0.0,0.0,0.012,0.0,0.0,0.0,1.0,4,0.0,0.0,,,589253
2023-03-08 16:00:00,00000007180,20230308160000,0.0,0.0,0.011,0.0,0.0,0.0,1.0,4,0.0,0.0,,,589253
2023-03-08 17:00:00,00000007180,20230308170000,0.0,0.0,0.011,0.0,0.0,0.0,1.0,4,0.0,0.0,,,589253
2023-03-08 18:00:00,00000007180,20230308180000,0.0,0.0,0.012,0.0,0.0,0.0,1.0,4,0.0,0.0,,,589253
2023-03-08 19:00:00,00000007180,20230308190000,0.0,0.0,0.01,0.0,0.0,0.0,1.0,4,0.0,0.0,,,589253
2023-03-08 20:00:00,00000007180,20230308200000,0.0,0.0,0.011,0.0,0.0,0.0,1.0,4,0.0,0.0,,,589253
2023-03-08 21:00:00,00000007180,20230308210000,0.0,0.0,0.011,0.0,0.0,0.0,1.0,4,0.0,0.0,,,589253
2023-03-08 22:00:00,00000007180,20230308220000,0.0,0.0,0.011,0.0,0.0,0.0,1.0,4,0.0,0.0,,,589253
2023-03-08 23:00:00,00000007180,20230308230000,0.0,0.0,0.011,0.0,0.0,0.0,1.0,4,0.0,0.0,,,589253
2023-03-09 00:00:00,00000007180,20230309000000,0.0,0.0,0.011,0.0,0.0,0.0,1.0,4,0.0,0.0,,,589253
2023-03-09 01:00:00,00000007180,20230309010000,0.0,0.0,0.011,0.0,0.0,0.0,1.0,4,0.0,0.0,,,589253
2023-03-09 02:00:00,00000007180,20230309020000,0.0,0.0,0.011,0.0,0.0,0.0,1.0,4,0.0,0.0,,,589253
2023-03-09 03:00:00,00000007180,20230309030000,0.0,0.0,0.012,0.0,0.0,0.0,1.0,4,0.0,0.0,,,589253
2023-03-09 04:00:00,00000007180,20230309040000,0.0,0.0,0.011,0.0,0.0,0.0,1.0,4,0.0,0.0,,,589253
2023-03-09 05:00:00,00000007180,20230309050000,0.0,0.0,0.011,0.0,0.0,0.0,1.0,4,0.0,0.0,,,589253
2023-03-09 06:00:00,00000007180,20230309060000,0.0,0.0,0.012,0.0,0.0,0.0,1.0,4,0.0,0.0,,,589253
2023-03-09 07:00:00,00000007180,20230309070000,0.0,0.0,0.011,0.0,0.0,0.0,1.0,4,0.0,0.0,,,589253
2023-03-09 08:00:00,00000007180,20230309080000,0.0,0.0,0.011,0.0,0.0,0.0,1.0,4,0.0,0.0,,,589253
2023-03-09 09:00:00,00000007180,20230309090000,0.0,0.0,0.012,0.0,0.0,0.0,1.0,4,0.0,0.0,,,589253
2023-03-09 10:00:00,00000007180,20230309100000,0.0,0.0,0.011,0.0,0.0,0.0,1.0,4,0.0,0.0,,,589253
2023-03-09 11:00:00,00000007180,20230309110000,0.0,0.0,0.011,0.0,0.0,0.0,1.0,4,0.0,0.0,,,589253
2023-03-09 12:00:00,00000007180,20230309120000,0.0,0.0,0.012,0.0,0.0,0.0,1.0,4,0.0,0.0,,,589253
2023-03-09 13:00:00,00000007180,20230309130000,0.0,0.0,0.011,0.0,0.0,0.0,1.0,4,0.0,0.0,,,589253
2023-03-09 14:00:00,00000007180,20230309140000,0.0,0.0,0.012,0.0,0.0,0.0,1.0,4,0.0,0.0,,,589253
2023-03-09 15:00:00,00000007180,20230309150000,0.0,0.0,0.011,0.0,0.0,0.0,1.0,4,0.0,0.0,,,589253
2023-03-09 16:00:00,00000007180,20230309160000,0.0,0.0,0.012,0.0,0.0,0.0,1.0,4,0.0,0.0,,,589253
2023-03-09 17:00:00,00000007180,20230309170000,0.0,0.0,0.012,0.0,0.0,0.0,1.0,4,0.0,0.0,,,589253
2023-03-09 18:00:00,00000007180,20230309180000,0.0,0.0,0.011,0.0,0.0,0.0,1.0,4,0.0,0.0,,,589253
2023-03-09 19:00:00,00000007180,20230309190000,0.0,0.0,0.011,0.0,0.0,0.0,1.0,4,0.0,0.0,,,589253
2023-03-09 20:00:00,00000007180,20230309200000,0.0,0.0,0.01,0.0,0.0,0.0,1.0,4,0.0,0.0,,,589253
2023-03-09 21:00:00,00000007180,20230309210000,0.0,0.0,0.011,0.0,0.0,0.0,1.0,4,0.0,0.0,,,589253
2023-03-09 22:00:00,00000007180,20230309220000,0.0,0.0,0.011,0.0,0.0,0.0,1.0,4,0.0,0.0,,,589253
2023-03-09 23:00:00,00000007180,20230309230000,0.0,0.0,0.011,0.0,0.0,0.0,1.0,4,0.0,0.0,,,589253
2023-03-10 00:00:00,00000007180,20230310000000,0.0,0.0,0.012,0.0,0.0,0.0,1.0,4,0.0,0.0,,,589253
2023-03-10 01:00:00,00000007180,20230310010000,0.0,0.0,0.011,0.0,0.0,0.0,1.0,4,0.0,0.0,,,589253
2023-03-10 02:00:00,00000007180,20230310020000,0.0,0.0,0.012,0.0,0.0,0.0,1.0,4,0.0,0.0,,,589253
2023-03-10 03:00:00,00000007180,20230310030000,0.0,0.0,0.011,0.0,0.0,0.0,1.0,4,0.0,0.0,,,589253
2023-03-10 04:00:00,00000007180,20230310040000,0.0,0.0,0.011,0.0,0.0,0.0,1.0,4,0.0,0.0,,,589253
2023-03-10 05:00:00,00000007180,20230310050000,0.0,0.0,0.012,0.0,0.0,0.0,1.0,4,0.0,0.0,,,589253
2023-03-10 06:00:00,00000007180,20230310060000,0.0,0.0,0.011,0.0,0.0,0.0,1.0,4,0.0,0.0,,,589253
2023-03-10 07:00:00,00000007180,20230310070000,0.0,0.0,0.012,0.0,0.0,0.0,1.0,4,0.0,0.0,,,589253
2023-03-10 08:00:00,00000007180,20230310080000,0.0,0.0,0.011,0.0,0.0,0.0,1.0,4,0.0,0.0,,,589253
2023-03-10 09:00:00,00000007180,20230310090000,0.0,0.0,0.011,0.0,0.0,0.0,1.0,4,0.0,0.0,,,589253
2023-03-10 10:00:00,00000007180,20230310100000,0.0,0.0,0.011,0.0,0.0,0.0,1.0,4,0.0,0.0,,,589253
2023-03-10 11:00:00,00000007180,20230310110000,0.0,0.0,0.012,0.0,0.0,0.0,1.0,4,0.0,0.0,,,589253
2023-03-10 12:00:00,00000007180,20230310120000,0.0,0.0,0.011,0.0,0.0,0.0,1.0,4,0.0,0.0,,,589253
2023-03-10 13:00:00,00000007180,20230310130000,0.0,0.0,0.012,0.0,0.0,0.0,1.0,4,0.0,0.0,,,589253
2023-03-10 14:00:00,00000007180,20230310140000,0.0,0.0,0.011,0.0,0.0,0.0,1.0,4,0.0,0.0,,,589253
2023-03-10 15:00:00,00000007180,20230310150000,0.0,0.0,0.012,0.0,0.0,0.0,1.0,4,0.0,0.0,,,589253
2023-03-10 16:00:00,00000007180,20230310160000,0.0,0.0,0.011,0.0,0.0,0.0,1.0,4,0.0,0.0,,,589253
2023-03-10 17:00:00,00000007180,20230310170000,0.0,0.0,0.012,0.0,0.0,0.0,1.0,4,0.0,0.0,,,589253
2023-03-10 18:00:00,00000007180,20230310180000,0.0,0.0,0.011,0.0,0.0,0.0,1.0,4,0.0,0.0,,,589253
2023-03-10 19:00:00,00000007180,20230310190000,0.0,0.0,0.011,0.0,0.0,0.0,1.0,4,0.0,0.0,,,589253
2023-03-10 20:00:00,00000007180,20230310200000,0.0,0.0,0.01,0.0,0.0,0.0,1.0,4,0.0,0.0,,,589253
2023-03-10 21:00:00,00000007180,20230310210000,0.0,0.0,0.011,0.0,0.0,0.0,1.0,4,0.0,0.0,,,589253
2023-03-10 22:00:00,00000007180,20230310220000,0.0,0.0,0.011,0.0,0.0,0.0,1.0,4,0.0,0.0,,,589253
2023-03-10 23:00:00,00000007180,20230310230000,0.0,0.0,0.012,0.0,0.0,0.0,1.0,4,0.0,0.0,,,589253
2023-03-11 00:00:00,00000007180,20230311000000,0.0,0.0,0.011,0.0,0.0,0.0,1.0,4,0.0,0.0,,,589253
2023-03-11 01:00:00,00000007180,20230311010000,0.0,0.0,0.011,0.0,0.0,0.0,1.0,4,0.0,0.0,,,589253
2023-03-11 02:00:00,00000007180,20230311020000,0.0,0.0,0.011,0.0,0.0,0.0,1.0,4,0.0,0.0,,,589253
2023-03-11 03:00:00,00000007180,20230311030000,0.0,0.0,0.012,0.0,0.0,0.0,1.0,4,0.0,0.0,,,589253
2023-03-11 04:00:00,00000007180,20230311040000,0.0,0.0,0.012,0.0,0.0,0.0,1.0,4,0.0,0.0,,,589253
2023-03-11 05:00:00,00000007180,20230311050000,0.0,0.0,0.004667,0.0,0.0,0.0,1.0,4,0.0,0.0,,,589253
2023-03-11 06:00:00,00000007180,20230311060000,0.0,0.0,0.008333,0.0,0.0,0.0,1.0,4,0.0,0.0,,,589253
2023-03-11 07:00:00,00000007180,20230311070000,0.0,0.0,0.01,0.0,0.0,0.0,1.0,4,0.0,0.0,,,589253
2023-03-11 08:00:00,00000007180,20230311080000,0.0,0.0,0.011,0.0,0.0,0.0,1.0,4,0.0,0.0,,,589253
2023-03-11 09:00:00,00000007180,20230311090000,0.0,0.0,0.01,0.0,0.0,0.0,1.0,4,0.0,0.0,,,589253
2023-03-11 10:00:00,00000007180,20230311100000,0.0,0.0,0.01,0.0,0.0,0.0,1.0,4,0.0,0.0,,,589253
2023-03-11 11:00:00,00000007180,20230311110000,0.0,0.0,0.009,0.0,0.0,0.0,1.0,4,0.0,0.0,,,589253
2023-03-11 12:00:00,00000007180,20230311120000,0.0,0.0,0.001,0.0,0.0,0.0,1.0,4,0.0,0.0,,,589253
2023-03-11 13:00:00,00000007180,20230311130000,0.0,0.0,0.01,0.0,0.0,0.0,1.0,4,0.0,0.0,,,589253
2023-03-11 14:00:00,00000007180,20230311140000,0.0,0.0,0.01,0.0,0.0,0.0,1.0,4,0.0,0.0,,,589253
2023-03-11 15:00:00,00000007180,20230311150000,0.0,0.0,0.01,0.0,0.0,0.0,1.0,4,0.0,0.0,,,589253
2023-03-11 16:00:00,00000007180,20230311160000,0.0,0.0,0.01,0.0,0.0,0.0,1.0,4,0.0,0.0,,,589253
2023-03-11 17:00:00,00000007180,20230311170000,0.0,0.0,0.011,0.0,0.0,0.0,1.0,4,0.0,0.0,,,589253
2023-03-11 18:00:00,00000007180,20230311180000,0.0,0.0,0.01,0.0,0.0,0.0,1.0,4,0.0,0.0,,,589253
2023-03-11 19:00:00,00000007180,20230311190000,0.0,0.0,0.009,0.0,0.0,0.0,1.0,4,0.0,0.0,,,589253
2023-03-11 20:00:00,00000007180,20230311200000,0.0,0.0,0.01,0.0,0.0,0.0,1.0,4,0.0,0.0,,,589253
2023-03-11 21:00:00,00000007180,20230311210000,0.0,0.0,0.01,0.0,0.0,0.0,1.0,4,0.0,0.0,,,589253
2023-03-11 22:00:00,00000007180,20230311220000,0.0,0.0,0.011,0.0,0.0,0.0,1.0,4,0.0,0.0,,,589253
2023-03-11 23:00:00,00000007180,20230311230000,0.0,0.0,0.009,0.0,0.0,0.0,1.0,4,0.0,0.0,,,589253
2023-03-12 00:00:00,00000007180,20230312000000,0.0,0.0,0.01,0.0,0.0,0.0,1.0,4,0.0,0.0,,,589253
2023-03-12 01:00:00,00000007180,20230312010000,0.0,0.0,0.011,0.0,0.0,0.0,1.0,4,0.0,0.0,,,589253
2023-03-12 02:00:00,00000007180,20230312020000,0.0,0.0,0.011,0.0,0.0,0.0,1.0,4,0.0,0.0,,,589253
2023-03-12 03:00:00,00000007180,20230312030000,0.0,0.0,0.01,0.0,0.0,0.0,1.0,4,0.0,0.0,,,589253
2023-03-12 04:00:00,00000007180,20230312040000,0.0,0.0,0.011,0.0,0.0,0.0,1.0,4,0.0,0.0,,,589253
2023-03-12 05:00:00,00000007180,20230312050000,0.0,0.0,0.01,0.0,0.0,0.0,1.0,4,0.0,0.0,,,589253
2023-03-12 06:00:00,00000007180,20230312060000,0.0,0.0,0.011,0.0,0.0,0.0,1.0,4,0.0,0.0,,,589253
2023-03-12 07:00:00,00000007180,20230312070000,0.0,0.0,0.01,0.0,0.0,0.0,1.0,4,0.0,0.0,,,589253
2023-03-12 08:00:00,00000007180,20230312080000,0.0,0.0,0.011,0.0,0.0,0.0,1.0,4,0.0,0.0,,,589253
2023-03-12 09:00:00,00000007180,20230312090000,0.0,0.0,0.01,0.0,0.0,0.0,1.0,4,0.0,0.0,,,589253
2023-03-12 10:00:00,00000007180,20230312100000,0.0,0.0,0.01,0.0,0.0,0.0,1.0,4,0.0,0.0,,,589253
2023-03-12 11:00:00,00000007180,20230312110000,0.0,0.0,0.01,0.0,0.0,0.0,1.0,4,0.0,0.0,,,589253
2023-03-12 12:00:00,00000007180,20230312120000,0.0,0.0,0.011,0.0,0.0,0.0,1.0,4,0.0,0.0,,,589253
2023-03-12 13:00:00,00000007180,20230312130000,0.0,0.0,0.01,0.0,0.0,0.0,1.0,4,0.0,0.0,,,589253
2023-03-12 14:00:00,00000007180,20230312140000,0.0,0.0,0.01,0.0,0.0,0.0,1.0,4,0.0,0.0,,,589253
2023-03-12 15:00:00,00000007180,20230312150000,0.0,0.0,0.011,0.0,0.0,0.0,1.0,4,0.0,0.0,,,589253
2023-03-12 16:00:00,00000007180,20230312160000,0.0,0.0,0.01,0.0,0.0,0.0,1.0,4,0.0,0.0,,,589253
2023-03-12 17:00:00,00000007180,20230312170000,0.0,0.0,0.01,0.0,0.0,0.0,1.0,4,0.0,0.0,,,589253
2023-03-12 18:00:00,00000007180,20230312180000,0.0,0.0,0.01,0.0,0.0,0.0,1.0,4,0.0,0.0,,,589253
2023-03-12 19:00:00,00000007180,20230312190000,0.0,0.0,0.01,0.0,0.0,0.0,1.0,4,0.0,0.0,,,589253
2023-03-12 20:00:00,00000007180,20230312200000,0.0,0.0,0.01,0.0,0.0,0.0,1.0,4,0.0,0.0,,,589253
2023-03-12 21:00:00,00000007180,20230312210000,0.0,0.0,0.01,0.0,0.0,0.0,1.0,4,0.0,0.0,,,589253
2023-03-12 22:00:00,00000007180,20230312220000,0.0,0.0,0.01,0.0,0.0,0.0,1.0,4,0.0,0.0,,,589253
2023-03-12 23:00:00,00000007180,20230312230000,0.0,0.0,0.011,0.0,0.0,0.0,1.0,4,0.0,0.0,,,589253
2023-03-13 00:00:00,00000007180,20230313000000,0.0,0.0,0.01,0.0,0.0,0.0,1.0,4,0.0,0.0,,,589253
2023-03-13 01:00:00,00000007180,20230313010000,0.0,0.0,0.012,0.0,0.0,0.0,1.0,4,0.0,0.0,,,589253
2023-03-13 02:00:00,00000007180,20230313020000,0.0,0.0,0.011,0.0,0.0,0.0,1.0,4,0.0,0.0,,,589253
2023-03-13 03:00:00,00000007180,20230313030000,0.0,0.0,0.012,0.0,0.0,0.0,1.0,4,0.0,0.0,,,589253
2023-03-13 04:00:00,00000007180,20230313040000,0.0,0.0,0.012,0.0,0.0,0.0,1.0,4,0.0,0.0,,,589253
2023-03-13 05:00:00,00000007180,20230313050000,0.0,0.0,0.011,0.0,0.0,0.0,1.0,4,0.0,0.0,,,589253
2023-03-13 06:00:00,00000007180,20230313060000,0.0,0.0,0.012,0.0,0.0,0.0,1.0,4,0.0,0.0,,,589253
2023-03-13 07:00:00,00000007180,20230313070000,0.0,0.0,0.011,0.0,0.0,0.0,1.0,4,0.0,0.0,,,589253
2023-03-13 08:00:00,00000007180,20230313080000,0.0,0.0,0.011,0.0,0.0,0.0,1.0,4,0.0,0.0,,,589253
2023-03-13 09:00:00,00000007180,20230313090000,0.0,0.0,0.011,0.0,0.0,0.0,1.0,4,0.0,0.0,,,589253
2023-03-13 10:00:00,00000007180,20230313100000,0.0,0.0,0.011,0.0,0.0,0.0,1.0,4,0.0,0.0,,,589253
2023-03-13 11:00:00,00000007180,20230313110000,0.0,0.0,0.011,0.0,0.0,0.0,1.0,4,0.0,0.0,,,589253
2023-03-13 12:00:00,00000007180,20230313120000,0.0,0.0,0.011,0.0,0.0,0.0,1.0,4,0.0,0.0,,,589253
2023-03-13 13:00:00,00000007180,20230313130000,0.0,0.0,0.011,0.0,0.0,0.0,1.0,4,0.0,0.0,,,589253
2023-03-13 14:00:00,00000007180,20230313140000,0.0,0.0,0.012,0.0,0.0,0.0,1.0,4,0.0,0.0,,,589253
2023-03-13 15:00:00,00000007180,20230313150000,0.0,0.0,0.011,0.0,0.0,0.0,1.0,4,0.0,0.0,,,589253
2023-03-13 16:00:00,00000007180,20230313160000,0.0,0.0,0.011,0.0,0.0,0.0,1.0,4,0.0,0.0,,,589253
2023-03-13 17:00:00,00000007180,20230313170000,0.0,0.0,0.012,0.0,0.0,0.0,1.0,4,0.0,0.0,,,589253
2023-03-13 18:00:00,00000007180,20230313180000,0.0,0.0,0.011,0.0,0.0,0.0,1.0,4,0.0,0.0,,,589253
2023-03-13 19:00:00,00000007180,20230313190000,0.0,0.0,0.011,0.0,0.0,0.0,1.0,4,0.0,0.0,,,589253
2023-03-13 20:00:00,00000007180,20230313200000,0.0,0.0,0.008,0.0,0.0,0.0,1.0,4,0.0,0.0,,,589253
2023-03-13 21:00:00,00000007180,20230313210000,0.0,0.0,0.01,0.0,0.0,0.0,1.0,4,0.0,0.0,,,589253
2023-03-13 22:00:00,00000007180,20230313220000,0.0,0.0,0.01,0.0,0.0,0.0,1.0,4,0.0,0.0,,,589253
2023-03-13 23:00:00,00000007180,20230313230000,0.0,0.0,0.01,0.0,0.0,0.0,1.0,4,0.0,0.0,,,589253
2023-03-14 00:00:00,00000007180,20230314000000,0.0,0.0,0.01,0.0,0.0,0.0,1.0,4,0.0,0.0,,,589253
2023-03-14 01:00:00,00000007180,20230314010000,0.0,0.0,0.011,0.0,0.0,0.0,1.0,4,0.0,0.0,,,589253
2023-03-14 02:00:00,00000007180,20230314020000,0.0,0.0,0.01,0.0,0.0,0.0,1.0,4,0.0,0.0,,,589253
2023-03-14 03:00:00,00000007180,20230314030000,0.0,0.0,0.01,0.0,0.0,0.0,1.0,4,0.0,0.0,,,589253
2023-03-14 04:00:00,00000007180,20230314040000,0.0,0.0,0.01,0.0,0.0,0.0,1.0,4,0.0,0.0,,,589253
2023-03-14 05:00:00,00000007180,20230314050000,0.0,0.0,0.011,0.0,0.0,0.0,1.0,4,0.0,0.0,,,589253
2023-03-14 06:00:00,00000007180,20230314060000,0.0,0.0,0.01,0.0,0.0,0.0,1.0,4,0.0,0.0,,,589253
2023-03-14 07:00:00,00000007180,20230314070000,0.0,0.0,0.01,0.0,0.0,0.0,1.0,4,0.0,0.0,,,589253
2023-03-14 08:00:00,00000007180,20230314080000,0.0,0.0,0.01,0.0,0.0,0.0,1.0,4,0.0,0.0,,,589253
2023-03-14 09:00:00,00000007180,20230314090000,0.0,0.0,0.01,0.0,0.0,0.0,1.0,4,0.0,0.0,,,589253
2023-03-14 10:00:00,00000007180,20230314100000,0.0,0.0,0.01,0.0,0.0,0.0,1.0,4,0.0,0.0,,,589253
2023-03-14 11:00:00,00000007180,20230314110000,0.0,0.0,0.01,0.0,0.0,0.0,1.0,4,0.0,0.0,,,589253
2023-03-14 12:00:00,00000007180,20230314120000,0.0,0.0,0.01,0.0,0.0,0.0,1.0,4,0.0,0.0,,,589253
2023-03-14 13:00:00,00000007180,20230314130000,0.0,0.0,0.01,0.0,0.0,0.0,1.0,4,0.0,0.0,,,589253
2023-03-14 14:00:00,00000007180,20230314140000,0.0,0.0,0.01,0.0,0.0,0.0,1.0,4,0.0,0.0,,,589253
2023-03-14 15:00:00,00000007180,20230314150000,0.0,0.0,0.01,0.0,0.0,0.0,1.0,4,0.0,0.0,,,589253
2023-03-14 16:00:00,00000007180,20230314160000,0.0,0.0,0.01,0.0,0.0,0.0,1.0,4,0.0,0.0,,,589253
2023-03-14 17:00:00,00000007180,20230314170000,0.0,0.0,0.01,0.0,0.0,0.0,1.0,4,0.0,0.0,,,589253
2023-03-14 18:00:00,00000007180,20230314180000,0.0,0.0,0.01,0.0,0.0,0.0,1.0,4,0.0,0.0,,,589253
2023-03-14 19:00:00,00000007180,20230314190000,0.0,0.0,0.01,0.0,0.0,0.0,1.0,4,0.0,0.0,,,589253
2023-03-14 20:00:00,00000007180,20230314200000,0.0,0.0,0.009,0.0,0.0,0.0,1.0,4,0.0,0.0,,,589253
2023-03-14 21:00:00,00000007180,20230314210000,0.0,0.0,0.01,0.0,0.0,0.0,1.0,4,0.0,0.0,,,589253
2023-03-14 22:00:00,00000007180,20230314220000,0.0,0.0,0.009,0.0,0.0,0.0,1.0,4,0.0,0.0,,,589253
2023-03-14 23:00:00,00000007180,20230314230000,0.0,0.0,0.011,0.0,0.0,0.0,1.0,4,0.0,0.0,,,589253
2023-03-15 00:00:00,00000007180,20230315000000,0.0,0.0,0.01,0.0,0.0,0.0,1.0,4,0.0,0.0,,,589253
2023-03-15 01:00:00,00000007180,20230315010000,0.0,0.0,0.01,0.0,0.0,0.0,1.0,4,0.0,0.0,,,589253
2023-03-15 02:00:00,00000007180,20230315020000,0.0,0.0,0.01,0.0,0.0,0.0,1.0,4,0.0,0.0,,,589253
2023-03-15 03:00:00,00000007180,20230315030000,0.0,0.0,0.011,0.0,0.0,0.0,1.0,4,0.0,0.0,,,589253
2023-03-15 04:00:00,00000007180,20230315040000,0.0,0.0,0.01,0.0,0.0,0.0,1.0,4,0.0,0.0,,,589253
2023-03-15 05:00:00,00000007180,20230315050000,0.0,0.0,0.01,0.0,0.0,0.0,1.0,4,0.0,0.0,,,589253
2023-03-15 06:00:00,00000007180,20230315060000,0.0,0.0,0.01,0.0,0.0,0.0,1.0,4,0.0,0.0,,,589253
2023-03-15 07:00:00,00000007180,20230315070000,0.0,0.0,0.01,0.0,0.0,0.0,1.0,4,0.0,0.0,,,589253
2023-03-15 08:00:00,00000007180,20230315080000,0.0,0.0,0.011,0.0,0.0,0.0,1.0,4,0.0,0.0,,,589253
2023-03-15 09:00:00,00000007180,20230315090000,0.0,0.0,0.01,0.0,0.0,0.0,1.0,4,0.0,0.0,,,589253
2023-03-15 10:00:00,00000007180,20230315100000,0.0,0.0,0.01,0.0,0.0,0.0,1.0,4,0.0,0.0,,,589253
2023-03-15 11:00:00,00000007180,20230315110000,0.0,0.0,0.01,0.0,0.0,0.0,1.0,4,0.0,0.0,,,589253
2023-03-15 12:00:00,00000007180,20230315120000,0.0,0.0,0.01,0.0,0.0,0.0,1.0,4,0.0,0.0,,,589253
2023-03-15 13:00:00,00000007180,20230315130000,0.0,0.0,0.01,0.0,0.0,0.0,1.0,4,0.0,0.0,,,589253
2023-03-15 14:00:00,00000007180,20230315140000,0.0,0.0,0.01,0.0,0.0,0.0,1.0,4,0.0,0.0,,,589253
2023-03-15 15:00:00,00000007180,20230315150000,0.0,0.0,0.01,0.0,0.0,0.0,1.0,4,0.0,0.0,,,589253
2023-03-15 16:00:00,00000007180,20230315160000,0.0,0.0,0.01,0.0,0.0,0.0,1.0,4,0.0,0.0,,,589253
2023-03-15 17:00:00,00000007180,20230315170000,0.0,0.0,0.01,0.0,0.0,0.0,1.0,4,0.0,0.0,,,589253
2023-03-15 18:00:00,00000007180,20230315180000,0.0,0.0,0.009,0.0,0.0,0.0,1.0,4,0.0,0.0,,,589253
2023-03-15 19:00:00,00000007180,20230315190000,0.0,0.0,0.01,0.0,0.0,0.0,1.0,4,0.0,0.0,,,589253
2023-03-15 20:00:00,00000007180,20230315200000,0.0,0.0,0.009,0.0,0.0,0.0,1.0,4,0.0,0.0,,,589253
2023-03-15 21:00:00,00000007180,20230315210000,0.0,0.0,0.01,0.0,0.0,0.0,1.0,4,0.0,0.0,,,589253
2023-03-15 22:00:00,00000007180,20230315220000,0.0,0.0,0.01,0.0,0.0,0.0,1.0,4,0.0,0.0,,,589253
2023-03-15 23:00:00,00000007180,20230315230000,0.0,0.0,0.009,0.0,0.0,0.0,1.0,4,0.0,0.0,,,589253
2023-03-16 00:00:00,00000007180,20230316000000,0.0,0.0,0.01,0.0,0.0,0.0,1.0,4,0.0,0.0,,,589253
2023-03-16 01:00:00,00000007180,20230316010000,0.0,0.0,0.01,0.0,0.0,0.0,1.0,4,0.0,0.0,,,589253
2023-03-16 02:00:00,00000007180,20230316020000,0.0,0.0,0.011,0.0,0.0,0.0,1.0,4,0.0,0.0,,,589253
2023-03-16 03:00:00,00000007180,20230316030000,0.0,0.0,0.01,0.0,0.0,0.0,1.0,4,0.0,0.0,,,589253
2023-03-16 04:00:00,00000007180,20230316040000,0.0,0.0,0.011,0.0,0.0,0.0,1.0,4,0.0,0.0,,,589253
2023-03-16 05:00:00,00000007180,20230316050000,0.0,0.0,0.01,0.0,0.0,0.0,1.0,4,0.0,0.0,,,589253
2023-03-16 06:00:00,00000007180,20230316060000,0.0,0.0,0.01,0.0,0.0,0.0,1.0,4,0.0,0.0,,,589253
2023-03-16 07:00:00,00000007180,20230316070000,0.0,0.0,0.01,0.0,0.0,0.0,1.0,4,0.0,0.0,,,589253
2023-03-16 08:00:00,00000007180,20230316080000,0.0,0.0,0.01,0.0,0.0,0.0,1.0,4,0.0,0.0,,,589253
2023-03-16 09:00:00,00000007180,20230316090000,0.0,0.0,0.01,0.0,0.0,0.0,1.0,4,0.0,0.0,,,589253
2023-03-16 10:00:00,00000007180,20230316100000,0.0,0.0,0.01,0.0,0.0,0.0,1.0,4,0.0,0.0,,,589253
2023-03-16 11:00:00,00000007180,20230316110000,0.0,0.0,0.011,0.0,0.0,0.0,1.0,4,0.0,0.0,,,589253
2023-03-16 12:00:00,00000007180,20230316120000,0.0,0.0,0.01,0.0,0.0,0.0,1.0,4,0.0,0.0,,,589253
2023-03-16 13:00:00,00000007180,20230316130000,0.0,0.0,0.01,0.0,0.0,0.0,1.0,4,0.0,0.0,,,589253
2023-03-16 14:00:00,00000007180,20230316140000,0.0,0.0,0.01,0.0,0.0,0.0,1.0,4,0.0,0.0,,,589253
2023-03-16 15:00:00,00000007180,20230316150000,0.0,0.0,0.01,0.0,0.0,0.0,1.0,4,0.0,0.0,,,589253
2023-03-16 16:00:00,00000007180,20230316160000,0.0,0.0,0.01,0.0,0.0,0.0,1.0,4,0.0,0.0,,,589253
2023-03-16 17:00:00,00000007180,20230316170000,0.0,0.0,0.01,0.0,0.0,0.0,1.0,4,0.0,0.0,,,589253
2023-03-16 18:00:00,00000007180,20230316180000,0.0,0.0,0.01,0.0,0.0,0.0,1.0,4,0.0,0.0,,,589253
2023-03-16 19:00:00,00000007180,20230316190000,0.0,0.0,0.009,0.0,0.0,0.0,1.0,4,0.0,0.0,,,589253
2023-03-16 20:00:00,00000007180,20230316200000,0.0,0.0,0.009,0.0,0.0,0.0,1.0,4,0.0,0.0,,,589253
2023-03-16 21:00:00,00000007180,20230316210000,0.0,0.0,0.009,0.0,0.0,0.0,1.0,4,0.0,0.0,,,589253
2023-03-16 22:00:00,00000007180,20230316220000,0.0,0.0,0.01,0.0,0.0,0.0,1.0,4,0.0,0.0,,,589253
2023-03-16 23:00:00,00000007180,20230316230000,0.0,0.0,0.01,0.0,0.0,0.0,1.0,4,0.0,0.0,,,589253
2023-03-17 00:00:00,00000007180,20230317000000,0.0,0.0,0.01,0.0,0.0,0.0,1.0,4,0.0,0.0,,,589253
2023-03-17 01:00:00,00000007180,20230317010000,0.0,0.0,0.01,0.0,0.0,0.0,1.0,4,0.0,0.0,,,589253
2023-03-17 02:00:00,00000007180,20230317020000,0.0,0.0,0.01,0.0,0.0,0.0,1.0,4,0.0,0.0,,,589253
2023-03-17 03:00:00,00000007180,20230317030000,0.0,0.0,0.011,0.0,0.0,0.0,1.0,4,0.0,0.0,,,589253
2023-03-17 04:00:00,00000007180,20230317040000,0.0,0.0,0.01,0.0,0.0,0.0,1.0,4,0.0,0.0,,,589253
2023-03-17 05:00:00,00000007180,20230317050000,0.0,0.0,0.01,0.0,0.0,0.0,1.0,4,0.0,0.0,,,589253
2023-03-17 06:00:00,00000007180,20230317060000,0.0,0.0,0.01,0.0,0.0,0.0,1.0,4,0.0,0.0,,,589253
2023-03-17 07:00:00,00000007180,20230317070000,0.0,0.0,0.01,0.0,0.0,0.0,1.0,4,0.0,0.0,,,589253
2023-03-17 08:00:00,00000007180,20230317080000,0.0,0.0,0.01,0.0,0.0,0.0,1.0,4,0.0,0.0,,,589253
2023-03-17 09:00:00,00000007180,20230317090000,0.0,0.0,0.01,0.0,0.0,0.0,1.0,4,0.0,0.0,,,589253
2023-03-17 10:00:00,00000007180,20230317100000,0.0,0.0,0.003,0.0,0.0,0.0,1.0,4,0.0,0.0,,,589253
2023-03-17 11:00:00,00000007180,20230317110000,0.0,0.0,0.0,0.0,0.0,0.0,1.0,4,0.0,0.0,,,589253
2023-03-17 12:00:00,00000007180,20230317120000,0.0,0.0,0.0,0.0,0.0,0.0,1.0,4,0.0,0.0,,,589253
2023-03-17 13:00:00,00000007180,20230317130000,0.0,0.0,0.006,0.0,0.0,0.0,1.0,4,0.0,0.0,,,589253
2023-03-17 14:00:00,00000007180,20230317140000,0.0,0.0,0.01,0.0,0.0,0.0,1.0,4,0.0,0.0,,,589253
2023-03-17 15:00:00,00000007180,20230317150000,0.0,0.0,0.011,0.0,0.0,0.0,1.0,4,0.0,0.0,,,589253
2023-03-17 16:00:00,00000007180,20230317160000,0.0,0.0,0.011,0.0,0.0,0.0,1.0,4,0.0,0.0,,,589253
2023-03-17 17:00:00,00000007180,20230317170000,0.0,0.0,0.011,0.0,0.0,0.0,1.0,4,0.0,0.0,,,589253
2023-03-17 18:00:00,00000007180,20230317180000,0.0,0.0,0.011,0.0,0.0,0.0,1.0,4,0.0,0.0,,,589253
2023-03-17 19:00:00,00000007180,20230317190000,0.0,0.0,0.011,0.0,0.0,0.0,1.0,4,0.0,0.0,,,589253
2023-03-17 20:00:00,00000007180,20230317200000,0.0,0.0,0.01,0.0,0.0,0.0,1.0,4,0.0,0.0,,,589253
2023-03-17 21:00:00,00000007180,20230317210000,0.0,0.0,0.011,0.0,0.0,0.0,1.0,4,0.0,0.0,,,589253
2023-03-17 22:00:00,00000007180,20230317220000,0.0,0.0,0.011,0.0,0.0,0.0,1.0,4,0.0,0.0,,,589253
2023-03-17 23:00:00,00000007180,20230317230000,0.0,0.0,0.01,0.0,0.0,0.0,1.0,4,0.0,0.0,,,589253
2023-03-18 00:00:00,00000007180,20230318000000,0.0,0.0,0.011,0.0,0.0,0.0,1.0,4,0.0,0.0,,,589253
2023-03-18 01:00:00,00000007180,20230318010000,0.0,0.0,0.011,0.0,0.0,0.0,1.0,4,0.0,0.0,,,589253
2023-03-18 02:00:00,00000007180,20230318020000,0.0,0.0,0.011,0.0,0.0,0.0,1.0,4,0.0,0.0,,,589253
2023-03-18 03:00:00,00000007180,20230318030000,0.0,0.0,0.012,0.0,0.0,0.0,1.0,4,0.0,0.0,,,589253
2023-03-18 04:00:00,00000007180,20230318040000,0.0,0.0,0.011,0.0,0.0,0.0,1.0,4,0.0,0.0,,,589253
2023-03-18 05:00:00,00000007180,20230318050000,0.0,0.0,0.011,0.0,0.0,0.0,1.0,4,0.0,0.0,,,589253
2023-03-18 06:00:00,00000007180,20230318060000,0.0,0.0,0.011,0.0,0.0,0.0,1.0,4,0.0,0.0,,,589253
2023-03-18 07:00:00,00000007180,20230318070000,0.0,0.0,0.012,0.0,0.0,0.0,1.0,4,0.0,0.0,,,589253
2023-03-18 08:00:00,00000007180,20230318080000,0.0,0.0,0.011,0.0,0.0,0.0,1.0,4,0.0,0.0,,,589253
2023-03-18 09:00:00,00000007180,20230318090000,0.0,0.0,0.011,0.0,0.0,0.0,1.0,4,0.0,0.0,,,589253
2023-03-18 10:00:00,00000007180,20230318100000,0.0,0.0,0.011,0.0,0.0,0.0,1.0,4,0.0,0.0,,,589253
2023-03-18 11:00:00,00000007180,20230318110000,0.0,0.0,0.011,0.0,0.0,0.0,1.0,4,0.0,0.0,,,589253
2023-03-18 12:00:00,00000007180,20230318120000,0.0,0.0,0.011,0.0,0.0,0.0,1.0,4,0.0,0.0,,,589253
2023-03-18 13:00:00,00000007180,20230318130000,0.0,0.0,0.012,0.0,0.0,0.0,1.0,4,0.0,0.0,,,589253
2023-03-18 14:00:00,00000007180,20230318140000,0.0,0.0,0.011,0.0,0.0,0.0,1.0,4,0.0,0.0,,,589253
2023-03-18 15:00:00,00000007180,20230318150000,0.0,0.0,0.011,0.0,0.0,0.0,1.0,4,0.0,0.0,,,589253
2023-03-18 16:00:00,00000007180,20230318160000,0.0,0.0,0.011,0.0,0.0,0.0,1.0,4,0.0,0.0,,,589253
2023-03-18 17:00:00,00000007180,20230318170000,0.0,0.0,0.011,0.0,0.0,0.0,1.0,4,0.0,0.0,,,589253
2023-03-18 18:00:00,00000007180,20230318180000,0.0,0.0,0.011,0.0,0.0,0.0,1.0,4,0.0,0.0,,,589253
2023-03-18 19:00:00,00000007180,20230318190000,0.0,0.0,0.011,0.0,0.0,0.0,1.0,4,0.0,0.0,,,589253
2023-03-18 20:00:00,00000007180,20230318200000,0.0,0.0,0.01,0.0,0.0,0.0,1.0,4,0.0,0.0,,,589253
2023-03-18 21:00:00,00000007180,20230318210000,0.0,0.0,0.011,0.0,0.0,0.0,1.0,4,0.0,0.0,,,589253
2023-03-18 22:00:00,00000007180,20230318220000,0.0,0.0,0.01,0.0,0.0,0.0,1.0,4,0.0,0.0,,,589253
2023-03-18 23:00:00,00000007180,20230318230000,0.0,0.0,0.011,0.0,0.0,0.0,1.0,4,0.0,0.0,,,589253
2023-03-19 00:00:00,00000007180,20230319000000,0.0,0.0,0.011,0.0,0.0,0.0,1.0,4,0.0,0.0,,,589253
2023-03-19 01:00:00,00000007180,20230319010000,0.0,0.0,0.011,0.0,0.0,0.0,1.0,4,0.0,0.0,,,589253
2023-03-19 02:00:00,00000007180,20230319020000,0.0,0.0,0.012,0.0,0.0,0.0,1.0,4,0.0,0.0,,,589253
2023-03-19 03:00:00,00000007180,20230319030000,0.0,0.0,0.011,0.0,0.0,0.0,1.0,4,0.0,0.0,,,589253
2023-03-19 04:00:00,00000007180,20230319040000,0.0,0.0,0.011,0.0,0.0,0.0,1.0,4,0.0,0.0,,,589253
2023-03-19 05:00:00,00000007180,20230319050000,0.0,0.0,0.011,0.0,0.0,0.0,1.0,4,0.0,0.0,,,589253
2023-03-19 06:00:00,00000007180,20230319060000,0.0,0.0,0.011,0.0,0.0,0.0,1.0,4,0.0,0.0,,,589253
2023-03-19 07:00:00,00000007180,20230319070000,0.0,0.0,0.011,0.0,0.0,0.0,1.0,4,0.0,0.0,,,589253
2023-03-19 08:00:00,00000007180,20230319080000,0.0,0.0,0.012,0.0,0.0,0.0,1.0,4,0.0,0.0,,,589253
2023-03-19 09:00:00,00000007180,20230319090000,0.0,0.0,0.011,0.0,0.0,0.0,1.0,4,0.0,0.0,,,589253
2023-03-19 10:00:00,00000007180,20230319100000,0.0,0.0,0.011,0.0,0.0,0.0,1.0,4,0.0,0.0,,,589253
2023-03-19 11:00:00,00000007180,20230319110000,0.0,0.0,0.01,0.0,0.0,0.0,1.0,4,0.0,0.0,,,589253
2023-03-19 12:00:00,00000007180,20230319120000,0.0,0.0,0.011,0.0,0.0,0.0,1.0,4,0.0,0.0,,,589253
2023-03-19 13:00:00,00000007180,20230319130000,0.0,0.0,0.011,0.0,0.0,0.0,1.0,4,0.0,0.0,,,589253
2023-03-19 14:00:00,00000007180,20230319140000,0.0,0.0,0.011,0.0,0.0,0.0,1.0,4,0.0,0.0,,,589253
2023-03-19 15:00:00,00000007180,20230319150000,0.0,0.0,0.011,0.0,0.0,0.0,1.0,4,0.0,0.0,,,589253
2023-03-19 16:00:00,00000007180,20230319160000,0.0,0.0,0.011,0.0,0.0,0.0,1.0,4,0.0,0.0,,,589253
2023-03-19 17:00:00,00000007180,20230319170000,0.0,0.0,0.012,0.0,0.0,0.0,1.0,4,0.0,0.0,,,589253
2023-03-19 18:00:00,00000007180,20230319180000,0.0,0.0,0.011,0.0,0.0,0.0,1.0,4,0.0,0.0,,,589253
2023-03-19 19:00:00,00000007180,20230319190000,0.0,0.0,0.01,0.0,0.0,0.0,1.0,4,0.0,0.0,,,589253
2023-03-19 20:00:00,00000007180,20230319200000,0.0,0.0,0.011,0.0,0.0,0.0,1.0,4,0.0,0.0,,,589253
2023-03-19 21:00:00,00000007180,20230319210000,0.0,0.0,0.01,0.0,0.0,0.0,1.0,4,0.0,0.0,,,589253
2023-03-19 22:00:00,00000007180,20230319220000,0.0,0.0,0.011,0.0,0.0,0.0,1.0,4,0.0,0.0,,,589253
2023-03-19 23:00:00,00000007180,20230319230000,0.0,0.0,0.01,0.0,0.0,0.0,1.0,4,0.0,0.0,,,589253
2023-03-20 00:00:00,00000007180,20230320000000,0.0,0.0,0.011,0.0,0.0,0.0,1.0,4,0.0,0.0,,,589253
2023-03-20 01:00:00,00000007180,20230320010000,0.0,0.0,0.011,0.0,0.0,0.0,1.0,4,0.0,0.0,,,589253
2023-03-20 02:00:00,00000007180,20230320020000,0.0,0.0,0.011,0.0,0.0,0.0,1.0,4,0.0,0.0,,,589253
2023-03-20 03:00:00,00000007180,20230320030000,0.0,0.0,0.012,0.0,0.0,0.0,1.0,4,0.0,0.0,,,589253
2023-03-20 04:00:00,00000007180,20230320040000,0.0,0.0,0.011,0.0,0.0,0.0,1.0,4,0.0,0.0,,,589253
2023-03-20 05:00:00,00000007180,20230320050000,0.0,0.0,0.011,0.0,0.0,0.0,1.0,4,0.0,0.0,,,589253
2023-03-20 06:00:00,00000007180,20230320060000,0.0,0.0,0.011,0.0,0.0,0.0,1.0,4,0.0,0.0,,,589253
2023-03-20 07:00:00,00000007180,20230320070000,0.0,0.0,0.011,0.0,0.0,0.0,1.0,4,0.0,0.0,,,589253
2023-03-20 08:00:00,00000007180,20230320080000,0.0,0.0,0.011,0.0,0.0,0.0,1.0,4,0.0,0.0,,,589253
2023-03-20 09:00:00,00000007180,20230320090000,0.0,0.0,0.011,0.0,0.0,0.0,1.0,4,0.0,0.0,,,589253
2023-03-20 10:00:00,00000007180,20230320100000,0.0,0.0,0.011,0.0,0.0,0.0,1.0,4,0.0,0.0,,,589253
2023-03-20 11:00:00,00000007180,20230320110000,0.0,0.0,0.011,0.0,0.0,0.0,1.0,4,0.0,0.0,,,589253
2023-03-20 12:00:00,00000007180,20230320120000,0.0,0.0,0.011,0.0,0.0,0.0,1.0,4,0.0,0.0,,,589253
2023-03-20 13:00:00,00000007180,20230320130000,0.0,0.0,0.012,0.0,0.0,0.0,1.0,4,0.0,0.0,,,589253
2023-03-20 14:00:00,00000007180,20230320140000,0.0,0.0,0.011,0.0,0.0,0.0,1.0,4,0.0,0.0,,,589253
2023-03-20 15:00:00,00000007180,20230320150000,0.0,0.0,0.011,0.0,0.0,0.0,1.0,4,0.0,0.0,,,589253
2023-03-20 16:00:00,00000007180,20230320160000,0.0,0.0,0.011,0.0,0.0,0.0,1.0,4,0.0,0.0,,,589253
2023-03-20 17:00:00,00000007180,20230320170000,0.0,0.0,0.012,0.0,0.0,0.0,1.0,4,0.0,0.0,,,589253
2023-03-20 18:00:00,00000007180,20230320180000,0.0,0.0,0.011,0.0,0.0,0.0,1.0,4,0.0,0.0,,,589253
2023-03-20 19:00:00,00000007180,20230320190000,0.0,0.0,0.011,0.0,0.0,0.0,1.0,4,0.0,0.0,,,589253
2023-03-20 20:00:00,00000007180,20230320200000,0.0,0.0,0.01,0.0,0.0,0.0,1.0,4,0.0,0.0,,,589253
2023-03-20 21:00:00,00000007180,20230320210000,0.0,0.0,0.011,0.0,0.0,0.0,1.0,4,0.0,0.0,,,589253
2023-03-20 22:00:00,00000007180,20230320220000,0.0,0.0,0.011,0.0,0.0,0.0,1.0,4,0.0,0.0,,,589253
2023-03-20 23:00:00,00000007180,20230320230000,0.0,0.0,0.011,0.0,0.0,0.0,1.0,4,0.0,0.0,,,589253
2023-03-21 00:00:00,00000007180,20230321000000,0.0,0.0,0.01,0.0,0.0,0.0,1.0,4,0.0,0.0,,,589253
2023-03-21 01:00:00,00000007180,20230321010000,0.0,0.0,0.012,0.0,0.0,0.0,1.0,4,0.0,0.0,,,589253
2023-03-21 02:00:00,00000007180,20230321020000,0.0,0.0,0.011,0.0,0.0,0.0,1.0,4,0.0,0.0,,,589253
2023-03-21 03:00:00,00000007180,20230321030000,0.0,0.0,0.011,0.0,0.0,0.0,1.0,4,0.0,0.0,,,589253
2023-03-21 04:00:00,00000007180,20230321040000,0.0,0.0,0.011,0.0,0.0,0.0,1.0,4,0.0,0.0,,,589253
2023-03-21 05:00:00,00000007180,20230321050000,0.0,0.0,0.012,0.0,0.0,0.0,1.0,4,0.0,0.0,,,589253
2023-03-21 06:00:00,00000007180,20230321060000,0.0,0.0,0.011,0.0,0.0,0.0,1.0,4,0.0,0.0,,,589253
2023-03-21 07:00:00,00000007180,20230321070000,0.0,0.0,0.011,0.0,0.0,0.0,1.0,4,0.0,0.0,,,589253
2023-03-21 08:00:00,00000007180,20230321080000,0.0,0.0,0.011,0.0,0.0,0.0,1.0,4,0.0,0.0,,,589253
2023-03-21 09:00:00,00000007180,20230321090000,0.0,0.0,0.011,0.0,0.0,0.0,1.0,4,0.0,0.0,,,589253
2023-03-21 10:00:00,00000007180,20230321100000,0.0,0.0,0.011,0.0,0.0,0.0,1.0,4,0.0,0.0,,,589253
2023-03-21 11:00:00,00000007180,20230321110000,0.0,0.0,0.012,0.0,0.0,0.0,1.0,4,0.0,0.0,,,589253
2023-03-21 12:00:00,00000007180,20230321120000,0.0,0.0,0.011,0.0,0.0,0.0,1.0,4,0.0,0.0,,,589253
2023-03-21 13:00:00,00000007180,20230321130000,0.0,0.0,0.011,0.0,0.0,0.0,1.0,4,0.0,0.0,,,589253
2023-03-21 14:00:00,00000007180,20230321140000,0.0,0.0,0.012,0.0,0.0,0.0,1.0,4,0.0,0.0,,,589253
2023-03-21 15:00:00,00000007180,20230321150000,0.0,0.0,0.011,0.0,0.0,0.0,1.0,4,0.0,0.0,,,589253
2023-03-21 16:00:00,00000007180,20230321160000,0.0,0.0,0.012,0.0,0.0,0.0,1.0,4,0.0,0.0,,,589253
2023-03-21 17:00:00,00000007180,20230321170000,0.0,0.0,0.011,0.0,0.0,0.0,1.0,4,0.0,0.0,,,589253
2023-03-21 18:00:00,00000007180,20230321180000,0.0,0.0,0.011,0.0,0.0,0.0,1.0,4,0.0,0.0,,,589253
2023-03-21 19:00:00,00000007180,20230321190000,0.0,0.0,0.011,0.0,0.0,0.0,1.0,4,0.0,0.0,,,589253
2023-03-21 20:00:00,00000007180,20230321200000,0.0,0.0,0.01,0.0,0.0,0.0,1.0,4,0.0,0.0,,,589253
2023-03-21 21:00:00,00000007180,20230321210000,0.0,0.0,0.011,0.0,0.0,0.0,1.0,4,0.0,0.0,,,589253
2023-03-21 22:00:00,00000007180,20230321220000,0.0,0.0,0.011,0.0,0.0,0.0,1.0,4,0.0,0.0,,,589253
2023-03-21 23:00:00,00000007180,20230321230000,0.0,0.0,0.01,0.0,0.0,0.0,1.0,4,0.0,0.0,,,589253
2023-03-22 00:00:00,00000007180,20230322000000,0.0,0.0,0.011,0.0,0.0,0.0,1.0,4,0.0,0.0,,,589253
2023-03-22 01:00:00,00000007180,20230322010000,0.0,0.0,0.011,0.0,0.0,0.0,1.0,4,0.0,0.0,,,589253
2023-03-22 02:00:00,00000007180,20230322020000,0.0,0.0,0.012,0.0,0.0,0.0,1.0,4,0.0,0.0,,,589253
2023-03-22 03:00:00,00000007180,20230322030000,0.0,0.0,0.011,0.0,0.0,0.0,1.0,4,0.0,0.0,,,589253
2023-03-22 04:00:00,00000007180,20230322040000,0.0,0.0,0.011,0.0,0.0,0.0,1.0,4,0.0,0.0,,,589253
2023-03-22 05:00:00,00000007180,20230322050000,0.0,0.0,0.012,0.0,0.0,0.0,1.0,4,0.0,0.0,,,589253
2023-03-22 06:00:00,00000007180,20230322060000,0.0,0.0,0.011,0.0,0.0,0.0,1.0,4,0.0,0.0,,,589253
2023-03-22 07:00:00,00000007180,20230322070000,0.0,0.0,0.011,0.0,0.0,0.0,1.0,4,0.0,0.0,,,589253
2023-03-22 08:00:00,00000007180,20230322080000,0.0,0.0,0.011,0.0,0.0,0.0,1.0,4,0.0,0.0,,,589253
2023-03-22 09:00:00,00000007180,20230322090000,0.0,0.0,0.011,0.0,0.0,0.0,1.0,4,0.0,0.0,,,589253
2023-03-22 10:00:00,00000007180,20230322100000,0.0,0.0,0.011,0.0,0.0,0.0,1.0,4,0.0,0.0,,,589253
2023-03-22 11:00:00,00000007180,20230322110000,0.0,0.0,0.012,0.0,0.0,0.0,1.0,4,0.0,0.0,,,589253
2023-03-22 12:00:00,00000007180,20230322120000,0.0,0.0,0.011,0.0,0.0,0.0,1.0,4,0.0,0.0,,,589253
2023-03-22 13:00:00,00000007180,20230322130000,0.0,0.0,0.011,0.0,0.0,0.0,1.0,4,0.0,0.0,,,589253
2023-03-22 14:00:00,00000007180,20230322140000,0.0,0.0,0.011,0.0,0.0,0.0,1.0,4,0.0,0.0,,,589253
2023-03-22 15:00:00,00000007180,20230322150000,0.0,0.0,0.011,0.0,0.0,0.0,1.0,4,0.0,0.0,,,589253
2023-03-22 16:00:00,00000007180,20230322160000,0.0,0.0,0.012,0.0,0.0,0.0,1.0,4,0.0,0.0,,,589253
2023-03-22 17:00:00,00000007180,20230322170000,0.0,0.0,0.011,0.0,0.0,0.0,1.0,4,0.0,0.0,,,589253
2023-03-22 18:00:00,00000007180,20230322180000,0.0,0.0,0.011,0.0,0.0,0.0,1.0,4,0.0,0.0,,,589253
2023-03-22 19:00:00,00000007180,20230322190000,0.0,0.0,0.011,0.0,0.0,0.0,1.0,4,0.0,0.0,,,589253
2023-03-22 20:00:00,00000007180,20230322200000,0.0,0.0,0.01,0.0,0.0,0.0,1.0,4,0.0,0.0,,,589253
2023-03-22 21:00:00,00000007180,20230322210000,0.0,0.0,0.011,0.0,0.0,0.0,1.0,4,0.0,0.0,,,589253
2023-03-22 22:00:00,00000007180,20230322220000,0.0,0.0,0.01,0.0,0.0,0.0,1.0,4,0.0,0.0,,,589253
2023-03-22 23:00:00,00000007180,20230322230000,0.0,0.0,0.011,0.0,0.0,0.0,1.0,4,0.0,0.0,,,589253
2023-03-23 00:00:00,00000007180,20230323000000,0.0,0.0,0.011,0.0,0.0,0.0,1.0,4,0.0,0.0,,,589253
2023-03-23 01:00:00,00000007180,20230323010000,0.0,0.0,0.011,0.0,0.0,0.0,1.0,4,0.0,0.0,,,589253
2023-03-23 02:00:00,00000007180,20230323020000,0.0,0.0,0.011,0.0,0.0,0.0,1.0,4,0.0,0.0,,,589253
2023-03-23 03:00:00,00000007180,20230323030000,0.0,0.0,0.011,0.0,0.0,0.0,1.0,4,0.0,0.0,,,589253
2023-03-23 04:00:00,00000007180,20230323040000,0.0,0.0,0.011,0.0,0.0,0.0,1.0,4,0.0,0.0,,,589253
2023-03-23 05:00:00,00000007180,20230323050000,0.0,0.0,0.011,0.0,0.0,0.0,1.0,4,0.0,0.0,,,589253
2023-03-23 06:00:00,00000007180,20230323060000,0.0,0.0,0.012,0.0,0.0,0.0,1.0,4,0.0,0.0,,,589253
2023-03-23 07:00:00,00000007180,20230323070000,0.0,0.0,0.011,0.0,0.0,0.0,1.0,4,0.0,0.0,,,589253
2023-03-23 08:00:00,00000007180,20230323080000,0.0,0.0,0.011,0.0,0.0,0.0,1.0,4,0.0,0.0,,,589253
2023-03-23 09:00:00,00000007180,20230323090000,0.0,0.0,0.011,0.0,0.0,0.0,1.0,4,0.0,0.0,,,589253
2023-03-23 10:00:00,00000007180,20230323100000,0.0,0.0,0.011,0.0,0.0,0.0,1.0,4,0.0,0.0,,,589253
2023-03-23 11:00:00,00000007180,20230323110000,0.0,0.0,0.012,0.0,0.0,0.0,1.0,4,0.0,0.0,,,589253
2023-03-23 12:00:00,00000007180,20230323120000,0.0,0.0,0.011,0.0,0.0,0.0,1.0,4,0.0,0.0,,,589253
2023-03-23 13:00:00,00000007180,20230323130000,0.0,0.0,0.011,0.0,0.0,0.0,1.0,4,0.0,0.0,,,589253
2023-03-23 14:00:00,00000007180,20230323140000,0.0,0.0,0.012,0.0,0.0,0.0,1.0,4,0.0,0.0,,,589253
2023-03-23 15:00:00,00000007180,20230323150000,0.0,0.0,0.011,0.0,0.0,0.0,1.0,4,0.0,0.0,,,589253
2023-03-23 16:00:00,00000007180,20230323160000,0.0,0.0,0.011,0.0,0.0,0.0,1.0,4,0.0,0.0,,,589253
2023-03-23 17:00:00,00000007180,20230323170000,0.0,0.0,0.012,0.0,0.0,0.0,1.0,4,0.0,0.0,,,589253
2023-03-23 18:00:00,00000007180,20230323180000,0.0,0.0,0.011,0.0,0.0,0.0,1.0,4,0.0,0.0,,,589253
2023-03-23 19:00:00,00000007180,20230323190000,0.0,0.0,0.011,0.0,0.0,0.0,1.0,4,0.0,0.0,,,589253
2023-03-23 20:00:00,00000007180,20230323200000,0.0,0.0,0.01,0.0,0.0,0.0,1.0,4,0.0,0.0,,,589253
2023-03-23 21:00:00,00000007180,20230323210000,0.0,0.0,0.011,0.0,0.0,0.0,1.0,4,0.0,0.0,,,589253
2023-03-23 22:00:00,00000007180,20230323220000,0.0,0.0,0.011,0.0,0.0,0.0,1.0,4,0.0,0.0,,,589253
2023-03-23 23:00:00,00000007180,20230323230000,0.0,0.0,0.011,0.0,0.0,0.0,1.0,4,0.0,0.0,,,589253
2023-03-24 00:00:00,00000007180,20230324000000,0.0,0.0,0.011,0.0,0.0,0.0,1.0,4,0.0,0.0,,,589253
2023-03-24 01:00:00,00000007180,20230324010000,0.0,0.0,0.011,0.0,0.0,0.0,1.0,4,0.0,0.0,,,589253
2023-03-24 02:00:00,00000007180,20230324020000,0.0,0.0,0.011,0.0,0.0,0.0,1.0,4,0.0,0.0,,,589253
2023-03-24 03:00:00,00000007180,20230324030000,0.0,0.0,0.011,0.0,0.0,0.0,1.0,4,0.0,0.0,,,589253
2023-03-24 04:00:00,00000007180,20230324040000,0.0,0.0,0.011,0.0,0.0,0.0,1.0,4,0.0,0.0,,,589253
2023-03-24 05:00:00,00000007180,20230324050000,0.0,0.0,0.011,0.0,0.0,0.0,1.0,4,0.0,0.0,,,589253
2023-03-24 06:00:00,00000007180,20230324060000,0.0,0.0,0.012,0.0,0.0,0.0,1.0,4,0.0,0.0,,,589253
2023-03-24 07:00:00,00000007180,20230324070000,0.0,0.0,0.011,0.0,0.0,0.0,1.0,4,0.0,0.0,,,589253
2023-03-24 08:00:00,00000007180,20230324080000,0.0,0.0,0.011,0.0,0.0,0.0,1.0,4,0.0,0.0,,,589253
2023-03-24 09:00:00,00000007180,20230324090000,0.0,0.0,0.012,0.0,0.0,0.0,1.0,4,0.0,0.0,,,589253
2023-03-24 10:00:00,00000007180,20230324100000,0.0,0.0,0.011,0.0,0.0,0.0,1.0,4,0.0,0.0,,,589253
2023-03-24 11:00:00,00000007180,20230324110000,0.0,0.0,0.011,0.0,0.0,0.0,1.0,4,0.0,0.0,,,589253
2023-03-24 12:00:00,00000007180,20230324120000,0.0,0.0,0.011,0.0,0.0,0.0,1.0,4,0.0,0.0,,,589253
2023-03-24 13:00:00,00000007180,20230324130000,0.0,0.0,0.012,0.0,0.0,0.0,1.0,4,0.0,0.0,,,589253
2023-03-24 14:00:00,00000007180,20230324140000,0.0,0.0,0.011,0.0,0.0,0.0,1.0,4,0.0,0.0,,,589253
2023-03-24 15:00:00,00000007180,20230324150000,0.0,0.0,0.012,0.0,0.0,0.0,1.0,4,0.0,0.0,,,589253
2023-03-24 16:00:00,00000007180,20230324160000,0.0,0.0,0.011,0.0,0.0,0.0,1.0,4,0.0,0.0,,,589253
2023-03-24 17:00:00,00000007180,20230324170000,0.0,0.0,0.012,0.0,0.0,0.0,1.0,4,0.0,0.0,,,589253
2023-03-24 18:00:00,00000007180,20230324180000,0.0,0.0,0.011,0.0,0.0,0.0,1.0,4,0.0,0.0,,,589253
2023-03-24 19:00:00,00000007180,20230324190000,0.0,0.0,0.011,0.0,0.0,0.0,1.0,4,0.0,0.0,,,589253
2023-03-24 20:00:00,00000007180,20230324200000,0.0,0.0,0.01,0.0,0.0,0.0,1.0,4,0.0,0.0,,,589253
2023-03-24 21:00:00,00000007180,20230324210000,0.0,0.0,0.011,0.0,0.0,0.0,1.0,4,0.0,0.0,,,589253
2023-03-24 22:00:00,00000007180,20230324220000,0.0,0.0,0.011,0.0,0.0,0.0,1.0,4,0.0,0.0,,,589253
2023-03-24 23:00:00,00000007180,20230324230000,0.0,0.0,0.011,0.0,0.0,0.0,1.0,4,0.0,0.0,,,589253
2023-03-25 00:00:00,00000007180,20230325000000,0.0,0.0,0.01,0.0,0.0,0.0,1.0,4,0.0,0.0,,,589253
2023-03-25 01:00:00,00000007180,20230325010000,0.0,0.0,0.011,0.0,0.0,0.0,1.0,4,0.0,0.0,,,589253
2023-03-25 02:00:00,00000007180,20230325020000,0.0,0.0,0.012,0.0,0.0,0.0,1.0,4,0.0,0.0,,,589253
2023-03-25 03:00:00,00000007180,20230325030000,0.0,0.0,0.011,0.0,0.0,0.0,1.0,4,0.0,0.0,,,589253
2023-03-25 04:00:00,00000007180,20230325040000,0.0,0.0,0.011,0.0,0.0,0.0,1.0,4,0.0,0.0,,,589253
2023-03-25 05:00:00,00000007180,20230325050000,0.0,0.0,0.011,0.0,0.0,0.0,1.0,4,0.0,0.0,,,589253
2023-03-25 06:00:00,00000007180,20230325060000,0.0,0.0,0.011,0.0,0.0,0.0,1.0,4,0.0,0.0,,,589253
2023-03-25 07:00:00,00000007180,20230325070000,0.0,0.0,0.012,0.0,0.0,0.0,1.0,4,0.0,0.0,,,589253
2023-03-25 08:00:00,00000007180,20230325080000,0.0,0.0,0.011,0.0,0.0,0.0,1.0,4,0.0,0.0,,,589253
2023-03-25 09:00:00,00000007180,20230325090000,0.0,0.0,0.012,0.0,0.0,0.0,1.0,4,0.0,0.0,,,589253
2023-03-25 10:00:00,00000007180,20230325100000,0.0,0.0,0.011,0.0,0.0,0.0,1.0,4,0.0,0.0,,,589253
2023-03-25 11:00:00,00000007180,20230325110000,0.0,0.0,0.012,0.0,0.0,0.0,1.0,4,0.0,0.0,,,589253
2023-03-25 12:00:00,00000007180,20230325120000,0.0,0.0,0.011,0.0,0.0,0.0,1.0,4,0.0,0.0,,,589253
2023-03-25 13:00:00,00000007180,20230325130000,0.0,0.0,0.011,0.0,0.0,0.0,1.0,4,0.0,0.0,,,589253
2023-03-25 14:00:00,00000007180,20230325140000,0.0,0.0,0.012,0.0,0.0,0.0,1.0,4,0.0,0.0,,,589253
2023-03-25 15:00:00,00000007180,20230325150000,0.0,0.0,0.011,0.0,0.0,0.0,1.0,4,0.0,0.0,,,589253
2023-03-25 16:00:00,00000007180,20230325160000,0.0,0.0,0.011,0.0,0.0,0.0,1.0,4,0.0,0.0,,,589253
2023-03-25 17:00:00,00000007180,20230325170000,0.0,0.0,0.012,0.0,0.0,0.0,1.0,4,0.0,0.0,,,589253
2023-03-25 18:00:00,00000007180,20230325180000,0.0,0.0,0.011,0.0,0.0,0.0,1.0,4,0.0,0.0,,,589253
2023-03-25 19:00:00,00000007180,20230325190000,0.0,0.0,0.01,0.0,0.0,0.0,1.0,4,0.0,0.0,,,589253
2023-03-25 20:00:00,00000007180,20230325200000,0.0,0.0,0.011,0.0,0.0,0.0,1.0,4,0.0,0.0,,,589253
2023-03-25 21:00:00,00000007180,20230325210000,0.0,0.0,0.011,0.0,0.0,0.0,1.0,4,0.0,0.0,,,589253
2023-03-25 22:00:00,00000007180,20230325220000,0.0,0.0,0.01,0.0,0.0,0.0,1.0,4,0.0,0.0,,,589253
2023-03-25 23:00:00,00000007180,20230325230000,0.0,0.0,0.011,0.0,0.0,0.0,1.0,4,0.0,0.0,,,589253
2023-03-26 00:00:00,00000007180,20230326000000,0.0,0.0,0.011,0.0,0.0,0.0,1.0,4,0.0,0.0,,,589253
2023-03-26 01:00:00,00000007180,20230326010000,0.0,0.0,0.011,0.0,0.0,0.0,1.0,4,0.0,0.0,,,589253
2023-03-26 02:00:00,00000007180,20230326020000,0.0,0.0,0.011,0.0,0.0,0.0,1.0,4,0.0,0.0,,,589253
2023-03-26 03:00:00,00000007180,20230326030000,0.0,0.0,0.012,0.0,0.0,0.0,1.0,4,0.0,0.0,,,589253
2023-03-26 04:00:00,00000007180,20230326040000,0.0,0.0,0.011,0.0,0.0,0.0,1.0,4,0.0,0.0,,,589253
2023-03-26 05:00:00,00000007180,20230326050000,0.0,0.0,0.011,0.0,0.0,0.0,1.0,4,0.0,0.0,,,589253
2023-03-26 06:00:00,00000007180,20230326060000,0.0,0.0,0.011,0.0,0.0,0.0,1.0,4,0.0,0.0,,,589253
2023-03-26 07:00:00,00000007180,20230326070000,0.0,0.0,0.012,0.0,0.0,0.0,1.0,4,0.0,0.0,,,589253
2023-03-26 08:00:00,00000007180,20230326080000,0.0,0.0,0.011,0.0,0.0,0.0,1.0,4,0.0,0.0,,,589253
2023-03-26 09:00:00,00000007180,20230326090000,0.0,0.0,0.012,0.0,0.0,0.0,1.0,4,0.0,0.0,,,589253
2023-03-26 10:00:00,00000007180,20230326100000,0.0,0.0,0.011,0.0,0.0,0.0,1.0,4,0.0,0.0,,,589253
2023-03-26 11:00:00,00000007180,20230326110000,0.0,0.0,0.011,0.0,0.0,0.0,1.0,4,0.0,0.0,,,589253
2023-03-26 12:00:00,00000007180,20230326120000,0.0,0.0,0.012,0.0,0.0,0.0,1.0,4,0.0,0.0,,,589253
2023-03-26 13:00:00,00000007180,20230326130000,0.0,0.0,0.011,0.0,0.0,0.0,1.0,4,0.0,0.0,,,589253
2023-03-26 14:00:00,00000007180,20230326140000,0.0,0.0,0.012,0.0,0.0,0.0,1.0,4,0.0,0.0,,,589253
2023-03-26 15:00:00,00000007180,20230326150000,0.0,0.0,0.011,0.0,0.0,0.0,1.0,4,0.0,0.0,,,589253
2023-03-26 16:00:00,00000007180,20230326160000,0.0,0.0,0.011,0.0,0.0,0.0,1.0,4,0.0,0.0,,,589253
2023-03-26 17:00:00,00000007180,20230326170000,0.0,0.0,0.012,0.0,0.0,0.0,1.0,4,0.0,0.0,,,589253
2023-03-26 18:00:00,00000007180,20230326180000,0.0,0.0,0.01,0.0,0.0,0.0,1.0,4,0.0,0.0,,,589253
2023-03-26 19:00:00,00000007180,20230326190000,0.0,0.0,0.011,0.0,0.0,0.0,1.0,4,0.0,0.0,,,589253
2023-03-26 20:00:00,00000007180,20230326200000,0.0,0.0,0.011,0.0,0.0,0.0,1.0,4,0.0,0.0,,,589253
2023-03-26 21:00:00,00000007180,20230326210000,0.0,0.0,0.011,0.0,0.0,0.0,1.0,4,0.0,0.0,,,589253
2023-03-26 22:00:00,00000007180,20230326220000,0.0,0.0,0.011,0.0,0.0,0.0,1.0,4,0.0,0.0,,,589253
2023-03-26 23:00:00,00000007180,20230326230000,0.0,0.0,0.011,0.0,0.0,0.0,1.0,4,0.0,0.0,,,589253
2023-03-27 00:00:00,00000007180,20230327000000,0.0,0.0,0.011,0.0,0.0,0.0,1.0,4,0.0,0.0,,,589253
2023-03-27 01:00:00,00000007180,20230327010000,0.0,0.0,0.011,0.0,0.0,0.0,1.0,4,0.0,0.0,,,589253
2023-03-27 02:00:00,00000007180,20230327020000,0.0,0.0,0.011,0.0,0.0,0.0,1.0,4,0.0,0.0,,,589253
2023-03-27 03:00:00,00000007180,20230327030000,0.0,0.0,0.011,0.0,0.0,0.0,1.0,4,0.0,0.0,,,589253
2023-03-27 04:00:00,00000007180,20230327040000,0.0,0.0,0.012,0.0,0.0,0.0,1.0,4,0.0,0.0,,,589253
2023-03-27 05:00:00,00000007180,20230327050000,0.0,0.0,0.011,0.0,0.0,0.0,1.0,4,0.0,0.0,,,589253
2023-03-27 06:00:00,00000007180,20230327060000,0.0,0.0,0.011,0.0,0.0,0.0,1.0,4,0.0,0.0,,,589253
2023-03-27 07:00:00,00000007180,20230327070000,0.0,0.0,0.011,0.0,0.0,0.0,1.0,4,0.0,0.0,,,589253
2023-03-27 08:00:00,00000007180,20230327080000,0.0,0.0,0.012,0.0,0.0,0.0,1.0,4,0.0,0.0,,,589253
2023-03-27 09:00:00,00000007180,20230327090000,0.0,0.0,0.011,0.0,0.0,0.0,1.0,4,0.0,0.0,,,589253
2023-03-27 10:00:00,00000007180,20230327100000,0.0,0.0,0.011,0.0,0.0,0.0,1.0,4,0.0,0.0,,,589253
2023-03-27 11:00:00,00000007180,20230327110000,0.0,0.0,0.012,0.0,0.0,0.0,1.0,4,0.0,0.0,,,589253
2023-03-27 12:00:00,00000007180,20230327120000,0.0,0.0,0.012,0.0,0.0,0.0,1.0,4,0.0,0.0,,,589253
2023-03-27 13:00:00,00000007180,20230327130000,0.0,0.0,0.011,0.0,0.0,0.0,1.0,4,0.0,0.0,,,589253
2023-03-27 14:00:00,00000007180,20230327140000,0.0,0.0,0.012,0.0,0.0,0.0,1.0,4,0.0,0.0,,,589253
2023-03-27 15:00:00,00000007180,20230327150000,0.0,0.0,0.011,0.0,0.0,0.0,1.0,4,0.0,0.0,,,589253
2023-03-27 16:00:00,00000007180,20230327160000,0.0,0.0,0.012,0.0,0.0,0.0,1.0,4,0.0,0.0,,,589253
2023-03-27 17:00:00,00000007180,20230327170000,0.0,0.0,0.011,0.0,0.0,0.0,1.0,4,0.0,0.0,,,589253
2023-03-27 18:00:00,00000007180,20230327180000,0.0,0.0,0.011,0.0,0.0,0.0,1.0,4,0.0,0.0,,,589253
2023-03-27 19:00:00,00000007180,20230327190000,0.0,0.0,0.011,0.0,0.0,0.0,1.0,4,0.0,0.0,,,589253
2023-03-27 20:00:00,00000007180,20230327200000,0.0,0.0,0.011,0.0,0.0,0.0,1.0,4,0.0,0.0,,,589253
2023-03-27 21:00:00,00000007180,20230327210000,0.0,0.0,0.011,0.0,0.0,0.0,1.0,4,0.0,0.0,,,589253
2023-03-27 22:00:00,00000007180,20230327220000,0.0,0.0,0.011,0.0,0.0,0.0,1.0,4,0.0,0.0,,,589253
2023-03-27 23:00:00,00000007180,20230327230000,0.0,0.0,0.011,0.0,0.0,0.0,1.0,4,0.0,0.0,,,589253
2023-03-28 00:00:00,00000007180,20230328000000,0.0,0.0,0.011,0.0,0.0,0.0,1.0,4,0.0,0.0,,,589253
2023-03-28 01:00:00,00000007180,20230328010000,0.0,0.0,0.011,0.0,0.0,0.0,1.0,4,0.0,0.0,,,589253
2023-03-28 02:00:00,00000007180,20230328020000,0.0,0.0,0.012,0.0,0.0,0.0,1.0,4,0.0,0.0,,,589253
2023-03-28 03:00:00,00000007180,20230328030000,0.0,0.0,0.011,0.0,0.0,0.0,1.0,4,0.0,0.0,,,589253
2023-03-28 04:00:00,00000007180,20230328040000,0.0,0.0,0.011,0.0,0.0,0.0,1.0,4,0.0,0.0,,,589253
2023-03-28 05:00:00,00000007180,20230328050000,0.0,0.0,0.012,0.0,0.0,0.0,1.0,4,0.0,0.0,,,589253
2023-03-28 06:00:00,00000007180,20230328060000,0.0,0.0,0.011,0.0,0.0,0.0,1.0,4,0.0,0.0,,,589253
2023-03-28 07:00:00,00000007180,20230328070000,0.0,0.0,0.012,0.0,0.0,0.0,1.0,4,0.0,0.0,,,589253
2023-03-28 08:00:00,00000007180,20230328080000,0.0,0.0,0.011,0.0,0.0,0.0,1.0,4,0.0,0.0,,,589253
2023-03-28 09:00:00,00000007180,20230328090000,0.0,0.0,0.012,0.0,0.0,0.0,1.0,4,0.0,0.0,,,589253
2023-03-28 10:00:00,00000007180,20230328100000,0.0,0.0,0.011,0.0,0.0,0.0,1.0,4,0.0,0.0,,,589253
2023-03-28 11:00:00,00000007180,20230328110000,0.0,0.0,0.011,0.0,0.0,0.0,1.0,4,0.0,0.0,,,589253
2023-03-28 12:00:00,00000007180,20230328120000,0.0,0.0,0.011,0.0,0.0,0.0,1.0,4,0.0,0.0,,,589253
2023-03-28 13:00:00,00000007180,20230328130000,0.0,0.0,0.011,0.0,0.0,0.0,1.0,4,0.0,0.0,,,589253
2023-03-28 14:00:00,00000007180,20230328140000,0.0,0.0,0.011,0.0,0.0,0.0,1.0,4,0.0,0.0,,,589253
2023-03-28 15:00:00,00000007180,20230328150000,0.0,0.0,0.011,0.0,0.0,0.0,1.0,4,0.0,0.0,,,589253
2023-03-28 16:00:00,00000007180,20230328160000,0.0,0.0,0.011,0.0,0.0,0.0,1.0,4,0.0,0.0,,,589253
2023-03-28 17:00:00,00000007180,20230328170000,0.0,0.0,0.011,0.0,0.0,0.0,1.0,4,0.0,0.0,,,589253
2023-03-28 18:00:00,00000007180,20230328180000,0.0,0.0,0.011,0.0,0.0,0.0,1.0,4,0.0,0.0,,,589253
2023-03-28 19:00:00,00000007180,20230328190000,0.0,0.0,0.011,0.0,0.0,0.0,1.0,4,0.0,0.0,,,589253
2023-03-28 20:00:00,00000007180,20230328200000,0.0,0.0,0.01,0.0,0.0,0.0,1.0,4,0.0,0.0,,,589253
2023-03-28 21:00:00,00000007180,20230328210000,0.0,0.0,0.011,0.0,0.0,0.0,1.0,4,0.0,0.0,,,589253
2023-03-28 22:00:00,00000007180,20230328220000,0.0,0.0,0.01,0.0,0.0,0.0,1.0,4,0.0,0.0,,,589253
2023-03-28 23:00:00,00000007180,20230328230000,0.0,0.0,0.011,0.0,0.0,0.0,1.0,4,0.0,0.0,,,589253
2023-03-29 00:00:00,00000007180,20230329000000,0.0,0.0,0.011,0.0,0.0,0.0,1.0,4,0.0,0.0,,,589253
2023-03-29 01:00:00,00000007180,20230329010000,0.0,0.0,0.012,0.0,0.0,0.0,1.0,4,0.0,0.0,,,589253
2023-03-29 02:00:00,00000007180,20230329020000,0.0,0.0,0.011,0.0,0.0,0.0,1.0,4,0.0,0.0,,,589253
2023-03-29 03:00:00,00000007180,20230329030000,0.0,0.0,0.011,0.0,0.0,0.0,1.0,4,0.0,0.0,,,589253
2023-03-29 04:00:00,00000007180,20230329040000,0.0,0.0,0.011,0.0,0.0,0.0,1.0,4,0.0,0.0,,,589253
2023-03-29 05:00:00,00000007180,20230329050000,0.0,0.0,0.011,0.0,0.0,0.0,1.0,4,0.0,0.0,,,589253
2023-03-29 06:00:00,00000007180,20230329060000,0.0,0.0,0.012,0.0,0.0,0.0,1.0,4,0.0,0.0,,,589253
2023-03-29 07:00:00,00000007180,20230329070000,0.0,0.0,0.011,0.0,0.0,0.0,1.0,4,0.0,0.0,,,589253
2023-03-29 08:00:00,00000007180,20230329080000,0.0,0.0,0.011,0.0,0.0,0.0,1.0,4,0.0,0.0,,,589253
2023-03-29 09:00:00,00000007180,20230329090000,0.0,0.0,0.012,0.0,0.0,0.0,1.0,4,0.0,0.0,,,589253
2023-03-29 10:00:00,00000007180,20230329100000,0.0,0.0,0.011,0.0,0.0,0.0,1.0,4,0.0,0.0,,,589253
2023-03-29 11:00:00,00000007180,20230329110000,0.0,0.0,0.011,0.0,0.0,0.0,1.0,4,0.0,0.0,,,589253
2023-03-29 12:00:00,00000007180,20230329120000,0.0,0.0,0.011,0.0,0.0,0.0,1.0,4,0.0,0.0,,,589253
2023-03-29 13:00:00,00000007180,20230329130000,0.0,0.0,0.012,0.0,0.0,0.0,1.0,4,0.0,0.0,,,589253
2023-03-29 14:00:00,00000007180,20230329140000,0.0,0.0,0.011,0.0,0.0,0.0,1.0,4,0.0,0.0,,,589253
2023-03-29 15:00:00,00000007180,20230329150000,0.0,0.0,0.012,0.0,0.0,0.0,1.0,4,0.0,0.0,,,589253
2023-03-29 16:00:00,00000007180,20230329160000,0.0,0.0,0.011,0.0,0.0,0.0,1.0,4,0.0,0.0,,,589253
2023-03-29 17:00:00,00000007180,20230329170000,0.0,0.0,0.011,0.0,0.0,0.0,1.0,4,0.0,0.0,,,589253
2023-03-29 18:00:00,00000007180,20230329180000,0.0,0.0,0.011,0.0,0.0,0.0,1.0,4,0.0,0.0,,,589253
2023-03-29 19:00:00,00000007180,20230329190000,0.0,0.0,0.01,0.0,0.0,0.0,1.0,4,0.0,0.0,,,589253
2023-03-29 20:00:00,00000007180,20230329200000,0.0,0.0,0.011,0.0,0.0,0.0,1.0,4,0.0,0.0,,,589253
2023-03-29 21:00:00,00000007180,20230329210000,0.0,0.0,0.01,0.0,0.0,0.0,1.0,4,0.0,0.0,,,589253
2023-03-29 22:00:00,00000007180,20230329220000,0.0,0.0,0.011,0.0,0.0,0.0,1.0,4,0.0,0.0,,,589253
2023-03-29 23:00:00,00000007180,20230329230000,0.0,0.0,0.011,0.0,0.0,0.0,1.0,4,0.0,0.0,,,589253
2023-03-30 00:00:00,00000007180,20230330000000,0.0,0.0,0.01,0.0,0.0,0.0,1.0,4,0.0,0.0,,,589253
2023-03-30 01:00:00,00000007180,20230330010000,0.0,0.0,0.011,0.0,0.0,0.0,1.0,4,0.0,0.0,,,589253
2023-03-30 02:00:00,00000007180,20230330020000,0.0,0.0,0.012,0.0,0.0,0.0,1.0,4,0.0,0.0,,,589253
2023-03-30 03:00:00,00000007180,20230330030000,0.0,0.0,0.011,0.0,0.0,0.0,1.0,4,0.0,0.0,,,589253
2023-03-30 04:00:00,00000007180,20230330040000,0.0,0.0,0.011,0.0,0.0,0.0,1.0,4,0.0,0.0,,,589253
2023-03-30 05:00:00,00000007180,20230330050000,0.0,0.0,0.011,0.0,0.0,0.0,1.0,4,0.0,0.0,,,589253
2023-03-30 06:00:00,00000007180,20230330060000,0.0,0.0,0.011,0.0,0.0,0.0,1.0,4,0.0,0.0,,,589253
2023-03-30 07:00:00,00000007180,20230330070000,0.0,0.0,0.011,0.0,0.0,0.0,1.0,4,0.0,0.0,,,589253
2023-03-30 08:00:00,00000007180,20230330080000,0.0,0.0,0.011,0.0,0.0,0.0,1.0,4,0.0,0.0,,,589253
2023-03-30 09:00:00,00000007180,20230330090000,0.0,0.0,0.011,0.0,0.0,0.0,1.0,4,0.0,0.0,,,589253
2023-03-30 10:00:00,00000007180,20230330100000,0.0,0.0,0.011,0.0,0.0,0.0,1.0,4,0.0,0.0,,,589253
2023-03-30 11:00:00,00000007180,20230330110000,0.0,0.0,0.012,0.0,0.0,0.0,1.0,4,0.0,0.0,,,589253
2023-03-30 12:00:00,00000007180,20230330120000,0.0,0.0,0.011,0.0,0.0,0.0,1.0,4,0.0,0.0,,,589253
2023-03-30 13:00:00,00000007180,20230330130000,0.0,0.0,0.011,0.0,0.0,0.0,1.0,4,0.0,0.0,,,589253
2023-03-30 14:00:00,00000007180,20230330140000,0.0,0.0,0.011,0.0,0.0,0.0,1.0,4,0.0,0.0,,,589253
2023-03-30 15:00:00,00000007180,20230330150000,0.0,0.0,0.012,0.0,0.0,0.0,1.0,4,0.0,0.0,,,589253
2023-03-30 16:00:00,00000007180,20230330160000,0.0,0.0,0.011,0.0,0.0,0.0,1.0,4,0.0,0.0,,,589253
2023-03-30 17:00:00,00000007180,20230330170000,0.0,0.0,0.011,0.0,0.0,0.0,1.0,4,0.0,0.0,,,589253
2023-03-30 18:00:00,00000007180,20230330180000,0.0,0.0,0.011,0.0,0.0,0.0,1.0,4,0.0,0.0,,,589253
2023-03-30 19:00:00,00000007180,20230330190000,0.0,0.0,0.011,0.0,0.0,0.0,1.0,4,0.0,0.0,,,589253
2023-03-30 20:00:00,00000007180,20230330200000,0.0,0.0,0.01,0.0,0.0,0.0,1.0,4,0.0,0.0,,,589253
2023-03-30 21:00:00,00000007180,20230330210000,0.003,0.0,0.012,0.0,0.0,0.0,1.0,4,0.0,0.0,0.0,400.0,589253
2023-03-30 22:00:00,00000007180,20230330220000,0.027,0.0,0.017,0.0,0.0,0.0,1.0,4,0.0,0.0,0.0,62.96,589253
2023-03-30 23:00:00,00000007180,20230330230000,0.027,0.0,0.017,0.0,0.0,0.0,1.0,4,0.0,0.0,0.0,62.96,589253
2023-03-31 00:00:00,00000007180,20230331000000,0.062,0.0,0.026,0.0,0.0,0.0,1.0,4,0.0,0.0,0.0,41.94,589253
2023-03-31 01:00:00,00000007180,20230331010000,0.024,0.0,0.016,0.0,0.0,0.0,1.0,4,0.0,0.0,0.0,66.67,589253
2023-03-31 02:00:00,00000007180,20230331020000,0.008,0.0,0.012,0.0,0.0,0.0,1.0,4,0.0,0.0,0.0,150.0,589253
2023-03-31 03:00:00,00000007180,20230331030000,0.008,0.0,0.012,0.0,0.0,0.0,1.0,4,0.0,0.0,0.0,150.0,589253
2023-03-31 04:00:00,00000007180,20230331040000,0.009,0.0,0.012,0.0,0.0,0.0,1.0,4,0.0,0.0,0.0,133.33,589253
2023-03-31 05:00:00,00000007180,20230331050000,0.008,0.0,0.012,0.0,0.0,0.0,1.0,4,0.0,0.0,0.0,150.0,589253
2023-03-31 06:00:00,00000007180,20230331060000,0.008,0.0,0.011,0.0,0.0,0.0,1.0,4,0.0,0.0,0.0,137.5,589253
2023-03-31 07:00:00,00000007180,20230331070000,0.008,0.0,0.013,0.0,0.0,0.0,1.0,4,0.0,0.0,0.0,162.5,589253
2023-03-31 08:00:00,00000007180,20230331080000,0.009,0.0,0.012,0.0,0.0,0.0,1.0,4,0.0,0.0,0.0,133.33,589253
2023-03-31 09:00:00,00000007180,20230331090000,0.008,0.0,0.012,0.0,0.0,0.0,1.0,4,0.0,0.0,0.0,150.0,589253
2023-03-31 10:00:00,00000007180,20230331100000,0.009,0.0,0.011,0.0,0.0,0.0,1.0,4,0.0,0.0,0.0,122.22,589253
2023-03-31 11:00:00,00000007180,20230331110000,0.009,0.0,0.013,0.0,0.0,0.0,1.0,4,0.0,0.0,0.0,144.44,589253
2023-03-31 12:00:00,00000007180,20230331120000,0.009,0.0,0.012,0.0,0.0,0.0,1.0,4,0.0,0.0,0.0,133.33,589253
2023-03-31 13:00:00,00000007180,20230331130000,0.008,0.0,0.012,0.0,0.0,0.0,1.0,4,0.0,0.0,0.0,150.0,589253
2023-03-31 14:00:00,00000007180,20230331140000,0.008,0.0,0.012,0.0,0.0,0.0,1.0,4,0.0,0.0,0.0,150.0,589253
2023-03-31 15:00:00,00000007180,20230331150000,0.008,0.0,0.012,0.0,0.0,0.0,1.0,4,0.0,0.0,0.0,150.0,589253
2023-03-31 16:00:00,00000007180,20230331160000,0.009,0.0,0.012,0.0,0.0,0.0,1.0,4,0.0,0.0,0.0,133.33,589253
2023-03-31 17:00:00,00000007180,20230331170000,0.008,0.0,0.012,0.0,0.0,0.0,1.0,4,0.0,0.0,0.0,150.0,589253
2023-03-31 18:00:00,00000007180,20230331180000,0.008,0.0,0.012,0.0,0.0,0.0,1.0,4,0.0,0.0,0.0,150.0,589253
2023-03-31 19:00:00,00000007180,20230331190000,0.008,0.0,0.012,0.0,0.0,0.0,1.0,4,0.0,0.0,0.0,150.0,589253
2023-03-31 20:00:00,00000007180,20230331200000,0.009,0.0,0.012,0.0,0.0,0.0,1.0,4,0.0,0.0,0.0,133.33,589253
2023-03-31 21:00:00,00000007180,20230331210000,0.08,0.0,0.03,0.0,0.0,0.0,1.0,4,0.0,0.0,0.0,37.5,589253
2023-03-31 22:00:00,00000007180,20230331220000,0.091,0.0,0.032,0.0,0.0,0.0,1.0,4,0.0,0.0,0.0,35.16,589253
2023-03-31 23:00:00,00000007180,20230331230000,0.041,0.0,0.019,0.0,0.0,0.0,1.0,4,0.0,0.0,0.0,46.34,589253
2023-04-01 00:00:00,00000007180,20230401000000,0.01,0.0,0.012,0.0,0.0,0.0,1.0,4,0.0,0.0,0.0,120.0,589253
2023-04-01 01:00:00,00000007180,20230401010000,0.008,0.0,0.012,0.0,0.0,0.0,1.0,4,0.0,0.0,0.0,150.0,589253
2023-04-01 02:00:00,00000007180,20230401020000,0.009,0.0,0.012,0.0,0.0,0.0,1.0,4,0.0,0.0,0.0,133.33,589253
2023-04-01 03:00:00,00000007180,20230401030000,0.008,0.0,0.012,0.0,0.0,0.0,1.0,4,0.0,0.0,0.0,150.0,589253
2023-04-01 04:00:00,00000007180,20230401040000,0.009,0.0,0.012,0.0,0.0,0.0,1.0,4,0.0,0.0,0.0,133.33,589253
2023-04-30 16:00:00,00000007180,20230430160000,2.027,0.051,0.006,0.0,0.0,0.0,1.0,4,0.0,0.0,2.52,0.3,589253
2023-04-30 17:00:00,00000007180,20230430170000,0.814,0.098,0.0,0.0,0.0,0.0,1.0,4,0.0,0.0,12.04,0.0,589253
2023-04-30 18:00:00,00000007180,20230430180000,0.292,0.087,0.0,0.0,0.0,0.0,1.0,4,0.0,0.0,29.79,0.0,589253
2023-04-30 19:00:00,00000007180,20230430190000,0.487,0.08,0.0,0.0,0.0,0.0,1.0,4,0.0,0.0,16.43,0.0,589253
2023-04-30 20:00:00,00000007180,20230430200000,0.305,0.054,0.003,0.0,0.0,0.0,1.0,4,0.0,0.0,17.7,0.98,589253
2023-04-30 21:00:00,00000007180,20230430210000,0.344,0.049,0.003,0.0,0.0,0.0,1.0,4,0.0,0.0,14.24,0.87,589253
2023-04-30 22:00:00,00000007180,20230430220000,0.33,0.064,0.0,0.0,0.0,0.0,1.0,4,0.0,0.0,19.39,0.0,589253
2023-04-30 23:00:00,00000007180,20230430230000,0.601,0.045,0.003,0.0,0.0,0.0,1.0,4,0.0,0.0,7.49,0.5,589253
2023-05-01 00:00:00,00000007180,20230501000000,0.288,0.062,0.001,0.0,0.0,0.0,1.0,4,0.0,0.0,21.53,0.35,589253
2023-05-01 01:00:00,00000007180,20230501010000,0.192,0.045,0.01,0.0,0.0,0.0,1.0,4,0.0,0.0,23.44,5.21,589253
2023-05-01 02:00:00,00000007180,20230501020000,0.183,0.049,0.012,0.0,0.0,0.0,1.0,4,0.0,0.0,26.78,6.56,589253
2023-05-01 03:00:00,00000007180,20230501030000,0.18,0.041,0.005,0.0,0.0,0.0,1.0,4,0.0,0.0,22.78,2.78,589253
2023-05-01 04:00:00,00000007180,20230501040000,0.187,0.056,0.014,0.0,0.0,0.0,1.0,4,0.0,0.0,29.95,7.49,589253
2023-05-01 05:00:00,00000007180,20230501050000,0.189,0.048,0.002,0.0,0.0,0.0,1.0,4,0.0,0.0,25.4,1.06,589253
2023-05-01 06:00:00,00000007180,20230501060000,0.179,0.052,0.013,0.0,0.0,0.0,1.0,4,0.0,0.0,29.05,7.26,589253
2023-05-01 07:00:00,00000007180,20230501070000,0.164,0.052,0.014,0.0,0.0,0.0,1.0,4,0.0,0.0,31.71,8.54,589253
2023-05-01 08:00:00,00000007180,20230501080000,0.097,0.044,0.008,0.0,0.0,0.0,1.0,4,0.0,0.0,45.36,8.25,589253
2023-05-01 09:00:00,00000007180,20230501090000,0.094,0.046,0.01,0.0,0.0,0.0,1.0,4,0.0,0.0,48.94,10.64,589253
2023-05-01 10:00:00,00000007180,20230501100000,0.127,0.062,0.008,0.0,0.0,0.0,1.0,4,0.0,0.0,48.82,6.3,589253
2023-05-01 11:00:00,00000007180,20230501110000,0.161,0.059,0.01,0.0,0.0,0.0,1.0,4,0.0,0.0,36.65,6.21,589253
2023-05-01 12:00:00,00000007180,20230501120000,0.202,0.055,0.002,0.0,0.0,0.0,1.0,4,0.0,0.0,27.23,0.99,589253
2023-05-01 13:00:00,00000007180,20230501130000,0.364,0.047,0.019,0.0,0.0,0.0,1.0,4,0.0,0.0,12.91,5.22,589253
2023-05-01 14:00:00,00000007180,20230501140000,0.167,0.046,0.0,0.0,0.0,0.0,1.0,4,0.0,0.0,27.54,0.0,589253
2023-05-01 15:00:00,00000007180,20230501150000,0.154,0.05,0.018,0.0,0.0,0.0,1.0,4,0.0,0.0,32.47,11.69,589253
2023-05-01 16:00:00,00000007180,20230501160000,0.195,0.05,0.0,0.0,0.0,0.0,1.0,4,0.0,0.0,25.64,0.0,589253
2023-05-01 17:00:00,00000007180,20230501170000,0.188,0.042,0.028,0.0,0.0,0.0,1.0,4,0.0,0.0,22.34,14.89,589253
2023-05-01 18:00:00,00000007180,20230501180000,0.493,0.055,0.0,0.0,0.0,0.0,1.0,4,0.0,0.0,11.16,0.0,589253
2023-05-01 19:00:00,00000007180,20230501190000,0.166,0.043,0.012,0.0,0.0,0.0,1.0,4,0.0,0.0,25.9,7.23,589253
2023-05-01 20:00:00,00000007180,20230501200000,0.221,0.067,0.0,0.0,0.0,0.0,1.0,4,0.0,0.0,30.32,0.0,589253
2023-05-01 23:00:00,00000007180,20230501230000,0.252,0.014,0.012,0.0,0.0,0.0,1.0,4,0.0,0.0,5.56,4.76,589253
2023-05-02 00:00:00,00000007180,20230502000000,0.256,0.031,0.021,0.0,0.0,0.0,1.0,4,0.0,0.0,12.11,8.2,589253
2023-05-02 01:00:00,00000007180,20230502010000,0.21,0.025,0.012,0.0,0.0,0.0,1.0,4,0.0,0.0,11.9,5.71,589253
2023-05-02 02:00:00,00000007180,20230502020000,0.142,0.049,0.008,0.0,0.0,0.0,1.0,4,0.0,0.0,34.51,5.63,589253
2023-05-02 03:00:00,00000007180,20230502030000,0.1,0.051,0.011,0.0,0.0,0.0,1.0,4,0.0,0.0,51.0,11.0,589253
2023-05-02 04:00:00,00000007180,20230502040000,0.112,0.054,0.002,0.0,0.0,0.0,1.0,4,0.0,0.0,48.21,1.79,589253
2023-05-02 05:00:00,00000007180,20230502050000,0.097,0.051,0.015,0.0,0.0,0.0,1.0,4,0.0,0.0,52.58,15.46,589253
2023-05-02 06:00:00,00000007180,20230502060000,0.113,0.06,0.003,0.0,0.0,0.0,1.0,4,0.0,0.0,53.1,2.65,589253
2023-05-02 07:00:00,00000007180,20230502070000,0.09,0.041,0.011,0.0,0.0,0.0,1.0,4,0.0,0.0,45.56,12.22,589253
2023-05-02 08:00:00,00000007180,20230502080000,0.101,0.053,0.011,0.0,0.0,0.0,1.0,4,0.0,0.0,52.48,10.89,589253
2023-05-02 09:00:00,00000007180,20230502090000,0.091,0.037,0.008,0.0,0.0,0.0,1.0,4,0.0,0.0,40.66,8.79,589253
2023-05-02 10:00:00,00000007180,20230502100000,0.105,0.054,0.01,0.0,0.0,0.0,1.0,4,0.0,0.0,51.43,9.52,589253
2023-05-02 11:00:00,00000007180,20230502110000,0.179,0.067,0.001,0.0,0.0,0.0,1.0,4,0.0,0.0,37.43,0.56,589253
2023-05-02 12:00:00,00000007180,20230502120000,0.2,0.062,0.005,0.0,0.0,0.0,1.0,4,0.0,0.0,31.0,2.5,589253
2023-05-02 13:00:00,00000007180,20230502130000,0.153,0.047,0.007,0.0,0.0,0.0,1.0,4,0.0,0.0,30.72,4.58,589253
2023-05-02 14:00:00,00000007180,20230502140000,1.043,0.224,0.003,0.0,0.0,0.0,1.0,4,0.0,0.0,21.48,0.29,589253
2023-05-02 15:00:00,00000007180,20230502150000,0.179,0.097,0.009,0.0,0.0,0.0,1.0,4,0.0,0.0,54.19,5.03,589253
2023-05-02 16:00:00,00000007180,20230502160000,0.198,0.071,0.0,0.0,0.0,0.0,1.0,4,0.0,0.0,35.86,0.0,589253
2023-05-02 17:00:00,00000007180,20230502170000,0.176,0.063,0.009,0.0,0.0,0.0,1.0,4,0.0,0.0,35.8,5.11,589253
2023-05-02 18:00:00,00000007180,20230502180000,0.166,0.057,0.01,0.0,0.0,0.0,1.0,4,0.0,0.0,34.34,6.02,589253
2023-05-02 19:00:00,00000007180,20230502190000,0.165,0.034,0.005,0.0,0.0,0.0,1.0,4,0.0,0.0,20.61,3.03,589253
2023-05-02 20:00:00,00000007180,20230502200000,0.286,0.045,0.001,0.0,0.0,0.0,1.0,4,0.0,0.0,15.73,0.35,589253
2023-05-02 21:00:00,00000007180,20230502210000,0.252,0.026,0.018,0.0,0.0,0.0,1.0,4,0.0,0.0,10.32,7.14,589253
2023-05-02 22:00:00,00000007180,20230502220000,0.25,0.024,0.017,0.0,0.0,0.0,1.0,4,0.0,0.0,9.6,6.8,589253
2023-05-02 23:00:00,00000007180,20230502230000,0.248,0.017,0.015,0.0,0.0,0.0,1.0,4,0.0,0.0,6.85,6.05,589253
2023-05-03 00:00:00,00000007180,20230503000000,0.265,0.033,0.011,0.0,0.0,0.0,1.0,4,0.0,0.0,12.45,4.15,589253
2023-05-03 01:00:00,00000007180,20230503010000,0.257,0.036,0.018,0.0,0.0,0.0,1.0,4,0.0,0.0,14.01,7.0,589253
2023-05-03 02:00:00,00000007180,20230503020000,0.19,0.037,0.006,0.0,0.0,0.0,1.0,4,0.0,0.0,19.47,3.16,589253
2023-05-03 03:00:00,00000007180,20230503030000,0.134,0.043,0.016,0.0,0.0,0.0,1.0,4,0.0,0.0,32.09,11.94,589253
2023-05-03 04:00:00,00000007180,20230503040000,0.098,0.046,0.007,0.0,0.0,0.0,1.0,4,0.0,0.0,46.94,7.14,589253
2023-05-03 05:00:00,00000007180,20230503050000,0.091,0.044,0.008,0.0,0.0,0.0,1.0,4,0.0,0.0,48.35,8.79,589253
2023-05-03 06:00:00,00000007180,20230503060000,0.097,0.05,0.011,0.0,0.0,0.0,1.0,4,0.0,0.0,51.55,11.34,589253
2023-05-03 07:00:00,00000007180,20230503070000,0.099,0.051,0.006,0.0,0.0,0.0,1.0,4,0.0,0.0,51.52,6.06,589253
2023-05-03 08:00:00,00000007180,20230503080000,0.107,0.057,0.008,0.0,0.0,0.0,1.0,4,0.0,0.0,53.27,7.48,589253
2023-05-03 09:00:00,00000007180,20230503090000,0.101,0.053,0.01,0.0,0.0,0.0,1.0,4,0.0,0.0,52.48,9.9,589253
2023-05-03 10:00:00,00000007180,20230503100000,0.107,0.05,0.004,0.0,0.0,0.0,1.0,4,0.0,0.0,46.73,3.74,589253
2023-05-03 11:00:00,00000007180,20230503110000,0.11,0.036,0.01,0.0,0.0,0.0,1.0,4,0.0,0.0,32.73,9.09,589253
2023-05-03 12:00:00,00000007180,20230503120000,0.169,0.032,0.012,0.0,0.0,0.0,1.0,4,0.0,0.0,18.93,7.1,589253
2023-05-03 13:00:00,00000007180,20230503130000,0.157,0.043,0.002,0.0,0.0,0.0,1.0,4,0.0,0.0,27.39,1.27,589253
2023-05-03 14:00:00,00000007180,20230503140000,0.158,0.054,0.011,0.0,0.0,0.0,1.0,4,0.0,0.0,34.18,6.96,589253
2023-05-03 15:00:00,00000007180,20230503150000,0.169,0.041,0.009,0.0,0.0,0.0,1.0,4,0.0,0.0,24.26,5.33,589253
2023-05-03 16:00:00,00000007180,20230503160000,0.168,0.055,0.007,0.0,0.0,0.0,1.0,4,0.0,0.0,32.74,4.17,589253
2023-05-03 17:00:00,00000007180,20230503170000,0.161,0.042,0.001,0.0,0.0,0.0,1.0,4,0.0,0.0,26.09,0.62,589253
2023-05-03 18:00:00,00000007180,20230503180000,0.15,0.03,0.004,0.0,0.0,0.0,1.0,4,0.0,0.0,20.0,2.67,589253
2023-05-03 19:00:00,00000007180,20230503190000,0.181,0.039,0.001,0.0,0.0,0.0,1.0,4,0.0,0.0,21.55,0.55,589253
2023-05-03 20:00:00,00000007180,20230503200000,0.234,0.019,0.01,0.0,0.0,0.0,1.0,4,0.0,0.0,8.12,4.27,589253
2023-05-03 21:00:00,00000007180,20230503210000,1.96,0.011,0.009,0.0,0.0,0.0,1.0,4,0.0,0.0,0.56,0.46,589253
2023-05-03 22:00:00,00000007180,20230503220000,1.365,0.011,0.003,0.0,0.0,0.0,1.0,4,0.0,0.0,0.81,0.22,589253
2023-05-03 23:00:00,00000007180,20230503230000,0.24,0.016,0.002,0.0,0.0,0.0,1.0,4,0.0,0.0,6.67,0.83,589253
2023-05-04 00:00:00,00000007180,20230504000000,0.645,0.026,0.011,0.0,0.0,0.0,1.0,4,0.0,0.0,4.03,1.71,589253
2023-05-04 01:00:00,00000007180,20230504010000,0.205,0.022,0.022,0.0,0.0,0.0,1.0,4,0.0,0.0,10.73,10.73,589253
2023-05-04 02:00:00,00000007180,20230504020000,0.185,0.048,0.01,0.0,0.0,0.0,1.0,4,0.0,0.0,25.95,5.41,589253
2023-05-04 03:00:00,00000007180,20230504030000,0.167,0.028,0.008,0.0,0.0,0.0,1.0,4,0.0,0.0,16.77,4.79,589253
2023-05-04 04:00:00,00000007180,20230504040000,0.199,0.051,0.007,0.0,0.0,0.0,1.0,4,0.0,0.0,25.63,3.52,589253
2023-05-04 05:00:00,00000007180,20230504050000,0.161,0.02,0.006,0.0,0.0,0.0,1.0,4,0.0,0.0,12.42,3.73,589253
2023-05-04 06:00:00,00000007180,20230504060000,0.104,0.05,0.002,0.0,0.0,0.0,1.0,4,0.0,0.0,48.08,1.92,589253
2023-05-04 07:00:00,00000007180,20230504070000,0.089,0.045,0.017,0.0,0.0,0.0,1.0,4,0.0,0.0,50.56,19.1,589253
2023-05-04 08:00:00,00000007180,20230504080000,0.097,0.051,0.014,0.0,0.0,0.0,1.0,4,0.0,0.0,52.58,14.43,589253
2023-05-04 09:00:00,00000007180,20230504090000,0.091,0.045,0.017,0.0,0.0,0.0,1.0,4,0.0,0.0,49.45,18.68,589253
2023-05-04 10:00:00,00000007180,20230504100000,0.111,0.059,0.01,0.0,0.0,0.0,1.0,4,0.0,0.0,53.15,9.01,589253
2023-05-04 11:00:00,00000007180,20230504110000,0.163,0.056,0.01,0.0,0.0,0.0,1.0,4,0.0,0.0,34.36,6.13,589253
2023-05-04 12:00:00,00000007180,20230504120000,0.257,0.073,0.011,0.0,0.0,0.0,1.0,4,0.0,0.0,28.4,4.28,589253
2023-05-04 13:00:00,00000007180,20230504130000,0.304,0.056,0.0,0.0,0.0,0.0,1.0,4,0.0,0.0,18.42,0.0,589253
2023-05-04 14:00:00,00000007180,20230504140000,0.144,0.034,0.009,0.0,0.0,0.0,1.0,4,0.0,0.0,23.61,6.25,589253
2023-05-04 15:00:00,00000007180,20230504150000,0.213,0.049,0.007,0.0,0.0,0.0,1.0,4,0.0,0.0,23.0,3.29,589253
2023-05-04 16:00:00,00000007180,20230504160000,0.229,0.046,0.019,0.0,0.0,0.0,1.0,4,0.0,0.0,20.09,8.3,589253
2023-05-04 17:00:00,00000007180,20230504170000,0.235,0.04,0.018,0.0,0.0,0.0,1.0,4,0.0,0.0,17.02,7.66,589253
2023-05-04 18:00:00,00000007180,20230504180000,0.23,0.028,0.006,0.0,0.0,0.0,1.0,4,0.0,0.0,12.17,2.61,589253
2023-05-04 19:00:00,00000007180,20230504190000,0.174,0.031,0.014,0.0,0.0,0.0,1.0,4,0.0,0.0,17.82,8.05,589253
2023-05-04 20:00:00,00000007180,20230504200000,0.203,0.037,0.004,0.0,0.0,0.0,1.0,4,0.0,0.0,18.23,1.97,589253
2023-05-04 21:00:00,00000007180,20230504210000,0.18,0.034,0.002,0.0,0.0,0.0,1.0,4,0.0,0.0,18.89,1.11,589253
2023-05-04 22:00:00,00000007180,20230504220000,0.167,0.025,0.001,0.0,0.0,0.0,1.0,4,0.0,0.0,14.97,0.6,589253
2023-05-04 23:00:00,00000007180,20230504230000,1.012,0.015,0.0,0.0,0.0,0.0,1.0,4,0.0,0.0,1.48,0.0,589253
2023-05-05 00:00:00,00000007180,20230505000000,0.683,0.016,0.004,0.0,0.0,0.0,1.0,4,0.0,0.0,2.34,0.59,589253
2023-05-05 01:00:00,00000007180,20230505010000,0.166,0.01,0.015,0.0,0.0,0.0,1.0,4,0.0,0.0,6.02,9.04,589253
2023-05-05 02:00:00,00000007180,20230505020000,0.184,0.02,0.006,0.0,0.0,0.0,1.0,4,0.0,0.0,10.87,3.26,589253
2023-05-05 03:00:00,00000007180,20230505030000,0.137,0.025,0.016,0.0,0.0,0.0,1.0,4,0.0,0.0,18.25,11.68,589253
2023-05-05 04:00:00,00000007180,20230505040000,0.09,0.024,0.025,0.0,0.0,0.0,1.0,4,0.0,0.0,26.67,27.78,589253
2023-05-05 05:00:00,00000007180,20230505050000,0.107,0.031,0.012,0.0,0.0,0.0,1.0,4,0.0,0.0,28.97,11.21,589253
2023-05-05 06:00:00,00000007180,20230505060000,0.091,0.024,0.023,0.0,0.0,0.0,1.0,4,0.0,0.0,26.37,25.27,589253
2023-05-05 07:00:00,00000007180,20230505070000,0.108,0.03,0.01,0.0,0.0,0.0,1.0,4,0.0,0.0,27.78,9.26,589253
2023-05-05 08:00:00,00000007180,20230505080000,0.088,0.018,0.019,0.0,0.0,0.0,1.0,4,0.0,0.0,20.45,21.59,589253
2023-05-05 09:00:00,00000007180,20230505090000,0.105,0.025,0.01,0.0,0.0,0.0,1.0,4,0.0,0.0,23.81,9.52,589253
2023-05-05 10:00:00,00000007180,20230505100000,0.139,0.053,0.006,0.0,0.0,0.0,1.0,4,0.0,0.0,38.13,4.32,589253
2023-05-05 11:00:00,00000007180,20230505110000,0.186,0.056,0.008,0.0,0.0,0.0,1.0,4,0.0,0.0,30.11,4.3,589253
2023-05-05 12:00:00,00000007180,20230505120000,0.165,0.037,0.017,0.0,0.0,0.0,1.0,4,0.0,0.0,22.42,10.3,589253
2023-05-05 13:00:00,00000007180,20230505130000,0.173,0.051,0.007,0.0,0.0,0.0,1.0,4,0.0,0.0,29.48,4.05,589253
2023-05-05 14:00:00,00000007180,20230505140000,0.171,0.046,0.007,0.0,0.0,0.0,1.0,4,0.0,0.0,26.9,4.09,589253
2023-05-05 15:00:00,00000007180,20230505150000,0.216,0.009,0.004,0.0,0.0,0.0,1.0,4,0.0,0.0,4.17,1.85,589253
2023-05-05 16:00:00,00000007180,20230505160000,0.211,0.03,0.003,0.0,0.0,0.0,1.0,4,0.0,0.0,14.22,1.42,589253
2023-05-05 17:00:00,00000007180,20230505170000,0.453,0.079,0.0,0.0,0.0,0.0,1.0,4,0.0,0.0,17.44,0.0,589253
2023-05-05 18:00:00,00000007180,20230505180000,0.286,0.047,0.011,0.0,0.0,0.0,1.0,4,0.0,0.0,16.43,3.85,589253
2023-05-05 19:00:00,00000007180,20230505190000,0.191,0.043,0.0,0.0,0.0,0.0,1.0,4,0.0,0.0,22.51,0.0,589253
2023-05-05 20:00:00,00000007180,20230505200000,0.174,0.039,0.018,0.0,0.0,0.0,1.0,4,0.0,0.0,22.41,10.34,589253
2023-05-05 21:00:00,00000007180,20230505210000,0.237,0.02,0.025,0.0,0.0,0.0,1.0,4,0.0,0.0,8.44,10.55,589253
2023-05-05 22:00:00,00000007180,20230505220000,0.462,0.031,0.016,0.0,0.0,0.0,1.0,4,0.0,0.0,6.71,3.46,589253
2023-05-05 23:00:00,00000007180,20230505230000,0.247,0.007,0.006,0.0,0.0,0.0,1.0,4,0.0,0.0,2.83,2.43,589253
2023-05-06 00:00:00,00000007180,20230506000000,0.245,0.021,0.012,0.0,0.0,0.0,1.0,4,0.0,0.0,8.57,4.9,589253
2023-05-06 01:00:00,00000007180,20230506010000,0.232,0.042,0.021,0.0,0.0,0.0,1.0,4,0.0,0.0,18.1,9.05,589253
2023-05-06 02:00:00,00000007180,20230506020000,0.16,0.033,0.02,0.0,0.0,0.0,1.0,4,0.0,0.0,20.62,12.5,589253
2023-05-06 03:00:00,00000007180,20230506030000,0.161,0.028,0.015,0.0,0.0,0.0,1.0,4,0.0,0.0,17.39,9.32,589253
2023-05-06 04:00:00,00000007180,20230506040000,0.162,0.032,0.016,0.0,0.0,0.0,1.0,4,0.0,0.0,19.75,9.88,589253
2023-05-06 05:00:00,00000007180,20230506050000,0.163,0.028,0.011,0.0,0.0,0.0,1.0,4,0.0,0.0,17.18,6.75,589253
2023-05-06 06:00:00,00000007180,20230506060000,0.144,0.031,0.012,0.0,0.0,0.0,1.0,4,0.0,0.0,21.53,8.33,589253
2023-05-06 07:00:00,00000007180,20230506070000,0.098,0.041,0.003,0.0,0.0,0.0,1.0,4,0.0,0.0,41.84,3.06,589253
2023-05-06 08:00:00,00000007180,20230506080000,0.102,0.035,0.005,0.0,0.0,0.0,1.0,4,0.0,0.0,34.31,4.9,589253
2023-05-06 09:00:00,00000007180,20230506090000,0.099,0.029,0.002,0.0,0.0,0.0,1.0,4,0.0,0.0,29.29,2.02,589253
2023-05-06 10:00:00,00000007180,20230506100000,0.103,0.033,0.002,0.0,0.0,0.0,1.0,4,0.0,0.0,32.04,1.94,589253
2023-05-06 11:00:00,00000007180,20230506110000,0.149,0.051,0.004,0.0,0.0,0.0,1.0,4,0.0,0.0,34.23,2.68,589253
2023-05-06 12:00:00,00000007180,20230506120000,0.178,0.046,0.013,0.0,0.0,0.0,1.0,4,0.0,0.0,25.84,7.3,589253
2023-05-06 13:00:00,00000007180,20230506130000,0.132,0.052,0.011,0.0,0.0,0.0,1.0,4,0.0,0.0,39.39,8.33,589253
2023-05-06 14:00:00,00000007180,20230506140000,0.11,0.033,0.014,0.0,0.0,0.0,1.0,4,0.0,0.0,30.0,12.73,589253
2023-05-06 15:00:00,00000007180,20230506150000,1.827,0.052,0.004,0.0,0.0,0.0,1.0,4,0.0,0.0,2.85,0.22,589253
2023-05-06 16:00:00,00000007180,20230506160000,1.448,0.054,0.009,0.0,0.0,0.0,1.0,4,0.0,0.0,3.73,0.62,589253
2023-05-06 17:00:00,00000007180,20230506170000,0.329,0.049,0.003,0.0,0.0,0.0,1.0,4,0.0,0.0,14.89,0.91,589253
2023-05-06 18:00:00,00000007180,20230506180000,0.186,0.051,0.002,0.0,0.0,0.0,1.0,4,0.0,0.0,27.42,1.08,589253
2023-05-06 19:00:00,00000007180,20230506190000,0.194,0.054,0.011,0.0,0.0,0.0,1.0,4,0.0,0.0,27.84,5.67,589253
2023-05-06 20:00:00,00000007180,20230506200000,0.193,0.043,0.011,0.0,0.0,0.0,1.0,4,0.0,0.0,22.28,5.7,589253
2023-05-06 21:00:00,00000007180,20230506210000,0.329,0.036,0.002,0.0,0.0,0.0,1.0,4,0.0,0.0,10.94,0.61,589253
2023-05-06 22:00:00,00000007180,20230506220000,0.183,0.042,0.011,0.0,0.0,0.0,1.0,4,0.0,0.0,22.95,6.01,589253
2023-05-06 23:00:00,00000007180,20230506230000,0.193,0.039,0.006,0.0,0.0,0.0,1.0,4,0.0,0.0,20.21,3.11,589253
2023-05-07 00:00:00,00000007180,20230507000000,0.184,0.038,0.007,0.0,0.0,0.0,1.0,4,0.0,0.0,20.65,3.8,589253
2023-05-07 01:00:00,00000007180,20230507010000,0.18,0.043,0.013,0.0,0.0,0.0,1.0,4,0.0,0.0,23.89,7.22,589253
2023-05-07 02:00:00,00000007180,20230507020000,0.127,0.035,0.014,0.0,0.0,0.0,1.0,4,0.0,0.0,27.56,11.02,589253
2023-05-07 03:00:00,00000007180,20230507030000,0.118,0.047,0.003,0.0,0.0,0.0,1.0,4,0.0,0.0,39.83,2.54,589253
2023-05-07 04:00:00,00000007180,20230507040000,0.153,0.047,0.0,0.0,0.0,0.0,1.0,4,0.0,0.0,30.72,0.0,589253
2023-05-07 05:00:00,00000007180,20230507050000,0.147,0.024,0.025,0.0,0.0,0.0,1.0,4,0.0,0.0,16.33,17.01,589253
2023-05-07 06:00:00,00000007180,20230507060000,0.175,0.05,0.021,0.0,0.0,0.0,1.0,4,0.0,0.0,28.57,12.0,589253
2023-05-07 07:00:00,00000007180,20230507070000,0.098,0.053,0.016,0.0,0.0,0.0,1.0,4,0.0,0.0,54.08,16.33,589253
2023-05-07 08:00:00,00000007180,20230507080000,0.089,0.04,0.009,0.0,0.0,0.0,1.0,4,0.0,0.0,44.94,10.11,589253
2023-05-07 09:00:00,00000007180,20230507090000,0.097,0.045,0.01,0.0,0.0,0.0,1.0,4,0.0,0.0,46.39,10.31,589253
2023-05-07 10:00:00,00000007180,20230507100000,0.09,0.036,0.006,0.0,0.0,0.0,1.0,4,0.0,0.0,40.0,6.67,589253
2023-05-07 11:00:00,00000007180,20230507110000,0.13,0.059,0.005,0.0,0.0,0.0,1.0,4,0.0,0.0,45.38,3.85,589253
2023-05-07 12:00:00,00000007180,20230507120000,0.177,0.057,0.006,0.0,0.0,0.0,1.0,4,0.0,0.0,32.2,3.39,589253
2023-05-07 13:00:00,00000007180,20230507130000,0.111,0.047,0.012,0.0,0.0,0.0,1.0,4,0.0,0.0,42.34,10.81,589253
2023-05-07 14:00:00,00000007180,20230507140000,1.171,0.032,0.005,0.0,0.0,0.0,1.0,4,0.0,0.0,2.73,0.43,589253
2023-05-07 15:00:00,00000007180,20230507150000,0.776,0.068,0.0,0.0,0.0,0.0,1.0,4,0.0,0.0,8.76,0.0,589253
2023-05-07 16:00:00,00000007180,20230507160000,0.182,0.032,0.005,0.0,0.0,0.0,1.0,4,0.0,0.0,17.58,2.75,589253
2023-05-07 17:00:00,00000007180,20230507170000,0.174,0.038,0.011,0.0,0.0,0.0,1.0,4,0.0,0.0,21.84,6.32,589253
2023-05-07 18:00:00,00000007180,20230507180000,0.207,0.026,0.007,0.0,0.0,0.0,1.0,4,0.0,0.0,12.56,3.38,589253
2023-05-07 19:00:00,00000007180,20230507190000,0.233,0.043,0.016,0.0,0.0,0.0,1.0,4,0.0,0.0,18.45,6.87,589253
2023-05-07 20:00:00,00000007180,20230507200000,0.21,0.053,0.0,0.0,0.0,0.0,1.0,4,0.0,0.0,25.24,0.0,589253
2023-05-07 21:00:00,00000007180,20230507210000,0.175,0.036,0.012,0.0,0.0,0.0,1.0,4,0.0,0.0,20.57,6.86,589253
2023-05-07 22:00:00,00000007180,20230507220000,0.184,0.037,0.009,0.0,0.0,0.0,1.0,4,0.0,0.0,20.11,4.89,589253
2023-05-07 23:00:00,00000007180,20230507230000,0.669,0.02,0.003,0.0,0.0,0.0,1.0,4,0.0,0.0,2.99,0.45,589253
2023-05-08 00:00:00,00000007180,20230508000000,1.13,0.024,0.027,0.0,0.0,0.0,1.0,4,0.0,0.0,2.12,2.39,589253
2023-05-08 01:00:00,00000007180,20230508010000,0.236,0.007,0.043,0.0,0.0,0.0,1.0,4,0.0,0.0,2.97,18.22,589253
2023-05-08 02:00:00,00000007180,20230508020000,0.226,0.02,0.007,0.0,0.0,0.0,1.0,4,0.0,0.0,8.85,3.1,589253
2023-05-08 03:00:00,00000007180,20230508030000,0.102,0.041,0.003,0.0,0.0,0.0,1.0,4,0.0,0.0,40.2,2.94,589253
2023-05-08 04:00:00,00000007180,20230508040000,0.104,0.046,0.003,0.0,0.0,0.0,1.0,4,0.0,0.0,44.23,2.88,589253
2023-05-08 05:00:00,00000007180,20230508050000,0.08,0.037,0.02,0.0,0.0,0.0,1.0,4,0.0,0.0,46.25,25.0,589253
2023-05-08 06:00:00,00000007180,20230508060000,0.111,0.063,0.011,0.0,0.0,0.0,1.0,4,0.0,0.0,56.76,9.91,589253
2023-05-08 07:00:00,00000007180,20230508070000,0.076,0.033,0.02,0.0,0.0,0.0,1.0,4,0.0,0.0,43.42,26.32,589253
2023-05-08 08:00:00,00000007180,20230508080000,0.113,0.06,0.01,0.0,0.0,0.0,1.0,4,0.0,0.0,53.1,8.85,589253
2023-05-08 09:00:00,00000007180,20230508090000,0.089,0.029,0.005,0.0,0.0,0.0,1.0,4,0.0,0.0,32.58,5.62,589253
2023-05-08 10:00:00,00000007180,20230508100000,0.153,0.054,0.001,0.0,0.0,0.0,1.0,4,0.0,0.0,35.29,0.65,589253
2023-05-08 11:00:00,00000007180,20230508110000,0.145,0.037,0.018,0.0,0.0,0.0,1.0,4,0.0,0.0,25.52,12.41,589253
2023-05-08 12:00:00,00000007180,20230508120000,0.839,0.163,0.001,0.0,0.0,0.0,1.0,4,0.0,0.0,19.43,0.12,589253
2023-05-08 13:00:00,00000007180,20230508130000,0.415,0.132,0.008,0.0,0.0,0.0,1.0,4,0.0,0.0,31.81,1.93,589253
2023-05-08 14:00:00,00000007180,20230508140000,0.187,0.065,0.006,0.0,0.0,0.0,1.0,4,0.0,0.0,34.76,3.21,589253
2023-05-08 15:00:00,00000007180,20230508150000,0.144,0.04,0.018,0.0,0.0,0.0,1.0,4,0.0,0.0,27.78,12.5,589253
2023-05-08 16:00:00,00000007180,20230508160000,0.205,0.082,0.002,0.0,0.0,0.0,1.0,4,0.0,0.0,40.0,0.98,589253
2023-05-08 17:00:00,00000007180,20230508170000,0.211,0.091,0.0,0.0,0.0,0.0,1.0,4,0.0,0.0,43.13,0.0,589253
2023-05-08 18:00:00,00000007180,20230508180000,0.41,0.073,0.0,0.0,0.0,0.0,1.0,4,0.0,0.0,17.8,0.0,589253
2023-05-08 19:00:00,00000007180,20230508190000,0.229,0.087,0.0,0.0,0.0,0.0,1.0,4,0.0,0.0,37.99,0.0,589253
2023-05-08 20:00:00,00000007180,20230508200000,0.189,0.034,0.01,0.0,0.0,0.0,1.0,4,0.0,0.0,17.99,5.29,589253
2023-05-08 21:00:00,00000007180,20230508210000,0.183,0.04,0.008,0.0,0.0,0.0,1.0,4,0.0,0.0,21.86,4.37,589253
2023-05-08 22:00:00,00000007180,20230508220000,0.201,0.055,0.011,0.0,0.0,0.0,1.0,4,0.0,0.0,27.36,5.47,589253
2023-05-08 23:00:00,00000007180,20230508230000,0.231,0.038,0.014,0.0,0.0,0.0,1.0,4,0.0,0.0,16.45,6.06,589253
2023-05-09 00:00:00,00000007180,20230509000000,0.267,0.034,0.01,0.0,0.0,0.0,1.0,4,0.0,0.0,12.73,3.75,589253
2023-05-09 01:00:00,00000007180,20230509010000,0.256,0.029,0.006,0.0,0.0,0.0,1.0,4,0.0,0.0,11.33,2.34,589253
2023-05-09 02:00:00,00000007180,20230509020000,0.102,0.051,0.014,0.0,0.0,0.0,1.0,4,0.0,0.0,50.0,13.73,589253
2023-05-09 03:00:00,00000007180,20230509030000,0.113,0.056,0.002,0.0,0.0,0.0,1.0,4,0.0,0.0,49.56,1.77,589253
2023-05-09 04:00:00,00000007180,20230509040000,0.102,0.044,0.006,0.0,0.0,0.0,1.0,4,0.0,0.0,43.14,5.88,589253
2023-05-09 05:00:00,00000007180,20230509050000,0.115,0.066,0.01,0.0,0.0,0.0,1.0,4,0.0,0.0,57.39,8.7,589253
2023-05-09 06:00:00,00000007180,20230509060000,0.094,0.052,0.016,0.0,0.0,0.0,1.0,4,0.0,0.0,55.32,17.02,589253
2023-05-09 07:00:00,00000007180,20230509070000,0.095,0.044,0.009,0.0,0.0,0.0,1.0,4,0.0,0.0,46.32,9.47,589253
2023-05-09 08:00:00,00000007180,20230509080000,0.106,0.048,0.003,0.0,0.0,0.0,1.0,4,0.0,0.0,45.28,2.83,589253
2023-05-09 09:00:00,00000007180,20230509090000,0.091,0.033,0.003,0.0,0.0,0.0,1.0,4,0.0,0.0,36.26,3.3,589253
2023-05-09 10:00:00,00000007180,20230509100000,0.103,0.038,0.003,0.0,0.0,0.0,1.0,4,0.0,0.0,36.89,2.91,589253
2023-05-09 11:00:00,00000007180,20230509110000,0.147,0.052,0.003,0.0,0.0,0.0,1.0,4,0.0,0.0,35.37,2.04,589253
2023-05-09 12:00:00,00000007180,20230509120000,0.158,0.041,0.002,0.0,0.0,0.0,1.0,4,0.0,0.0,25.95,1.27,589253
2023-05-09 13:00:00,00000007180,20230509130000,0.19,0.051,0.008,0.0,0.0,0.0,1.0,4,0.0,0.0,26.84,4.21,589253
2023-05-09 14:00:00,00000007180,20230509140000,0.186,0.062,0.007,0.0,0.0,0.0,1.0,4,0.0,0.0,33.33,3.76,589253
2023-05-09 15:00:00,00000007180,20230509150000,0.136,0.032,0.021,0.0,0.0,0.0,1.0,4,0.0,0.0,23.53,15.44,589253
2023-05-09 16:00:00,00000007180,20230509160000,0.176,0.064,0.01,0.0,0.0,0.0,1.0,4,0.0,0.0,36.36,5.68,589253
2023-05-09 17:00:00,00000007180,20230509170000,0.141,0.037,0.024,0.0,0.0,0.0,1.0,4,0.0,0.0,26.24,17.02,589253
2023-05-09 18:00:00,00000007180,20230509180000,0.178,0.045,0.016,0.0,0.0,0.0,1.0,4,0.0,0.0,25.28,8.99,589253
2023-05-09 19:00:00,00000007180,20230509190000,0.151,0.026,0.028,0.0,0.0,0.0,1.0,4,0.0,0.0,17.22,18.54,589253
2023-05-09 20:00:00,00000007180,20230509200000,0.258,0.04,0.019,0.0,0.0,0.0,1.0,4,0.0,0.0,15.5,7.36,589253
2023-05-09 21:00:00,00000007180,20230509210000,0.247,0.02,0.012,0.0,0.0,0.0,1.0,4,0.0,0.0,8.1,4.86,589253
2023-05-09 22:00:00,00000007180,20230509220000,0.234,0.011,0.015,0.0,0.0,0.0,1.0,4,0.0,0.0,4.7,6.41,589253
2023-05-09 23:00:00,00000007180,20230509230000,0.254,0.019,0.004,0.0,0.0,0.0,1.0,4,0.0,0.0,7.48,1.57,589253
2023-05-10 00:00:00,00000007180,20230510000000,1.047,0.003,0.011,0.0,0.0,0.0,1.0,4,0.0,0.0,0.29,1.05,589253
2023-05-10 01:00:00,00000007180,20230510010000,0.757,0.004,0.012,0.0,0.0,0.0,1.0,4,0.0,0.0,0.53,1.59,589253
2023-05-10 02:00:00,00000007180,20230510020000,0.247,0.0,0.021,0.0,0.0,0.0,1.0,4,0.0,0.0,0.0,8.5,589253
2023-05-10 03:00:00,00000007180,20230510030000,0.25,0.001,0.017,0.0,0.0,0.0,1.0,4,0.0,0.0,0.4,6.8,589253
2023-05-10 04:00:00,00000007180,20230510040000,0.162,0.018,0.002,0.0,0.0,0.0,1.0,4,0.0,0.0,11.11,1.23,589253
2023-05-10 05:00:00,00000007180,20230510050000,0.142,0.024,0.005,0.0,0.0,0.0,1.0,4,0.0,0.0,16.9,3.52,589253
2023-05-10 06:00:00,00000007180,20230510060000,0.098,0.044,0.002,0.0,0.0,0.0,1.0,4,0.0,0.0,44.9,2.04,589253
2023-05-10 07:00:00,00000007180,20230510070000,0.089,0.037,0.006,0.0,0.0,0.0,1.0,4,0.0,0.0,41.57,6.74,589253
2023-05-10 08:00:00,00000007180,20230510080000,0.097,0.042,0.004,0.0,0.0,0.0,1.0,4,0.0,0.0,43.3,4.12,589253
2023-05-10 09:00:00,00000007180,20230510090000,0.085,0.033,0.009,0.0,0.0,0.0,1.0,4,0.0,0.0,38.82,10.59,589253
2023-05-10 10:00:00,00000007180,20230510100000,0.126,0.043,0.0,0.0,0.0,0.0,1.0,4,0.0,0.0,34.13,0.0,589253
2023-05-10 11:00:00,00000007180,20230510110000,0.15,0.037,0.008,0.0,0.0,0.0,1.0,4,0.0,0.0,24.67,5.33,589253
2023-05-10 12:00:00,00000007180,20230510120000,0.176,0.046,0.009,0.0,0.0,0.0,1.0,4,0.0,0.0,26.14,5.11,589253
2023-05-10 13:00:00,00000007180,20230510130000,1.062,0.041,0.011,0.0,0.0,0.0,1.0,4,0.0,0.0,3.86,1.04,589253
2023-05-10 14:00:00,00000007180,20230510140000,0.338,0.025,0.011,0.0,0.0,0.0,1.0,4,0.0,0.0,7.4,3.25,589253
2023-05-10 15:00:00,00000007180,20230510150000,0.675,0.034,0.019,0.0,0.0,0.0,1.0,4,0.0,0.0,5.04,2.81,589253
2023-05-10 16:00:00,00000007180,20230510160000,0.188,0.048,0.017,0.0,0.0,0.0,1.0,4,0.0,0.0,25.53,9.04,589253
2023-05-10 17:00:00,00000007180,20230510170000,0.156,0.032,0.023,0.0,0.0,0.0,1.0,4,0.0,0.0,20.51,14.74,589253
2023-05-10 18:00:00,00000007180,20230510180000,0.209,0.026,0.006,0.0,0.0,0.0,1.0,4,0.0,0.0,12.44,2.87,589253
2023-05-10 19:00:00,00000007180,20230510190000,0.255,0.047,0.003,0.0,0.0,0.0,1.0,4,0.0,0.0,18.43,1.18,589253
2023-05-10 20:00:00,00000007180,20230510200000,0.167,0.029,0.009,0.0,0.0,0.0,1.0,4,0.0,0.0,17.37,5.39,589253
2023-05-10 21:00:00,00000007180,20230510210000,0.243,0.023,0.023,0.0,0.0,0.0,1.0,4,0.0,0.0,9.47,9.47,589253
2023-05-10 22:00:00,00000007180,20230510220000,0.262,0.039,0.019,0.0,0.0,0.0,1.0,4,0.0,0.0,14.89,7.25,589253
2023-05-10 23:00:00,00000007180,20230510230000,0.236,0.01,0.013,0.0,0.0,0.0,1.0,4,0.0,0.0,4.24,5.51,589253
2023-05-11 00:00:00,00000007180,20230511000000,0.262,0.02,0.007,0.0,0.0,0.0,1.0,4,0.0,0.0,7.63,2.67,589253
2023-05-11 01:00:00,00000007180,20230511010000,0.238,0.032,0.029,0.0,0.0,0.0,1.0,4,0.0,0.0,13.45,12.18,589253
2023-05-11 02:00:00,00000007180,20230511020000,0.161,0.04,0.023,0.0,0.0,0.0,1.0,4,0.0,0.0,24.84,14.29,589253
2023-05-11 03:00:00,00000007180,20230511030000,0.156,0.036,0.024,0.0,0.0,0.0,1.0,4,0.0,0.0,23.08,15.38,589253
2023-05-11 04:00:00,00000007180,20230511040000,0.124,0.049,0.021,0.0,0.0,0.0,1.0,4,0.0,0.0,39.52,16.94,589253
2023-05-11 05:00:00,00000007180,20230511050000,0.089,0.044,0.013,0.0,0.0,0.0,1.0,4,0.0,0.0,49.44,14.61,589253
2023-05-11 06:00:00,00000007180,20230511060000,0.096,0.051,0.011,0.0,0.0,0.0,1.0,4,0.0,0.0,53.12,11.46,589253
2023-05-11 07:00:00,00000007180,20230511070000,0.086,0.038,0.008,0.0,0.0,0.0,1.0,4,0.0,0.0,44.19,9.3,589253
2023-05-11 08:00:00,00000007180,20230511080000,0.097,0.044,0.005,0.0,0.0,0.0,1.0,4,0.0,0.0,45.36,5.15,589253
2023-05-11 09:00:00,00000007180,20230511090000,0.084,0.032,0.002,0.0,0.0,0.0,1.0,4,0.0,0.0,38.1,2.38,589253
2023-05-11 10:00:00,00000007180,20230511100000,0.094,0.039,0.004,0.0,0.0,0.0,1.0,4,0.0,0.0,41.49,4.26,589253
2023-05-11 11:00:00,00000007180,20230511110000,0.404,0.11,0.002,0.0,0.0,0.0,1.0,4,0.0,0.0,27.23,0.5,589253
2023-05-11 12:00:00,00000007180,20230511120000,0.876,0.219,0.002,0.0,0.0,0.0,1.0,4,0.0,0.0,25.0,0.23,589253
2023-05-11 13:00:00,00000007180,20230511130000,0.187,0.054,0.01,0.0,0.0,0.0,1.0,4,0.0,0.0,28.88,5.35,589253
2023-05-11 14:00:00,00000007180,20230511140000,0.382,0.059,0.013,0.0,0.0,0.0,1.0,4,0.0,0.0,15.45,3.4,589253
2023-05-11 15:00:00,00000007180,20230511150000,0.155,0.039,0.004,0.0,0.0,0.0,1.0,4,0.0,0.0,25.16,2.58,589253
2023-05-11 16:00:00,00000007180,20230511160000,0.16,0.041,0.004,0.0,0.0,0.0,1.0,4,0.0,0.0,25.62,2.5,589253
2023-05-11 17:00:00,00000007180,20230511170000,0.138,0.029,0.008,0.0,0.0,0.0,1.0,4,0.0,0.0,21.01,5.8,589253
2023-05-11 18:00:00,00000007180,20230511180000,0.205,0.032,0.013,0.0,0.0,0.0,1.0,4,0.0,0.0,15.61,6.34,589253
2023-05-11 19:00:00,00000007180,20230511190000,0.188,0.048,0.008,0.0,0.0,0.0,1.0,4,0.0,0.0,25.53,4.26,589253
2023-05-11 20:00:00,00000007180,20230511200000,0.179,0.031,0.008,0.0,0.0,0.0,1.0,4,0.0,0.0,17.32,4.47,589253
2023-05-11 21:00:00,00000007180,20230511210000,0.157,0.019,0.007,0.0,0.0,0.0,1.0,4,0.0,0.0,12.1,4.46,589253
2023-05-11 22:00:00,00000007180,20230511220000,0.175,0.041,0.012,0.0,0.0,0.0,1.0,4,0.0,0.0,23.43,6.86,589253
2023-05-11 23:00:00,00000007180,20230511230000,0.17,0.04,0.019,0.0,0.0,0.0,1.0,4,0.0,0.0,23.53,11.18,589253
2023-05-12 00:00:00,00000007180,20230512000000,0.246,0.028,0.028,0.0,0.0,0.0,1.0,4,0.0,0.0,11.38,11.38,589253
2023-05-12 01:00:00,00000007180,20230512010000,0.243,0.034,0.029,0.0,0.0,0.0,1.0,4,0.0,0.0,13.99,11.93,589253
2023-05-12 02:00:00,00000007180,20230512020000,0.209,0.029,0.021,0.0,0.0,0.0,1.0,4,0.0,0.0,13.88,10.05,589253
2023-05-12 03:00:00,00000007180,20230512030000,0.135,0.04,0.017,0.0,0.0,0.0,1.0,4,0.0,0.0,29.63,12.59,589253
2023-05-12 04:00:00,00000007180,20230512040000,0.094,0.045,0.009,0.0,0.0,0.0,1.0,4,0.0,0.0,47.87,9.57,589253
2023-05-12 05:00:00,00000007180,20230512050000,0.09,0.043,0.01,0.0,0.0,0.0,1.0,4,0.0,0.0,47.78,11.11,589253
2023-05-12 06:00:00,00000007180,20230512060000,0.093,0.042,0.005,0.0,0.0,0.0,1.0,4,0.0,0.0,45.16,5.38,589253
2023-05-12 07:00:00,00000007180,20230512070000,0.093,0.041,0.005,0.0,0.0,0.0,1.0,4,0.0,0.0,44.09,5.38,589253
2023-05-12 08:00:00,00000007180,20230512080000,0.084,0.029,0.002,0.0,0.0,0.0,1.0,4,0.0,0.0,34.52,2.38,589253
2023-05-12 09:00:00,00000007180,20230512090000,0.129,0.033,0.005,0.0,0.0,0.0,1.0,4,0.0,0.0,25.58,3.88,589253
2023-05-12 10:00:00,00000007180,20230512100000,0.232,0.035,0.005,0.0,0.0,0.0,1.0,4,0.0,0.0,15.09,2.16,589253
2023-05-12 11:00:00,00000007180,20230512110000,0.166,0.037,0.007,0.0,0.0,0.0,1.0,4,0.0,0.0,22.29,4.22,589253
2023-05-12 12:00:00,00000007180,20230512120000,0.18,0.041,0.004,0.0,0.0,0.0,1.0,4,0.0,0.0,22.78,2.22,589253
2023-05-12 13:00:00,00000007180,20230512130000,0.216,0.026,0.002,0.0,0.0,0.0,1.0,4,0.0,0.0,12.04,0.93,589253
2023-05-12 14:00:00,00000007180,20230512140000,0.142,0.021,0.026,0.0,0.0,0.0,1.0,4,0.0,0.0,14.79,18.31,589253
2023-05-12 15:00:00,00000007180,20230512150000,0.169,0.041,0.019,0.0,0.0,0.0,1.0,4,0.0,0.0,24.26,11.24,589253
2023-05-12 16:00:00,00000007180,20230512160000,0.171,0.026,0.028,0.0,0.0,0.0,1.0,4,0.0,0.0,15.2,16.37,589253
2023-05-12 17:00:00,00000007180,20230512170000,0.223,0.031,0.014,0.0,0.0,0.0,1.0,4,0.0,0.0,13.9,6.28,589253
2023-05-12 18:00:00,00000007180,20230512180000,0.225,0.034,0.011,0.0,0.0,0.0,1.0,4,0.0,0.0,15.11,4.89,589253
2023-05-12 19:00:00,00000007180,20230512190000,0.18,0.045,0.005,0.0,0.0,0.0,1.0,4,0.0,0.0,25.0,2.78,589253
2023-05-12 20:00:00,00000007180,20230512200000,0.161,0.024,0.026,0.0,0.0,0.0,1.0,4,0.0,0.0,14.91,16.15,589253
2023-05-12 21:00:00,00000007180,20230512210000,0.257,0.023,0.005,0.0,0.0,0.0,1.0,4,0.0,0.0,8.95,1.95,589253
2023-05-12 22:00:00,00000007180,20230512220000,0.241,0.014,0.016,0.0,0.0,0.0,1.0,4,0.0,0.0,5.81,6.64,589253
2023-05-12 23:00:00,00000007180,20230512230000,1.101,0.022,0.019,0.0,0.0,0.0,1.0,4,0.0,0.0,2.0,1.73,589253
2023-05-13 00:00:00,00000007180,20230513000000,0.706,0.003,0.028,0.0,0.0,0.0,1.0,4,0.0,0.0,0.42,3.97,589253
2023-05-13 01:00:00,00000007180,20230513010000,0.239,0.009,0.02,0.0,0.0,0.0,1.0,4,0.0,0.0,3.77,8.37,589253
2023-05-13 02:00:00,00000007180,20230513020000,0.153,0.03,0.026,0.0,0.0,0.0,1.0,4,0.0,0.0,19.61,16.99,589253
2023-05-13 03:00:00,00000007180,20230513030000,0.165,0.041,0.022,0.0,0.0,0.0,1.0,4,0.0,0.0,24.85,13.33,589253
2023-05-13 04:00:00,00000007180,20230513040000,0.133,0.025,0.019,0.0,0.0,0.0,1.0,4,0.0,0.0,18.8,14.29,589253
2023-05-13 05:00:00,00000007180,20230513050000,0.103,0.048,0.006,0.0,0.0,0.0,1.0,4,0.0,0.0,46.6,5.83,589253
2023-05-13 06:00:00,00000007180,20230513060000,0.084,0.034,0.007,0.0,0.0,0.0,1.0,4,0.0,0.0,40.48,8.33,589253
2023-05-13 07:00:00,00000007180,20230513070000,0.094,0.037,0.003,0.0,0.0,0.0,1.0,4,0.0,0.0,39.36,3.19,589253
2023-05-13 08:00:00,00000007180,20230513080000,0.092,0.036,0.002,0.0,0.0,0.0,1.0,4,0.0,0.0,39.13,2.17,589253
2023-05-13 09:00:00,00000007180,20230513090000,0.083,0.033,0.012,0.0,0.0,0.0,1.0,4,0.0,0.0,39.76,14.46,589253
2023-05-13 10:00:00,00000007180,20230513100000,0.116,0.061,0.009,0.0,0.0,0.0,1.0,4,0.0,0.0,52.59,7.76,589253
2023-05-13 11:00:00,00000007180,20230513110000,0.152,0.038,0.006,0.0,0.0,0.0,1.0,4,0.0,0.0,25.0,3.95,589253
2023-05-13 12:00:00,00000007180,20230513120000,0.193,0.055,0.007,0.0,0.0,0.0,1.0,4,0.0,0.0,28.5,3.63,589253
2023-05-13 13:00:00,00000007180,20230513130000,0.356,0.071,0.005,0.0,0.0,0.0,1.0,4,0.0,0.0,19.94,1.4,589253
2023-05-13 14:00:00,00000007180,20230513140000,0.914,0.259,0.005,0.0,0.0,0.0,1.0,4,0.0,0.0,28.34,0.55,589253
2023-05-13 15:00:00,00000007180,20230513150000,0.098,0.031,0.007,0.0,0.0,0.0,1.0,4,0.0,0.0,31.63,7.14,589253
2023-05-13 16:00:00,00000007180,20230513160000,0.359,0.047,0.002,0.0,0.0,0.0,1.0,4,0.0,0.0,13.09,0.56,589253
2023-05-13 17:00:00,00000007180,20230513170000,0.292,0.041,0.014,0.0,0.0,0.0,1.0,4,0.0,0.0,14.04,4.79,589253
2023-05-13 18:00:00,00000007180,20230513180000,0.169,0.054,0.006,0.0,0.0,0.0,1.0,4,0.0,0.0,31.95,3.55,589253
2023-05-13 19:00:00,00000007180,20230513190000,0.824,0.03,0.004,0.0,0.0,0.0,1.0,4,0.0,0.0,3.64,0.49,589253
2023-05-13 20:00:00,00000007180,20230513200000,1.967,0.03,0.0,0.0,0.0,0.0,1.0,4,0.0,0.0,1.53,0.0,589253
2023-05-13 21:00:00,00000007180,20230513210000,1.829,0.024,0.015,0.0,0.0,0.0,1.0,4,0.0,0.0,1.31,0.82,589253
2023-05-13 22:00:00,00000007180,20230513220000,0.189,0.045,0.012,0.0,0.0,0.0,1.0,4,0.0,0.0,23.81,6.35,589253
2023-05-13 23:00:00,00000007180,20230513230000,0.435,0.02,0.004,0.0,0.0,0.0,1.0,4,0.0,0.0,4.6,0.92,589253
2023-05-14 00:00:00,00000007180,20230514000000,0.27,0.029,0.008,0.0,0.0,0.0,1.0,4,0.0,0.0,10.74,2.96,589253
2023-05-14 01:00:00,00000007180,20230514010000,0.221,0.019,0.033,0.0,0.0,0.0,1.0,4,0.0,0.0,8.6,14.93,589253
2023-05-14 02:00:00,00000007180,20230514020000,0.114,0.044,0.0,0.0,0.0,0.0,1.0,4,0.0,0.0,38.6,0.0,589253
2023-05-14 03:00:00,00000007180,20230514030000,0.085,0.034,0.013,0.0,0.0,0.0,1.0,4,0.0,0.0,40.0,15.29,589253
2023-05-14 04:00:00,00000007180,20230514040000,0.111,0.061,0.01,0.0,0.0,0.0,1.0,4,0.0,0.0,54.95,9.01,589253
2023-05-14 05:00:00,00000007180,20230514050000,0.085,0.034,0.013,0.0,0.0,0.0,1.0,4,0.0,0.0,40.0,15.29,589253
2023-05-14 06:00:00,00000007180,20230514060000,0.105,0.048,0.0,0.0,0.0,0.0,1.0,4,0.0,0.0,45.71,0.0,589253
2023-05-14 07:00:00,00000007180,20230514070000,0.086,0.037,0.015,0.0,0.0,0.0,1.0,4,0.0,0.0,43.02,17.44,589253
2023-05-14 08:00:00,00000007180,20230514080000,0.105,0.055,0.01,0.0,0.0,0.0,1.0,4,0.0,0.0,52.38,9.52,589253
2023-05-14 09:00:00,00000007180,20230514090000,0.074,0.033,0.021,0.0,0.0,0.0,1.0,4,0.0,0.0,44.59,28.38,589253
2023-05-14 10:00:00,00000007180,20230514100000,0.183,0.075,0.001,0.0,0.0,0.0,1.0,4,0.0,0.0,40.98,0.55,589253
2023-05-14 11:00:00,00000007180,20230514110000,0.16,0.045,0.013,0.0,0.0,0.0,1.0,4,0.0,0.0,28.12,8.12,589253
2023-05-14 12:00:00,00000007180,20230514120000,0.134,0.05,0.006,0.0,0.0,0.0,1.0,4,0.0,0.0,37.31,4.48,589253
2023-05-14 13:00:00,00000007180,20230514130000,0.173,0.035,0.016,0.0,0.0,0.0,1.0,4,0.0,0.0,20.23,9.25,589253
2023-05-14 14:00:00,00000007180,20230514140000,0.148,0.022,0.001,0.0,0.0,0.0,1.0,4,0.0,0.0,14.86,0.68,589253
2023-05-14 15:00:00,00000007180,20230514150000,0.35,0.037,0.007,0.0,0.0,0.0,1.0,4,0.0,0.0,10.57,2.0,589253
2023-05-14 16:00:00,00000007180,20230514160000,2.131,0.041,0.018,0.0,0.0,0.0,1.0,4,0.0,0.0,1.92,0.84,589253
2023-05-14 17:00:00,00000007180,20230514170000,0.646,0.042,0.015,0.0,0.0,0.0,1.0,4,0.0,0.0,6.5,2.32,589253
2023-05-14 18:00:00,00000007180,20230514180000,0.147,0.022,0.003,0.0,0.0,0.0,1.0,4,0.0,0.0,14.97,2.04,589253
2023-05-14 19:00:00,00000007180,20230514190000,0.358,0.03,0.005,0.0,0.0,0.0,1.0,4,0.0,0.0,8.38,1.4,589253
2023-05-14 20:00:00,00000007180,20230514200000,0.205,0.042,0.008,0.0,0.0,0.0,1.0,4,0.0,0.0,20.49,3.9,589253
2023-05-14 21:00:00,00000007180,20230514210000,0.953,0.012,0.013,0.0,0.0,0.0,1.0,4,0.0,0.0,1.26,1.36,589253
2023-05-14 22:00:00,00000007180,20230514220000,0.947,0.02,0.041,0.0,0.0,0.0,1.0,4,0.0,0.0,2.11,4.33,589253
2023-05-14 23:00:00,00000007180,20230514230000,0.202,0.03,0.003,0.0,0.0,0.0,1.0,4,0.0,0.0,14.85,1.49,589253
2023-05-15 00:00:00,00000007180,20230515000000,0.168,0.02,0.009,0.0,0.0,0.0,1.0,4,0.0,0.0,11.9,5.36,589253
2023-05-15 01:00:00,00000007180,20230515010000,0.182,0.044,0.014,0.0,0.0,0.0,1.0,4,0.0,0.0,24.18,7.69,589253
2023-05-15 02:00:00,00000007180,20230515020000,0.175,0.038,0.014,0.0,0.0,0.0,1.0,4,0.0,0.0,21.71,8.0,589253
2023-05-15 03:00:00,00000007180,20230515030000,0.163,0.017,0.005,0.0,0.0,0.0,1.0,4,0.0,0.0,10.43,3.07,589253
2023-05-15 04:00:00,00000007180,20230515040000,0.191,0.045,0.013,0.0,0.0,0.0,1.0,4,0.0,0.0,23.56,6.81,589253
2023-05-15 05:00:00,00000007180,20230515050000,0.094,0.034,0.013,0.0,0.0,0.0,1.0,4,0.0,0.0,36.17,13.83,589253
2023-05-15 06:00:00,00000007180,20230515060000,0.103,0.049,0.005,0.0,0.0,0.0,1.0,4,0.0,0.0,47.57,4.85,589253
2023-05-15 07:00:00,00000007180,20230515070000,0.102,0.051,0.007,0.0,0.0,0.0,1.0,4,0.0,0.0,50.0,6.86,589253
2023-05-15 08:00:00,00000007180,20230515080000,0.084,0.039,0.013,0.0,0.0,0.0,1.0,4,0.0,0.0,46.43,15.48,589253
2023-05-15 09:00:00,00000007180,20230515090000,0.094,0.045,0.013,0.0,0.0,0.0,1.0,4,0.0,0.0,47.87,13.83,589253
2023-05-15 10:00:00,00000007180,20230515100000,0.095,0.038,0.004,0.0,0.0,0.0,1.0,4,0.0,0.0,40.0,4.21,589253
2023-05-15 11:00:00,00000007180,20230515110000,0.104,0.044,0.001,0.0,0.0,0.0,1.0,4,0.0,0.0,42.31,0.96,589253
2023-05-15 12:00:00,00000007180,20230515120000,0.087,0.039,0.012,0.0,0.0,0.0,1.0,4,0.0,0.0,44.83,13.79,589253
2023-05-15 13:00:00,00000007180,20230515130000,0.092,0.045,0.015,0.0,0.0,0.0,1.0,4,0.0,0.0,48.91,16.3,589253
2023-05-15 14:00:00,00000007180,20230515140000,0.095,0.038,0.003,0.0,0.0,0.0,1.0,4,0.0,0.0,40.0,3.16,589253
2023-05-15 15:00:00,00000007180,20230515150000,0.096,0.038,0.006,0.0,0.0,0.0,1.0,4,0.0,0.0,39.58,6.25,589253
2023-05-15 16:00:00,00000007180,20230515160000,0.115,0.059,0.006,0.0,0.0,0.0,1.0,4,0.0,0.0,51.3,5.22,589253
2023-05-15 17:00:00,00000007180,20230515170000,0.072,0.03,0.022,0.0,0.0,0.0,1.0,4,0.0,0.0,41.67,30.56,589253
2023-05-15 18:00:00,00000007180,20230515180000,0.092,0.036,0.008,0.0,0.0,0.0,1.0,4,0.0,0.0,39.13,8.7,589253
2023-05-15 19:00:00,00000007180,20230515190000,0.079,0.021,0.003,0.0,0.0,0.0,1.0,4,0.0,0.0,26.58,3.8,589253
2023-05-15 20:00:00,00000007180,20230515200000,0.091,0.027,0.004,0.0,0.0,0.0,1.0,4,0.0,0.0,29.67,4.4,589253
2023-05-15 21:00:00,00000007180,20230515210000,0.09,0.035,0.011,0.0,0.0,0.0,1.0,4,0.0,0.0,38.89,12.22,589253
2023-05-15 22:00:00,00000007180,20230515220000,0.066,0.023,0.021,0.0,0.0,0.0,1.0,4,0.0,0.0,34.85,31.82,589253
2023-05-15 23:00:00,00000007180,20230515230000,0.087,0.029,0.007,0.0,0.0,0.0,1.0,4,0.0,0.0,33.33,8.05,589253
2023-05-16 00:00:00,00000007180,20230516000000,0.073,0.017,0.006,0.0,0.0,0.0,1.0,4,0.0,0.0,23.29,8.22,589253
2023-05-16 01:00:00,00000007180,20230516010000,0.088,0.035,0.012,0.0,0.0,0.0,1.0,4,0.0,0.0,39.77,13.64,589253
2023-05-16 02:00:00,00000007180,20230516020000,0.092,0.045,0.012,0.0,0.0,0.0,1.0,4,0.0,0.0,48.91,13.04,589253
2023-05-16 03:00:00,00000007180,20230516030000,0.077,0.027,0.012,0.0,0.0,0.0,1.0,4,0.0,0.0,35.06,15.58,589253
2023-05-16 04:00:00,00000007180,20230516040000,0.081,0.023,0.002,0.0,0.0,0.0,1.0,4,0.0,0.0,28.4,2.47,589253
2023-05-16 05:00:00,00000007180,20230516050000,0.07,0.024,0.014,0.0,0.0,0.0,1.0,4,0.0,0.0,34.29,20.0,589253
2023-05-16 06:00:00,00000007180,20230516060000,0.097,0.05,0.014,0.0,0.0,0.0,1.0,4,0.0,0.0,51.55,14.43,589253
2023-05-16 07:00:00,00000007180,20230516070000,0.083,0.041,0.016,0.0,0.0,0.0,1.0,4,0.0,0.0,49.4,19.28,589253
2023-05-16 08:00:00,00000007180,20230516080000,0.071,0.028,0.018,0.0,0.0,0.0,1.0,4,0.0,0.0,39.44,25.35,589253
2023-05-16 09:00:00,00000007180,20230516090000,0.081,0.026,0.005,0.0,0.0,0.0,1.0,4,0.0,0.0,32.1,6.17,589253
2023-05-16 10:00:00,00000007180,20230516100000,0.085,0.026,0.004,0.0,0.0,0.0,1.0,4,0.0,0.0,30.59,4.71,589253
2023-05-16 11:00:00,00000007180,20230516110000,0.088,0.037,0.008,0.0,0.0,0.0,1.0,4,0.0,0.0,42.05,9.09,589253
2023-05-16 12:00:00,00000007180,20230516120000,0.071,0.031,0.021,0.0,0.0,0.0,1.0,4,0.0,0.0,43.66,29.58,589253
2023-05-16 13:00:00,00000007180,20230516130000,0.081,0.034,0.016,0.0,0.0,0.0,1.0,4,0.0,0.0,41.98,19.75,589253
2023-05-16 14:00:00,00000007180,20230516140000,0.093,0.04,0.008,0.0,0.0,0.0,1.0,4,0.0,0.0,43.01,8.6,589253
2023-05-16 15:00:00,00000007180,20230516150000,0.086,0.027,0.003,0.0,0.0,0.0,1.0,4,0.0,0.0,31.4,3.49,589253
2023-05-16 16:00:00,00000007180,20230516160000,0.083,0.025,0.004,0.0,0.0,0.0,1.0,4,0.0,0.0,30.12,4.82,589253
2023-05-16 17:00:00,00000007180,20230516170000,0.081,0.035,0.016,0.0,0.0,0.0,1.0,4,0.0,0.0,43.21,19.75,589253
2023-05-16 18:00:00,00000007180,20230516180000,0.076,0.031,0.016,0.0,0.0,0.0,1.0,4,0.0,0.0,40.79,21.05,589253
2023-05-16 19:00:00,00000007180,20230516190000,0.103,0.049,0.011,0.0,0.0,0.0,1.0,4,0.0,0.0,47.57,10.68,589253
2023-05-16 20:00:00,00000007180,20230516200000,0.083,0.027,0.01,0.0,0.0,0.0,1.0,4,0.0,0.0,32.53,12.05,589253
2023-05-16 21:00:00,00000007180,20230516210000,0.079,0.019,0.004,0.0,0.0,0.0,1.0,4,0.0,0.0,24.05,5.06,589253
2023-05-16 22:00:00,00000007180,20230516220000,0.085,0.032,0.01,0.0,0.0,0.0,1.0,4,0.0,0.0,37.65,11.76,589253
2023-05-16 23:00:00,00000007180,20230516230000,0.071,0.027,0.02,0.0,0.0,0.0,1.0,4,0.0,0.0,38.03,28.17,589253
2023-05-17 00:00:00,00000007180,20230517000000,0.091,0.036,0.007,0.0,0.0,0.0,1.0,4,0.0,0.0,39.56,7.69,589253
2023-05-17 01:00:00,00000007180,20230517010000,0.082,0.024,0.004,0.0,0.0,0.0,1.0,4,0.0,0.0,29.27,4.88,589253
2023-05-17 02:00:00,00000007180,20230517020000,0.093,0.035,0.006,0.0,0.0,0.0,1.0,4,0.0,0.0,37.63,6.45,589253
2023-05-17 03:00:00,00000007180,20230517030000,0.089,0.041,0.012,0.0,0.0,0.0,1.0,4,0.0,0.0,46.07,13.48,589253
2023-05-17 04:00:00,00000007180,20230517040000,0.069,0.032,0.023,0.0,0.0,0.0,1.0,4,0.0,0.0,46.38,33.33,589253
2023-05-17 05:00:00,00000007180,20230517050000,0.086,0.034,0.009,0.0,0.0,0.0,1.0,4,0.0,0.0,39.53,10.47,589253
2023-05-17 06:00:00,00000007180,20230517060000,0.093,0.042,0.007,0.0,0.0,0.0,1.0,4,0.0,0.0,45.16,7.53,589253
2023-05-17 07:00:00,00000007180,20230517070000,0.089,0.037,0.008,0.0,0.0,0.0,1.0,4,0.0,0.0,41.57,8.99,589253
2023-05-17 08:00:00,00000007180,20230517080000,0.08,0.034,0.013,0.0,0.0,0.0,1.0,4,0.0,0.0,42.5,16.25,589253
2023-05-17 09:00:00,00000007180,20230517090000,0.08,0.038,0.021,0.0,0.0,0.0,1.0,4,0.0,0.0,47.5,26.25,589253
2023-05-17 10:00:00,00000007180,20230517100000,0.081,0.024,0.004,0.0,0.0,0.0,1.0,4,0.0,0.0,29.63,4.94,589253
2023-05-17 11:00:00,00000007180,20230517110000,0.08,0.021,0.003,0.0,0.0,0.0,1.0,4,0.0,0.0,26.25,3.75,589253
2023-05-17 12:00:00,00000007180,20230517120000,0.093,0.038,0.012,0.0,0.0,0.0,1.0,4,0.0,0.0,40.86,12.9,589253
2023-05-17 13:00:00,00000007180,20230517130000,0.094,0.044,0.013,0.0,0.0,0.0,1.0,4,0.0,0.0,46.81,13.83,589253
2023-05-17 14:00:00,00000007180,20230517140000,0.082,0.038,0.02,0.0,0.0,0.0,1.0,4,0.0,0.0,46.34,24.39,589253
2023-05-17 15:00:00,00000007180,20230517150000,0.084,0.028,0.007,0.0,0.0,0.0,1.0,4,0.0,0.0,33.33,8.33,589253
2023-05-17 16:00:00,00000007180,20230517160000,0.095,0.032,0.0,0.0,0.0,0.0,1.0,4,0.0,0.0,33.68,0.0,589253
2023-05-17 17:00:00,00000007180,20230517170000,0.081,0.027,0.012,0.0,0.0,0.0,1.0,4,0.0,0.0,33.33,14.81,589253
2023-05-17 18:00:00,00000007180,20230517180000,0.097,0.043,0.012,0.0,0.0,0.0,1.0,4,0.0,0.0,44.33,12.37,589253
2023-05-17 19:00:00,00000007180,20230517190000,0.106,0.05,0.012,0.0,0.0,0.0,1.0,4,0.0,0.0,47.17,11.32,589253
2023-05-17 20:00:00,00000007180,20230517200000,0.077,0.026,0.015,0.0,0.0,0.0,1.0,4,0.0,0.0,33.77,19.48,589253
2023-05-17 21:00:00,00000007180,20230517210000,0.09,0.025,0.003,0.0,0.0,0.0,1.0,4,0.0,0.0,27.78,3.33,589253
2023-05-17 22:00:00,00000007180,20230517220000,0.083,0.021,0.004,0.0,0.0,0.0,1.0,4,0.0,0.0,25.3,4.82,589253
2023-05-17 23:00:00,00000007180,20230517230000,0.085,0.032,0.014,0.0,0.0,0.0,1.0,4,0.0,0.0,37.65,16.47,589253
2023-05-18 00:00:00,00000007180,20230518000000,0.084,0.033,0.014,0.0,0.0,0.0,1.0,4,0.0,0.0,39.29,16.67,589253
2023-05-18 01:00:00,00000007180,20230518010000,0.095,0.04,0.008,0.0,0.0,0.0,1.0,4,0.0,0.0,42.11,8.42,589253
2023-05-18 02:00:00,00000007180,20230518020000,0.091,0.027,0.003,0.0,0.0,0.0,1.0,4,0.0,0.0,29.67,3.3,589253
2023-05-18 03:00:00,00000007180,20230518030000,0.094,0.043,0.012,0.0,0.0,0.0,1.0,4,0.0,0.0,45.74,12.77,589253
2023-05-18 04:00:00,00000007180,20230518040000,0.099,0.049,0.013,0.0,0.0,0.0,1.0,4,0.0,0.0,49.49,13.13,589253
2023-05-18 05:00:00,00000007180,20230518050000,0.07,0.023,0.015,0.0,0.0,0.0,1.0,4,0.0,0.0,32.86,21.43,589253
2023-05-18 06:00:00,00000007180,20230518060000,0.098,0.037,0.0,0.0,0.0,0.0,1.0,4,0.0,0.0,37.76,0.0,589253
2023-05-18 07:00:00,00000007180,20230518070000,0.078,0.032,0.016,0.0,0.0,0.0,1.0,4,0.0,0.0,41.03,20.51,589253
2023-05-18 08:00:00,00000007180,20230518080000,0.075,0.032,0.019,0.0,0.0,0.0,1.0,4,0.0,0.0,42.67,25.33,589253
2023-05-18 09:00:00,00000007180,20230518090000,0.099,0.043,0.01,0.0,0.0,0.0,1.0,4,0.0,0.0,43.43,10.1,589253
2023-05-18 10:00:00,00000007180,20230518100000,0.091,0.031,0.004,0.0,0.0,0.0,1.0,4,0.0,0.0,34.07,4.4,589253
2023-05-18 11:00:00,00000007180,20230518110000,0.092,0.033,0.004,0.0,0.0,0.0,1.0,4,0.0,0.0,35.87,4.35,589253
2023-05-18 12:00:00,00000007180,20230518120000,0.08,0.033,0.014,0.0,0.0,0.0,1.0,4,0.0,0.0,41.25,17.5,589253
2023-05-18 13:00:00,00000007180,20230518130000,0.072,0.031,0.023,0.0,0.0,0.0,1.0,4,0.0,0.0,43.06,31.94,589253
2023-05-18 14:00:00,00000007180,20230518140000,0.095,0.042,0.009,0.0,0.0,0.0,1.0,4,0.0,0.0,44.21,9.47,589253
2023-05-18 15:00:00,00000007180,20230518150000,0.091,0.03,0.003,0.0,0.0,0.0,1.0,4,0.0,0.0,32.97,3.3,589253
2023-05-18 16:00:00,00000007180,20230518160000,0.091,0.033,0.009,0.0,0.0,0.0,1.0,4,0.0,0.0,36.26,9.89,589253
2023-05-18 17:00:00,00000007180,20230518170000,0.103,0.05,0.011,0.0,0.0,0.0,1.0,4,0.0,0.0,48.54,10.68,589253
2023-05-18 18:00:00,00000007180,20230518180000,0.074,0.03,0.019,0.0,0.0,0.0,1.0,4,0.0,0.0,40.54,25.68,589253
2023-05-18 19:00:00,00000007180,20230518190000,0.089,0.033,0.009,0.0,0.0,0.0,1.0,4,0.0,0.0,37.08,10.11,589253
2023-05-18 20:00:00,00000007180,20230518200000,0.081,0.017,0.001,0.0,0.0,0.0,1.0,4,0.0,0.0,20.99,1.23,589253
2023-05-18 21:00:00,00000007180,20230518210000,0.083,0.028,0.013,0.0,0.0,0.0,1.0,4,0.0,0.0,33.73,15.66,589253
2023-05-18 22:00:00,00000007180,20230518220000,0.083,0.03,0.014,0.0,0.0,0.0,1.0,4,0.0,0.0,36.14,16.87,589253
2023-05-18 23:00:00,00000007180,20230518230000,0.094,0.033,0.007,0.0,0.0,0.0,1.0,4,0.0,0.0,35.11,7.45,589253
2023-05-19 00:00:00,00000007180,20230519000000,0.086,0.023,0.004,0.0,0.0,0.0,1.0,4,0.0,0.0,26.74,4.65,589253
2023-05-19 01:00:00,00000007180,20230519010000,0.094,0.043,0.012,0.0,0.0,0.0,1.0,4,0.0,0.0,45.74,12.77,589253
2023-05-19 02:00:00,00000007180,20230519020000,0.078,0.036,0.019,0.0,0.0,0.0,1.0,4,0.0,0.0,46.15,24.36,589253
2023-05-19 03:00:00,00000007180,20230519030000,0.078,0.029,0.015,0.0,0.0,0.0,1.0,4,0.0,0.0,37.18,19.23,589253
2023-05-19 04:00:00,00000007180,20230519040000,0.094,0.034,0.0,0.0,0.0,0.0,1.0,4,0.0,0.0,36.17,0.0,589253
2023-05-19 05:00:00,00000007180,20230519050000,0.071,0.026,0.018,0.0,0.0,0.0,1.0,4,0.0,0.0,36.62,25.35,589253
2023-05-19 06:00:00,00000007180,20230519060000,0.106,0.057,0.013,0.0,0.0,0.0,1.0,4,0.0,0.0,53.77,12.26,589253
2023-05-19 07:00:00,00000007180,20230519070000,0.089,0.044,0.016,0.0,0.0,0.0,1.0,4,0.0,0.0,49.44,17.98,589253
2023-05-19 08:00:00,00000007180,20230519080000,0.074,0.022,0.009,0.0,0.0,0.0,1.0,4,0.0,0.0,29.73,12.16,589253
2023-05-19 09:00:00,00000007180,20230519090000,0.082,0.022,0.003,0.0,0.0,0.0,1.0,4,0.0,0.0,26.83,3.66,589253
2023-05-19 10:00:00,00000007180,20230519100000,0.074,0.024,0.016,0.0,0.0,0.0,1.0,4,0.0,0.0,32.43,21.62,589253
2023-05-19 11:00:00,00000007180,20230519110000,0.093,0.042,0.012,0.0,0.0,0.0,1.0,4,0.0,0.0,45.16,12.9,589253
2023-05-19 12:00:00,00000007180,20230519120000,0.093,0.038,0.01,0.0,0.0,0.0,1.0,4,0.0,0.0,40.86,10.75,589253
2023-05-19 13:00:00,00000007180,20230519130000,0.09,0.028,0.006,0.0,0.0,0.0,1.0,4,0.0,0.0,31.11,6.67,589253
2023-05-19 14:00:00,00000007180,20230519140000,0.08,0.024,0.008,0.0,0.0,0.0,1.0,4,0.0,0.0,30.0,10.0,589253
2023-05-19 15:00:00,00000007180,20230519150000,0.083,0.037,0.017,0.0,0.0,0.0,1.0,4,0.0,0.0,44.58,20.48,589253
2023-05-19 16:00:00,00000007180,20230519160000,0.079,0.028,0.016,0.0,0.0,0.0,1.0,4,0.0,0.0,35.44,20.25,589253
2023-05-19 17:00:00,00000007180,20230519170000,0.095,0.033,0.004,0.0,0.0,0.0,1.0,4,0.0,0.0,34.74,4.21,589253
2023-05-19 18:00:00,00000007180,20230519180000,0.088,0.021,0.002,0.0,0.0,0.0,1.0,4,0.0,0.0,23.86,2.27,589253
2023-05-19 19:00:00,00000007180,20230519190000,0.093,0.037,0.012,0.0,0.0,0.0,1.0,4,0.0,0.0,39.78,12.9,589253
2023-05-19 20:00:00,00000007180,20230519200000,0.102,0.042,0.012,0.0,0.0,0.0,1.0,4,0.0,0.0,41.18,11.76,589253
2023-05-19 21:00:00,00000007180,20230519210000,0.07,0.021,0.017,0.0,0.0,0.0,1.0,4,0.0,0.0,30.0,24.29,589253
2023-05-19 22:00:00,00000007180,20230519220000,0.092,0.025,0.002,0.0,0.0,0.0,1.0,4,0.0,0.0,27.17,2.17,589253
2023-05-19 23:00:00,00000007180,20230519230000,0.081,0.022,0.007,0.0,0.0,0.0,1.0,4,0.0,0.0,27.16,8.64,589253
2023-05-20 00:00:00,00000007180,20230520000000,0.082,0.033,0.02,0.0,0.0,0.0,1.0,4,0.0,0.0,40.24,24.39,589253
2023-05-20 01:00:00,00000007180,20230520010000,0.081,0.029,0.011,0.0,0.0,0.0,1.0,4,0.0,0.0,35.8,13.58,589253
2023-05-20 02:00:00,00000007180,20230520020000,0.089,0.031,0.006,0.0,0.0,0.0,1.0,4,0.0,0.0,34.83,6.74,589253
2023-05-20 03:00:00,00000007180,20230520030000,0.093,0.032,0.007,0.0,0.0,0.0,1.0,4,0.0,0.0,34.41,7.53,589253
2023-05-20 04:00:00,00000007180,20230520040000,0.095,0.045,0.012,0.0,0.0,0.0,1.0,4,0.0,0.0,47.37,12.63,589253
2023-05-20 05:00:00,00000007180,20230520050000,0.09,0.038,0.013,0.0,0.0,0.0,1.0,4,0.0,0.0,42.22,14.44,589253
2023-05-20 06:00:00,00000007180,20230520060000,0.077,0.023,0.007,0.0,0.0,0.0,1.0,4,0.0,0.0,29.87,9.09,589253
2023-05-20 07:00:00,00000007180,20230520070000,0.082,0.026,0.005,0.0,0.0,0.0,1.0,4,0.0,0.0,31.71,6.1,589253
2023-05-20 08:00:00,00000007180,20230520080000,0.08,0.035,0.02,0.0,0.0,0.0,1.0,4,0.0,0.0,43.75,25.0,589253
2023-05-20 09:00:00,00000007180,20230520090000,0.081,0.03,0.012,0.0,0.0,0.0,1.0,4,0.0,0.0,37.04,14.81,589253
2023-05-20 10:00:00,00000007180,20230520100000,0.095,0.033,0.007,0.0,0.0,0.0,1.0,4,0.0,0.0,34.74,7.37,589253
2023-05-20 11:00:00,00000007180,20230520110000,0.093,0.03,0.004,0.0,0.0,0.0,1.0,4,0.0,0.0,32.26,4.3,589253
2023-05-20 12:00:00,00000007180,20230520120000,0.082,0.031,0.012,0.0,0.0,0.0,1.0,4,0.0,0.0,37.8,14.63,589253
2023-05-20 13:00:00,00000007180,20230520130000,0.082,0.039,0.021,0.0,0.0,0.0,1.0,4,0.0,0.0,47.56,25.61,589253
2023-05-20 14:00:00,00000007180,20230520140000,0.081,0.027,0.012,0.0,0.0,0.0,1.0,4,0.0,0.0,33.33,14.81,589253
2023-05-20 15:00:00,00000007180,20230520150000,0.095,0.032,0.0,0.0,0.0,0.0,1.0,4,0.0,0.0,33.68,0.0,589253
2023-05-20 16:00:00,00000007180,20230520160000,0.079,0.024,0.01,0.0,0.0,0.0,1.0,4,0.0,0.0,30.38,12.66,589253
2023-05-20 17:00:00,00000007180,20230520170000,0.097,0.041,0.012,0.0,0.0,0.0,1.0,4,0.0,0.0,42.27,12.37,589253
2023-05-20 18:00:00,00000007180,20230520180000,0.103,0.046,0.012,0.0,0.0,0.0,1.0,4,0.0,0.0,44.66,11.65,589253
2023-05-20 19:00:00,00000007180,20230520190000,0.08,0.027,0.013,0.0,0.0,0.0,1.0,4,0.0,0.0,33.75,16.25,589253
2023-05-20 20:00:00,00000007180,20230520200000,0.091,0.025,0.004,0.0,0.0,0.0,1.0,4,0.0,0.0,27.47,4.4,589253
2023-05-20 21:00:00,00000007180,20230520210000,0.081,0.018,0.006,0.0,0.0,0.0,1.0,4,0.0,0.0,22.22,7.41,589253
2023-05-20 22:00:00,00000007180,20230520220000,0.084,0.032,0.015,0.0,0.0,0.0,1.0,4,0.0,0.0,38.1,17.86,589253
2023-05-20 23:00:00,00000007180,20230520230000,0.076,0.025,0.016,0.0,0.0,0.0,1.0,4,0.0,0.0,32.89,21.05,589253
2023-05-21 00:00:00,00000007180,20230521000000,0.096,0.036,0.007,0.0,0.0,0.0,1.0,4,0.0,0.0,37.5,7.29,589253
2023-05-21 01:00:00,00000007180,20230521010000,0.093,0.028,0.003,0.0,0.0,0.0,1.0,4,0.0,0.0,30.11,3.23,589253
2023-05-21 02:00:00,00000007180,20230521020000,0.089,0.035,0.011,0.0,0.0,0.0,1.0,4,0.0,0.0,39.33,12.36,589253
2023-05-21 03:00:00,00000007180,20230521030000,0.1,0.048,0.012,0.0,0.0,0.0,1.0,4,0.0,0.0,48.0,12.0,589253
2023-05-21 04:00:00,00000007180,20230521040000,0.078,0.03,0.017,0.0,0.0,0.0,1.0,4,0.0,0.0,38.46,21.79,589253
2023-05-21 05:00:00,00000007180,20230521050000,0.092,0.031,0.003,0.0,0.0,0.0,1.0,4,0.0,0.0,33.7,3.26,589253
2023-05-21 06:00:00,00000007180,20230521060000,0.082,0.033,0.01,0.0,0.0,0.0,1.0,4,0.0,0.0,40.24,12.2,589253
2023-05-21 07:00:00,00000007180,20230521070000,0.084,0.042,0.023,0.0,0.0,0.0,1.0,4,0.0,0.0,50.0,27.38,589253
2023-05-21 08:00:00,00000007180,20230521080000,0.083,0.032,0.011,0.0,0.0,0.0,1.0,4,0.0,0.0,38.55,13.25,589253
2023-05-21 09:00:00,00000007180,20230521090000,0.091,0.031,0.004,0.0,0.0,0.0,1.0,4,0.0,0.0,34.07,4.4,589253
2023-05-21 10:00:00,00000007180,20230521100000,0.085,0.029,0.01,0.0,0.0,0.0,1.0,4,0.0,0.0,34.12,11.76,589253
2023-05-21 11:00:00,00000007180,20230521110000,0.098,0.045,0.012,0.0,0.0,0.0,1.0,4,0.0,0.0,45.92,12.24,589253
2023-05-21 12:00:00,00000007180,20230521120000,0.095,0.042,0.013,0.0,0.0,0.0,1.0,4,0.0,0.0,44.21,13.68,589253
2023-05-21 13:00:00,00000007180,20230521130000,0.078,0.021,0.008,0.0,0.0,0.0,1.0,4,0.0,0.0,26.92,10.26,589253
2023-05-21 14:00:00,00000007180,20230521140000,0.096,0.032,0.001,0.0,0.0,0.0,1.0,4,0.0,0.0,33.33,1.04,589253
2023-05-21 15:00:00,00000007180,20230521150000,0.082,0.03,0.012,0.0,0.0,0.0,1.0,4,0.0,0.0,36.59,14.63,589253
2023-05-21 16:00:00,00000007180,20230521160000,0.084,0.04,0.021,0.0,0.0,0.0,1.0,4,0.0,0.0,47.62,25.0,589253
2023-05-21 17:00:00,00000007180,20230521170000,0.089,0.036,0.012,0.0,0.0,0.0,1.0,4,0.0,0.0,40.45,13.48,589253
2023-05-21 18:00:00,00000007180,20230521180000,0.098,0.036,0.007,0.0,0.0,0.0,1.0,4,0.0,0.0,36.73,7.14,589253
2023-05-21 19:00:00,00000007180,20230521190000,0.085,0.021,0.005,0.0,0.0,0.0,1.0,4,0.0,0.0,24.71,5.88,589253
2023-05-21 20:00:00,00000007180,20230521200000,0.09,0.032,0.011,0.0,0.0,0.0,1.0,4,0.0,0.0,35.56,12.22,589253
2023-05-21 21:00:00,00000007180,20230521210000,0.097,0.036,0.011,0.0,0.0,0.0,1.0,4,0.0,0.0,37.11,11.34,589253
2023-05-21 22:00:00,00000007180,20230521220000,0.088,0.027,0.011,0.0,0.0,0.0,1.0,4,0.0,0.0,30.68,12.5,589253
2023-05-21 23:00:00,00000007180,20230521230000,0.083,0.018,0.005,0.0,0.0,0.0,1.0,4,0.0,0.0,21.69,6.02,589253
2023-05-22 00:00:00,00000007180,20230522000000,0.096,0.036,0.005,0.0,0.0,0.0,1.0,4,0.0,0.0,37.5,5.21,589253
2023-05-22 01:00:00,00000007180,20230522010000,0.077,0.032,0.017,0.0,0.0,0.0,1.0,4,0.0,0.0,41.56,22.08,589253
2023-05-22 02:00:00,00000007180,20230522020000,0.089,0.038,0.015,0.0,0.0,0.0,1.0,4,0.0,0.0,42.7,16.85,589253
2023-05-22 03:00:00,00000007180,20230522030000,0.082,0.024,0.002,0.0,0.0,0.0,1.0,4,0.0,0.0,29.27,2.44,589253
2023-05-22 04:00:00,00000007180,20230522040000,0.09,0.034,0.007,0.0,0.0,0.0,1.0,4,0.0,0.0,37.78,7.78,589253
2023-05-22 05:00:00,00000007180,20230522050000,0.082,0.037,0.02,0.0,0.0,0.0,1.0,4,0.0,0.0,45.12,24.39,589253
2023-05-22 06:00:00,00000007180,20230522060000,0.097,0.052,0.012,0.0,0.0,0.0,1.0,4,0.0,0.0,53.61,12.37,589253
2023-05-22 07:00:00,00000007180,20230522070000,0.092,0.036,0.006,0.0,0.0,0.0,1.0,4,0.0,0.0,39.13,6.52,589253
2023-05-22 08:00:00,00000007180,20230522080000,0.087,0.036,0.012,0.0,0.0,0.0,1.0,4,0.0,0.0,41.38,13.79,589253
2023-05-22 09:00:00,00000007180,20230522090000,0.1,0.048,0.012,0.0,0.0,0.0,1.0,4,0.0,0.0,48.0,12.0,589253
2023-05-22 10:00:00,00000007180,20230522100000,0.073,0.024,0.016,0.0,0.0,0.0,1.0,4,0.0,0.0,32.88,21.92,589253
2023-05-22 11:00:00,00000007180,20230522110000,0.092,0.031,0.001,0.0,0.0,0.0,1.0,4,0.0,0.0,33.7,1.09,589253
2023-05-22 12:00:00,00000007180,20230522120000,0.078,0.031,0.015,0.0,0.0,0.0,1.0,4,0.0,0.0,39.74,19.23,589253
2023-05-22 13:00:00,00000007180,20230522130000,0.085,0.043,0.021,0.0,0.0,0.0,1.0,4,0.0,0.0,50.59,24.71,589253
2023-05-22 14:00:00,00000007180,20230522140000,0.083,0.028,0.007,0.0,0.0,0.0,1.0,4,0.0,0.0,33.73,8.43,589253
2023-05-22 15:00:00,00000007180,20230522150000,0.087,0.031,0.007,0.0,0.0,0.0,1.0,4,0.0,0.0,35.63,8.05,589253
2023-05-22 16:00:00,00000007180,20230522160000,0.096,0.041,0.013,0.0,0.0,0.0,1.0,4,0.0,0.0,42.71,13.54,589253
2023-05-22 17:00:00,00000007180,20230522170000,0.097,0.045,0.012,0.0,0.0,0.0,1.0,4,0.0,0.0,46.39,12.37,589253
2023-05-22 18:00:00,00000007180,20230522180000,0.092,0.037,0.01,0.0,0.0,0.0,1.0,4,0.0,0.0,40.22,10.87,589253
2023-05-22 19:00:00,00000007180,20230522190000,0.083,0.022,0.005,0.0,0.0,0.0,1.0,4,0.0,0.0,26.51,6.02,589253
2023-05-22 20:00:00,00000007180,20230522200000,0.097,0.032,0.003,0.0,0.0,0.0,1.0,4,0.0,0.0,32.99,3.09,589253
2023-05-22 21:00:00,00000007180,20230522210000,0.072,0.025,0.018,0.0,0.0,0.0,1.0,4,0.0,0.0,34.72,25.0,589253
2023-05-22 22:00:00,00000007180,20230522220000,0.1,0.035,0.015,0.0,0.0,0.0,1.0,4,0.0,0.0,35.0,15.0,589253
2023-05-22 23:00:00,00000007180,20230522230000,0.208,0.056,0.0,0.0,0.0,0.0,1.0,4,0.0,0.0,26.92,0.0,589253
2023-05-23 00:00:00,00000007180,20230523000000,0.219,0.069,0.0,0.0,0.0,0.0,1.0,4,0.0,0.0,31.51,0.0,589253
2023-05-23 01:00:00,00000007180,20230523010000,0.303,0.061,0.0,0.0,0.0,0.0,1.0,4,0.0,0.0,20.13,0.0,589253
2023-05-23 02:00:00,00000007180,20230523020000,0.244,0.026,0.016,0.0,0.0,0.0,1.0,4,0.0,0.0,10.66,6.56,589253
2023-05-23 03:00:00,00000007180,20230523030000,0.185,0.042,0.01,0.0,0.0,0.0,1.0,4,0.0,0.0,22.7,5.41,589253
2023-05-23 04:00:00,00000007180,20230523040000,0.18,0.044,0.016,0.0,0.0,0.0,1.0,4,0.0,0.0,24.44,8.89,589253
2023-05-23 05:00:00,00000007180,20230523050000,0.18,0.033,0.0,0.0,0.0,0.0,1.0,4,0.0,0.0,18.33,0.0,589253
2023-05-23 06:00:00,00000007180,20230523060000,0.166,0.033,0.015,0.0,0.0,0.0,1.0,4,0.0,0.0,19.88,9.04,589253
2023-05-23 07:00:00,00000007180,20230523070000,0.162,0.051,0.015,0.0,0.0,0.0,1.0,4,0.0,0.0,31.48,9.26,589253
2023-05-23 08:00:00,00000007180,20230523080000,0.175,0.039,0.006,0.0,0.0,0.0,1.0,4,0.0,0.0,22.29,3.43,589253
2023-05-23 09:00:00,00000007180,20230523090000,0.226,0.048,0.013,0.0,0.0,0.0,1.0,4,0.0,0.0,21.24,5.75,589253
2023-05-23 10:00:00,00000007180,20230523100000,0.176,0.03,0.002,0.0,0.0,0.0,1.0,4,0.0,0.0,17.05,1.14,589253
2023-05-23 11:00:00,00000007180,20230523110000,0.166,0.027,0.007,0.0,0.0,0.0,1.0,4,0.0,0.0,16.27,4.22,589253
2023-05-23 12:00:00,00000007180,20230523120000,0.172,0.04,0.017,0.0,0.0,0.0,1.0,4,0.0,0.0,23.26,9.88,589253
2023-05-23 13:00:00,00000007180,20230523130000,0.185,0.067,0.0,0.0,0.0,0.0,1.0,4,0.0,0.0,36.22,0.0,589253
2023-05-23 14:00:00,00000007180,20230523140000,0.161,0.052,0.009,0.0,0.0,0.0,1.0,4,0.0,0.0,32.3,5.59,589253
2023-05-23 15:00:00,00000007180,20230523150000,0.162,0.052,0.011,0.0,0.0,0.0,1.0,4,0.0,0.0,32.1,6.79,589253
2023-05-23 16:00:00,00000007180,20230523160000,0.181,0.049,0.001,0.0,0.0,0.0,1.0,4,0.0,0.0,27.07,0.55,589253
2023-05-23 17:00:00,00000007180,20230523170000,0.16,0.043,0.006,0.0,0.0,0.0,1.0,4,0.0,0.0,26.88,3.75,589253
2023-05-23 18:00:00,00000007180,20230523180000,0.168,0.053,0.009,0.0,0.0,0.0,1.0,4,0.0,0.0,31.55,5.36,589253
2023-05-23 19:00:00,00000007180,20230523190000,0.19,0.059,0.009,0.0,0.0,0.0,1.0,4,0.0,0.0,31.05,4.74,589253
2023-05-23 20:00:00,00000007180,20230523200000,0.186,0.028,0.0,0.0,0.0,0.0,1.0,4,0.0,0.0,15.05,0.0,589253
2023-05-23 21:00:00,00000007180,20230523210000,0.259,0.024,0.011,0.0,0.0,0.0,1.0,4,0.0,0.0,9.27,4.25,589253
2023-05-23 22:00:00,00000007180,20230523220000,0.235,0.04,0.018,0.0,0.0,0.0,1.0,4,0.0,0.0,17.02,7.66,589253
2023-05-23 23:00:00,00000007180,20230523230000,0.167,0.04,0.009,0.0,0.0,0.0,1.0,4,0.0,0.0,23.95,5.39,589253
2023-05-24 00:00:00,00000007180,20230524000000,0.171,0.037,0.002,0.0,0.0,0.0,1.0,4,0.0,0.0,21.64,1.17,589253
2023-05-24 01:00:00,00000007180,20230524010000,0.174,0.05,0.007,0.0,0.0,0.0,1.0,4,0.0,0.0,28.74,4.02,589253
2023-05-24 02:00:00,00000007180,20230524020000,0.169,0.035,0.02,0.0,0.0,0.0,1.0,4,0.0,0.0,20.71,11.83,589253
2023-05-24 03:00:00,00000007180,20230524030000,0.178,0.024,0.004,0.0,0.0,0.0,1.0,4,0.0,0.0,13.48,2.25,589253
2023-05-24 04:00:00,00000007180,20230524040000,0.181,0.03,0.004,0.0,0.0,0.0,1.0,4,0.0,0.0,16.57,2.21,589253
2023-05-24 05:00:00,00000007180,20230524050000,0.167,0.039,0.029,0.0,0.0,0.0,1.0,4,0.0,0.0,23.35,17.37,589253
2023-05-24 06:00:00,00000007180,20230524060000,0.181,0.037,0.005,0.0,0.0,0.0,1.0,4,0.0,0.0,20.44,2.76,589253
2023-05-24 07:00:00,00000007180,20230524070000,0.168,0.026,0.005,0.0,0.0,0.0,1.0,4,0.0,0.0,15.48,2.98,589253
2023-05-24 08:00:00,00000007180,20230524080000,0.168,0.033,0.014,0.0,0.0,0.0,1.0,4,0.0,0.0,19.64,8.33,589253
2023-05-24 09:00:00,00000007180,20230524090000,0.176,0.044,0.014,0.0,0.0,0.0,1.0,4,0.0,0.0,25.0,7.95,589253
2023-05-24 10:00:00,00000007180,20230524100000,0.161,0.023,0.011,0.0,0.0,0.0,1.0,4,0.0,0.0,14.29,6.83,589253
2023-05-24 11:00:00,00000007180,20230524110000,0.165,0.023,0.01,0.0,0.0,0.0,1.0,4,0.0,0.0,13.94,6.06,589253
2023-05-24 12:00:00,00000007180,20230524120000,0.174,0.036,0.017,0.0,0.0,0.0,1.0,4,0.0,0.0,20.69,9.77,589253
2023-05-24 13:00:00,00000007180,20230524130000,0.219,0.041,0.018,0.0,0.0,0.0,1.0,4,0.0,0.0,18.72,8.22,589253
2023-05-24 14:00:00,00000007180,20230524140000,0.162,0.04,0.002,0.0,0.0,0.0,1.0,4,0.0,0.0,24.69,1.23,589253
2023-05-24 15:00:00,00000007180,20230524150000,0.197,0.056,0.004,0.0,0.0,0.0,1.0,4,0.0,0.0,28.43,2.03,589253
2023-05-24 16:00:00,00000007180,20230524160000,0.15,0.045,0.013,0.0,0.0,0.0,1.0,4,0.0,0.0,30.0,8.67,589253
2023-05-24 17:00:00,00000007180,20230524170000,0.175,0.055,0.004,0.0,0.0,0.0,1.0,4,0.0,0.0,31.43,2.29,589253
2023-05-24 18:00:00,00000007180,20230524180000,0.174,0.053,0.002,0.0,0.0,0.0,1.0,4,0.0,0.0,30.46,1.15,589253
2023-05-24 19:00:00,00000007180,20230524190000,0.174,0.056,0.011,0.0,0.0,0.0,1.0,4,0.0,0.0,32.18,6.32,589253
2023-05-24 20:00:00,00000007180,20230524200000,0.216,0.041,0.006,0.0,0.0,0.0,1.0,4,0.0,0.0,18.98,2.78,589253
2023-05-24 21:00:00,00000007180,20230524210000,0.254,0.031,0.015,0.0,0.0,0.0,1.0,4,0.0,0.0,12.2,5.91,589253
2023-05-24 22:00:00,00000007180,20230524220000,0.251,0.029,0.012,0.0,0.0,0.0,1.0,4,0.0,0.0,11.55,4.78,589253
2023-05-24 23:00:00,00000007180,20230524230000,0.242,0.023,0.014,0.0,0.0,0.0,1.0,4,0.0,0.0,9.5,5.79,589253
2023-05-25 00:00:00,00000007180,20230525000000,0.266,0.04,0.013,0.0,0.0,0.0,1.0,4,0.0,0.0,15.04,4.89,589253
2023-05-25 01:00:00,00000007180,20230525010000,0.271,0.032,0.0,0.0,0.0,0.0,1.0,4,0.0,0.0,11.81,0.0,589253
2023-05-25 02:00:00,00000007180,20230525020000,0.262,0.047,0.016,0.0,0.0,0.0,1.0,4,0.0,0.0,17.94,6.11,589253
2023-05-25 03:00:00,00000007180,20230525030000,0.172,0.028,0.004,0.0,0.0,0.0,1.0,4,0.0,0.0,16.28,2.33,589253
2023-05-25 04:00:00,00000007180,20230525040000,0.173,0.043,0.014,0.0,0.0,0.0,1.0,4,0.0,0.0,24.86,8.09,589253
2023-05-25 05:00:00,00000007180,20230525050000,0.132,0.03,0.004,0.0,0.0,0.0,1.0,4,0.0,0.0,22.73,3.03,589253
2023-05-25 06:00:00,00000007180,20230525060000,0.108,0.061,0.01,0.0,0.0,0.0,1.0,4,0.0,0.0,56.48,9.26,589253
2023-05-25 07:00:00,00000007180,20230525070000,0.119,0.062,0.0,0.0,0.0,0.0,1.0,4,0.0,0.0,52.1,0.0,589253
2023-05-25 08:00:00,00000007180,20230525080000,0.105,0.056,0.012,0.0,0.0,0.0,1.0,4,0.0,0.0,53.33,11.43,589253
2023-05-25 09:00:00,00000007180,20230525090000,0.128,0.052,0.002,0.0,0.0,0.0,1.0,4,0.0,0.0,40.62,1.56,589253
2023-05-25 10:00:00,00000007180,20230525100000,0.175,0.061,0.006,0.0,0.0,0.0,1.0,4,0.0,0.0,34.86,3.43,589253
2023-05-25 11:00:00,00000007180,20230525110000,0.563,0.151,0.0,0.0,0.0,0.0,1.0,4,0.0,0.0,26.82,0.0,589253
2023-05-25 12:00:00,00000007180,20230525120000,0.788,0.209,0.004,0.0,0.0,0.0,1.0,4,0.0,0.0,26.52,0.51,589253
2023-05-25 13:00:00,00000007180,20230525130000,0.196,0.06,0.0,0.0,0.0,0.0,1.0,4,0.0,0.0,30.61,0.0,589253
2023-05-25 14:00:00,00000007180,20230525140000,0.198,0.067,0.005,0.0,0.0,0.0,1.0,4,0.0,0.0,33.84,2.53,589253
2023-05-25 15:00:00,00000007180,20230525150000,0.194,0.055,0.01,0.0,0.0,0.0,1.0,4,0.0,0.0,28.35,5.15,589253
2023-05-25 16:00:00,00000007180,20230525160000,2.11,0.047,0.0,0.0,0.0,0.0,1.0,4,0.0,0.0,2.23,0.0,589253
2023-05-25 17:00:00,00000007180,20230525170000,1.991,0.052,0.011,0.0,0.0,0.0,1.0,4,0.0,0.0,2.61,0.55,589253
2023-05-25 18:00:00,00000007180,20230525180000,0.208,0.08,0.0,0.0,0.0,0.0,1.0,4,0.0,0.0,38.46,0.0,589253
2023-05-25 19:00:00,00000007180,20230525190000,0.871,0.041,0.002,0.0,0.0,0.0,1.0,4,0.0,0.0,4.71,0.23,589253
2023-05-25 20:00:00,00000007180,20230525200000,0.239,0.081,0.0,0.0,0.0,0.0,1.0,4,0.0,0.0,33.89,0.0,589253
2023-05-25 21:00:00,00000007180,20230525210000,0.224,0.07,0.0,0.0,0.0,0.0,1.0,4,0.0,0.0,31.25,0.0,589253
2023-05-25 22:00:00,00000007180,20230525220000,0.222,0.069,0.0,0.0,0.0,0.0,1.0,4,0.0,0.0,31.08,0.0,589253
2023-05-25 23:00:00,00000007180,20230525230000,0.174,0.031,0.01,0.0,0.0,0.0,1.0,4,0.0,0.0,17.82,5.75,589253
2023-05-26 00:00:00,00000007180,20230526000000,0.203,0.047,0.0,0.0,0.0,0.0,1.0,4,0.0,0.0,23.15,0.0,589253
2023-05-26 01:00:00,00000007180,20230526010000,0.275,0.046,0.018,0.0,0.0,0.0,1.0,4,0.0,0.0,16.73,6.55,589253
2023-05-26 02:00:00,00000007180,20230526020000,0.2,0.046,0.004,0.0,0.0,0.0,1.0,4,0.0,0.0,23.0,2.0,589253
2023-05-26 03:00:00,00000007180,20230526030000,0.109,0.058,0.009,0.0,0.0,0.0,1.0,4,0.0,0.0,53.21,8.26,589253
2023-05-26 04:00:00,00000007180,20230526040000,0.102,0.044,0.004,0.0,0.0,0.0,1.0,4,0.0,0.0,43.14,3.92,589253
2023-05-26 05:00:00,00000007180,20230526050000,0.107,0.054,0.009,0.0,0.0,0.0,1.0,4,0.0,0.0,50.47,8.41,589253
2023-05-26 06:00:00,00000007180,20230526060000,0.126,0.069,0.001,0.0,0.0,0.0,1.0,4,0.0,0.0,54.76,0.79,589253
2023-05-26 07:00:00,00000007180,20230526070000,0.123,0.065,0.003,0.0,0.0,0.0,1.0,4,0.0,0.0,52.85,2.44,589253
2023-05-26 08:00:00,00000007180,20230526080000,0.105,0.049,0.009,0.0,0.0,0.0,1.0,4,0.0,0.0,46.67,8.57,589253
2023-05-26 09:00:00,00000007180,20230526090000,0.098,0.037,0.006,0.0,0.0,0.0,1.0,4,0.0,0.0,37.76,6.12,589253
2023-05-26 10:00:00,00000007180,20230526100000,0.093,0.042,0.012,0.0,0.0,0.0,1.0,4,0.0,0.0,45.16,12.9,589253
2023-05-26 11:00:00,00000007180,20230526110000,1.145,0.075,0.0,0.0,0.0,0.0,1.0,4,0.0,0.0,6.55,0.0,589253
2023-05-26 12:00:00,00000007180,20230526120000,0.21,0.091,0.0,0.0,0.0,0.0,1.0,4,0.0,0.0,43.33,0.0,589253
2023-05-26 13:00:00,00000007180,20230526130000,0.242,0.093,0.0,0.0,0.0,0.0,1.0,4,0.0,0.0,38.43,0.0,589253
2023-05-26 14:00:00,00000007180,20230526140000,0.17,0.046,0.002,0.0,0.0,0.0,1.0,4,0.0,0.0,27.06,1.18,589253
2023-05-26 15:00:00,00000007180,20230526150000,0.215,0.077,0.0,0.0,0.0,0.0,1.0,4,0.0,0.0,35.81,0.0,589253
2023-05-26 16:00:00,00000007180,20230526160000,0.284,0.086,0.0,0.0,0.0,0.0,1.0,4,0.0,0.0,30.28,0.0,589253
2023-05-26 17:00:00,00000007180,20230526170000,0.84,0.08,0.0,0.0,0.0,0.0,1.0,4,0.0,0.0,9.52,0.0,589253
2023-05-26 18:00:00,00000007180,20230526180000,0.782,0.072,0.0,0.0,0.0,0.0,1.0,4,0.0,0.0,9.21,0.0,589253
2023-05-26 19:00:00,00000007180,20230526190000,0.147,0.017,0.015,0.0,0.0,0.0,1.0,4,0.0,0.0,11.56,10.2,589253
2023-05-26 20:00:00,00000007180,20230526200000,0.226,0.067,0.0,0.0,0.0,0.0,1.0,4,0.0,0.0,29.65,0.0,589253
2023-05-26 21:00:00,00000007180,20230526210000,0.308,0.052,0.0,0.0,0.0,0.0,1.0,4,0.0,0.0,16.88,0.0,589253
2023-05-26 22:00:00,00000007180,20230526220000,0.309,0.057,0.0,0.0,0.0,0.0,1.0,4,0.0,0.0,18.45,0.0,589253
2023-05-26 23:00:00,00000007180,20230526230000,0.299,0.058,0.0,0.0,0.0,0.0,1.0,4,0.0,0.0,19.4,0.0,589253
2023-05-27 00:00:00,00000007180,20230527000000,0.222,0.003,0.02,0.0,0.0,0.0,1.0,4,0.0,0.0,1.35,9.01,589253
2023-05-27 01:00:00,00000007180,20230527010000,0.28,0.047,0.005,0.0,0.0,0.0,1.0,4,0.0,0.0,16.79,1.79,589253
2023-05-27 02:00:00,00000007180,20230527020000,0.195,0.048,0.0,0.0,0.0,0.0,1.0,4,0.0,0.0,24.62,0.0,589253
2023-05-27 03:00:00,00000007180,20230527030000,0.173,0.042,0.014,0.0,0.0,0.0,1.0,4,0.0,0.0,24.28,8.09,589253
2023-05-27 04:00:00,00000007180,20230527040000,0.162,0.02,0.003,0.0,0.0,0.0,1.0,4,0.0,0.0,12.35,1.85,589253
2023-05-27 05:00:00,00000007180,20230527050000,0.176,0.046,0.015,0.0,0.0,0.0,1.0,4,0.0,0.0,26.14,8.52,589253
2023-05-27 06:00:00,00000007180,20230527060000,0.195,0.054,0.0,0.0,0.0,0.0,1.0,4,0.0,0.0,27.69,0.0,589253
2023-05-27 07:00:00,00000007180,20230527070000,0.189,0.054,0.008,0.0,0.0,0.0,1.0,4,0.0,0.0,28.57,4.23,589253
2023-05-27 08:00:00,00000007180,20230527080000,0.19,0.038,0.011,0.0,0.0,0.0,1.0,4,0.0,0.0,20.0,5.79,589253
2023-05-27 09:00:00,00000007180,20230527090000,0.224,0.032,0.008,0.0,0.0,0.0,1.0,4,0.0,0.0,14.29,3.57,589253
2023-05-27 10:00:00,00000007180,20230527100000,0.248,0.057,0.015,0.0,0.0,0.0,1.0,4,0.0,0.0,22.98,6.05,589253
2023-05-27 11:00:00,00000007180,20230527110000,0.175,0.042,0.001,0.0,0.0,0.0,1.0,4,0.0,0.0,24.0,0.57,589253
2023-05-27 12:00:00,00000007180,20230527120000,0.223,0.077,0.002,0.0,0.0,0.0,1.0,4,0.0,0.0,34.53,0.9,589253
2023-05-27 13:00:00,00000007180,20230527130000,0.187,0.052,0.0,0.0,0.0,0.0,1.0,4,0.0,0.0,27.81,0.0,589253
2023-05-27 14:00:00,00000007180,20230527140000,0.2,0.07,0.0,0.0,0.0,0.0,1.0,4,0.0,0.0,35.0,0.0,589253
2023-05-27 15:00:00,00000007180,20230527150000,0.191,0.069,0.005,0.0,0.0,0.0,1.0,4,0.0,0.0,36.13,2.62,589253
2023-05-27 16:00:00,00000007180,20230527160000,0.408,0.045,0.007,0.0,0.0,0.0,1.0,4,0.0,0.0,11.03,1.72,589253
2023-05-27 17:00:00,00000007180,20230527170000,1.842,0.082,0.0,0.0,0.0,0.0,1.0,4,0.0,0.0,4.45,0.0,589253
2023-05-27 18:00:00,00000007180,20230527180000,0.211,0.088,0.0,0.0,0.0,0.0,1.0,4,0.0,0.0,41.71,0.0,589253
2023-05-27 19:00:00,00000007180,20230527190000,0.209,0.087,0.0,0.0,0.0,0.0,1.0,4,0.0,0.0,41.63,0.0,589253
2023-05-27 20:00:00,00000007180,20230527200000,0.38,0.067,0.001,0.0,0.0,0.0,1.0,4,0.0,0.0,17.63,0.26,589253
2023-05-27 21:00:00,00000007180,20230527210000,0.187,0.043,0.009,0.0,0.0,0.0,1.0,4,0.0,0.0,22.99,4.81,589253
2023-05-27 22:00:00,00000007180,20230527220000,0.224,0.074,0.0,0.0,0.0,0.0,1.0,4,0.0,0.0,33.04,0.0,589253
2023-05-27 23:00:00,00000007180,20230527230000,0.172,0.039,0.011,0.0,0.0,0.0,1.0,4,0.0,0.0,22.67,6.4,589253
2023-05-28 00:00:00,00000007180,20230528000000,0.223,0.07,0.0,0.0,0.0,0.0,1.0,4,0.0,0.0,31.39,0.0,589253
2023-05-28 01:00:00,00000007180,20230528010000,0.261,0.037,0.013,0.0,0.0,0.0,1.0,4,0.0,0.0,14.18,4.98,589253
2023-05-28 02:00:00,00000007180,20230528020000,0.426,0.021,0.0,0.0,0.0,0.0,1.0,4,0.0,0.0,4.93,0.0,589253
2023-05-28 03:00:00,00000007180,20230528030000,0.208,0.043,0.014,0.0,0.0,0.0,1.0,4,0.0,0.0,20.67,6.73,589253
2023-05-28 04:00:00,00000007180,20230528040000,0.184,0.043,0.011,0.0,0.0,0.0,1.0,4,0.0,0.0,23.37,5.98,589253
2023-05-28 05:00:00,00000007180,20230528050000,0.344,0.047,0.005,0.0,0.0,0.0,1.0,4,0.0,0.0,13.66,1.45,589253
2023-05-28 06:00:00,00000007180,20230528060000,0.117,0.066,0.011,0.0,0.0,0.0,1.0,4,0.0,0.0,56.41,9.4,589253
2023-05-28 07:00:00,00000007180,20230528070000,0.124,0.062,0.0,0.0,0.0,0.0,1.0,4,0.0,0.0,50.0,0.0,589253
2023-05-28 08:00:00,00000007180,20230528080000,0.122,0.059,0.0,0.0,0.0,0.0,1.0,4,0.0,0.0,48.36,0.0,589253
2023-05-28 09:00:00,00000007180,20230528090000,0.111,0.058,0.013,0.0,0.0,0.0,1.0,4,0.0,0.0,52.25,11.71,589253
2023-05-28 10:00:00,00000007180,20230528100000,0.124,0.049,0.004,0.0,0.0,0.0,1.0,4,0.0,0.0,39.52,3.23,589253
2023-05-28 11:00:00,00000007180,20230528110000,0.224,0.086,0.0,0.0,0.0,0.0,1.0,4,0.0,0.0,38.39,0.0,589253
2023-05-28 12:00:00,00000007180,20230528120000,0.251,0.086,0.0,0.0,0.0,0.0,1.0,4,0.0,0.0,34.26,0.0,589253
2023-05-28 13:00:00,00000007180,20230528130000,0.266,0.072,0.005,0.0,0.0,0.0,1.0,4,0.0,0.0,27.07,1.88,589253
2023-05-28 14:00:00,00000007180,20230528140000,1.2,0.158,0.004,0.0,0.0,0.0,1.0,4,0.0,0.0,13.17,0.33,589253
2023-05-28 15:00:00,00000007180,20230528150000,2.208,0.096,0.01,0.0,0.0,0.0,1.0,4,0.0,0.0,4.35,0.45,589253
2023-05-28 16:00:00,00000007180,20230528160000,0.323,0.055,0.008,0.0,0.0,0.0,1.0,4,0.0,0.0,17.03,2.48,589253
2023-05-28 17:00:00,00000007180,20230528170000,0.296,0.036,0.002,0.0,0.0,0.0,1.0,4,0.0,0.0,12.16,0.68,589253
2023-05-28 18:00:00,00000007180,20230528180000,0.32,0.062,0.009,0.0,0.0,0.0,1.0,4,0.0,0.0,19.38,2.81,589253
2023-05-28 19:00:00,00000007180,20230528190000,0.511,0.047,0.0,0.0,0.0,0.0,1.0,4,0.0,0.0,9.2,0.0,589253
2023-05-28 20:00:00,00000007180,20230528200000,0.329,0.047,0.004,0.0,0.0,0.0,1.0,4,0.0,0.0,14.29,1.22,589253
2023-05-28 21:00:00,00000007180,20230528210000,0.312,0.04,0.011,0.0,0.0,0.0,1.0,4,0.0,0.0,12.82,3.53,589253
2023-05-28 22:00:00,00000007180,20230528220000,0.463,0.026,0.004,0.0,0.0,0.0,1.0,4,0.0,0.0,5.62,0.86,589253
2023-05-28 23:00:00,00000007180,20230528230000,0.198,0.044,0.009,0.0,0.0,0.0,1.0,4,0.0,0.0,22.22,4.55,589253
2023-05-29 00:00:00,00000007180,20230529000000,0.186,0.045,0.012,0.0,0.0,0.0,1.0,4,0.0,0.0,24.19,6.45,589253
2023-05-29 01:00:00,00000007180,20230529010000,0.175,0.025,0.001,0.0,0.0,0.0,1.0,4,0.0,0.0,14.29,0.57,589253
2023-05-29 02:00:00,00000007180,20230529020000,0.18,0.041,0.013,0.0,0.0,0.0,1.0,4,0.0,0.0,22.78,7.22,589253
2023-05-29 03:00:00,00000007180,20230529030000,0.166,0.054,0.007,0.0,0.0,0.0,1.0,4,0.0,0.0,32.53,4.22,589253
2023-05-29 04:00:00,00000007180,20230529040000,0.194,0.039,0.0,0.0,0.0,0.0,1.0,4,0.0,0.0,20.1,0.0,589253
2023-05-29 05:00:00,00000007180,20230529050000,0.175,0.049,0.021,0.0,0.0,0.0,1.0,4,0.0,0.0,28.0,12.0,589253
2023-05-29 06:00:00,00000007180,20230529060000,0.124,0.06,0.003,0.0,0.0,0.0,1.0,4,0.0,0.0,48.39,2.42,589253
2023-05-29 07:00:00,00000007180,20230529070000,0.118,0.062,0.003,0.0,0.0,0.0,1.0,4,0.0,0.0,52.54,2.54,589253
2023-05-29 08:00:00,00000007180,20230529080000,0.107,0.055,0.009,0.0,0.0,0.0,1.0,4,0.0,0.0,51.4,8.41,589253
2023-05-29 09:00:00,00000007180,20230529090000,0.132,0.039,0.004,0.0,0.0,0.0,1.0,4,0.0,0.0,29.55,3.03,589253
2023-05-29 10:00:00,00000007180,20230529100000,0.184,0.053,0.007,0.0,0.0,0.0,1.0,4,0.0,0.0,28.8,3.8,589253
2023-05-29 11:00:00,00000007180,20230529110000,0.216,0.089,0.0,0.0,0.0,0.0,1.0,4,0.0,0.0,41.2,0.0,589253
2023-05-29 12:00:00,00000007180,20230529120000,0.181,0.037,0.008,0.0,0.0,0.0,1.0,4,0.0,0.0,20.44,4.42,589253
2023-05-29 13:00:00,00000007180,20230529130000,0.162,0.049,0.01,0.0,0.0,0.0,1.0,4,0.0,0.0,30.25,6.17,589253
2023-05-29 14:00:00,00000007180,20230529140000,0.492,0.051,0.009,0.0,0.0,0.0,1.0,4,0.0,0.0,10.37,1.83,589253
2023-05-29 15:00:00,00000007180,20230529150000,1.101,0.037,0.003,0.0,0.0,0.0,1.0,4,0.0,0.0,3.36,0.27,589253
2023-05-29 16:00:00,00000007180,20230529160000,0.168,0.038,0.025,0.0,0.0,0.0,1.0,4,0.0,0.0,22.62,14.88,589253
2023-05-29 17:00:00,00000007180,20230529170000,0.189,0.036,0.003,0.0,0.0,0.0,1.0,4,0.0,0.0,19.05,1.59,589253
2023-05-29 18:00:00,00000007180,20230529180000,0.162,0.043,0.006,0.0,0.0,0.0,1.0,4,0.0,0.0,26.54,3.7,589253
2023-05-29 19:00:00,00000007180,20230529190000,0.215,0.071,0.002,0.0,0.0,0.0,1.0,4,0.0,0.0,33.02,0.93,589253
2023-05-29 20:00:00,00000007180,20230529200000,0.317,0.031,0.006,0.0,0.0,0.0,1.0,4,0.0,0.0,9.78,1.89,589253
2023-05-29 21:00:00,00000007180,20230529210000,0.24,0.033,0.02,0.0,0.0,0.0,1.0,4,0.0,0.0,13.75,8.33,589253
2023-05-29 22:00:00,00000007180,20230529220000,0.252,0.021,0.011,0.0,0.0,0.0,1.0,4,0.0,0.0,8.33,4.37,589253
2023-05-29 23:00:00,00000007180,20230529230000,0.241,0.017,0.018,0.0,0.0,0.0,1.0,4,0.0,0.0,7.05,7.47,589253
2023-05-30 00:00:00,00000007180,20230530000000,0.234,0.05,0.008,0.0,0.0,0.0,1.0,4,0.0,0.0,21.37,3.42,589253
2023-05-30 01:00:00,00000007180,20230530010000,0.199,0.046,0.0,0.0,0.0,0.0,1.0,4,0.0,0.0,23.12,0.0,589253
2023-05-30 02:00:00,00000007180,20230530020000,0.173,0.056,0.012,0.0,0.0,0.0,1.0,4,0.0,0.0,32.37,6.94,589253
2023-05-30 03:00:00,00000007180,20230530030000,0.11,0.053,0.006,0.0,0.0,0.0,1.0,4,0.0,0.0,48.18,5.45,589253
2023-05-30 04:00:00,00000007180,20230530040000,0.11,0.053,0.004,0.0,0.0,0.0,1.0,4,0.0,0.0,48.18,3.64,589253
2023-05-30 05:00:00,00000007180,20230530050000,0.109,0.058,0.009,0.0,0.0,0.0,1.0,4,0.0,0.0,53.21,8.26,589253
2023-05-30 06:00:00,00000007180,20230530060000,0.098,0.039,0.002,0.0,0.0,0.0,1.0,4,0.0,0.0,39.8,2.04,589253
2023-05-30 07:00:00,00000007180,20230530070000,0.105,0.054,0.01,0.0,0.0,0.0,1.0,4,0.0,0.0,51.43,9.52,589253
2023-05-30 08:00:00,00000007180,20230530080000,0.107,0.053,0.006,0.0,0.0,0.0,1.0,4,0.0,0.0,49.53,5.61,589253
2023-05-30 09:00:00,00000007180,20230530090000,0.137,0.049,0.004,0.0,0.0,0.0,1.0,4,0.0,0.0,35.77,2.92,589253
2023-05-30 10:00:00,00000007180,20230530100000,0.161,0.053,0.014,0.0,0.0,0.0,1.0,4,0.0,0.0,32.92,8.7,589253
2023-05-30 11:00:00,00000007180,20230530110000,0.206,0.078,0.0,0.0,0.0,0.0,1.0,4,0.0,0.0,37.86,0.0,589253
2023-05-30 12:00:00,00000007180,20230530120000,0.166,0.046,0.005,0.0,0.0,0.0,1.0,4,0.0,0.0,27.71,3.01,589253
2023-05-30 13:00:00,00000007180,20230530130000,0.105,0.049,0.007,0.0,0.0,0.0,1.0,4,0.0,0.0,46.67,6.67,589253
2023-05-30 14:00:00,00000007180,20230530140000,0.117,0.058,0.009,0.0,0.0,0.0,1.0,4,0.0,0.0,49.57,7.69,589253
2023-05-30 15:00:00,00000007180,20230530150000,0.195,0.068,0.0,0.0,0.0,0.0,1.0,4,0.0,0.0,34.87,0.0,589253
2023-05-30 16:00:00,00000007180,20230530160000,0.242,0.039,0.014,0.0,0.0,0.0,1.0,4,0.0,0.0,16.12,5.79,589253
2023-05-30 17:00:00,00000007180,20230530170000,0.209,0.025,0.006,0.0,0.0,0.0,1.0,4,0.0,0.0,11.96,2.87,589253
2023-05-30 18:00:00,00000007180,20230530180000,0.171,0.044,0.004,0.0,0.0,0.0,1.0,4,0.0,0.0,25.73,2.34,589253
2023-05-30 19:00:00,00000007180,20230530190000,0.216,0.087,0.0,0.0,0.0,0.0,1.0,4,0.0,0.0,40.28,0.0,589253
2023-05-30 20:00:00,00000007180,20230530200000,0.198,0.044,0.011,0.0,0.0,0.0,1.0,4,0.0,0.0,22.22,5.56,589253
2023-05-30 21:00:00,00000007180,20230530210000,0.295,0.042,0.002,0.0,0.0,0.0,1.0,4,0.0,0.0,14.24,0.68,589253
2023-05-30 22:00:00,00000007180,20230530220000,0.265,0.028,0.017,0.0,0.0,0.0,1.0,4,0.0,0.0,10.57,6.42,589253
2023-05-30 23:00:00,00000007180,20230530230000,0.251,0.015,0.009,0.0,0.0,0.0,1.0,4,0.0,0.0,5.98,3.59,589253
2023-05-31 00:00:00,00000007180,20230531000000,0.256,0.029,0.019,0.0,0.0,0.0,1.0,4,0.0,0.0,11.33,7.42,589253
2023-05-31 01:00:00,00000007180,20230531010000,0.217,0.036,0.0,0.0,0.0,0.0,1.0,4,0.0,0.0,16.59,0.0,589253
2023-05-31 02:00:00,00000007180,20230531020000,0.205,0.069,0.002,0.0,0.0,0.0,1.0,4,0.0,0.0,33.66,0.98,589253
2023-05-31 03:00:00,00000007180,20230531030000,0.097,0.038,0.003,0.0,0.0,0.0,1.0,4,0.0,0.0,39.18,3.09,589253
2023-05-31 04:00:00,00000007180,20230531040000,0.107,0.054,0.009,0.0,0.0,0.0,1.0,4,0.0,0.0,50.47,8.41,589253
2023-05-31 05:00:00,00000007180,20230531050000,0.105,0.048,0.003,0.0,0.0,0.0,1.0,4,0.0,0.0,45.71,2.86,589253
2023-05-31 06:00:00,00000007180,20230531060000,0.108,0.056,0.006,0.0,0.0,0.0,1.0,4,0.0,0.0,51.85,5.56,589253
2023-05-31 07:00:00,00000007180,20230531070000,0.115,0.063,0.011,0.0,0.0,0.0,1.0,4,0.0,0.0,54.78,9.57,589253
2023-05-31 08:00:00,00000007180,20230531080000,0.117,0.055,0.0,0.0,0.0,0.0,1.0,4,0.0,0.0,47.01,0.0,589253
2023-05-31 09:00:00,00000007180,20230531090000,0.115,0.058,0.007,0.0,0.0,0.0,1.0,4,0.0,0.0,50.43,6.09,589253
2023-05-31 10:00:00,00000007180,20230531100000,0.143,0.043,0.008,0.0,0.0,0.0,1.0,4,0.0,0.0,30.07,5.59,589253
2023-05-31 11:00:00,00000007180,20230531110000,0.194,0.067,0.004,0.0,0.0,0.0,1.0,4,0.0,0.0,34.54,2.06,589253
2023-05-31 12:00:00,00000007180,20230531120000,0.235,0.079,0.0,0.0,0.0,0.0,1.0,4,0.0,0.0,33.62,0.0,589253
2023-05-31 13:00:00,00000007180,20230531130000,0.186,0.064,0.01,0.0,0.0,0.0,1.0,4,0.0,0.0,34.41,5.38,589253
2023-05-31 14:00:00,00000007180,20230531140000,0.162,0.048,0.006,0.0,0.0,0.0,1.0,4,0.0,0.0,29.63,3.7,589253
2023-05-31 15:00:00,00000007180,20230531150000,0.206,0.076,0.003,0.0,0.0,0.0,1.0,4,0.0,0.0,36.89,1.46,589253
2023-05-31 16:00:00,00000007180,20230531160000,0.173,0.038,0.01,0.0,0.0,0.0,1.0,4,0.0,0.0,21.97,5.78,589253
2023-05-31 17:00:00,00000007180,20230531170000,0.202,0.031,0.01,0.0,0.0,0.0,1.0,4,0.0,0.0,15.35,4.95,589253
2023-05-31 18:00:00,00000007180,20230531180000,0.229,0.039,0.001,0.0,0.0,0.0,1.0,4,0.0,0.0,17.03,0.44,589253
2023-05-31 19:00:00,00000007180,20230531190000,0.176,0.058,0.013,0.0,0.0,0.0,1.0,4,0.0,0.0,32.95,7.39,589253
2023-05-31 20:00:00,00000007180,20230531200000,0.218,0.05,0.003,0.0,0.0,0.0,1.0,4,0.0,0.0,22.94,1.38,589253
2023-05-31 21:00:00,00000007180,20230531210000,0.225,0.028,0.015,0.0,0.0,0.0,1.0,4,0.0,0.0,12.44,6.67,589253
2023-05-31 22:00:00,00000007180,20230531220000,0.622,0.03,0.009,0.0,0.0,0.0,1.0,4,0.0,0.0,4.82,1.45,589253
2023-05-31 23:00:00,00000007180,20230531230000,1.226,0.027,0.009,0.0,0.0,0.0,1.0,4,0.0,0.0,2.2,0.73,589253
2023-06-01 00:00:00,00000007180,20230601000000,0.273,0.022,0.023,0.0,0.0,0.0,1.0,4,0.0,0.0,8.06,8.42,589253
2023-06-01 01:00:00,00000007180,20230601010000,0.26,0.01,0.021,0.0,0.0,0.0,1.0,4,0.0,0.0,3.85,8.08,589253
2023-06-01 02:00:00,00000007180,20230601020000,0.262,0.032,0.023,0.0,0.0,0.0,1.0,4,0.0,0.0,12.21,8.78,589253
2023-06-01 03:00:00,00000007180,20230601030000,0.198,0.033,0.009,0.0,0.0,0.0,1.0,4,0.0,0.0,16.67,4.55,589253
2023-06-01 04:00:00,00000007180,20230601040000,0.184,0.039,0.004,0.0,0.0,0.0,1.0,4,0.0,0.0,21.2,2.17,589253
2023-06-01 05:00:00,00000007180,20230601050000,0.184,0.054,0.021,0.0,0.0,0.0,1.0,4,0.0,0.0,29.35,11.41,589253
2023-06-01 06:00:00,00000007180,20230601060000,0.13,0.064,0.0,0.0,0.0,0.0,1.0,4,0.0,0.0,49.23,0.0,589253
2023-06-01 07:00:00,00000007180,20230601070000,0.112,0.057,0.006,0.0,0.0,0.0,1.0,4,0.0,0.0,50.89,5.36,589253
2023-06-01 08:00:00,00000007180,20230601080000,0.104,0.05,0.01,0.0,0.0,0.0,1.0,4,0.0,0.0,48.08,9.62,589253
2023-06-01 09:00:00,00000007180,20230601090000,0.095,0.034,0.004,0.0,0.0,0.0,1.0,4,0.0,0.0,35.79,4.21,589253
2023-06-01 10:00:00,00000007180,20230601100000,0.171,0.085,0.0,0.0,0.0,0.0,1.0,4,0.0,0.0,49.71,0.0,589253
2023-06-01 11:00:00,00000007180,20230601110000,1.171,0.33,0.0,0.0,0.0,0.0,1.0,4,0.0,0.0,28.18,0.0,589253
2023-06-01 12:00:00,00000007180,20230601120000,0.219,0.073,0.0,0.0,0.0,0.0,1.0,4,0.0,0.0,33.33,0.0,589253
2023-06-01 13:00:00,00000007180,20230601130000,0.167,0.046,0.009,0.0,0.0,0.0,1.0,4,0.0,0.0,27.54,5.39,589253
2023-06-01 14:00:00,00000007180,20230601140000,0.158,0.03,0.001,0.0,0.0,0.0,1.0,4,0.0,0.0,18.99,0.63,589253
2023-06-01 15:00:00,00000007180,20230601150000,0.192,0.058,0.005,0.0,0.0,0.0,1.0,4,0.0,0.0,30.21,2.6,589253
2023-06-01 16:00:00,00000007180,20230601160000,0.202,0.046,0.0,0.0,0.0,0.0,1.0,4,0.0,0.0,22.77,0.0,589253
2023-06-01 17:00:00,00000007180,20230601170000,0.184,0.051,0.003,0.0,0.0,0.0,1.0,4,0.0,0.0,27.72,1.63,589253
2023-06-01 18:00:00,00000007180,20230601180000,2.36,0.266,0.001,0.0,0.0,0.0,1.0,4,0.0,0.0,11.27,0.04,589253
2023-06-01 19:00:00,00000007180,20230601190000,2.033,0.07,0.007,0.0,0.0,0.0,1.0,4,0.0,0.0,3.44,0.34,589253
2023-06-01 20:00:00,00000007180,20230601200000,2.035,0.06,0.002,0.0,0.0,0.0,1.0,4,0.0,0.0,2.95,0.1,589253
2023-06-01 21:00:00,00000007180,20230601210000,0.927,0.033,0.01,0.0,0.0,0.0,1.0,4,0.0,0.0,3.56,1.08,589253
2023-06-01 22:00:00,00000007180,20230601220000,0.192,0.039,0.006,0.0,0.0,0.0,1.0,4,0.0,0.0,20.31,3.12,589253
2023-06-01 23:00:00,00000007180,20230601230000,0.461,0.03,0.003,0.0,0.0,0.0,1.0,4,0.0,0.0,6.51,0.65,589253
2023-06-02 00:00:00,00000007180,20230602000000,0.258,0.038,0.019,0.0,0.0,0.0,1.0,4,0.0,0.0,14.73,7.36,589253
2023-06-02 01:00:00,00000007180,20230602010000,0.258,0.031,0.009,0.0,0.0,0.0,1.0,4,0.0,0.0,12.02,3.49,589253
2023-06-02 02:00:00,00000007180,20230602020000,0.228,0.027,0.001,0.0,0.0,0.0,1.0,4,0.0,0.0,11.84,0.44,589253
2023-06-02 03:00:00,00000007180,20230602030000,0.123,0.046,0.009,0.0,0.0,0.0,1.0,4,0.0,0.0,37.4,7.32,589253
2023-06-02 04:00:00,00000007180,20230602040000,0.11,0.048,0.001,0.0,0.0,0.0,1.0,4,0.0,0.0,43.64,0.91,589253
2023-06-02 05:00:00,00000007180,20230602050000,0.118,0.06,0.006,0.0,0.0,0.0,1.0,4,0.0,0.0,50.85,5.08,589253
2023-06-02 06:00:00,00000007180,20230602060000,0.121,0.062,0.005,0.0,0.0,0.0,1.0,4,0.0,0.0,51.24,4.13,589253
2023-06-02 07:00:00,00000007180,20230602070000,0.114,0.052,0.002,0.0,0.0,0.0,1.0,4,0.0,0.0,45.61,1.75,589253
2023-06-02 08:00:00,00000007180,20230602080000,0.103,0.05,0.009,0.0,0.0,0.0,1.0,4,0.0,0.0,48.54,8.74,589253
2023-06-02 09:00:00,00000007180,20230602090000,0.099,0.035,0.003,0.0,0.0,0.0,1.0,4,0.0,0.0,35.35,3.03,589253
2023-06-02 10:00:00,00000007180,20230602100000,0.185,0.077,0.0,0.0,0.0,0.0,1.0,4,0.0,0.0,41.62,0.0,589253
2023-06-02 11:00:00,00000007180,20230602110000,0.164,0.045,0.003,0.0,0.0,0.0,1.0,4,0.0,0.0,27.44,1.83,589253
2023-06-02 12:00:00,00000007180,20230602120000,0.201,0.058,0.004,0.0,0.0,0.0,1.0,4,0.0,0.0,28.86,1.99,589253
2023-06-02 13:00:00,00000007180,20230602130000,0.202,0.069,0.0,0.0,0.0,0.0,1.0,4,0.0,0.0,34.16,0.0,589253
2023-06-02 14:00:00,00000007180,20230602140000,0.172,0.052,0.01,0.0,0.0,0.0,1.0,4,0.0,0.0,30.23,5.81,589253
2023-06-02 15:00:00,00000007180,20230602150000,0.156,0.033,0.0,0.0,0.0,0.0,1.0,4,0.0,0.0,21.15,0.0,589253
2023-06-02 16:00:00,00000007180,20230602160000,0.485,0.081,0.0,0.0,0.0,0.0,1.0,4,0.0,0.0,16.7,0.0,589253
2023-06-02 17:00:00,00000007180,20230602170000,0.132,0.049,0.009,0.0,0.0,0.0,1.0,4,0.0,0.0,37.12,6.82,589253
2023-06-02 18:00:00,00000007180,20230602180000,0.172,0.068,0.0,0.0,0.0,0.0,1.0,4,0.0,0.0,39.53,0.0,589253
2023-06-02 19:00:00,00000007180,20230602190000,0.182,0.049,0.008,0.0,0.0,0.0,1.0,4,0.0,0.0,26.92,4.4,589253
2023-06-02 20:00:00,00000007180,20230602200000,0.217,0.03,0.01,0.0,0.0,0.0,1.0,4,0.0,0.0,13.82,4.61,589253
2023-06-02 21:00:00,00000007180,20230602210000,0.253,0.02,0.009,0.0,0.0,0.0,1.0,4,0.0,0.0,7.91,3.56,589253
2023-06-02 22:00:00,00000007180,20230602220000,0.272,0.042,0.018,0.0,0.0,0.0,1.0,4,0.0,0.0,15.44,6.62,589253
2023-06-02 23:00:00,00000007180,20230602230000,0.277,0.024,0.007,0.0,0.0,0.0,1.0,4,0.0,0.0,8.66,2.53,589253
2023-06-03 00:00:00,00000007180,20230603000000,0.308,0.026,0.012,0.0,0.0,0.0,1.0,4,0.0,0.0,8.44,3.9,589253
2023-06-03 01:00:00,00000007180,20230603010000,0.246,0.031,0.015,0.0,0.0,0.0,1.0,4,0.0,0.0,12.6,6.1,589253
2023-06-03 02:00:00,00000007180,20230603020000,0.244,0.046,0.0,0.0,0.0,0.0,1.0,4,0.0,0.0,18.85,0.0,589253
2023-06-03 03:00:00,00000007180,20230603030000,0.219,0.073,0.006,0.0,0.0,0.0,1.0,4,0.0,0.0,33.33,2.74,589253
2023-06-03 04:00:00,00000007180,20230603040000,0.172,0.035,0.008,0.0,0.0,0.0,1.0,4,0.0,0.0,20.35,4.65,589253
2023-06-03 05:00:00,00000007180,20230603050000,0.202,0.057,0.0,0.0,0.0,0.0,1.0,4,0.0,0.0,28.22,0.0,589253
2023-06-03 06:00:00,00000007180,20230603060000,0.161,0.106,0.0,0.0,0.0,0.0,1.0,4,0.0,0.0,65.84,0.0,589253
2023-06-03 07:00:00,00000007180,20230603070000,0.101,0.056,0.007,0.0,0.0,0.0,1.0,4,0.0,0.0,55.45,6.93,589253
2023-06-03 08:00:00,00000007180,20230603080000,0.137,0.078,0.0,0.0,0.0,0.0,1.0,4,0.0,0.0,56.93,0.0,589253
2023-06-03 09:00:00,00000007180,20230603090000,0.115,0.061,0.008,0.0,0.0,0.0,1.0,4,0.0,0.0,53.04,6.96,589253
2023-06-03 10:00:00,00000007180,20230603100000,0.1,0.042,0.001,0.0,0.0,0.0,1.0,4,0.0,0.0,42.0,1.0,589253
2023-06-03 11:00:00,00000007180,20230603110000,0.105,0.05,0.008,0.0,0.0,0.0,1.0,4,0.0,0.0,47.62,7.62,589253
2023-06-03 12:00:00,00000007180,20230603120000,0.109,0.053,0.004,0.0,0.0,0.0,1.0,4,0.0,0.0,48.62,3.67,589253
2023-06-03 13:00:00,00000007180,20230603130000,0.124,0.061,0.0,0.0,0.0,0.0,1.0,4,0.0,0.0,49.19,0.0,589253
2023-06-03 14:00:00,00000007180,20230603140000,0.123,0.069,0.008,0.0,0.0,0.0,1.0,4,0.0,0.0,56.1,6.5,589253
2023-06-03 15:00:00,00000007180,20230603150000,0.103,0.049,0.006,0.0,0.0,0.0,1.0,4,0.0,0.0,47.57,5.83,589253
2023-06-03 16:00:00,00000007180,20230603160000,0.101,0.044,0.003,0.0,0.0,0.0,1.0,4,0.0,0.0,43.56,2.97,589253
2023-06-03 17:00:00,00000007180,20230603170000,0.104,0.053,0.008,0.0,0.0,0.0,1.0,4,0.0,0.0,50.96,7.69,589253
2023-06-03 18:00:00,00000007180,20230603180000,0.121,0.058,0.002,0.0,0.0,0.0,1.0,4,0.0,0.0,47.93,1.65,589253
2023-06-03 19:00:00,00000007180,20230603190000,0.117,0.051,0.0,0.0,0.0,0.0,1.0,4,0.0,0.0,43.59,0.0,589253
2023-06-03 20:00:00,00000007180,20230603200000,0.099,0.042,0.01,0.0,0.0,0.0,1.0,4,0.0,0.0,42.42,10.1,589253
2023-06-03 21:00:00,00000007180,20230603210000,0.088,0.029,0.007,0.0,0.0,0.0,1.0,4,0.0,0.0,32.95,7.95,589253
2023-06-03 22:00:00,00000007180,20230603220000,0.09,0.031,0.006,0.0,0.0,0.0,1.0,4,0.0,0.0,34.44,6.67,589253
2023-06-03 23:00:00,00000007180,20230603230000,0.107,0.055,0.014,0.0,0.0,0.0,1.0,4,0.0,0.0,51.4,13.08,589253
2023-06-04 00:00:00,00000007180,20230604000000,0.111,0.047,0.0,0.0,0.0,0.0,1.0,4,0.0,0.0,42.34,0.0,589253
2023-06-04 01:00:00,00000007180,20230604010000,0.084,0.034,0.011,0.0,0.0,0.0,1.0,4,0.0,0.0,40.48,13.1,589253
2023-06-04 02:00:00,00000007180,20230604020000,0.092,0.04,0.009,0.0,0.0,0.0,1.0,4,0.0,0.0,43.48,9.78,589253
2023-06-04 03:00:00,00000007180,20230604030000,0.116,0.053,0.0,0.0,0.0,0.0,1.0,4,0.0,0.0,45.69,0.0,589253
2023-06-04 04:00:00,00000007180,20230604040000,0.107,0.058,0.013,0.0,0.0,0.0,1.0,4,0.0,0.0,54.21,12.15,589253
2023-06-04 05:00:00,00000007180,20230604050000,0.087,0.032,0.004,0.0,0.0,0.0,1.0,4,0.0,0.0,36.78,4.6,589253
2023-06-04 06:00:00,00000007180,20230604060000,0.088,0.043,0.011,0.0,0.0,0.0,1.0,4,0.0,0.0,48.86,12.5,589253
2023-06-04 07:00:00,00000007180,20230604070000,0.109,0.055,0.005,0.0,0.0,0.0,1.0,4,0.0,0.0,50.46,4.59,589253
2023-06-04 08:00:00,00000007180,20230604080000,0.116,0.055,0.001,0.0,0.0,0.0,1.0,4,0.0,0.0,47.41,0.86,589253
2023-06-04 09:00:00,00000007180,20230604090000,0.098,0.047,0.01,0.0,0.0,0.0,1.0,4,0.0,0.0,47.96,10.2,589253
2023-06-04 10:00:00,00000007180,20230604100000,0.081,0.024,0.006,0.0,0.0,0.0,1.0,4,0.0,0.0,29.63,7.41,589253
2023-06-04 11:00:00,00000007180,20230604110000,0.084,0.036,0.011,0.0,0.0,0.0,1.0,4,0.0,0.0,42.86,13.1,589253
2023-06-04 12:00:00,00000007180,20230604120000,0.112,0.049,0.002,0.0,0.0,0.0,1.0,4,0.0,0.0,43.75,1.79,589253
2023-06-04 13:00:00,00000007180,20230604130000,0.114,0.048,0.001,0.0,0.0,0.0,1.0,4,0.0,0.0,42.11,0.88,589253
2023-06-04 14:00:00,00000007180,20230604140000,0.103,0.048,0.01,0.0,0.0,0.0,1.0,4,0.0,0.0,46.6,9.71,589253
2023-06-04 15:00:00,00000007180,20230604150000,0.082,0.026,0.005,0.0,0.0,0.0,1.0,4,0.0,0.0,31.71,6.1,589253
2023-06-04 16:00:00,00000007180,20230604160000,0.088,0.038,0.01,0.0,0.0,0.0,1.0,4,0.0,0.0,43.18,11.36,589253
2023-06-04 17:00:00,00000007180,20230604170000,0.117,0.058,0.011,0.0,0.0,0.0,1.0,4,0.0,0.0,49.57,9.4,589253
2023-06-04 18:00:00,00000007180,20230604180000,0.12,0.05,0.0,0.0,0.0,0.0,1.0,4,0.0,0.0,41.67,0.0,589253
2023-06-04 19:00:00,00000007180,20230604190000,0.095,0.037,0.005,0.0,0.0,0.0,1.0,4,0.0,0.0,38.95,5.26,589253
2023-06-04 20:00:00,00000007180,20230604200000,0.089,0.037,0.01,0.0,0.0,0.0,1.0,4,0.0,0.0,41.57,11.24,589253
2023-06-04 21:00:00,00000007180,20230604210000,0.105,0.039,0.002,0.0,0.0,0.0,1.0,4,0.0,0.0,37.14,1.9,589253
2023-06-04 22:00:00,00000007180,20230604220000,0.116,0.047,0.0,0.0,0.0,0.0,1.0,4,0.0,0.0,40.52,0.0,589253
2023-06-04 23:00:00,00000007180,20230604230000,0.109,0.052,0.01,0.0,0.0,0.0,1.0,4,0.0,0.0,47.71,9.17,589253
2023-06-05 00:00:00,00000007180,20230605000000,0.081,0.026,0.006,0.0,0.0,0.0,1.0,4,0.0,0.0,32.1,7.41,589253
2023-06-05 01:00:00,00000007180,20230605010000,0.088,0.038,0.011,0.0,0.0,0.0,1.0,4,0.0,0.0,43.18,12.5,589253
2023-06-05 02:00:00,00000007180,20230605020000,0.116,0.062,0.008,0.0,0.0,0.0,1.0,4,0.0,0.0,53.45,6.9,589253
2023-06-05 03:00:00,00000007180,20230605030000,0.117,0.056,0.0,0.0,0.0,0.0,1.0,4,0.0,0.0,47.86,0.0,589253
2023-06-05 04:00:00,00000007180,20230605040000,0.09,0.042,0.011,0.0,0.0,0.0,1.0,4,0.0,0.0,46.67,12.22,589253
2023-06-05 05:00:00,00000007180,20230605050000,0.088,0.039,0.006,0.0,0.0,0.0,1.0,4,0.0,0.0,44.32,6.82,589253
2023-06-05 06:00:00,00000007180,20230605060000,0.113,0.059,0.004,0.0,0.0,0.0,1.0,4,0.0,0.0,52.21,3.54,589253
2023-06-05 07:00:00,00000007180,20230605070000,0.107,0.055,0.009,0.0,0.0,0.0,1.0,4,0.0,0.0,51.4,8.41,589253
2023-06-05 08:00:00,00000007180,20230605080000,0.091,0.036,0.004,0.0,0.0,0.0,1.0,4,0.0,0.0,39.56,4.4,589253
2023-06-05 09:00:00,00000007180,20230605090000,0.089,0.04,0.01,0.0,0.0,0.0,1.0,4,0.0,0.0,44.94,11.24,589253
2023-06-05 10:00:00,00000007180,20230605100000,0.108,0.048,0.0,0.0,0.0,0.0,1.0,4,0.0,0.0,44.44,0.0,589253
2023-06-05 11:00:00,00000007180,20230605110000,0.108,0.056,0.012,0.0,0.0,0.0,1.0,4,0.0,0.0,51.85,11.11,589253
2023-06-05 12:00:00,00000007180,20230605120000,0.095,0.039,0.006,0.0,0.0,0.0,1.0,4,0.0,0.0,41.05,6.32,589253
2023-06-05 13:00:00,00000007180,20230605130000,0.087,0.035,0.008,0.0,0.0,0.0,1.0,4,0.0,0.0,40.23,9.2,589253
2023-06-05 14:00:00,00000007180,20230605140000,0.097,0.045,0.01,0.0,0.0,0.0,1.0,4,0.0,0.0,46.39,10.31,589253
2023-06-05 15:00:00,00000007180,20230605150000,0.116,0.049,0.0,0.0,0.0,0.0,1.0,4,0.0,0.0,42.24,0.0,589253
2023-06-05 16:00:00,00000007180,20230605160000,0.116,0.053,0.006,0.0,0.0,0.0,1.0,4,0.0,0.0,45.69,5.17,589253
2023-06-05 17:00:00,00000007180,20230605170000,0.089,0.036,0.01,0.0,0.0,0.0,1.0,4,0.0,0.0,40.45,11.24,589253
2023-06-05 18:00:00,00000007180,20230605180000,0.082,0.023,0.003,0.0,0.0,0.0,1.0,4,0.0,0.0,28.05,3.66,589253
2023-06-05 19:00:00,00000007180,20230605190000,0.111,0.048,0.007,0.0,0.0,0.0,1.0,4,0.0,0.0,43.24,6.31,589253
2023-06-05 20:00:00,00000007180,20230605200000,0.116,0.05,0.005,0.0,0.0,0.0,1.0,4,0.0,0.0,43.1,4.31,589253
2023-06-05 21:00:00,00000007180,20230605210000,0.094,0.026,0.0,0.0,0.0,0.0,1.0,4,0.0,0.0,27.66,0.0,589253
2023-06-05 22:00:00,00000007180,20230605220000,0.085,0.033,0.01,0.0,0.0,0.0,1.0,4,0.0,0.0,38.82,11.76,589253
2023-06-05 23:00:00,00000007180,20230605230000,0.107,0.045,0.004,0.0,0.0,0.0,1.0,4,0.0,0.0,42.06,3.74,589253
2023-06-06 00:00:00,00000007180,20230606000000,0.117,0.051,0.0,0.0,0.0,0.0,1.0,4,0.0,0.0,43.59,0.0,589253
2023-06-06 01:00:00,00000007180,20230606010000,0.104,0.051,0.01,0.0,0.0,0.0,1.0,4,0.0,0.0,49.04,9.62,589253
2023-06-06 02:00:00,00000007180,20230606020000,0.079,0.025,0.004,0.0,0.0,0.0,1.0,4,0.0,0.0,31.65,5.06,589253
2023-06-06 03:00:00,00000007180,20230606030000,0.098,0.05,0.011,0.0,0.0,0.0,1.0,4,0.0,0.0,51.02,11.22,589253
2023-06-06 04:00:00,00000007180,20230606040000,0.117,0.058,0.0,0.0,0.0,0.0,1.0,4,0.0,0.0,49.57,0.0,589253
2023-06-06 05:00:00,00000007180,20230606050000,0.108,0.056,0.005,0.0,0.0,0.0,1.0,4,0.0,0.0,51.85,4.63,589253
2023-06-06 06:00:00,00000007180,20230606060000,0.092,0.047,0.011,0.0,0.0,0.0,1.0,4,0.0,0.0,51.09,11.96,589253
2023-06-06 07:00:00,00000007180,20230606070000,0.091,0.043,0.006,0.0,0.0,0.0,1.0,4,0.0,0.0,47.25,6.59,589253
2023-06-06 08:00:00,00000007180,20230606080000,0.109,0.066,0.015,0.0,0.0,0.0,1.0,4,0.0,0.0,60.55,13.76,589253
2023-06-06 09:00:00,00000007180,20230606090000,0.114,0.054,0.0,0.0,0.0,0.0,1.0,4,0.0,0.0,47.37,0.0,589253
2023-06-06 10:00:00,00000007180,20230606100000,0.086,0.04,0.011,0.0,0.0,0.0,1.0,4,0.0,0.0,46.51,12.79,589253
2023-06-06 11:00:00,00000007180,20230606110000,0.089,0.036,0.005,0.0,0.0,0.0,1.0,4,0.0,0.0,40.45,5.62,589253
2023-06-06 12:00:00,00000007180,20230606120000,0.106,0.052,0.006,0.0,0.0,0.0,1.0,4,0.0,0.0,49.06,5.66,589253
2023-06-06 13:00:00,00000007180,20230606130000,0.11,0.057,0.008,0.0,0.0,0.0,1.0,4,0.0,0.0,51.82,7.27,589253
2023-06-06 14:00:00,00000007180,20230606140000,0.101,0.039,0.0,0.0,0.0,0.0,1.0,4,0.0,0.0,38.61,0.0,589253
2023-06-06 15:00:00,00000007180,20230606150000,0.088,0.038,0.011,0.0,0.0,0.0,1.0,4,0.0,0.0,43.18,12.5,589253
2023-06-06 16:00:00,00000007180,20230606160000,0.102,0.044,0.005,0.0,0.0,0.0,1.0,4,0.0,0.0,43.14,4.9,589253
2023-06-06 17:00:00,00000007180,20230606170000,0.119,0.053,0.0,0.0,0.0,0.0,1.0,4,0.0,0.0,44.54,0.0,589253
2023-06-06 18:00:00,00000007180,20230606180000,0.113,0.059,0.01,0.0,0.0,0.0,1.0,4,0.0,0.0,52.21,8.85,589253
2023-06-06 19:00:00,00000007180,20230606190000,0.085,0.034,0.009,0.0,0.0,0.0,1.0,4,0.0,0.0,40.0,10.59,589253
2023-06-06 20:00:00,00000007180,20230606200000,0.086,0.033,0.007,0.0,0.0,0.0,1.0,4,0.0,0.0,38.37,8.14,589253
2023-06-06 21:00:00,00000007180,20230606210000,0.113,0.053,0.011,0.0,0.0,0.0,1.0,4,0.0,0.0,46.9,9.73,589253
2023-06-06 22:00:00,00000007180,20230606220000,0.119,0.05,0.0,0.0,0.0,0.0,1.0,4,0.0,0.0,42.02,0.0,589253
2023-06-06 23:00:00,00000007180,20230606230000,0.089,0.035,0.009,0.0,0.0,0.0,1.0,4,0.0,0.0,39.33,10.11,589253
2023-06-07 00:00:00,00000007180,20230607000000,0.084,0.036,0.01,0.0,0.0,0.0,1.0,4,0.0,0.0,42.86,11.9,589253
2023-06-07 01:00:00,00000007180,20230607010000,0.117,0.055,0.0,0.0,0.0,0.0,1.0,4,0.0,0.0,47.01,0.0,589253
2023-06-07 02:00:00,00000007180,20230607020000,0.113,0.064,0.013,0.0,0.0,0.0,1.0,4,0.0,0.0,56.64,11.5,589253
2023-06-07 03:00:00,00000007180,20230607030000,0.087,0.033,0.007,0.0,0.0,0.0,1.0,4,0.0,0.0,37.93,8.05,589253
2023-06-07 04:00:00,00000007180,20230607040000,0.085,0.039,0.01,0.0,0.0,0.0,1.0,4,0.0,0.0,45.88,11.76,589253
2023-06-07 05:00:00,00000007180,20230607050000,0.116,0.063,0.005,0.0,0.0,0.0,1.0,4,0.0,0.0,54.31,4.31,589253
2023-06-07 06:00:00,00000007180,20230607060000,0.119,0.065,0.001,0.0,0.0,0.0,1.0,4,0.0,0.0,54.62,0.84,589253
2023-06-07 07:00:00,00000007180,20230607070000,0.09,0.044,0.011,0.0,0.0,0.0,1.0,4,0.0,0.0,48.89,12.22,589253
2023-06-07 08:00:00,00000007180,20230607080000,0.078,0.028,0.007,0.0,0.0,0.0,1.0,4,0.0,0.0,35.9,8.97,589253
2023-06-07 09:00:00,00000007180,20230607090000,0.112,0.062,0.011,0.0,0.0,0.0,1.0,4,0.0,0.0,55.36,9.82,589253
2023-06-07 10:00:00,00000007180,20230607100000,0.115,0.052,0.0,0.0,0.0,0.0,1.0,4,0.0,0.0,45.22,0.0,589253
2023-06-07 11:00:00,00000007180,20230607110000,0.092,0.043,0.01,0.0,0.0,0.0,1.0,4,0.0,0.0,46.74,10.87,589253
2023-06-07 12:00:00,00000007180,20230607120000,0.084,0.031,0.007,0.0,0.0,0.0,1.0,4,0.0,0.0,36.9,8.33,589253
2023-06-07 13:00:00,00000007180,20230607130000,0.103,0.046,0.006,0.0,0.0,0.0,1.0,4,0.0,0.0,44.66,5.83,589253
2023-06-07 14:00:00,00000007180,20230607140000,0.113,0.057,0.009,0.0,0.0,0.0,1.0,4,0.0,0.0,50.44,7.96,589253
2023-06-07 15:00:00,00000007180,20230607150000,0.103,0.039,0.0,0.0,0.0,0.0,1.0,4,0.0,0.0,37.86,0.0,589253
2023-06-07 16:00:00,00000007180,20230607160000,0.089,0.038,0.01,0.0,0.0,0.0,1.0,4,0.0,0.0,42.7,11.24,589253
2023-06-07 17:00:00,00000007180,20230607170000,0.1,0.046,0.009,0.0,0.0,0.0,1.0,4,0.0,0.0,46.0,9.0,589253
2023-06-07 18:00:00,00000007180,20230607180000,0.121,0.054,0.0,0.0,0.0,0.0,1.0,4,0.0,0.0,44.63,0.0,589253
2023-06-07 19:00:00,00000007180,20230607190000,0.115,0.055,0.007,0.0,0.0,0.0,1.0,4,0.0,0.0,47.83,6.09,589253
2023-06-07 20:00:00,00000007180,20230607200000,0.088,0.035,0.01,0.0,0.0,0.0,1.0,4,0.0,0.0,39.77,11.36,589253
2023-06-07 21:00:00,00000007180,20230607210000,0.093,0.029,0.0,0.0,0.0,0.0,1.0,4,0.0,0.0,31.18,0.0,589253
2023-06-07 22:00:00,00000007180,20230607220000,0.113,0.05,0.006,0.0,0.0,0.0,1.0,4,0.0,0.0,44.25,5.31,589253
2023-06-07 23:00:00,00000007180,20230607230000,0.109,0.048,0.007,0.0,0.0,0.0,1.0,4,0.0,0.0,44.04,6.42,589253
2023-06-08 00:00:00,00000007180,20230608000000,0.087,0.025,0.002,0.0,0.0,0.0,1.0,4,0.0,0.0,28.74,2.3,589253
2023-06-08 01:00:00,00000007180,20230608010000,0.091,0.043,0.01,0.0,0.0,0.0,1.0,4,0.0,0.0,47.25,10.99,589253
2023-06-08 02:00:00,00000007180,20230608020000,0.119,0.059,0.003,0.0,0.0,0.0,1.0,4,0.0,0.0,49.58,2.52,589253
2023-06-08 03:00:00,00000007180,20230608030000,0.118,0.058,0.001,0.0,0.0,0.0,1.0,4,0.0,0.0,49.15,0.85,589253
2023-06-08 04:00:00,00000007180,20230608040000,0.085,0.039,0.011,0.0,0.0,0.0,1.0,4,0.0,0.0,45.88,12.94,589253
2023-06-08 05:00:00,00000007180,20230608050000,0.093,0.036,0.002,0.0,0.0,0.0,1.0,4,0.0,0.0,38.71,2.15,589253
2023-06-08 06:00:00,00000007180,20230608060000,0.114,0.066,0.01,0.0,0.0,0.0,1.0,4,0.0,0.0,57.89,8.77,589253
2023-06-08 07:00:00,00000007180,20230608070000,0.112,0.057,0.003,0.0,0.0,0.0,1.0,4,0.0,0.0,50.89,2.68,589253
2023-06-08 08:00:00,00000007180,20230608080000,0.085,0.036,0.009,0.0,0.0,0.0,1.0,4,0.0,0.0,42.35,10.59,589253
2023-06-08 09:00:00,00000007180,20230608090000,0.09,0.044,0.01,0.0,0.0,0.0,1.0,4,0.0,0.0,48.89,11.11,589253
2023-06-08 10:00:00,00000007180,20230608100000,0.117,0.054,0.0,0.0,0.0,0.0,1.0,4,0.0,0.0,46.15,0.0,589253
2023-06-08 11:00:00,00000007180,20230608110000,0.112,0.06,0.011,0.0,0.0,0.0,1.0,4,0.0,0.0,53.57,9.82,589253
2023-06-08 12:00:00,00000007180,20230608120000,0.078,0.025,0.006,0.0,0.0,0.0,1.0,4,0.0,0.0,32.05,7.69,589253
2023-06-08 13:00:00,00000007180,20230608130000,0.091,0.044,0.01,0.0,0.0,0.0,1.0,4,0.0,0.0,48.35,10.99,589253
2023-06-08 14:00:00,00000007180,20230608140000,0.116,0.057,0.004,0.0,0.0,0.0,1.0,4,0.0,0.0,49.14,3.45,589253
2023-06-08 15:00:00,00000007180,20230608150000,0.118,0.053,0.0,0.0,0.0,0.0,1.0,4,0.0,0.0,44.92,0.0,589253
2023-06-08 16:00:00,00000007180,20230608160000,0.095,0.041,0.01,0.0,0.0,0.0,1.0,4,0.0,0.0,43.16,10.53,589253
2023-06-08 17:00:00,00000007180,20230608170000,0.088,0.035,0.007,0.0,0.0,0.0,1.0,4,0.0,0.0,39.77,7.95,589253
2023-06-08 18:00:00,00000007180,20230608180000,0.113,0.048,0.0,0.0,0.0,0.0,1.0,4,0.0,0.0,42.48,0.0,589253
2023-06-08 19:00:00,00000007180,20230608190000,0.115,0.062,0.013,0.0,0.0,0.0,1.0,4,0.0,0.0,53.91,11.3,589253
2023-06-08 20:00:00,00000007180,20230608200000,0.089,0.03,0.006,0.0,0.0,0.0,1.0,4,0.0,0.0,33.71,6.74,589253
2023-06-08 21:00:00,00000007180,20230608210000,0.085,0.027,0.009,0.0,0.0,0.0,1.0,4,0.0,0.0,31.76,10.59,589253
2023-06-08 22:00:00,00000007180,20230608220000,0.11,0.053,0.01,0.0,0.0,0.0,1.0,4,0.0,0.0,48.18,9.09,589253
2023-06-08 23:00:00,00000007180,20230608230000,0.118,0.05,0.0,0.0,0.0,0.0,1.0,4,0.0,0.0,42.37,0.0,589253
2023-06-09 00:00:00,00000007180,20230609000000,0.094,0.04,0.01,0.0,0.0,0.0,1.0,4,0.0,0.0,42.55,10.64,589253
2023-06-09 01:00:00,00000007180,20230609010000,0.082,0.033,0.009,0.0,0.0,0.0,1.0,4,0.0,0.0,40.24,10.98,589253
2023-06-09 02:00:00,00000007180,20230609020000,0.114,0.052,0.002,0.0,0.0,0.0,1.0,4,0.0,0.0,45.61,1.75,589253
2023-06-09 03:00:00,00000007180,20230609030000,0.113,0.062,0.012,0.0,0.0,0.0,1.0,4,0.0,0.0,54.87,10.62,589253
2023-06-09 04:00:00,00000007180,20230609040000,0.089,0.034,0.003,0.0,0.0,0.0,1.0,4,0.0,0.0,38.2,3.37,589253
2023-06-09 05:00:00,00000007180,20230609050000,0.086,0.04,0.011,0.0,0.0,0.0,1.0,4,0.0,0.0,46.51,12.79,589253
2023-06-09 06:00:00,00000007180,20230609060000,0.117,0.065,0.003,0.0,0.0,0.0,1.0,4,0.0,0.0,55.56,2.56,589253
2023-06-09 07:00:00,00000007180,20230609070000,0.117,0.06,0.002,0.0,0.0,0.0,1.0,4,0.0,0.0,51.28,1.71,589253
2023-06-09 08:00:00,00000007180,20230609080000,0.095,0.043,0.01,0.0,0.0,0.0,1.0,4,0.0,0.0,45.26,10.53,589253
2023-06-09 09:00:00,00000007180,20230609090000,0.075,0.023,0.007,0.0,0.0,0.0,1.0,4,0.0,0.0,30.67,9.33,589253
2023-06-09 10:00:00,00000007180,20230609100000,0.106,0.053,0.01,0.0,0.0,0.0,1.0,4,0.0,0.0,50.0,9.43,589253
2023-06-09 11:00:00,00000007180,20230609110000,0.113,0.049,0.0,0.0,0.0,0.0,1.0,4,0.0,0.0,43.36,0.0,589253
2023-06-09 12:00:00,00000007180,20230609120000,0.1,0.046,0.008,0.0,0.0,0.0,1.0,4,0.0,0.0,46.0,8.0,589253
2023-06-09 13:00:00,00000007180,20230609130000,0.089,0.037,0.01,0.0,0.0,0.0,1.0,4,0.0,0.0,41.57,11.24,589253
2023-06-09 14:00:00,00000007180,20230609140000,0.104,0.042,0.0,0.0,0.0,0.0,1.0,4,0.0,0.0,40.38,0.0,589253
2023-06-09 15:00:00,00000007180,20230609150000,0.114,0.057,0.009,0.0,0.0,0.0,1.0,4,0.0,0.0,50.0,7.89,589253
2023-06-09 16:00:00,00000007180,20230609160000,0.105,0.046,0.007,0.0,0.0,0.0,1.0,4,0.0,0.0,43.81,6.67,589253
2023-06-09 17:00:00,00000007180,20230609170000,0.085,0.024,0.001,0.0,0.0,0.0,1.0,4,0.0,0.0,28.24,1.18,589253
2023-06-09 18:00:00,00000007180,20230609180000,0.1,0.045,0.01,0.0,0.0,0.0,1.0,4,0.0,0.0,45.0,10.0,589253
2023-06-09 19:00:00,00000007180,20230609190000,0.122,0.057,0.005,0.0,0.0,0.0,1.0,4,0.0,0.0,46.72,4.1,589253
2023-06-09 20:00:00,00000007180,20230609200000,0.109,0.041,0.0,0.0,0.0,0.0,1.0,4,0.0,0.0,37.61,0.0,589253
2023-06-09 21:00:00,00000007180,20230609210000,0.087,0.031,0.009,0.0,0.0,0.0,1.0,4,0.0,0.0,35.63,10.34,589253
2023-06-09 22:00:00,00000007180,20230609220000,0.098,0.043,0.01,0.0,0.0,0.0,1.0,4,0.0,0.0,43.88,10.2,589253
2023-06-09 23:00:00,00000007180,20230609230000,0.12,0.05,0.0,0.0,0.0,0.0,1.0,4,0.0,0.0,41.67,0.0,589253
2023-06-10 00:00:00,00000007180,20230610000000,0.107,0.047,0.008,0.0,0.0,0.0,1.0,4,0.0,0.0,43.93,7.48,589253
2023-06-10 01:00:00,00000007180,20230610010000,0.085,0.035,0.01,0.0,0.0,0.0,1.0,4,0.0,0.0,41.18,11.76,589253
2023-06-10 02:00:00,00000007180,20230610020000,0.104,0.044,0.001,0.0,0.0,0.0,1.0,4,0.0,0.0,42.31,0.96,589253
2023-06-10 03:00:00,00000007180,20230610030000,0.111,0.061,0.014,0.0,0.0,0.0,1.0,4,0.0,0.0,54.95,12.61,589253
2023-06-10 04:00:00,00000007180,20230610040000,0.095,0.038,0.005,0.0,0.0,0.0,1.0,4,0.0,0.0,40.0,5.26,589253
2023-06-10 05:00:00,00000007180,20230610050000,0.09,0.04,0.01,0.0,0.0,0.0,1.0,4,0.0,0.0,44.44,11.11,589253
2023-06-10 06:00:00,00000007180,20230610060000,0.108,0.058,0.008,0.0,0.0,0.0,1.0,4,0.0,0.0,53.7,7.41,589253
2023-06-10 07:00:00,00000007180,20230610070000,0.129,0.069,0.0,0.0,0.0,0.0,1.0,4,0.0,0.0,53.49,0.0,589253
2023-06-10 08:00:00,00000007180,20230610080000,0.104,0.053,0.008,0.0,0.0,0.0,1.0,4,0.0,0.0,50.96,7.69,589253
2023-06-10 09:00:00,00000007180,20230610090000,0.089,0.034,0.002,0.0,0.0,0.0,1.0,4,0.0,0.0,38.2,2.25,589253
2023-06-10 10:00:00,00000007180,20230610100000,0.111,0.056,0.007,0.0,0.0,0.0,1.0,4,0.0,0.0,50.45,6.31,589253
2023-06-10 11:00:00,00000007180,20230610110000,0.126,0.061,0.001,0.0,0.0,0.0,1.0,4,0.0,0.0,48.41,0.79,589253
2023-06-10 12:00:00,00000007180,20230610120000,0.115,0.052,0.0,0.0,0.0,0.0,1.0,4,0.0,0.0,45.22,0.0,589253
2023-06-10 13:00:00,00000007180,20230610130000,0.101,0.049,0.007,0.0,0.0,0.0,1.0,4,0.0,0.0,48.51,6.93,589253
2023-06-10 14:00:00,00000007180,20230610140000,0.109,0.049,0.002,0.0,0.0,0.0,1.0,4,0.0,0.0,44.95,1.83,589253
2023-06-10 15:00:00,00000007180,20230610150000,0.133,0.068,0.0,0.0,0.0,0.0,1.0,4,0.0,0.0,51.13,0.0,589253
2023-06-10 16:00:00,00000007180,20230610160000,0.122,0.062,0.007,0.0,0.0,0.0,1.0,4,0.0,0.0,50.82,5.74,589253
2023-06-10 17:00:00,00000007180,20230610170000,0.104,0.047,0.007,0.0,0.0,0.0,1.0,4,0.0,0.0,45.19,6.73,589253
2023-06-10 18:00:00,00000007180,20230610180000,0.109,0.047,0.0,0.0,0.0,0.0,1.0,4,0.0,0.0,43.12,0.0,589253
2023-06-10 19:00:00,00000007180,20230610190000,0.139,0.072,0.0,0.0,0.0,0.0,1.0,4,0.0,0.0,51.8,0.0,589253
2023-06-10 20:00:00,00000007180,20230610200000,0.117,0.056,0.007,0.0,0.0,0.0,1.0,4,0.0,0.0,47.86,5.98,589253
2023-06-10 21:00:00,00000007180,20230610210000,0.092,0.032,0.006,0.0,0.0,0.0,1.0,4,0.0,0.0,34.78,6.52,589253
2023-06-10 22:00:00,00000007180,20230610220000,0.108,0.041,0.0,0.0,0.0,0.0,1.0,4,0.0,0.0,37.96,0.0,589253
2023-06-10 23:00:00,00000007180,20230610230000,0.125,0.063,0.008,0.0,0.0,0.0,1.0,4,0.0,0.0,50.4,6.4,589253
2023-06-11 00:00:00,00000007180,20230611000000,0.099,0.042,0.009,0.0,0.0,0.0,1.0,4,0.0,0.0,42.42,9.09,589253
2023-06-11 01:00:00,00000007180,20230611010000,0.085,0.026,0.002,0.0,0.0,0.0,1.0,4,0.0,0.0,30.59,2.35,589253
2023-06-11 02:00:00,00000007180,20230611020000,0.117,0.057,0.005,0.0,0.0,0.0,1.0,4,0.0,0.0,48.72,4.27,589253
2023-06-11 03:00:00,00000007180,20230611030000,0.118,0.06,0.006,0.0,0.0,0.0,1.0,4,0.0,0.0,50.85,5.08,589253
2023-06-11 04:00:00,00000007180,20230611040000,0.09,0.032,0.003,0.0,0.0,0.0,1.0,4,0.0,0.0,35.56,3.33,589253
2023-06-11 05:00:00,00000007180,20230611050000,0.09,0.039,0.01,0.0,0.0,0.0,1.0,4,0.0,0.0,43.33,11.11,589253
2023-06-11 06:00:00,00000007180,20230611060000,0.124,0.074,0.011,0.0,0.0,0.0,1.0,4,0.0,0.0,59.68,8.87,589253
2023-06-11 07:00:00,00000007180,20230611070000,0.123,0.06,0.0,0.0,0.0,0.0,1.0,4,0.0,0.0,48.78,0.0,589253
2023-06-11 08:00:00,00000007180,20230611080000,0.088,0.034,0.006,0.0,0.0,0.0,1.0,4,0.0,0.0,38.64,6.82,589253
2023-06-11 09:00:00,00000007180,20230611090000,0.09,0.04,0.01,0.0,0.0,0.0,1.0,4,0.0,0.0,44.44,11.11,589253
2023-06-11 10:00:00,00000007180,20230611100000,0.121,0.054,0.001,0.0,0.0,0.0,1.0,4,0.0,0.0,44.63,0.83,589253
2023-06-11 11:00:00,00000007180,20230611110000,0.118,0.048,0.0,0.0,0.0,0.0,1.0,4,0.0,0.0,40.68,0.0,589253
2023-06-11 12:00:00,00000007180,20230611120000,0.087,0.035,0.01,0.0,0.0,0.0,1.0,4,0.0,0.0,40.23,11.49,589253
2023-06-11 13:00:00,00000007180,20230611130000,0.098,0.043,0.009,0.0,0.0,0.0,1.0,4,0.0,0.0,43.88,9.18,589253
2023-06-11 14:00:00,00000007180,20230611140000,0.123,0.054,0.0,0.0,0.0,0.0,1.0,4,0.0,0.0,43.9,0.0,589253
2023-06-11 15:00:00,00000007180,20230611150000,0.109,0.044,0.003,0.0,0.0,0.0,1.0,4,0.0,0.0,40.37,2.75,589253
2023-06-11 16:00:00,00000007180,20230611160000,0.093,0.037,0.01,0.0,0.0,0.0,1.0,4,0.0,0.0,39.78,10.75,589253
2023-06-11 17:00:00,00000007180,20230611170000,0.105,0.051,0.01,0.0,0.0,0.0,1.0,4,0.0,0.0,48.57,9.52,589253
2023-06-11 18:00:00,00000007180,20230611180000,0.125,0.055,0.0,0.0,0.0,0.0,1.0,4,0.0,0.0,44.0,0.0,589253
2023-06-11 19:00:00,00000007180,20230611190000,0.102,0.036,0.0,0.0,0.0,0.0,1.0,4,0.0,0.0,35.29,0.0,589253
2023-06-11 20:00:00,00000007180,20230611200000,0.087,0.032,0.008,0.0,0.0,0.0,1.0,4,0.0,0.0,36.78,9.2,589253
2023-06-11 21:00:00,00000007180,20230611210000,0.115,0.051,0.01,0.0,0.0,0.0,1.0,4,0.0,0.0,44.35,8.7,589253
2023-06-11 22:00:00,00000007180,20230611220000,0.126,0.052,0.001,0.0,0.0,0.0,1.0,4,0.0,0.0,41.27,0.79,589253
2023-06-11 23:00:00,00000007180,20230611230000,0.089,0.026,0.0,0.0,0.0,0.0,1.0,4,0.0,0.0,29.21,0.0,589253
2023-06-12 00:00:00,00000007180,20230612000000,0.09,0.037,0.01,0.0,0.0,0.0,1.0,4,0.0,0.0,41.11,11.11,589253
2023-06-12 01:00:00,00000007180,20230612010000,0.123,0.065,0.01,0.0,0.0,0.0,1.0,4,0.0,0.0,52.85,8.13,589253
2023-06-12 02:00:00,00000007180,20230612020000,0.114,0.05,0.0,0.0,0.0,0.0,1.0,4,0.0,0.0,43.86,0.0,589253
2023-06-12 03:00:00,00000007180,20230612030000,0.092,0.035,0.006,0.0,0.0,0.0,1.0,4,0.0,0.0,38.04,6.52,589253
2023-06-12 04:00:00,00000007180,20230612040000,0.103,0.054,0.01,0.0,0.0,0.0,1.0,4,0.0,0.0,52.43,9.71,589253
2023-06-12 05:00:00,00000007180,20230612050000,0.122,0.06,0.0,0.0,0.0,0.0,1.0,4,0.0,0.0,49.18,0.0,589253
2023-06-12 06:00:00,00000007180,20230612060000,0.107,0.051,0.003,0.0,0.0,0.0,1.0,4,0.0,0.0,47.66,2.8,589253
2023-06-12 07:00:00,00000007180,20230612070000,0.087,0.04,0.01,0.0,0.0,0.0,1.0,4,0.0,0.0,45.98,11.49,589253
2023-06-12 08:00:00,00000007180,20230612080000,0.109,0.049,0.003,0.0,0.0,0.0,1.0,4,0.0,0.0,44.95,2.75,589253
2023-06-12 09:00:00,00000007180,20230612090000,0.12,0.053,0.0,0.0,0.0,0.0,1.0,4,0.0,0.0,44.17,0.0,589253
2023-06-12 10:00:00,00000007180,20230612100000,0.097,0.041,0.01,0.0,0.0,0.0,1.0,4,0.0,0.0,42.27,10.31,589253
2023-06-12 11:00:00,00000007180,20230612110000,0.086,0.026,0.004,0.0,0.0,0.0,1.0,4,0.0,0.0,30.23,4.65,589253
2023-06-12 12:00:00,00000007180,20230612120000,0.107,0.042,0.002,0.0,0.0,0.0,1.0,4,0.0,0.0,39.25,1.87,589253
2023-06-12 13:00:00,00000007180,20230612130000,0.12,0.062,0.01,0.0,0.0,0.0,1.0,4,0.0,0.0,51.67,8.33,589253
2023-06-12 14:00:00,00000007180,20230612140000,0.107,0.035,0.008,0.0,0.0,0.0,1.0,4,0.0,0.0,32.71,7.48,589253
2023-06-12 15:00:00,00000007180,20230612150000,1.678,0.064,0.0,0.0,0.0,0.0,1.0,4,0.0,0.0,3.81,0.0,589253
2023-06-12 16:00:00,00000007180,20230612160000,2.066,0.072,0.0,0.0,0.0,0.0,1.0,4,0.0,0.0,3.48,0.0,589253
2023-06-12 17:00:00,00000007180,20230612170000,0.546,0.077,0.0,0.0,0.0,0.0,1.0,4,0.0,0.0,14.1,0.0,589253
2023-06-12 18:00:00,00000007180,20230612180000,0.283,0.072,0.0,0.0,0.0,0.0,1.0,4,0.0,0.0,25.44,0.0,589253
2023-06-12 19:00:00,00000007180,20230612190000,0.464,0.044,0.0,0.0,0.0,0.0,1.0,4,0.0,0.0,9.48,0.0,589253
2023-06-12 20:00:00,00000007180,20230612200000,0.257,0.092,0.0,0.0,0.0,0.0,1.0,4,0.0,0.0,35.8,0.0,589253
2023-06-12 21:00:00,00000007180,20230612210000,0.244,0.086,0.0,0.0,0.0,0.0,1.0,4,0.0,0.0,35.25,0.0,589253
2023-06-12 22:00:00,00000007180,20230612220000,0.239,0.09,0.0,0.0,0.0,0.0,1.0,4,0.0,0.0,37.66,0.0,589253
2023-06-12 23:00:00,00000007180,20230612230000,0.215,0.073,0.0,0.0,0.0,0.0,1.0,4,0.0,0.0,33.95,0.0,589253
2023-06-13 00:00:00,00000007180,20230613000000,0.208,0.063,0.0,0.0,0.0,0.0,1.0,4,0.0,0.0,30.29,0.0,589253
2023-06-13 01:00:00,00000007180,20230613010000,0.252,0.098,0.0,0.0,0.0,0.0,1.0,4,0.0,0.0,38.89,0.0,589253
2023-06-13 02:00:00,00000007180,20230613020000,0.237,0.091,0.0,0.0,0.0,0.0,1.0,4,0.0,0.0,38.4,0.0,589253
2023-06-13 03:00:00,00000007180,20230613030000,0.212,0.09,0.0,0.0,0.0,0.0,1.0,4,0.0,0.0,42.45,0.0,589253
2023-06-13 04:00:00,00000007180,20230613040000,0.125,0.075,0.001,0.0,0.0,0.0,1.0,4,0.0,0.0,60.0,0.8,589253
2023-06-13 05:00:00,00000007180,20230613050000,0.119,0.064,0.0,0.0,0.0,0.0,1.0,4,0.0,0.0,53.78,0.0,589253
2023-06-13 06:00:00,00000007180,20230613060000,0.121,0.08,0.007,0.0,0.0,0.0,1.0,4,0.0,0.0,66.12,5.79,589253
2023-06-13 07:00:00,00000007180,20230613070000,0.142,0.087,0.0,0.0,0.0,0.0,1.0,4,0.0,0.0,61.27,0.0,589253
2023-06-13 08:00:00,00000007180,20230613080000,0.104,0.051,0.003,0.0,0.0,0.0,1.0,4,0.0,0.0,49.04,2.88,589253
2023-06-13 09:00:00,00000007180,20230613090000,1.246,0.063,0.006,0.0,0.0,0.0,1.0,4,0.0,0.0,5.06,0.48,589253
2023-06-13 10:00:00,00000007180,20230613100000,0.599,0.084,0.0,0.0,0.0,0.0,1.0,4,0.0,0.0,14.02,0.0,589253
2023-06-13 11:00:00,00000007180,20230613110000,0.211,0.095,0.0,0.0,0.0,0.0,1.0,4,0.0,0.0,45.02,0.0,589253
2023-06-13 12:00:00,00000007180,20230613120000,0.417,0.096,0.0,0.0,0.0,0.0,1.0,4,0.0,0.0,23.02,0.0,589253
2023-06-13 13:00:00,00000007180,20230613130000,0.213,0.094,0.0,0.0,0.0,0.0,1.0,4,0.0,0.0,44.13,0.0,589253
2023-06-13 14:00:00,00000007180,20230613140000,0.159,0.049,0.008,0.0,0.0,0.0,1.0,4,0.0,0.0,30.82,5.03,589253
2023-06-13 15:00:00,00000007180,20230613150000,0.169,0.092,0.0,0.0,0.0,0.0,1.0,4,0.0,0.0,54.44,0.0,589253
2023-06-13 16:00:00,00000007180,20230613160000,0.157,0.092,0.0,0.0,0.0,0.0,1.0,4,0.0,0.0,58.6,0.0,589253
2023-06-13 17:00:00,00000007180,20230613170000,0.173,0.09,0.0,0.0,0.0,0.0,1.0,4,0.0,0.0,52.02,0.0,589253
2023-06-13 18:00:00,00000007180,20230613180000,0.353,0.088,0.0,0.0,0.0,0.0,1.0,4,0.0,0.0,24.93,0.0,589253
2023-06-13 19:00:00,00000007180,20230613190000,0.275,0.041,0.003,0.0,0.0,0.0,1.0,4,0.0,0.0,14.91,1.09,589253
2023-06-13 20:00:00,00000007180,20230613200000,0.279,0.08,0.0,0.0,0.0,0.0,1.0,4,0.0,0.0,28.67,0.0,589253
2023-06-13 21:00:00,00000007180,20230613210000,0.278,0.06,0.0,0.0,0.0,0.0,1.0,4,0.0,0.0,21.58,0.0,589253
2023-06-13 22:00:00,00000007180,20230613220000,0.292,0.06,0.0,0.0,0.0,0.0,1.0,4,0.0,0.0,20.55,0.0,589253
2023-06-13 23:00:00,00000007180,20230613230000,0.297,0.062,0.0,0.0,0.0,0.0,1.0,4,0.0,0.0,20.88,0.0,589253
2023-06-14 00:00:00,00000007180,20230614000000,0.246,0.02,0.015,0.0,0.0,0.0,1.0,4,0.0,0.0,8.13,6.1,589253
2023-06-14 01:00:00,00000007180,20230614010000,0.301,0.067,0.0,0.0,0.0,0.0,1.0,4,0.0,0.0,22.26,0.0,589253
2023-06-14 02:00:00,00000007180,20230614020000,0.245,0.027,0.009,0.0,0.0,0.0,1.0,4,0.0,0.0,11.02,3.67,589253
2023-06-14 03:00:00,00000007180,20230614030000,0.242,0.072,0.0,0.0,0.0,0.0,1.0,4,0.0,0.0,29.75,0.0,589253
2023-06-14 04:00:00,00000007180,20230614040000,0.174,0.033,0.001,0.0,0.0,0.0,1.0,4,0.0,0.0,18.97,0.57,589253
2023-06-14 05:00:00,00000007180,20230614050000,0.176,0.049,0.013,0.0,0.0,0.0,1.0,4,0.0,0.0,27.84,7.39,589253
2023-06-14 06:00:00,00000007180,20230614060000,0.213,0.073,0.0,0.0,0.0,0.0,1.0,4,0.0,0.0,34.27,0.0,589253
2023-06-14 07:00:00,00000007180,20230614070000,0.155,0.049,0.003,0.0,0.0,0.0,1.0,4,0.0,0.0,31.61,1.94,589253
2023-06-14 08:00:00,00000007180,20230614080000,0.1,0.052,0.008,0.0,0.0,0.0,1.0,4,0.0,0.0,52.0,8.0,589253
2023-06-14 09:00:00,00000007180,20230614090000,0.136,0.075,0.0,0.0,0.0,0.0,1.0,4,0.0,0.0,55.15,0.0,589253
2023-06-14 10:00:00,00000007180,20230614100000,0.123,0.061,0.002,0.0,0.0,0.0,1.0,4,0.0,0.0,49.59,1.63,589253
2023-06-14 11:00:00,00000007180,20230614110000,0.175,0.085,0.0,0.0,0.0,0.0,1.0,4,0.0,0.0,48.57,0.0,589253
2023-06-14 12:00:00,00000007180,20230614120000,0.207,0.086,0.0,0.0,0.0,0.0,1.0,4,0.0,0.0,41.55,0.0,589253
2023-06-14 13:00:00,00000007180,20230614130000,0.212,0.086,0.0,0.0,0.0,0.0,1.0,4,0.0,0.0,40.57,0.0,589253
2023-06-14 14:00:00,00000007180,20230614140000,0.953,0.134,0.0,0.0,0.0,0.0,1.0,4,0.0,0.0,14.06,0.0,589253
2023-06-14 15:00:00,00000007180,20230614150000,0.217,0.075,0.0,0.0,0.0,0.0,1.0,4,0.0,0.0,34.56,0.0,589253
2023-06-14 16:00:00,00000007180,20230614160000,0.642,0.054,0.002,0.0,0.0,0.0,1.0,4,0.0,0.0,8.41,0.31,589253
2023-06-14 17:00:00,00000007180,20230614170000,1.158,0.209,0.0,0.0,0.0,0.0,1.0,4,0.0,0.0,18.05,0.0,589253
2023-06-14 18:00:00,00000007180,20230614180000,0.313,0.078,0.011,0.0,0.0,0.0,1.0,4,0.0,0.0,24.92,3.51,589253
2023-06-14 19:00:00,00000007180,20230614190000,0.395,0.07,0.0,0.0,0.0,0.0,1.0,4,0.0,0.0,17.72,0.0,589253
2023-06-14 20:00:00,00000007180,20230614200000,0.193,0.046,0.004,0.0,0.0,0.0,1.0,4,0.0,0.0,23.83,2.07,589253
2023-06-14 21:00:00,00000007180,20230614210000,0.24,0.065,0.0,0.0,0.0,0.0,1.0,4,0.0,0.0,27.08,0.0,589253
2023-06-14 22:00:00,00000007180,20230614220000,0.303,0.052,0.0,0.0,0.0,0.0,1.0,4,0.0,0.0,17.16,0.0,589253
2023-06-14 23:00:00,00000007180,20230614230000,0.236,0.006,0.015,0.0,0.0,0.0,1.0,4,0.0,0.0,2.54,6.36,589253
2023-06-15 00:00:00,00000007180,20230615000000,0.426,0.041,0.013,0.0,0.0,0.0,1.0,4,0.0,0.0,9.62,3.05,589253
2023-06-15 01:00:00,00000007180,20230615010000,0.458,0.035,0.005,0.0,0.0,0.0,1.0,4,0.0,0.0,7.64,1.09,589253
2023-06-15 02:00:00,00000007180,20230615020000,0.231,0.035,0.015,0.0,0.0,0.0,1.0,4,0.0,0.0,15.15,6.49,589253
2023-06-15 03:00:00,00000007180,20230615030000,0.202,0.051,0.0,0.0,0.0,0.0,1.0,4,0.0,0.0,25.25,0.0,589253
2023-06-15 04:00:00,00000007180,20230615040000,0.187,0.041,0.005,0.0,0.0,0.0,1.0,4,0.0,0.0,21.93,2.67,589253
2023-06-15 05:00:00,00000007180,20230615050000,0.17,0.039,0.014,0.0,0.0,0.0,1.0,4,0.0,0.0,22.94,8.24,589253
2023-06-15 06:00:00,00000007180,20230615060000,0.179,0.036,0.0,0.0,0.0,0.0,1.0,4,0.0,0.0,20.11,0.0,589253
2023-06-15 07:00:00,00000007180,20230615070000,0.165,0.062,0.008,0.0,0.0,0.0,1.0,4,0.0,0.0,37.58,4.85,589253
2023-06-15 08:00:00,00000007180,20230615080000,0.114,0.053,0.006,0.0,0.0,0.0,1.0,4,0.0,0.0,46.49,5.26,589253
2023-06-15 09:00:00,00000007180,20230615090000,0.098,0.036,0.004,0.0,0.0,0.0,1.0,4,0.0,0.0,36.73,4.08,589253
2023-06-15 10:00:00,00000007180,20230615100000,0.134,0.06,0.009,0.0,0.0,0.0,1.0,4,0.0,0.0,44.78,6.72,589253
2023-06-15 11:00:00,00000007180,20230615110000,1.132,0.253,0.0,0.0,0.0,0.0,1.0,4,0.0,0.0,22.35,0.0,589253
2023-06-15 12:00:00,00000007180,20230615120000,0.753,0.115,0.0,0.0,0.0,0.0,1.0,4,0.0,0.0,15.27,0.0,589253
2023-06-15 13:00:00,00000007180,20230615130000,0.999,0.067,0.0,0.0,0.0,0.0,1.0,4,0.0,0.0,6.71,0.0,589253
2023-06-15 14:00:00,00000007180,20230615140000,2.07,0.292,0.0,0.0,0.0,0.0,1.0,4,0.0,0.0,14.11,0.0,589253
2023-06-15 15:00:00,00000007180,20230615150000,1.671,0.024,0.01,0.0,0.0,0.0,1.0,4,0.0,0.0,1.44,0.6,589253
2023-06-15 16:00:00,00000007180,20230615160000,1.486,0.082,0.0,0.0,0.0,0.0,1.0,4,0.0,0.0,5.52,0.0,589253
2023-06-15 17:00:00,00000007180,20230615170000,0.12,0.053,0.0,0.0,0.0,0.0,1.0,4,0.0,0.0,44.17,0.0,589253
2023-06-15 18:00:00,00000007180,20230615180000,0.6,0.114,0.0,0.0,0.0,0.0,1.0,4,0.0,0.0,19.0,0.0,589253
2023-06-15 19:00:00,00000007180,20230615190000,0.976,0.266,0.0,0.0,0.0,0.0,1.0,4,0.0,0.0,27.25,0.0,589253
2023-06-15 20:00:00,00000007180,20230615200000,0.227,0.075,0.0,0.0,0.0,0.0,1.0,4,0.0,0.0,33.04,0.0,589253
2023-06-15 21:00:00,00000007180,20230615210000,0.223,0.068,0.0,0.0,0.0,0.0,1.0,4,0.0,0.0,30.49,0.0,589253
2023-06-15 22:00:00,00000007180,20230615220000,0.187,0.035,0.001,0.0,0.0,0.0,1.0,4,0.0,0.0,18.72,0.53,589253
2023-06-15 23:00:00,00000007180,20230615230000,0.651,0.049,0.004,0.0,0.0,0.0,1.0,4,0.0,0.0,7.53,0.61,589253
2023-06-16 00:00:00,00000007180,20230616000000,0.403,0.024,0.008,0.0,0.0,0.0,1.0,4,0.0,0.0,5.96,1.99,589253
2023-06-16 01:00:00,00000007180,20230616010000,0.295,0.049,0.001,0.0,0.0,0.0,1.0,4,0.0,0.0,16.61,0.34,589253
2023-06-16 02:00:00,00000007180,20230616020000,0.263,0.038,0.017,0.0,0.0,0.0,1.0,4,0.0,0.0,14.45,6.46,589253
2023-06-16 03:00:00,00000007180,20230616030000,0.249,0.016,0.002,0.0,0.0,0.0,1.0,4,0.0,0.0,6.43,0.8,589253
2023-06-16 04:00:00,00000007180,20230616040000,0.208,0.05,0.005,0.0,0.0,0.0,1.0,4,0.0,0.0,24.04,2.4,589253
2023-06-16 05:00:00,00000007180,20230616050000,0.189,0.05,0.009,0.0,0.0,0.0,1.0,4,0.0,0.0,26.46,4.76,589253
2023-06-16 06:00:00,00000007180,20230616060000,0.136,0.029,0.002,0.0,0.0,0.0,1.0,4,0.0,0.0,21.32,1.47,589253
2023-06-16 07:00:00,00000007180,20230616070000,0.123,0.071,0.01,0.0,0.0,0.0,1.0,4,0.0,0.0,57.72,8.13,589253
2023-06-16 08:00:00,00000007180,20230616080000,0.134,0.066,0.0,0.0,0.0,0.0,1.0,4,0.0,0.0,49.25,0.0,589253
2023-06-16 09:00:00,00000007180,20230616090000,0.103,0.039,0.006,0.0,0.0,0.0,1.0,4,0.0,0.0,37.86,5.83,589253
2023-06-16 10:00:00,00000007180,20230616100000,0.241,0.043,0.009,0.0,0.0,0.0,1.0,4,0.0,0.0,17.84,3.73,589253
2023-06-16 11:00:00,00000007180,20230616110000,0.236,0.079,0.0,0.0,0.0,0.0,1.0,4,0.0,0.0,33.47,0.0,589253
2023-06-16 12:00:00,00000007180,20230616120000,0.224,0.084,0.0,0.0,0.0,0.0,1.0,4,0.0,0.0,37.5,0.0,589253
2023-06-16 13:00:00,00000007180,20230616130000,0.246,0.08,0.0,0.0,0.0,0.0,1.0,4,0.0,0.0,32.52,0.0,589253
2023-06-16 14:00:00,00000007180,20230616140000,0.266,0.066,0.0,0.0,0.0,0.0,1.0,4,0.0,0.0,24.81,0.0,589253
2023-06-16 15:00:00,00000007180,20230616150000,0.148,0.009,0.008,0.0,0.0,0.0,1.0,4,0.0,0.0,6.08,5.41,589253
2023-06-16 16:00:00,00000007180,20230616160000,0.21,0.067,0.005,0.0,0.0,0.0,1.0,4,0.0,0.0,31.9,2.38,589253
2023-06-16 17:00:00,00000007180,20230616170000,0.146,0.026,0.001,0.0,0.0,0.0,1.0,4,0.0,0.0,17.81,0.68,589253
2023-06-16 18:00:00,00000007180,20230616180000,0.223,0.076,0.0,0.0,0.0,0.0,1.0,4,0.0,0.0,34.08,0.0,589253
2023-06-16 19:00:00,00000007180,20230616190000,0.225,0.073,0.0,0.0,0.0,0.0,1.0,4,0.0,0.0,32.44,0.0,589253
2023-06-16 20:00:00,00000007180,20230616200000,0.222,0.073,0.0,0.0,0.0,0.0,1.0,4,0.0,0.0,32.88,0.0,589253
2023-06-16 21:00:00,00000007180,20230616210000,0.258,0.058,0.0,0.0,0.0,0.0,1.0,4,0.0,0.0,22.48,0.0,589253
2023-06-16 22:00:00,00000007180,20230616220000,0.153,0.013,0.01,0.0,0.0,0.0,1.0,4,0.0,0.0,8.5,6.54,589253
2023-06-16 23:00:00,00000007180,20230616230000,0.242,0.054,0.002,0.0,0.0,0.0,1.0,4,0.0,0.0,22.31,0.83,589253
2023-06-17 00:00:00,00000007180,20230617000000,0.264,0.025,0.006,0.0,0.0,0.0,1.0,4,0.0,0.0,9.47,2.27,589253
2023-06-17 01:00:00,00000007180,20230617010000,0.241,0.024,0.016,0.0,0.0,0.0,1.0,4,0.0,0.0,9.96,6.64,589253
2023-06-17 02:00:00,00000007180,20230617020000,0.931,0.03,0.005,0.0,0.0,0.0,1.0,4,0.0,0.0,3.22,0.54,589253
2023-06-17 03:00:00,00000007180,20230617030000,0.645,0.036,0.011,0.0,0.0,0.0,1.0,4,0.0,0.0,5.58,1.71,589253
2023-06-17 04:00:00,00000007180,20230617040000,0.167,0.021,0.029,0.0,0.0,0.0,1.0,4,0.0,0.0,12.57,17.37,589253
2023-06-17 05:00:00,00000007180,20230617050000,0.138,0.019,0.005,0.0,0.0,0.0,1.0,4,0.0,0.0,13.77,3.62,589253
2023-06-17 06:00:00,00000007180,20230617060000,0.141,0.062,0.013,0.0,0.0,0.0,1.0,4,0.0,0.0,43.97,9.22,589253
2023-06-17 07:00:00,00000007180,20230617070000,0.096,0.012,0.007,0.0,0.0,0.0,1.0,4,0.0,0.0,12.5,7.29,589253
2023-06-17 08:00:00,00000007180,20230617080000,0.11,0.036,0.017,0.0,0.0,0.0,1.0,4,0.0,0.0,32.73,15.45,589253
2023-06-17 09:00:00,00000007180,20230617090000,0.143,0.047,0.0,0.0,0.0,0.0,1.0,4,0.0,0.0,32.87,0.0,589253
2023-06-17 10:00:00,00000007180,20230617100000,0.126,0.037,0.005,0.0,0.0,0.0,1.0,4,0.0,0.0,29.37,3.97,589253
2023-06-17 11:00:00,00000007180,20230617110000,0.211,0.082,0.0,0.0,0.0,0.0,1.0,4,0.0,0.0,38.86,0.0,589253
2023-06-17 12:00:00,00000007180,20230617120000,0.215,0.078,0.0,0.0,0.0,0.0,1.0,4,0.0,0.0,36.28,0.0,589253
2023-06-17 13:00:00,00000007180,20230617130000,0.075,0.022,0.005,0.0,0.0,0.0,1.0,4,0.0,0.0,29.33,6.67,589253
2023-06-17 14:00:00,00000007180,20230617140000,0.163,0.076,0.008,0.0,0.0,0.0,1.0,4,0.0,0.0,46.63,4.91,589253
2023-06-17 15:00:00,00000007180,20230617150000,0.169,0.055,0.0,0.0,0.0,0.0,1.0,4,0.0,0.0,32.54,0.0,589253
2023-06-17 16:00:00,00000007180,20230617160000,0.144,0.048,0.008,0.0,0.0,0.0,1.0,4,0.0,0.0,33.33,5.56,589253
2023-06-17 17:00:00,00000007180,20230617170000,0.319,0.088,0.0,0.0,0.0,0.0,1.0,4,0.0,0.0,27.59,0.0,589253
2023-06-17 18:00:00,00000007180,20230617180000,0.197,0.086,0.0,0.0,0.0,0.0,1.0,4,0.0,0.0,43.65,0.0,589253
2023-06-17 19:00:00,00000007180,20230617190000,0.22,0.083,0.0,0.0,0.0,0.0,1.0,4,0.0,0.0,37.73,0.0,589253
2023-06-17 20:00:00,00000007180,20230617200000,0.211,0.076,0.0,0.0,0.0,0.0,1.0,4,0.0,0.0,36.02,0.0,589253
2023-06-17 21:00:00,00000007180,20230617210000,0.128,0.012,0.011,0.0,0.0,0.0,1.0,4,0.0,0.0,9.38,8.59,589253
2023-06-17 22:00:00,00000007180,20230617220000,0.203,0.065,0.003,0.0,0.0,0.0,1.0,4,0.0,0.0,32.02,1.48,589253
2023-06-17 23:00:00,00000007180,20230617230000,0.181,0.048,0.01,0.0,0.0,0.0,1.0,4,0.0,0.0,26.52,5.52,589253
2023-06-18 00:00:00,00000007180,20230618000000,0.227,0.052,0.0,0.0,0.0,0.0,1.0,4,0.0,0.0,22.91,0.0,589253
2023-06-18 01:00:00,00000007180,20230618010000,0.226,0.02,0.015,0.0,0.0,0.0,1.0,4,0.0,0.0,8.85,6.64,589253
2023-06-18 02:00:00,00000007180,20230618020000,0.286,0.062,0.0,0.0,0.0,0.0,1.0,4,0.0,0.0,21.68,0.0,589253
2023-06-18 03:00:00,00000007180,20230618030000,0.147,0.016,0.008,0.0,0.0,0.0,1.0,4,0.0,0.0,10.88,5.44,589253
2023-06-18 04:00:00,00000007180,20230618040000,0.133,0.081,0.003,0.0,0.0,0.0,1.0,4,0.0,0.0,60.9,2.26,589253
2023-06-18 05:00:00,00000007180,20230618050000,0.109,0.062,0.003,0.0,0.0,0.0,1.0,4,0.0,0.0,56.88,2.75,589253
2023-06-18 06:00:00,00000007180,20230618060000,0.094,0.053,0.005,0.0,0.0,0.0,1.0,4,0.0,0.0,56.38,5.32,589253
2023-06-18 07:00:00,00000007180,20230618070000,0.136,0.087,0.002,0.0,0.0,0.0,1.0,4,0.0,0.0,63.97,1.47,589253
2023-06-18 08:00:00,00000007180,20230618080000,0.082,0.037,0.006,0.0,0.0,0.0,1.0,4,0.0,0.0,45.12,7.32,589253
2023-06-18 09:00:00,00000007180,20230618090000,0.107,0.062,0.008,0.0,0.0,0.0,1.0,4,0.0,0.0,57.94,7.48,589253
2023-06-18 10:00:00,00000007180,20230618100000,0.196,0.08,0.0,0.0,0.0,0.0,1.0,4,0.0,0.0,40.82,0.0,589253
2023-06-18 11:00:00,00000007180,20230618110000,0.208,0.084,0.0,0.0,0.0,0.0,1.0,4,0.0,0.0,40.38,0.0,589253
2023-06-18 12:00:00,00000007180,20230618120000,0.135,0.031,0.01,0.0,0.0,0.0,1.0,4,0.0,0.0,22.96,7.41,589253
2023-06-18 13:00:00,00000007180,20230618130000,0.203,0.075,0.0,0.0,0.0,0.0,1.0,4,0.0,0.0,36.95,0.0,589253
2023-06-18 14:00:00,00000007180,20230618140000,0.653,0.082,0.0,0.0,0.0,0.0,1.0,4,0.0,0.0,12.56,0.0,589253
2023-06-18 15:00:00,00000007180,20230618150000,0.883,0.086,0.0,0.0,0.0,0.0,1.0,4,0.0,0.0,9.74,0.0,589253
2023-06-18 16:00:00,00000007180,20230618160000,0.597,0.085,0.0,0.0,0.0,0.0,1.0,4,0.0,0.0,14.24,0.0,589253
2023-06-18 17:00:00,00000007180,20230618170000,1.167,0.027,0.009,0.0,0.0,0.0,1.0,4,0.0,0.0,2.31,0.77,589253
2023-06-18 18:00:00,00000007180,20230618180000,0.204,0.081,0.0,0.0,0.0,0.0,1.0,4,0.0,0.0,39.71,0.0,589253
2023-06-18 19:00:00,00000007180,20230618190000,0.99,0.079,0.0,0.0,0.0,0.0,1.0,4,0.0,0.0,7.98,0.0,589253
2023-06-18 20:00:00,00000007180,20230618200000,2.054,0.074,0.0,0.0,0.0,0.0,1.0,4,0.0,0.0,3.6,0.0,589253
2023-06-18 21:00:00,00000007180,20230618210000,0.965,0.071,0.0,0.0,0.0,0.0,1.0,4,0.0,0.0,7.36,0.0,589253
2023-06-18 22:00:00,00000007180,20230618220000,0.154,0.027,0.01,0.0,0.0,0.0,1.0,4,0.0,0.0,17.53,6.49,589253
2023-06-18 23:00:00,00000007180,20230618230000,0.414,0.078,0.0,0.0,0.0,0.0,1.0,4,0.0,0.0,18.84,0.0,589253
2023-06-19 00:00:00,00000007180,20230619000000,0.468,0.069,0.0,0.0,0.0,0.0,1.0,4,0.0,0.0,14.74,0.0,589253
2023-06-19 01:00:00,00000007180,20230619010000,1.142,0.063,0.0,0.0,0.0,0.0,1.0,4,0.0,0.0,5.52,0.0,589253
2023-06-19 02:00:00,00000007180,20230619020000,0.223,0.073,0.0,0.0,0.0,0.0,1.0,4,0.0,0.0,32.74,0.0,589253
2023-06-19 03:00:00,00000007180,20230619030000,0.139,0.022,0.01,0.0,0.0,0.0,1.0,4,0.0,0.0,15.83,7.19,589253
2023-06-19 04:00:00,00000007180,20230619040000,0.37,0.08,0.0,0.0,0.0,0.0,1.0,4,0.0,0.0,21.62,0.0,589253
2023-06-19 05:00:00,00000007180,20230619050000,0.147,0.027,0.013,0.0,0.0,0.0,1.0,4,0.0,0.0,18.37,8.84,589253
2023-06-19 06:00:00,00000007180,20230619060000,0.186,0.066,0.011,0.0,0.0,0.0,1.0,4,0.0,0.0,35.48,5.91,589253
2023-06-19 07:00:00,00000007180,20230619070000,0.174,0.04,0.001,0.0,0.0,0.0,1.0,4,0.0,0.0,22.99,0.57,589253
2023-06-19 08:00:00,00000007180,20230619080000,0.157,0.038,0.012,0.0,0.0,0.0,1.0,4,0.0,0.0,24.2,7.64,589253
2023-06-19 09:00:00,00000007180,20230619090000,0.201,0.059,0.0,0.0,0.0,0.0,1.0,4,0.0,0.0,29.35,0.0,589253
2023-06-19 10:00:00,00000007180,20230619100000,0.217,0.043,0.014,0.0,0.0,0.0,1.0,4,0.0,0.0,19.82,6.45,589253
2023-06-19 11:00:00,00000007180,20230619110000,0.301,0.082,0.0,0.0,0.0,0.0,1.0,4,0.0,0.0,27.24,0.0,589253
2023-06-19 12:00:00,00000007180,20230619120000,1.041,0.296,0.0,0.0,0.0,0.0,1.0,4,0.0,0.0,28.43,0.0,589253
2023-06-19 13:00:00,00000007180,20230619130000,0.326,0.077,0.0,0.0,0.0,0.0,1.0,4,0.0,0.0,23.62,0.0,589253
2023-06-19 14:00:00,00000007180,20230619140000,0.156,0.033,0.008,0.0,0.0,0.0,1.0,4,0.0,0.0,21.15,5.13,589253
2023-06-19 15:00:00,00000007180,20230619150000,0.15,0.058,0.003,0.0,0.0,0.0,1.0,4,0.0,0.0,38.67,2.0,589253
2023-06-19 16:00:00,00000007180,20230619160000,0.084,0.031,0.008,0.0,0.0,0.0,1.0,4,0.0,0.0,36.9,9.52,589253
2023-06-19 17:00:00,00000007180,20230619170000,0.127,0.062,0.002,0.0,0.0,0.0,1.0,4,0.0,0.0,48.82,1.57,589253
2023-06-19 18:00:00,00000007180,20230619180000,0.101,0.045,0.006,0.0,0.0,0.0,1.0,4,0.0,0.0,44.55,5.94,589253
2023-06-19 19:00:00,00000007180,20230619190000,0.133,0.037,0.008,0.0,0.0,0.0,1.0,4,0.0,0.0,27.82,6.02,589253
2023-06-19 20:00:00,00000007180,20230619200000,0.203,0.073,0.002,0.0,0.0,0.0,1.0,4,0.0,0.0,35.96,0.99,589253
2023-06-19 21:00:00,00000007180,20230619210000,0.15,0.034,0.009,0.0,0.0,0.0,1.0,4,0.0,0.0,22.67,6.0,589253
2023-06-19 22:00:00,00000007180,20230619220000,0.23,0.068,0.0,0.0,0.0,0.0,1.0,4,0.0,0.0,29.57,0.0,589253
2023-06-19 23:00:00,00000007180,20230619230000,0.168,0.021,0.011,0.0,0.0,0.0,1.0,4,0.0,0.0,12.5,6.55,589253
2023-06-20 00:00:00,00000007180,20230620000000,0.216,0.059,0.0,0.0,0.0,0.0,1.0,4,0.0,0.0,27.31,0.0,589253
2023-06-20 01:00:00,00000007180,20230620010000,0.181,0.045,0.011,0.0,0.0,0.0,1.0,4,0.0,0.0,24.86,6.08,589253
2023-06-20 02:00:00,00000007180,20230620020000,0.177,0.03,0.005,0.0,0.0,0.0,1.0,4,0.0,0.0,16.95,2.82,589253
2023-06-20 03:00:00,00000007180,20230620030000,0.198,0.058,0.009,0.0,0.0,0.0,1.0,4,0.0,0.0,29.29,4.55,589253
2023-06-20 04:00:00,00000007180,20230620040000,0.147,0.015,0.01,0.0,0.0,0.0,1.0,4,0.0,0.0,10.2,6.8,589253
2023-06-20 05:00:00,00000007180,20230620050000,0.191,0.055,0.006,0.0,0.0,0.0,1.0,4,0.0,0.0,28.8,3.14,589253
2023-06-20 06:00:00,00000007180,20230620060000,0.166,0.047,0.002,0.0,0.0,0.0,1.0,4,0.0,0.0,28.31,1.2,589253
2023-06-20 07:00:00,00000007180,20230620070000,0.088,0.044,0.009,0.0,0.0,0.0,1.0,4,0.0,0.0,50.0,10.23,589253
2023-06-20 08:00:00,00000007180,20230620080000,0.138,0.076,0.0,0.0,0.0,0.0,1.0,4,0.0,0.0,55.07,0.0,589253
2023-06-20 09:00:00,00000007180,20230620090000,0.094,0.033,0.009,0.0,0.0,0.0,1.0,4,0.0,0.0,35.11,9.57,589253
2023-06-20 10:00:00,00000007180,20230620100000,0.354,0.069,0.001,0.0,0.0,0.0,1.0,4,0.0,0.0,19.49,0.28,589253
2023-06-20 11:00:00,00000007180,20230620110000,1.269,0.291,0.001,0.0,0.0,0.0,1.0,4,0.0,0.0,22.93,0.08,589253
2023-06-20 12:00:00,00000007180,20230620120000,0.234,0.136,0.0,0.0,0.0,0.0,1.0,4,0.0,0.0,58.12,0.0,589253
2023-06-20 13:00:00,00000007180,20230620130000,1.37,0.209,0.0,0.0,0.0,0.0,1.0,4,0.0,0.0,15.26,0.0,589253
2023-06-20 14:00:00,00000007180,20230620140000,2.163,0.145,0.0,0.0,0.0,0.0,1.0,4,0.0,0.0,6.7,0.0,589253
2023-06-20 15:00:00,00000007180,20230620150000,0.528,0.042,0.009,0.0,0.0,0.0,1.0,4,0.0,0.0,7.95,1.7,589253
2023-06-20 16:00:00,00000007180,20230620160000,0.199,0.052,0.0,0.0,0.0,0.0,1.0,4,0.0,0.0,26.13,0.0,589253
2023-06-20 17:00:00,00000007180,20230620170000,0.388,0.058,0.007,0.0,0.0,0.0,1.0,4,0.0,0.0,14.95,1.8,589253
2023-06-20 18:00:00,00000007180,20230620180000,0.188,0.063,0.002,0.0,0.0,0.0,1.0,4,0.0,0.0,33.51,1.06,589253
2023-06-20 19:00:00,00000007180,20230620190000,0.208,0.077,0.0,0.0,0.0,0.0,1.0,4,0.0,0.0,37.02,0.0,589253
2023-06-20 20:00:00,00000007180,20230620200000,0.199,0.077,0.0,0.0,0.0,0.0,1.0,4,0.0,0.0,38.69,0.0,589253
2023-06-20 21:00:00,00000007180,20230620210000,0.404,0.065,0.0,0.0,0.0,0.0,1.0,4,0.0,0.0,16.09,0.0,589253
2023-06-20 22:00:00,00000007180,20230620220000,0.176,0.039,0.011,0.0,0.0,0.0,1.0,4,0.0,0.0,22.16,6.25,589253
2023-06-20 23:00:00,00000007180,20230620230000,0.182,0.039,0.0,0.0,0.0,0.0,1.0,4,0.0,0.0,21.43,0.0,589253
2023-06-21 00:00:00,00000007180,20230621000000,0.21,0.065,0.0,0.0,0.0,0.0,1.0,4,0.0,0.0,30.95,0.0,589253
2023-06-21 01:00:00,00000007180,20230621010000,0.174,0.036,0.011,0.0,0.0,0.0,1.0,4,0.0,0.0,20.69,6.32,589253
2023-06-21 02:00:00,00000007180,20230621020000,0.213,0.066,0.0,0.0,0.0,0.0,1.0,4,0.0,0.0,30.99,0.0,589253
2023-06-21 03:00:00,00000007180,20230621030000,0.155,0.027,0.014,0.0,0.0,0.0,1.0,4,0.0,0.0,17.42,9.03,589253
2023-06-21 04:00:00,00000007180,20230621040000,0.175,0.041,0.001,0.0,0.0,0.0,1.0,4,0.0,0.0,23.43,0.57,589253
2023-06-21 05:00:00,00000007180,20230621050000,0.112,0.062,0.008,0.0,0.0,0.0,1.0,4,0.0,0.0,55.36,7.14,589253
2023-06-21 06:00:00,00000007180,20230621060000,0.08,0.035,0.01,0.0,0.0,0.0,1.0,4,0.0,0.0,43.75,12.5,589253
2023-06-21 07:00:00,00000007180,20230621070000,0.138,0.079,0.0,0.0,0.0,0.0,1.0,4,0.0,0.0,57.25,0.0,589253
2023-06-21 08:00:00,00000007180,20230621080000,0.095,0.043,0.006,0.0,0.0,0.0,1.0,4,0.0,0.0,45.26,6.32,589253
2023-06-21 09:00:00,00000007180,20230621090000,0.107,0.049,0.004,0.0,0.0,0.0,1.0,4,0.0,0.0,45.79,3.74,589253
2023-06-21 10:00:00,00000007180,20230621100000,0.184,0.071,0.0,0.0,0.0,0.0,1.0,4,0.0,0.0,38.59,0.0,589253
2023-06-21 11:00:00,00000007180,20230621110000,0.209,0.077,0.0,0.0,0.0,0.0,1.0,4,0.0,0.0,36.84,0.0,589253
2023-06-21 12:00:00,00000007180,20230621120000,0.256,0.079,0.0,0.0,0.0,0.0,1.0,4,0.0,0.0,30.86,0.0,589253
2023-06-21 13:00:00,00000007180,20230621130000,0.442,0.08,0.0,0.0,0.0,0.0,1.0,4,0.0,0.0,18.1,0.0,589253
2023-06-21 14:00:00,00000007180,20230621140000,0.187,0.027,0.002,0.0,0.0,0.0,1.0,4,0.0,0.0,14.44,1.07,589253
2023-06-21 15:00:00,00000007180,20230621150000,0.183,0.051,0.013,0.0,0.0,0.0,1.0,4,0.0,0.0,27.87,7.1,589253
2023-06-21 16:00:00,00000007180,20230621160000,0.152,0.026,0.0,0.0,0.0,0.0,1.0,4,0.0,0.0,17.11,0.0,589253
2023-06-21 17:00:00,00000007180,20230621170000,0.199,0.064,0.005,0.0,0.0,0.0,1.0,4,0.0,0.0,32.16,2.51,589253
2023-06-21 18:00:00,00000007180,20230621180000,1.142,0.073,0.0,0.0,0.0,0.0,1.0,4,0.0,0.0,6.39,0.0,589253
2023-06-21 19:00:00,00000007180,20230621190000,1.362,0.065,0.0,0.0,0.0,0.0,1.0,4,0.0,0.0,4.77,0.0,589253
2023-06-21 20:00:00,00000007180,20230621200000,0.172,0.044,0.008,0.0,0.0,0.0,1.0,4,0.0,0.0,25.58,4.65,589253
2023-06-21 21:00:00,00000007180,20230621210000,0.342,0.036,0.009,0.0,0.0,0.0,1.0,4,0.0,0.0,10.53,2.63,589253
2023-06-21 22:00:00,00000007180,20230621220000,0.715,0.152,0.0,0.0,0.0,0.0,1.0,4,0.0,0.0,21.26,0.0,589253
2023-06-21 23:00:00,00000007180,20230621230000,0.217,0.121,0.0,0.0,0.0,0.0,1.0,4,0.0,0.0,55.76,0.0,589253
2023-06-22 00:00:00,00000007180,20230622000000,0.153,0.034,0.01,0.0,0.0,0.0,1.0,4,0.0,0.0,22.22,6.54,589253
2023-06-22 01:00:00,00000007180,20230622010000,0.19,0.057,0.0,0.0,0.0,0.0,1.0,4,0.0,0.0,30.0,0.0,589253
2023-06-22 02:00:00,00000007180,20230622020000,0.181,0.051,0.004,0.0,0.0,0.0,1.0,4,0.0,0.0,28.18,2.21,589253
2023-06-22 03:00:00,00000007180,20230622030000,0.163,0.027,0.014,0.0,0.0,0.0,1.0,4,0.0,0.0,16.56,8.59,589253
2023-06-22 04:00:00,00000007180,20230622040000,0.137,0.046,0.0,0.0,0.0,0.0,1.0,4,0.0,0.0,33.58,0.0,589253
2023-06-22 05:00:00,00000007180,20230622050000,0.138,0.072,0.001,0.0,0.0,0.0,1.0,4,0.0,0.0,52.17,0.72,589253
2023-06-22 06:00:00,00000007180,20230622060000,0.101,0.049,0.01,0.0,0.0,0.0,1.0,4,0.0,0.0,48.51,9.9,589253
2023-06-22 07:00:00,00000007180,20230622070000,0.107,0.027,0.003,0.0,0.0,0.0,1.0,4,0.0,0.0,25.23,2.8,589253
2023-06-22 08:00:00,00000007180,20230622080000,0.193,0.064,0.0,0.0,0.0,0.0,1.0,4,0.0,0.0,33.16,0.0,589253
2023-06-22 09:00:00,00000007180,20230622090000,0.196,0.042,0.0,0.0,0.0,0.0,1.0,4,0.0,0.0,21.43,0.0,589253
2023-06-22 10:00:00,00000007180,20230622100000,0.187,0.076,0.0,0.0,0.0,0.0,1.0,4,0.0,0.0,40.64,0.0,589253
2023-06-22 11:00:00,00000007180,20230622110000,0.206,0.075,0.0,0.0,0.0,0.0,1.0,4,0.0,0.0,36.41,0.0,589253
2023-06-22 12:00:00,00000007180,20230622120000,0.695,0.07,0.0,0.0,0.0,0.0,1.0,4,0.0,0.0,10.07,0.0,589253
2023-06-22 13:00:00,00000007180,20230622130000,0.841,0.058,0.011,0.0,0.0,0.0,1.0,4,0.0,0.0,6.9,1.31,589253
2023-06-22 14:00:00,00000007180,20230622140000,0.213,0.045,0.01,0.0,0.0,0.0,1.0,4,0.0,0.0,21.13,4.69,589253
2023-06-22 15:00:00,00000007180,20230622150000,0.753,0.072,0.0,0.0,0.0,0.0,1.0,4,0.0,0.0,9.56,0.0,589253
2023-06-22 16:00:00,00000007180,20230622160000,2.374,0.216,0.0,0.0,0.0,0.0,1.0,4,0.0,0.0,9.1,0.0,589253
2023-06-22 17:00:00,00000007180,20230622170000,0.445,0.148,0.0,0.0,0.0,0.0,1.0,4,0.0,0.0,33.26,0.0,589253
2023-06-22 18:00:00,00000007180,20230622180000,0.397,0.045,0.001,0.0,0.0,0.0,1.0,4,0.0,0.0,11.34,0.25,589253
2023-06-22 19:00:00,00000007180,20230622190000,0.255,0.057,0.011,0.0,0.0,0.0,1.0,4,0.0,0.0,22.35,4.31,589253
2023-06-22 20:00:00,00000007180,20230622200000,0.282,0.07,0.0,0.0,0.0,0.0,1.0,4,0.0,0.0,24.82,0.0,589253
2023-06-22 21:00:00,00000007180,20230622210000,0.276,0.049,0.0,0.0,0.0,0.0,1.0,4,0.0,0.0,17.75,0.0,589253
2023-06-22 22:00:00,00000007180,20230622220000,0.285,0.048,0.0,0.0,0.0,0.0,1.0,4,0.0,0.0,16.84,0.0,589253
2023-06-22 23:00:00,00000007180,20230622230000,0.244,0.028,0.018,0.0,0.0,0.0,1.0,4,0.0,0.0,11.48,7.38,589253
2023-06-23 00:00:00,00000007180,20230623000000,0.297,0.052,0.0,0.0,0.0,0.0,1.0,4,0.0,0.0,17.51,0.0,589253
2023-06-23 01:00:00,00000007180,20230623010000,0.303,0.057,0.0,0.0,0.0,0.0,1.0,4,0.0,0.0,18.81,0.0,589253
2023-06-23 02:00:00,00000007180,20230623020000,0.293,0.059,0.009,0.0,0.0,0.0,1.0,4,0.0,0.0,20.14,3.07,589253
2023-06-23 03:00:00,00000007180,20230623030000,0.227,0.048,0.009,0.0,0.0,0.0,1.0,4,0.0,0.0,21.15,3.96,589253
2023-06-23 04:00:00,00000007180,20230623040000,0.179,0.031,0.0,0.0,0.0,0.0,1.0,4,0.0,0.0,17.32,0.0,589253
2023-06-23 05:00:00,00000007180,20230623050000,0.214,0.062,0.0,0.0,0.0,0.0,1.0,4,0.0,0.0,28.97,0.0,589253
2023-06-23 06:00:00,00000007180,20230623060000,0.189,0.056,0.015,0.0,0.0,0.0,1.0,4,0.0,0.0,29.63,7.94,589253
2023-06-23 07:00:00,00000007180,20230623070000,0.112,0.053,0.007,0.0,0.0,0.0,1.0,4,0.0,0.0,47.32,6.25,589253
2023-06-23 08:00:00,00000007180,20230623080000,0.117,0.05,0.0,0.0,0.0,0.0,1.0,4,0.0,0.0,42.74,0.0,589253
2023-06-23 09:00:00,00000007180,20230623090000,0.138,0.065,0.0,0.0,0.0,0.0,1.0,4,0.0,0.0,47.1,0.0,589253
2023-06-23 10:00:00,00000007180,20230623100000,0.131,0.045,0.001,0.0,0.0,0.0,1.0,4,0.0,0.0,34.35,0.76,589253
2023-06-23 11:00:00,00000007180,20230623110000,0.22,0.075,0.0,0.0,0.0,0.0,1.0,4,0.0,0.0,34.09,0.0,589253
2023-06-23 12:00:00,00000007180,20230623120000,0.184,0.079,0.0,0.0,0.0,0.0,1.0,4,0.0,0.0,42.93,0.0,589253
2023-06-23 13:00:00,00000007180,20230623130000,0.209,0.089,0.0,0.0,0.0,0.0,1.0,4,0.0,0.0,42.58,0.0,589253
2023-06-23 14:00:00,00000007180,20230623140000,0.19,0.049,0.0,0.0,0.0,0.0,1.0,4,0.0,0.0,25.79,0.0,589253
2023-06-23 15:00:00,00000007180,20230623150000,0.893,0.148,0.0,0.0,0.0,0.0,1.0,4,0.0,0.0,16.57,0.0,589253
2023-06-23 16:00:00,00000007180,20230623160000,0.264,0.282,0.002,0.0,0.0,0.0,1.0,4,0.0,0.0,106.82,0.76,589253
2023-06-23 17:00:00,00000007180,20230623170000,0.225,0.07,0.003,0.0,0.0,0.0,1.0,4,0.0,0.0,31.11,1.33,589253
2023-06-23 18:00:00,00000007180,20230623180000,0.217,0.071,0.0,0.0,0.0,0.0,1.0,4,0.0,0.0,32.72,0.0,589253
2023-06-23 19:00:00,00000007180,20230623190000,0.214,0.07,0.0,0.0,0.0,0.0,1.0,4,0.0,0.0,32.71,0.0,589253
2023-06-23 20:00:00,00000007180,20230623200000,0.228,0.078,0.0,0.0,0.0,0.0,1.0,4,0.0,0.0,34.21,0.0,589253
2023-06-23 21:00:00,00000007180,20230623210000,0.167,0.025,0.004,0.0,0.0,0.0,1.0,4,0.0,0.0,14.97,2.4,589253
2023-06-23 22:00:00,00000007180,20230623220000,0.289,0.048,0.0,0.0,0.0,0.0,1.0,4,0.0,0.0,16.61,0.0,589253
2023-06-23 23:00:00,00000007180,20230623230000,0.308,0.047,0.0,0.0,0.0,0.0,1.0,4,0.0,0.0,15.26,0.0,589253
2023-06-24 00:00:00,00000007180,20230624000000,0.261,0.049,0.012,0.0,0.0,0.0,1.0,4,0.0,0.0,18.77,4.6,589253
2023-06-24 01:00:00,00000007180,20230624010000,0.248,0.034,0.003,0.0,0.0,0.0,1.0,4,0.0,0.0,13.71,1.21,589253
2023-06-24 02:00:00,00000007180,20230624020000,0.238,0.025,0.002,0.0,0.0,0.0,1.0,4,0.0,0.0,10.5,0.84,589253
2023-06-24 03:00:00,00000007180,20230624030000,0.204,0.048,0.0,0.0,0.0,0.0,1.0,4,0.0,0.0,23.53,0.0,589253
2023-06-24 04:00:00,00000007180,20230624040000,0.196,0.056,0.014,0.0,0.0,0.0,1.0,4,0.0,0.0,28.57,7.14,589253
2023-06-24 05:00:00,00000007180,20230624050000,0.171,0.039,0.014,0.0,0.0,0.0,1.0,4,0.0,0.0,22.81,8.19,589253
2023-06-24 06:00:00,00000007180,20230624060000,0.107,0.048,0.002,0.0,0.0,0.0,1.0,4,0.0,0.0,44.86,1.87,589253
2023-06-24 07:00:00,00000007180,20230624070000,0.136,0.07,0.0,0.0,0.0,0.0,1.0,4,0.0,0.0,51.47,0.0,589253
2023-06-24 08:00:00,00000007180,20230624080000,0.131,0.062,0.0,0.0,0.0,0.0,1.0,4,0.0,0.0,47.33,0.0,589253
2023-06-24 09:00:00,00000007180,20230624090000,0.106,0.042,0.005,0.0,0.0,0.0,1.0,4,0.0,0.0,39.62,4.72,589253
2023-06-24 10:00:00,00000007180,20230624100000,0.183,0.075,0.0,0.0,0.0,0.0,1.0,4,0.0,0.0,40.98,0.0,589253
2023-06-24 11:00:00,00000007180,20230624110000,0.248,0.073,0.0,0.0,0.0,0.0,1.0,4,0.0,0.0,29.44,0.0,589253
2023-06-24 12:00:00,00000007180,20230624120000,0.232,0.083,0.0,0.0,0.0,0.0,1.0,4,0.0,0.0,35.78,0.0,589253
2023-06-24 13:00:00,00000007180,20230624130000,0.196,0.063,0.0,0.0,0.0,0.0,1.0,4,0.0,0.0,32.14,0.0,589253
2023-06-24 14:00:00,00000007180,20230624140000,0.167,0.042,0.007,0.0,0.0,0.0,1.0,4,0.0,0.0,25.15,4.19,589253
2023-06-24 15:00:00,00000007180,20230624150000,0.216,0.079,0.0,0.0,0.0,0.0,1.0,4,0.0,0.0,36.57,0.0,589253
2023-06-24 16:00:00,00000007180,20230624160000,0.216,0.075,0.0,0.0,0.0,0.0,1.0,4,0.0,0.0,34.72,0.0,589253
2023-06-24 17:00:00,00000007180,20230624170000,0.205,0.069,0.0,0.0,0.0,0.0,1.0,4,0.0,0.0,33.66,0.0,589253
2023-06-24 18:00:00,00000007180,20230624180000,0.219,0.059,0.0,0.0,0.0,0.0,1.0,4,0.0,0.0,26.94,0.0,589253
2023-06-24 19:00:00,00000007180,20230624190000,0.185,0.048,0.005,0.0,0.0,0.0,1.0,4,0.0,0.0,25.95,2.7,589253
2023-06-24 20:00:00,00000007180,20230624200000,0.201,0.064,0.0,0.0,0.0,0.0,1.0,4,0.0,0.0,31.84,0.0,589253
2023-06-24 21:00:00,00000007180,20230624210000,0.212,0.061,0.0,0.0,0.0,0.0,1.0,4,0.0,0.0,28.77,0.0,589253
2023-06-24 22:00:00,00000007180,20230624220000,0.254,0.059,0.0,0.0,0.0,0.0,1.0,4,0.0,0.0,23.23,0.0,589253
2023-06-24 23:00:00,00000007180,20230624230000,0.473,0.016,0.005,0.0,0.0,0.0,1.0,4,0.0,0.0,3.38,1.06,589253
2023-06-25 00:00:00,00000007180,20230625000000,0.791,0.039,0.005,0.0,0.0,0.0,1.0,4,0.0,0.0,4.93,0.63,589253
2023-06-25 01:00:00,00000007180,20230625010000,0.19,0.016,0.013,0.0,0.0,0.0,1.0,4,0.0,0.0,8.42,6.84,589253
2023-06-25 02:00:00,00000007180,20230625020000,0.198,0.071,0.001,0.0,0.0,0.0,1.0,4,0.0,0.0,35.86,0.51,589253
2023-06-25 03:00:00,00000007180,20230625030000,0.117,0.058,0.004,0.0,0.0,0.0,1.0,4,0.0,0.0,49.57,3.42,589253
2023-06-25 04:00:00,00000007180,20230625040000,0.134,0.067,0.0,0.0,0.0,0.0,1.0,4,0.0,0.0,50.0,0.0,589253
2023-06-25 05:00:00,00000007180,20230625050000,0.105,0.042,0.0,0.0,0.0,0.0,1.0,4,0.0,0.0,40.0,0.0,589253
2023-06-25 06:00:00,00000007180,20230625060000,0.106,0.051,0.008,0.0,0.0,0.0,1.0,4,0.0,0.0,48.11,7.55,589253
2023-06-25 07:00:00,00000007180,20230625070000,0.13,0.075,0.008,0.0,0.0,0.0,1.0,4,0.0,0.0,57.69,6.15,589253
2023-06-25 08:00:00,00000007180,20230625080000,0.137,0.07,0.002,0.0,0.0,0.0,1.0,4,0.0,0.0,51.09,1.46,589253
2023-06-25 09:00:00,00000007180,20230625090000,0.109,0.044,0.002,0.0,0.0,0.0,1.0,4,0.0,0.0,40.37,1.83,589253
2023-06-25 10:00:00,00000007180,20230625100000,0.206,0.076,0.0,0.0,0.0,0.0,1.0,4,0.0,0.0,36.89,0.0,589253
2023-06-25 11:00:00,00000007180,20230625110000,0.166,0.073,0.0,0.0,0.0,0.0,1.0,4,0.0,0.0,43.98,0.0,589253
2023-06-25 12:00:00,00000007180,20230625120000,0.229,0.071,0.0,0.0,0.0,0.0,1.0,4,0.0,0.0,31.0,0.0,589253
2023-06-25 13:00:00,00000007180,20230625130000,0.197,0.05,0.0,0.0,0.0,0.0,1.0,4,0.0,0.0,25.38,0.0,589253
2023-06-25 14:00:00,00000007180,20230625140000,0.979,0.041,0.0,0.0,0.0,0.0,1.0,4,0.0,0.0,4.19,0.0,589253
2023-06-25 15:00:00,00000007180,20230625150000,0.836,0.077,0.0,0.0,0.0,0.0,1.0,4,0.0,0.0,9.21,0.0,589253
2023-06-25 16:00:00,00000007180,20230625160000,0.21,0.065,0.0,0.0,0.0,0.0,1.0,4,0.0,0.0,30.95,0.0,589253
2023-06-25 17:00:00,00000007180,20230625170000,0.391,0.07,0.0,0.0,0.0,0.0,1.0,4,0.0,0.0,17.9,0.0,589253
2023-06-25 18:00:00,00000007180,20230625180000,0.18,0.039,0.0,0.0,0.0,0.0,1.0,4,0.0,0.0,21.67,0.0,589253
2023-06-25 19:00:00,00000007180,20230625190000,0.218,0.05,0.0,0.0,0.0,0.0,1.0,4,0.0,0.0,22.94,0.0,589253
2023-06-25 20:00:00,00000007180,20230625200000,0.251,0.065,0.0,0.0,0.0,0.0,1.0,4,0.0,0.0,25.9,0.0,589253
2023-06-25 21:00:00,00000007180,20230625210000,0.233,0.055,0.0,0.0,0.0,0.0,1.0,4,0.0,0.0,23.61,0.0,589253
2023-06-25 22:00:00,00000007180,20230625220000,0.228,0.053,0.0,0.0,0.0,0.0,1.0,4,0.0,0.0,23.25,0.0,589253
2023-06-25 23:00:00,00000007180,20230625230000,0.31,0.029,0.005,0.0,0.0,0.0,1.0,4,0.0,0.0,9.35,1.61,589253
2023-06-26 00:00:00,00000007180,20230626000000,0.197,0.056,0.0,0.0,0.0,0.0,1.0,4,0.0,0.0,28.43,0.0,589253
2023-06-26 01:00:00,00000007180,20230626010000,0.158,0.037,0.011,0.0,0.0,0.0,1.0,4,0.0,0.0,23.42,6.96,589253
2023-06-26 02:00:00,00000007180,20230626020000,0.209,0.075,0.0,0.0,0.0,0.0,1.0,4,0.0,0.0,35.89,0.0,589253
2023-06-26 03:00:00,00000007180,20230626030000,0.196,0.082,0.0,0.0,0.0,0.0,1.0,4,0.0,0.0,41.84,0.0,589253
2023-06-26 04:00:00,00000007180,20230626040000,0.181,0.024,0.0,0.0,0.0,0.0,1.0,4,0.0,0.0,13.26,0.0,589253
2023-06-26 05:00:00,00000007180,20230626050000,0.19,0.059,0.003,0.0,0.0,0.0,1.0,4,0.0,0.0,31.05,1.58,589253
2023-06-26 06:00:00,00000007180,20230626060000,0.123,0.066,0.01,0.0,0.0,0.0,1.0,4,0.0,0.0,53.66,8.13,589253
2023-06-26 07:00:00,00000007180,20230626070000,0.107,0.05,0.01,0.0,0.0,0.0,1.0,4,0.0,0.0,46.73,9.35,589253
2023-06-26 08:00:00,00000007180,20230626080000,0.108,0.05,0.009,0.0,0.0,0.0,1.0,4,0.0,0.0,46.3,8.33,589253
2023-06-26 09:00:00,00000007180,20230626090000,0.132,0.061,0.004,0.0,0.0,0.0,1.0,4,0.0,0.0,46.21,3.03,589253
2023-06-26 10:00:00,00000007180,20230626100000,0.224,0.054,0.0,0.0,0.0,0.0,1.0,4,0.0,0.0,24.11,0.0,589253
2023-06-26 11:00:00,00000007180,20230626110000,0.226,0.072,0.0,0.0,0.0,0.0,1.0,4,0.0,0.0,31.86,0.0,589253
2023-06-26 12:00:00,00000007180,20230626120000,0.234,0.064,0.0,0.0,0.0,0.0,1.0,4,0.0,0.0,27.35,0.0,589253
2023-06-26 13:00:00,00000007180,20230626130000,0.156,0.034,0.008,0.0,0.0,0.0,1.0,4,0.0,0.0,21.79,5.13,589253
2023-06-26 14:00:00,00000007180,20230626140000,0.242,0.088,0.0,0.0,0.0,0.0,1.0,4,0.0,0.0,36.36,0.0,589253
2023-06-26 15:00:00,00000007180,20230626150000,0.687,0.075,0.0,0.0,0.0,0.0,1.0,4,0.0,0.0,10.92,0.0,589253
2023-06-26 16:00:00,00000007180,20230626160000,0.228,0.09,0.0,0.0,0.0,0.0,1.0,4,0.0,0.0,39.47,0.0,589253
2023-06-26 17:00:00,00000007180,20230626170000,0.212,0.075,0.0,0.0,0.0,0.0,1.0,4,0.0,0.0,35.38,0.0,589253
2023-06-26 18:00:00,00000007180,20230626180000,0.173,0.038,0.0,0.0,0.0,0.0,1.0,4,0.0,0.0,21.97,0.0,589253
2023-06-26 19:00:00,00000007180,20230626190000,1.197,0.065,0.0,0.0,0.0,0.0,1.0,4,0.0,0.0,5.43,0.0,589253
2023-06-26 20:00:00,00000007180,20230626200000,0.91,0.069,0.0,0.0,0.0,0.0,1.0,4,0.0,0.0,7.58,0.0,589253
2023-06-26 21:00:00,00000007180,20230626210000,0.382,0.067,0.0,0.0,0.0,0.0,1.0,4,0.0,0.0,17.54,0.0,589253
2023-06-26 22:00:00,00000007180,20230626220000,0.61,0.064,0.0,0.0,0.0,0.0,1.0,4,0.0,0.0,10.49,0.0,589253
2023-06-26 23:00:00,00000007180,20230626230000,1.435,0.027,0.009,0.0,0.0,0.0,1.0,4,0.0,0.0,1.88,0.63,589253
2023-06-27 00:00:00,00000007180,20230627000000,0.206,0.058,0.01,0.0,0.0,0.0,1.0,4,0.0,0.0,28.16,4.85,589253
2023-06-27 01:00:00,00000007180,20230627010000,0.211,0.066,0.0,0.0,0.0,0.0,1.0,4,0.0,0.0,31.28,0.0,589253
2023-06-27 02:00:00,00000007180,20230627020000,0.142,0.053,0.004,0.0,0.0,0.0,1.0,4,0.0,0.0,37.32,2.82,589253
2023-06-27 03:00:00,00000007180,20230627030000,0.114,0.051,0.002,0.0,0.0,0.0,1.0,4,0.0,0.0,44.74,1.75,589253
2023-06-27 04:00:00,00000007180,20230627040000,0.122,0.061,0.003,0.0,0.0,0.0,1.0,4,0.0,0.0,50.0,2.46,589253
2023-06-27 05:00:00,00000007180,20230627050000,0.136,0.075,0.004,0.0,0.0,0.0,1.0,4,0.0,0.0,55.15,2.94,589253
2023-06-27 06:00:00,00000007180,20230627060000,0.147,0.087,0.0,0.0,0.0,0.0,1.0,4,0.0,0.0,59.18,0.0,589253
2023-06-27 07:00:00,00000007180,20230627070000,0.121,0.065,0.006,0.0,0.0,0.0,1.0,4,0.0,0.0,53.72,4.96,589253
2023-06-27 08:00:00,00000007180,20230627080000,0.114,0.054,0.007,0.0,0.0,0.0,1.0,4,0.0,0.0,47.37,6.14,589253
2023-06-27 09:00:00,00000007180,20230627090000,0.111,0.05,0.008,0.0,0.0,0.0,1.0,4,0.0,0.0,45.05,7.21,589253
2023-06-27 10:00:00,00000007180,20230627100000,0.166,0.062,0.01,0.0,0.0,0.0,1.0,4,0.0,0.0,37.35,6.02,589253
2023-06-27 11:00:00,00000007180,20230627110000,0.236,0.081,0.0,0.0,0.0,0.0,1.0,4,0.0,0.0,34.32,0.0,589253
2023-06-27 12:00:00,00000007180,20230627120000,0.243,0.077,0.0,0.0,0.0,0.0,1.0,4,0.0,0.0,31.69,0.0,589253
2023-06-27 13:00:00,00000007180,20230627130000,0.254,0.08,0.0,0.0,0.0,0.0,1.0,4,0.0,0.0,31.5,0.0,589253
2023-06-27 14:00:00,00000007180,20230627140000,0.265,0.094,0.0,0.0,0.0,0.0,1.0,4,0.0,0.0,35.47,0.0,589253
2023-06-27 15:00:00,00000007180,20230627150000,0.575,0.036,0.012,0.0,0.0,0.0,1.0,4,0.0,0.0,6.26,2.09,589253
2023-06-27 16:00:00,00000007180,20230627160000,0.675,0.074,0.0,0.0,0.0,0.0,1.0,4,0.0,0.0,10.96,0.0,589253
2023-06-27 17:00:00,00000007180,20230627170000,0.254,0.052,0.0,0.0,0.0,0.0,1.0,4,0.0,0.0,20.47,0.0,589253
2023-06-27 18:00:00,00000007180,20230627180000,0.261,0.058,0.0,0.0,0.0,0.0,1.0,4,0.0,0.0,22.22,0.0,589253
2023-06-27 19:00:00,00000007180,20230627190000,0.207,0.022,0.006,0.0,0.0,0.0,1.0,4,0.0,0.0,10.63,2.9,589253
2023-06-27 20:00:00,00000007180,20230627200000,0.26,0.061,0.0,0.0,0.0,0.0,1.0,4,0.0,0.0,23.46,0.0,589253
2023-06-27 21:00:00,00000007180,20230627210000,0.28,0.065,0.0,0.0,0.0,0.0,1.0,4,0.0,0.0,23.21,0.0,589253
2023-06-27 22:00:00,00000007180,20230627220000,0.284,0.061,0.0,0.0,0.0,0.0,1.0,4,0.0,0.0,21.48,0.0,589253
2023-06-27 23:00:00,00000007180,20230627230000,0.275,0.063,0.0,0.0,0.0,0.0,1.0,4,0.0,0.0,22.91,0.0,589253
2023-06-28 00:00:00,00000007180,20230628000000,0.289,0.022,0.007,0.0,0.0,0.0,1.0,4,0.0,0.0,7.61,2.42,589253
2023-06-28 01:00:00,00000007180,20230628010000,0.303,0.054,0.0,0.0,0.0,0.0,1.0,4,0.0,0.0,17.82,0.0,589253
2023-06-28 02:00:00,00000007180,20230628020000,0.208,0.044,0.012,0.0,0.0,0.0,1.0,4,0.0,0.0,21.15,5.77,589253
2023-06-28 03:00:00,00000007180,20230628030000,0.21,0.073,0.0,0.0,0.0,0.0,1.0,4,0.0,0.0,34.76,0.0,589253
2023-06-28 04:00:00,00000007180,20230628040000,0.214,0.062,0.008,0.0,0.0,0.0,1.0,4,0.0,0.0,28.97,3.74,589253
2023-06-28 05:00:00,00000007180,20230628050000,0.2,0.044,0.0,0.0,0.0,0.0,1.0,4,0.0,0.0,22.0,0.0,589253
2023-06-28 06:00:00,00000007180,20230628060000,0.194,0.04,0.0,0.0,0.0,0.0,1.0,4,0.0,0.0,20.62,0.0,589253
2023-06-28 07:00:00,00000007180,20230628070000,0.207,0.053,0.0,0.0,0.0,0.0,1.0,4,0.0,0.0,25.6,0.0,589253
2023-06-28 08:00:00,00000007180,20230628080000,0.122,0.049,0.0,0.0,0.0,0.0,1.0,4,0.0,0.0,40.16,0.0,589253
2023-06-28 09:00:00,00000007180,20230628090000,0.183,0.083,0.0,0.0,0.0,0.0,1.0,4,0.0,0.0,45.36,0.0,589253
2023-06-28 10:00:00,00000007180,20230628100000,0.228,0.087,0.0,0.0,0.0,0.0,1.0,4,0.0,0.0,38.16,0.0,589253
2023-06-28 11:00:00,00000007180,20230628110000,0.255,0.081,0.0,0.0,0.0,0.0,1.0,4,0.0,0.0,31.76,0.0,589253
2023-06-28 12:00:00,00000007180,20230628120000,0.306,0.087,0.0,0.0,0.0,0.0,1.0,4,0.0,0.0,28.43,0.0,589253
2023-06-28 13:00:00,00000007180,20230628130000,0.207,0.037,0.0,0.0,0.0,0.0,1.0,4,0.0,0.0,17.87,0.0,589253
2023-06-28 14:00:00,00000007180,20230628140000,1.25,0.079,0.0,0.0,0.0,0.0,1.0,4,0.0,0.0,6.32,0.0,589253
2023-06-28 15:00:00,00000007180,20230628150000,0.301,0.088,0.0,0.0,0.0,0.0,1.0,4,0.0,0.0,29.24,0.0,589253
2023-06-28 16:00:00,00000007180,20230628160000,0.335,0.065,0.0,0.0,0.0,0.0,1.0,4,0.0,0.0,19.4,0.0,589253
2023-06-28 17:00:00,00000007180,20230628170000,0.472,0.072,0.0,0.0,0.0,0.0,1.0,4,0.0,0.0,15.25,0.0,589253
2023-06-28 18:00:00,00000007180,20230628180000,0.204,0.03,0.001,0.0,0.0,0.0,1.0,4,0.0,0.0,14.71,0.49,589253
2023-06-28 19:00:00,00000007180,20230628190000,0.437,0.077,0.0,0.0,0.0,0.0,1.0,4,0.0,0.0,17.62,0.0,589253
2023-06-28 20:00:00,00000007180,20230628200000,0.27,0.069,0.0,0.0,0.0,0.0,1.0,4,0.0,0.0,25.56,0.0,589253
2023-06-28 21:00:00,00000007180,20230628210000,0.328,0.038,0.0,0.0,0.0,0.0,1.0,4,0.0,0.0,11.59,0.0,589253
2023-06-28 22:00:00,00000007180,20230628220000,0.325,0.032,0.004,0.0,0.0,0.0,1.0,4,0.0,0.0,9.85,1.23,589253
2023-06-28 23:00:00,00000007180,20230628230000,0.837,0.014,0.012,0.0,0.0,0.0,1.0,4,0.0,0.0,1.67,1.43,589253
2023-06-29 00:00:00,00000007180,20230629000000,0.585,0.04,0.0,0.0,0.0,0.0,1.0,4,0.0,0.0,6.84,0.0,589253
2023-06-29 01:00:00,00000007180,20230629010000,0.267,0.021,0.006,0.0,0.0,0.0,1.0,4,0.0,0.0,7.87,2.25,589253
2023-06-29 02:00:00,00000007180,20230629020000,0.282,0.045,0.002,0.0,0.0,0.0,1.0,4,0.0,0.0,15.96,0.71,589253
2023-06-29 03:00:00,00000007180,20230629030000,0.264,0.081,0.0,0.0,0.0,0.0,1.0,4,0.0,0.0,30.68,0.0,589253
2023-06-29 04:00:00,00000007180,20230629040000,0.168,0.032,0.0,0.0,0.0,0.0,1.0,4,0.0,0.0,19.05,0.0,589253
2023-06-29 05:00:00,00000007180,20230629050000,0.128,0.065,0.0,0.0,0.0,0.0,1.0,4,0.0,0.0,50.78,0.0,589253
2023-06-29 06:00:00,00000007180,20230629060000,0.135,0.076,0.0,0.0,0.0,0.0,1.0,4,0.0,0.0,56.3,0.0,589253
2023-06-29 07:00:00,00000007180,20230629070000,0.129,0.07,0.0,0.0,0.0,0.0,1.0,4,0.0,0.0,54.26,0.0,589253
2023-06-29 08:00:00,00000007180,20230629080000,0.123,0.064,0.0,0.0,0.0,0.0,1.0,4,0.0,0.0,52.03,0.0,589253
2023-06-29 09:00:00,00000007180,20230629090000,0.129,0.059,0.0,0.0,0.0,0.0,1.0,4,0.0,0.0,45.74,0.0,589253
2023-06-29 10:00:00,00000007180,20230629100000,0.123,0.053,0.0,0.0,0.0,0.0,1.0,4,0.0,0.0,43.09,0.0,589253
2023-06-29 11:00:00,00000007180,20230629110000,0.157,0.053,0.0,0.0,0.0,0.0,1.0,4,0.0,0.0,33.76,0.0,589253
2023-06-29 12:00:00,00000007180,20230629120000,0.228,0.064,0.0,0.0,0.0,0.0,1.0,4,0.0,0.0,28.07,0.0,589253
2023-06-29 13:00:00,00000007180,20230629130000,0.234,0.078,0.0,0.0,0.0,0.0,1.0,4,0.0,0.0,33.33,0.0,589253
2023-06-29 14:00:00,00000007180,20230629140000,0.233,0.076,0.0,0.0,0.0,0.0,1.0,4,0.0,0.0,32.62,0.0,589253
2023-06-29 15:00:00,00000007180,20230629150000,0.158,0.028,0.0,0.0,0.0,0.0,1.0,4,0.0,0.0,17.72,0.0,589253
2023-06-29 16:00:00,00000007180,20230629160000,0.18,0.049,0.0,0.0,0.0,0.0,1.0,4,0.0,0.0,27.22,0.0,589253
2023-06-29 17:00:00,00000007180,20230629170000,0.212,0.068,0.001,0.0,0.0,0.0,1.0,4,0.0,0.0,32.08,0.47,589253
2023-06-29 18:00:00,00000007180,20230629180000,0.179,0.046,0.011,0.0,0.0,0.0,1.0,4,0.0,0.0,25.7,6.15,589253
2023-06-29 19:00:00,00000007180,20230629190000,0.192,0.041,0.011,0.0,0.0,0.0,1.0,4,0.0,0.0,21.35,5.73,589253
2023-06-29 20:00:00,00000007180,20230629200000,0.227,0.062,0.0,0.0,0.0,0.0,1.0,4,0.0,0.0,27.31,0.0,589253
2023-06-29 21:00:00,00000007180,20230629210000,0.22,0.057,0.0,0.0,0.0,0.0,1.0,4,0.0,0.0,25.91,0.0,589253
2023-06-29 22:00:00,00000007180,20230629220000,0.272,0.048,0.0,0.0,0.0,0.0,1.0,4,0.0,0.0,17.65,0.0,589253
2023-06-29 23:00:00,00000007180,20230629230000,0.279,0.018,0.008,0.0,0.0,0.0,1.0,4,0.0,0.0,6.45,2.87,589253
2023-06-30 00:00:00,00000007180,20230630000000,0.292,0.032,0.012,0.0,0.0,0.0,1.0,4,0.0,0.0,10.96,4.11,589253
2023-06-30 01:00:00,00000007180,20230630010000,0.251,0.032,0.021,0.0,0.0,0.0,1.0,4,0.0,0.0,12.75,8.37,589253
2023-06-30 02:00:00,00000007180,20230630020000,0.241,0.037,0.018,0.0,0.0,0.0,1.0,4,0.0,0.0,15.35,7.47,589253
2023-06-30 03:00:00,00000007180,20230630030000,0.235,0.043,0.003,0.0,0.0,0.0,1.0,4,0.0,0.0,18.3,1.28,589253
2023-06-30 04:00:00,00000007180,20230630040000,0.178,0.055,0.0,0.0,0.0,0.0,1.0,4,0.0,0.0,30.9,0.0,589253
2023-06-30 05:00:00,00000007180,20230630050000,0.124,0.062,0.0,0.0,0.0,0.0,1.0,4,0.0,0.0,50.0,0.0,589253
2023-06-30 06:00:00,00000007180,20230630060000,0.115,0.054,0.0,0.0,0.0,0.0,1.0,4,0.0,0.0,46.96,0.0,589253
2023-06-30 07:00:00,00000007180,20230630070000,0.112,0.058,0.006,0.0,0.0,0.0,1.0,4,0.0,0.0,51.79,5.36,589253
2023-06-30 08:00:00,00000007180,20230630080000,0.11,0.058,0.01,0.0,0.0,0.0,1.0,4,0.0,0.0,52.73,9.09,589253
2023-06-30 09:00:00,00000007180,20230630090000,0.134,0.068,0.009,0.0,0.0,0.0,1.0,4,0.0,0.0,50.75,6.72,589253
2023-06-30 10:00:00,00000007180,20230630100000,0.226,0.072,0.0,0.0,0.0,0.0,1.0,4,0.0,0.0,31.86,0.0,589253
2023-06-30 11:00:00,00000007180,20230630110000,0.229,0.067,0.0,0.0,0.0,0.0,1.0,4,0.0,0.0,29.26,0.0,589253
2023-06-30 12:00:00,00000007180,20230630120000,0.251,0.072,0.0,0.0,0.0,0.0,1.0,4,0.0,0.0,28.69,0.0,589253
2023-06-30 13:00:00,00000007180,20230630130000,0.223,0.074,0.0,0.0,0.0,0.0,1.0,4,0.0,0.0,33.18,0.0,589253
2023-06-30 14:00:00,00000007180,20230630140000,0.162,0.021,0.007,0.0,0.0,0.0,1.0,4,0.0,0.0,12.96,4.32,589253
2023-06-30 15:00:00,00000007180,20230630150000,0.206,0.072,0.0,0.0,0.0,0.0,1.0,4,0.0,0.0,34.95,0.0,589253
2023-06-30 16:00:00,00000007180,20230630160000,0.184,0.045,0.005,0.0,0.0,0.0,1.0,4,0.0,0.0,24.46,2.72,589253
2023-06-30 17:00:00,00000007180,20230630170000,0.253,0.081,0.0,0.0,0.0,0.0,1.0,4,0.0,0.0,32.02,0.0,589253
2023-06-30 18:00:00,00000007180,20230630180000,0.476,0.092,0.0,0.0,0.0,0.0,1.0,4,0.0,0.0,19.33,0.0,589253
2023-06-30 19:00:00,00000007180,20230630190000,0.993,0.066,0.0,0.0,0.0,0.0,1.0,4,0.0,0.0,6.65,0.0,589253
2023-06-30 20:00:00,00000007180,20230630200000,1.104,0.042,0.0,0.0,0.0,0.0,1.0,4,0.0,0.0,3.8,0.0,589253
2023-06-30 21:00:00,00000007180,20230630210000,0.245,0.012,0.029,0.0,0.0,0.0,1.0,4,0.0,0.0,4.9,11.84,589253
2023-06-30 22:00:00,00000007180,20230630220000,0.33,0.046,0.0,0.0,0.0,0.0,1.0,4,0.0,0.0,13.94,0.0,589253
2023-06-30 23:00:00,00000007180,20230630230000,0.331,0.05,0.0,0.0,0.0,0.0,1.0,4,0.0,0.0,15.11,0.0,589253
2023-07-01 00:00:00,00000007180,20230701000000,0.276,0.056,0.0,0.0,0.0,0.0,1.0,4,0.0,0.0,20.29,0.0,589253
2023-07-01 01:00:00,00000007180,20230701010000,0.207,0.076,0.0,0.0,0.0,0.0,1.0,4,0.0,0.0,36.71,0.0,589253
2023-07-01 02:00:00,00000007180,20230701020000,0.165,0.037,0.011,0.0,0.0,0.0,1.0,4,0.0,0.0,22.42,6.67,589253
2023-07-01 03:00:00,00000007180,20230701030000,0.214,0.054,0.0,0.0,0.0,0.0,1.0,4,0.0,0.0,25.23,0.0,589253
2023-07-01 04:00:00,00000007180,20230701040000,0.206,0.05,0.0,0.0,0.0,0.0,1.0,4,0.0,0.0,24.27,0.0,589253
2023-07-01 05:00:00,00000007180,20230701050000,0.186,0.048,0.015,0.0,0.0,0.0,1.0,4,0.0,0.0,25.81,8.06,589253
2023-07-01 06:00:00,00000007180,20230701060000,0.146,0.055,0.01,0.0,0.0,0.0,1.0,4,0.0,0.0,37.67,6.85,589253
2023-07-01 07:00:00,00000007180,20230701070000,0.123,0.065,0.0,0.0,0.0,0.0,1.0,4,0.0,0.0,52.85,0.0,589253
2023-07-01 08:00:00,00000007180,20230701080000,0.132,0.066,0.0,0.0,0.0,0.0,1.0,4,0.0,0.0,50.0,0.0,589253
2023-07-01 09:00:00,00000007180,20230701090000,0.135,0.06,0.006,0.0,0.0,0.0,1.0,4,0.0,0.0,44.44,4.44,589253
2023-07-01 10:00:00,00000007180,20230701100000,0.139,0.046,0.01,0.0,0.0,0.0,1.0,4,0.0,0.0,33.09,7.19,589253
2023-07-01 11:00:00,00000007180,20230701110000,0.231,0.063,0.0,0.0,0.0,0.0,1.0,4,0.0,0.0,27.27,0.0,589253
2023-07-01 12:00:00,00000007180,20230701120000,0.27,0.081,0.0,0.0,0.0,0.0,1.0,4,0.0,0.0,30.0,0.0,589253
2023-07-01 13:00:00,00000007180,20230701130000,0.252,0.08,0.0,0.0,0.0,0.0,1.0,4,0.0,0.0,31.75,0.0,589253
2023-07-01 14:00:00,00000007180,20230701140000,0.435,0.067,0.005,0.0,0.0,0.0,1.0,4,0.0,0.0,15.4,1.15,589253
2023-07-01 15:00:00,00000007180,20230701150000,2.049,0.059,0.0,0.0,0.0,0.0,1.0,4,0.0,0.0,2.88,0.0,589253
2023-07-01 16:00:00,00000007180,20230701160000,0.722,0.085,0.0,0.0,0.0,0.0,1.0,4,0.0,0.0,11.77,0.0,589253
2023-07-01 17:00:00,00000007180,20230701170000,0.634,0.072,0.0,0.0,0.0,0.0,1.0,4,0.0,0.0,11.36,0.0,589253
2023-07-01 18:00:00,00000007180,20230701180000,1.56,0.067,0.0,0.0,0.0,0.0,1.0,4,0.0,0.0,4.29,0.0,589253
2023-07-01 19:00:00,00000007180,20230701190000,0.52,0.045,0.003,0.0,0.0,0.0,1.0,4,0.0,0.0,8.65,0.58,589253
2023-07-01 20:00:00,00000007180,20230701200000,1.236,0.052,0.003,0.0,0.0,0.0,1.0,4,0.0,0.0,4.21,0.24,589253
2023-07-01 21:00:00,00000007180,20230701210000,1.126,0.067,0.0,0.0,0.0,0.0,1.0,4,0.0,0.0,5.95,0.0,589253
2023-07-01 22:00:00,00000007180,20230701220000,0.253,0.068,0.0,0.0,0.0,0.0,1.0,4,0.0,0.0,26.88,0.0,589253
2023-07-01 23:00:00,00000007180,20230701230000,0.296,0.06,0.0,0.0,0.0,0.0,1.0,4,0.0,0.0,20.27,0.0,589253
2023-07-02 00:00:00,00000007180,20230702000000,0.238,0.024,0.022,0.0,0.0,0.0,1.0,4,0.0,0.0,10.08,9.24,589253
2023-07-02 01:00:00,00000007180,20230702010000,0.272,0.042,0.002,0.0,0.0,0.0,1.0,4,0.0,0.0,15.44,0.74,589253
2023-07-02 02:00:00,00000007180,20230702020000,0.184,0.023,0.001,0.0,0.0,0.0,1.0,4,0.0,0.0,12.5,0.54,589253
2023-07-02 03:00:00,00000007180,20230702030000,0.196,0.028,0.006,0.0,0.0,0.0,1.0,4,0.0,0.0,14.29,3.06,589253
2023-07-02 04:00:00,00000007180,20230702040000,0.123,0.055,0.008,0.0,0.0,0.0,1.0,4,0.0,0.0,44.72,6.5,589253
2023-07-02 05:00:00,00000007180,20230702050000,0.131,0.07,0.01,0.0,0.0,0.0,1.0,4,0.0,0.0,53.44,7.63,589253
2023-07-02 06:00:00,00000007180,20230702060000,0.135,0.075,0.008,0.0,0.0,0.0,1.0,4,0.0,0.0,55.56,5.93,589253
2023-07-02 07:00:00,00000007180,20230702070000,0.123,0.061,0.007,0.0,0.0,0.0,1.0,4,0.0,0.0,49.59,5.69,589253
2023-07-02 08:00:00,00000007180,20230702080000,0.116,0.048,0.005,0.0,0.0,0.0,1.0,4,0.0,0.0,41.38,4.31,589253
2023-07-02 09:00:00,00000007180,20230702090000,0.11,0.036,0.0,0.0,0.0,0.0,1.0,4,0.0,0.0,32.73,0.0,589253
2023-07-02 10:00:00,00000007180,20230702100000,0.19,0.075,0.0,0.0,0.0,0.0,1.0,4,0.0,0.0,39.47,0.0,589253
2023-07-02 11:00:00,00000007180,20230702110000,0.2,0.069,0.0,0.0,0.0,0.0,1.0,4,0.0,0.0,34.5,0.0,589253
2023-07-02 12:00:00,00000007180,20230702120000,0.229,0.066,0.0,0.0,0.0,0.0,1.0,4,0.0,0.0,28.82,0.0,589253
2023-07-02 13:00:00,00000007180,20230702130000,0.241,0.07,0.0,0.0,0.0,0.0,1.0,4,0.0,0.0,29.05,0.0,589253
2023-07-02 14:00:00,00000007180,20230702140000,0.189,0.028,0.002,0.0,0.0,0.0,1.0,4,0.0,0.0,14.81,1.06,589253
2023-07-02 15:00:00,00000007180,20230702150000,0.255,0.075,0.0,0.0,0.0,0.0,1.0,4,0.0,0.0,29.41,0.0,589253
2023-07-02 16:00:00,00000007180,20230702160000,0.228,0.086,0.0,0.0,0.0,0.0,1.0,4,0.0,0.0,37.72,0.0,589253
2023-07-02 17:00:00,00000007180,20230702170000,0.209,0.084,0.0,0.0,0.0,0.0,1.0,4,0.0,0.0,40.19,0.0,589253
2023-07-02 18:00:00,00000007180,20230702180000,0.235,0.071,0.0,0.0,0.0,0.0,1.0,4,0.0,0.0,30.21,0.0,589253
2023-07-02 19:00:00,00000007180,20230702190000,0.201,0.035,0.0,0.0,0.0,0.0,1.0,4,0.0,0.0,17.41,0.0,589253
2023-07-02 20:00:00,00000007180,20230702200000,0.286,0.07,0.0,0.0,0.0,0.0,1.0,4,0.0,0.0,24.48,0.0,589253
2023-07-02 21:00:00,00000007180,20230702210000,0.815,0.054,0.0,0.0,0.0,0.0,1.0,4,0.0,0.0,6.63,0.0,589253
2023-07-02 22:00:00,00000007180,20230702220000,0.828,0.054,0.0,0.0,0.0,0.0,1.0,4,0.0,0.0,6.52,0.0,589253
2023-07-02 23:00:00,00000007180,20230702230000,0.348,0.029,0.007,0.0,0.0,0.0,1.0,4,0.0,0.0,8.33,2.01,589253
2023-07-03 00:00:00,00000007180,20230703000000,0.352,0.037,0.011,0.0,0.0,0.0,1.0,4,0.0,0.0,10.51,3.12,589253
2023-07-03 01:00:00,00000007180,20230703010000,0.361,0.076,0.0,0.0,0.0,0.0,1.0,4,0.0,0.0,21.05,0.0,589253
2023-07-03 02:00:00,00000007180,20230703020000,0.325,0.085,0.0,0.0,0.0,0.0,1.0,4,0.0,0.0,26.15,0.0,589253
2023-07-03 03:00:00,00000007180,20230703030000,0.247,0.105,0.0,0.0,0.0,0.0,1.0,4,0.0,0.0,42.51,0.0,589253
2023-07-03 04:00:00,00000007180,20230703040000,0.189,0.086,0.0,0.0,0.0,0.0,1.0,4,0.0,0.0,45.5,0.0,589253
2023-07-03 05:00:00,00000007180,20230703050000,0.196,0.092,0.0,0.0,0.0,0.0,1.0,4,0.0,0.0,46.94,0.0,589253
2023-07-03 06:00:00,00000007180,20230703060000,0.221,0.123,0.0,0.0,0.0,0.0,1.0,4,0.0,0.0,55.66,0.0,589253
2023-07-03 07:00:00,00000007180,20230703070000,0.216,0.118,0.0,0.0,0.0,0.0,1.0,4,0.0,0.0,54.63,0.0,589253
2023-07-03 08:00:00,00000007180,20230703080000,0.225,0.1,0.0,0.0,0.0,0.0,1.0,4,0.0,0.0,44.44,0.0,589253
2023-07-03 09:00:00,00000007180,20230703090000,0.122,0.041,0.0,0.0,0.0,0.0,1.0,4,0.0,0.0,33.61,0.0,589253
2023-07-03 10:00:00,00000007180,20230703100000,0.202,0.067,0.0,0.0,0.0,0.0,1.0,4,0.0,0.0,33.17,0.0,589253
2023-07-03 11:00:00,00000007180,20230703110000,0.814,0.353,0.0,0.0,0.0,0.0,1.0,4,0.0,0.0,43.37,0.0,589253
2023-07-03 12:00:00,00000007180,20230703120000,0.27,0.129,0.0,0.0,0.0,0.0,1.0,4,0.0,0.0,47.78,0.0,589253
2023-07-03 13:00:00,00000007180,20230703130000,0.247,0.092,0.0,0.0,0.0,0.0,1.0,4,0.0,0.0,37.25,0.0,589253
2023-07-03 14:00:00,00000007180,20230703140000,0.261,0.091,0.0,0.0,0.0,0.0,1.0,4,0.0,0.0,34.87,0.0,589253
2023-07-03 15:00:00,00000007180,20230703150000,0.207,0.046,0.0,0.0,0.0,0.0,1.0,4,0.0,0.0,22.22,0.0,589253
2023-07-03 16:00:00,00000007180,20230703160000,0.264,0.091,0.0,0.0,0.0,0.0,1.0,4,0.0,0.0,34.47,0.0,589253
2023-07-03 17:00:00,00000007180,20230703170000,0.261,0.093,0.0,0.0,0.0,0.0,1.0,4,0.0,0.0,35.63,0.0,589253
2023-07-03 18:00:00,00000007180,20230703180000,0.205,0.094,0.0,0.0,0.0,0.0,1.0,4,0.0,0.0,45.85,0.0,589253
2023-07-03 19:00:00,00000007180,20230703190000,0.203,0.096,0.0,0.0,0.0,0.0,1.0,4,0.0,0.0,47.29,0.0,589253
2023-07-03 20:00:00,00000007180,20230703200000,0.201,0.046,0.005,0.0,0.0,0.0,1.0,4,0.0,0.0,22.89,2.49,589253
2023-07-03 21:00:00,00000007180,20230703210000,0.263,0.086,0.0,0.0,0.0,0.0,1.0,4,0.0,0.0,32.7,0.0,589253
2023-07-03 22:00:00,00000007180,20230703220000,0.284,0.091,0.0,0.0,0.0,0.0,1.0,4,0.0,0.0,32.04,0.0,589253
2023-07-03 23:00:00,00000007180,20230703230000,1.405,0.092,0.0,0.0,0.0,0.0,1.0,4,0.0,0.0,6.55,0.0,589253
2023-07-04 00:00:00,00000007180,20230704000000,2.013,0.082,0.0,0.0,0.0,0.0,1.0,4,0.0,0.0,4.07,0.0,589253
2023-07-04 01:00:00,00000007180,20230704010000,0.573,0.05,0.0,0.0,0.0,0.0,1.0,4,0.0,0.0,8.73,0.0,589253
2023-07-04 02:00:00,00000007180,20230704020000,0.523,0.095,0.0,0.0,0.0,0.0,1.0,4,0.0,0.0,18.16,0.0,589253
2023-07-04 03:00:00,00000007180,20230704030000,0.302,0.113,0.0,0.0,0.0,0.0,1.0,4,0.0,0.0,37.42,0.0,589253
2023-07-04 04:00:00,00000007180,20230704040000,0.117,0.045,0.0,0.0,0.0,0.0,1.0,4,0.0,0.0,38.46,0.0,589253
2023-07-04 05:00:00,00000007180,20230704050000,0.276,0.13,0.0,0.0,0.0,0.0,1.0,4,0.0,0.0,47.1,0.0,589253
2023-07-04 06:00:00,00000007180,20230704060000,0.278,0.14,0.0,0.0,0.0,0.0,1.0,4,0.0,0.0,50.36,0.0,589253
2023-07-04 07:00:00,00000007180,20230704070000,0.267,0.138,0.0,0.0,0.0,0.0,1.0,4,0.0,0.0,51.69,0.0,589253
2023-07-04 08:00:00,00000007180,20230704080000,0.363,0.111,0.0,0.0,0.0,0.0,1.0,4,0.0,0.0,30.58,0.0,589253
2023-07-04 09:00:00,00000007180,20230704090000,0.154,0.062,0.0,0.0,0.0,0.0,1.0,4,0.0,0.0,40.26,0.0,589253
2023-07-04 10:00:00,00000007180,20230704100000,0.298,0.097,0.008,0.0,0.0,0.0,1.0,4,0.0,0.0,32.55,2.68,589253
2023-07-04 11:00:00,00000007180,20230704110000,0.408,0.1,0.0,0.0,0.0,0.0,1.0,4,0.0,0.0,24.51,0.0,589253
2023-07-04 12:00:00,00000007180,20230704120000,1.09,0.324,0.0,0.0,0.0,0.0,1.0,4,0.0,0.0,29.72,0.0,589253
2023-07-04 13:00:00,00000007180,20230704130000,0.229,0.105,0.0,0.0,0.0,0.0,1.0,4,0.0,0.0,45.85,0.0,589253
2023-07-04 14:00:00,00000007180,20230704140000,0.229,0.104,0.0,0.0,0.0,0.0,1.0,4,0.0,0.0,45.41,0.0,589253
2023-07-04 15:00:00,00000007180,20230704150000,1.054,0.259,0.0,0.0,0.0,0.0,1.0,4,0.0,0.0,24.57,0.0,589253
2023-07-04 16:00:00,00000007180,20230704160000,0.291,0.148,0.0,0.0,0.0,0.0,1.0,4,0.0,0.0,50.86,0.0,589253
2023-07-04 17:00:00,00000007180,20230704170000,1.213,0.112,0.0,0.0,0.0,0.0,1.0,4,0.0,0.0,9.23,0.0,589253
2023-07-04 18:00:00,00000007180,20230704180000,2.147,0.109,0.0,0.0,0.0,0.0,1.0,4,0.0,0.0,5.08,0.0,589253
2023-07-04 19:00:00,00000007180,20230704190000,1.229,0.111,0.0,0.0,0.0,0.0,1.0,4,0.0,0.0,9.03,0.0,589253
2023-07-04 20:00:00,00000007180,20230704200000,0.236,0.066,0.0,0.0,0.0,0.0,1.0,4,0.0,0.0,27.97,0.0,589253
2023-07-04 21:00:00,00000007180,20230704210000,0.462,0.085,0.0,0.0,0.0,0.0,1.0,4,0.0,0.0,18.4,0.0,589253
2023-07-04 22:00:00,00000007180,20230704220000,0.274,0.1,0.0,0.0,0.0,0.0,1.0,4,0.0,0.0,36.5,0.0,589253
2023-07-04 23:00:00,00000007180,20230704230000,0.27,0.092,0.0,0.0,0.0,0.0,1.0,4,0.0,0.0,34.07,0.0,589253
2023-07-05 00:00:00,00000007180,20230705000000,0.955,0.097,0.0,0.0,0.0,0.0,1.0,4,0.0,0.0,10.16,0.0,589253
2023-07-05 01:00:00,00000007180,20230705010000,0.62,0.045,0.0,0.0,0.0,0.0,1.0,4,0.0,0.0,7.26,0.0,589253
2023-07-05 02:00:00,00000007180,20230705020000,0.267,0.093,0.0,0.0,0.0,0.0,1.0,4,0.0,0.0,34.83,0.0,589253
2023-07-05 03:00:00,00000007180,20230705030000,0.249,0.106,0.0,0.0,0.0,0.0,1.0,4,0.0,0.0,42.57,0.0,589253
2023-07-05 04:00:00,00000007180,20230705040000,0.239,0.093,0.0,0.0,0.0,0.0,1.0,4,0.0,0.0,38.91,0.0,589253
2023-07-05 05:00:00,00000007180,20230705050000,0.211,0.069,0.0,0.0,0.0,0.0,1.0,4,0.0,0.0,32.7,0.0,589253
2023-07-05 06:00:00,00000007180,20230705060000,0.219,0.078,0.0,0.0,0.0,0.0,1.0,4,0.0,0.0,35.62,0.0,589253
2023-07-05 07:00:00,00000007180,20230705070000,0.14,0.068,0.004,0.0,0.0,0.0,1.0,4,0.0,0.0,48.57,2.86,589253
2023-07-05 08:00:00,00000007180,20230705080000,0.151,0.073,0.0,0.0,0.0,0.0,1.0,4,0.0,0.0,48.34,0.0,589253
2023-07-05 09:00:00,00000007180,20230705090000,0.224,0.101,0.0,0.0,0.0,0.0,1.0,4,0.0,0.0,45.09,0.0,589253
2023-07-05 10:00:00,00000007180,20230705100000,0.212,0.088,0.0,0.0,0.0,0.0,1.0,4,0.0,0.0,41.51,0.0,589253
2023-09-04 23:00:00,00000007180,20230904230000,0.295,0.112,0.0,0.0,0.0,0.0,1.0,4,0.0,0.0,37.97,0.0,589253
2023-09-05 00:00:00,00000007180,20230905000000,0.324,0.089,0.0,0.0,0.0,0.0,1.0,4,0.0,0.0,27.47,0.0,589253
2023-09-05 01:00:00,00000007180,20230905010000,0.282,0.037,0.0,0.0,0.0,0.0,1.0,4,0.0,0.0,13.12,0.0,589253
2023-09-05 02:00:00,00000007180,20230905020000,0.284,0.102,0.0,0.0,0.0,0.0,1.0,4,0.0,0.0,35.92,0.0,589253
2023-09-05 03:00:00,00000007180,20230905030000,0.258,0.108,0.0,0.0,0.0,0.0,1.0,4,0.0,0.0,41.86,0.0,589253
2023-09-05 04:00:00,00000007180,20230905040000,0.256,0.108,0.0,0.0,0.0,0.0,1.0,4,0.0,0.0,42.19,0.0,589253
2023-09-05 05:00:00,00000007180,20230905050000,0.226,0.096,0.0,0.0,0.0,0.0,1.0,4,0.0,0.0,42.48,0.0,589253
2023-09-05 06:00:00,00000007180,20230905060000,0.141,0.084,0.0,0.0,0.0,0.0,1.0,4,0.0,0.0,59.57,0.0,589253
2023-09-05 07:00:00,00000007180,20230905070000,0.18,0.128,0.0,0.0,0.0,0.0,1.0,4,0.0,0.0,71.11,0.0,589253
2023-09-05 08:00:00,00000007180,20230905080000,0.176,0.117,0.0,0.0,0.0,0.0,1.0,4,0.0,0.0,66.48,0.0,589253
2023-09-05 09:00:00,00000007180,20230905090000,0.227,0.111,0.0,0.0,0.0,0.0,1.0,4,0.0,0.0,48.9,0.0,589253
2023-09-05 10:00:00,00000007180,20230905100000,0.204,0.082,0.0,0.0,0.0,0.0,1.0,4,0.0,0.0,40.2,0.0,589253
2023-09-05 11:00:00,00000007180,20230905110000,0.204,0.081,0.0,0.0,0.0,0.0,1.0,4,0.0,0.0,39.71,0.0,589253
2023-09-05 12:00:00,00000007180,20230905120000,0.278,0.11,0.0,0.0,0.0,0.0,1.0,4,0.0,0.0,39.57,0.0,589253
2023-09-05 13:00:00,00000007180,20230905130000,1.205,0.351,0.0,0.0,0.0,0.0,1.0,4,0.0,0.0,29.13,0.0,589253
2023-09-05 14:00:00,00000007180,20230905140000,0.227,0.105,0.0,0.0,0.0,0.0,1.0,4,0.0,0.0,46.26,0.0,589253
2023-09-05 15:00:00,00000007180,20230905150000,0.211,0.063,0.0,0.0,0.0,0.0,1.0,4,0.0,0.0,29.86,0.0,589253
2023-09-05 16:00:00,00000007180,20230905160000,0.277,0.083,0.0,0.0,0.0,0.0,1.0,4,0.0,0.0,29.96,0.0,589253
2023-09-05 17:00:00,00000007180,20230905170000,0.288,0.098,0.0,0.0,0.0,0.0,1.0,4,0.0,0.0,34.03,0.0,589253
2023-09-05 18:00:00,00000007180,20230905180000,0.502,0.088,0.0,0.0,0.0,0.0,1.0,4,0.0,0.0,17.53,0.0,589253
2023-09-05 19:00:00,00000007180,20230905190000,0.246,0.104,0.0,0.0,0.0,0.0,1.0,4,0.0,0.0,42.28,0.0,589253
2023-09-05 20:00:00,00000007180,20230905200000,0.175,0.026,0.0,0.0,0.0,0.0,1.0,4,0.0,0.0,14.86,0.0,589253
2023-09-05 21:00:00,00000007180,20230905210000,0.226,0.073,0.0,0.0,0.0,0.0,1.0,4,0.0,0.0,32.3,0.0,589253
2023-09-05 22:00:00,00000007180,20230905220000,0.41,0.081,0.0,0.0,0.0,0.0,1.0,4,0.0,0.0,19.76,0.0,589253
2023-09-05 23:00:00,00000007180,20230905230000,0.246,0.075,0.0,0.0,0.0,0.0,1.0,4,0.0,0.0,30.49,0.0,589253
2023-09-06 00:00:00,00000007180,20230906000000,0.256,0.07,0.0,0.0,0.0,0.0,1.0,4,0.0,0.0,27.34,0.0,589253
2023-09-06 01:00:00,00000007180,20230906010000,0.256,0.024,0.019,0.0,0.0,0.0,1.0,4,0.0,0.0,9.38,7.42,589253
2023-09-06 02:00:00,00000007180,20230906020000,0.29,0.069,0.01,0.0,0.0,0.0,1.0,4,0.0,0.0,23.79,3.45,589253
2023-09-06 03:00:00,00000007180,20230906030000,0.24,0.071,0.0,0.0,0.0,0.0,1.0,4,0.0,0.0,29.58,0.0,589253
2023-09-06 04:00:00,00000007180,20230906040000,0.233,0.071,0.0,0.0,0.0,0.0,1.0,4,0.0,0.0,30.47,0.0,589253
2023-09-06 05:00:00,00000007180,20230906050000,0.233,0.071,0.0,0.0,0.0,0.0,1.0,4,0.0,0.0,30.47,0.0,589253
2023-09-06 06:00:00,00000007180,20230906060000,0.177,0.035,0.02,0.0,0.0,0.0,1.0,4,0.0,0.0,19.77,11.3,589253
2023-09-06 07:00:00,00000007180,20230906070000,0.174,0.061,0.0,0.0,0.0,0.0,1.0,4,0.0,0.0,35.06,0.0,589253
2023-09-06 08:00:00,00000007180,20230906080000,0.173,0.107,0.0,0.0,0.0,0.0,1.0,4,0.0,0.0,61.85,0.0,589253
2023-09-06 09:00:00,00000007180,20230906090000,0.161,0.091,0.0,0.0,0.0,0.0,1.0,4,0.0,0.0,56.52,0.0,589253
2023-09-06 10:00:00,00000007180,20230906100000,1.413,0.101,0.0,0.0,0.0,0.0,1.0,4,0.0,0.0,7.15,0.0,589253
2023-09-06 11:00:00,00000007180,20230906110000,2.305,0.047,0.007,0.0,0.0,0.0,1.0,4,0.0,0.0,2.04,0.3,589253
2023-09-06 12:00:00,00000007180,20230906120000,1.341,0.058,0.0,0.0,0.0,0.0,1.0,4,0.0,0.0,4.33,0.0,589253
2023-09-06 13:00:00,00000007180,20230906130000,0.409,0.074,0.0,0.0,0.0,0.0,1.0,4,0.0,0.0,18.09,0.0,589253
2023-09-06 14:00:00,00000007180,20230906140000,0.222,0.071,0.0,0.0,0.0,0.0,1.0,4,0.0,0.0,31.98,0.0,589253
2023-09-06 15:00:00,00000007180,20230906150000,0.213,0.08,0.0,0.0,0.0,0.0,1.0,4,0.0,0.0,37.56,0.0,589253
2023-09-06 16:00:00,00000007180,20230906160000,0.156,0.047,0.011,0.0,0.0,0.0,1.0,4,0.0,0.0,30.13,7.05,589253
2023-09-06 17:00:00,00000007180,20230906170000,0.23,0.103,0.0,0.0,0.0,0.0,1.0,4,0.0,0.0,44.78,0.0,589253
2023-09-06 18:00:00,00000007180,20230906180000,0.218,0.096,0.0,0.0,0.0,0.0,1.0,4,0.0,0.0,44.04,0.0,589253
2023-09-06 19:00:00,00000007180,20230906190000,0.236,0.088,0.0,0.0,0.0,0.0,1.0,4,0.0,0.0,37.29,0.0,589253
2023-09-06 20:00:00,00000007180,20230906200000,0.237,0.078,0.0,0.0,0.0,0.0,1.0,4,0.0,0.0,32.91,0.0,589253
2023-09-06 21:00:00,00000007180,20230906210000,0.296,0.036,0.004,0.0,0.0,0.0,1.0,4,0.0,0.0,12.16,1.35,589253
2023-09-06 22:00:00,00000007180,20230906220000,0.235,0.083,0.006,0.0,0.0,0.0,1.0,4,0.0,0.0,35.32,2.55,589253
2023-09-06 23:00:00,00000007180,20230906230000,0.236,0.085,0.0,0.0,0.0,0.0,1.0,4,0.0,0.0,36.02,0.0,589253
2023-09-07 00:00:00,00000007180,20230907000000,0.234,0.089,0.0,0.0,0.0,0.0,1.0,4,0.0,0.0,38.03,0.0,589253
2023-09-07 01:00:00,00000007180,20230907010000,0.24,0.091,0.0,0.0,0.0,0.0,1.0,4,0.0,0.0,37.92,0.0,589253
2023-09-07 02:00:00,00000007180,20230907020000,0.185,0.048,0.013,0.0,0.0,0.0,1.0,4,0.0,0.0,25.95,7.03,589253
2023-09-07 03:00:00,00000007180,20230907030000,0.238,0.095,0.0,0.0,0.0,0.0,1.0,4,0.0,0.0,39.92,0.0,589253
2023-09-07 04:00:00,00000007180,20230907040000,0.368,0.099,0.0,0.0,0.0,0.0,1.0,4,0.0,0.0,26.9,0.0,589253
2023-09-07 05:00:00,00000007180,20230907050000,0.233,0.087,0.0,0.0,0.0,0.0,1.0,4,0.0,0.0,37.34,0.0,589253
2023-09-07 06:00:00,00000007180,20230907060000,0.233,0.088,0.0,0.0,0.0,0.0,1.0,4,0.0,0.0,37.77,0.0,589253
2023-09-07 07:00:00,00000007180,20230907070000,0.174,0.044,0.015,0.0,0.0,0.0,1.0,4,0.0,0.0,25.29,8.62,589253
2023-09-07 08:00:00,00000007180,20230907080000,0.207,0.058,0.0,0.0,0.0,0.0,1.0,4,0.0,0.0,28.02,0.0,589253
2023-09-07 09:00:00,00000007180,20230907090000,0.24,0.091,0.0,0.0,0.0,0.0,1.0,4,0.0,0.0,37.92,0.0,589253
2023-09-07 10:00:00,00000007180,20230907100000,0.38,0.085,0.0,0.0,0.0,0.0,1.0,4,0.0,0.0,22.37,0.0,589253
2023-09-07 11:00:00,00000007180,20230907110000,0.231,0.077,0.0,0.0,0.0,0.0,1.0,4,0.0,0.0,33.33,0.0,589253
2023-09-07 12:00:00,00000007180,20230907120000,0.19,0.041,0.003,0.0,0.0,0.0,1.0,4,0.0,0.0,21.58,1.58,589253
2023-09-07 13:00:00,00000007180,20230907130000,0.19,0.035,0.0,0.0,0.0,0.0,1.0,4,0.0,0.0,18.42,0.0,589253
2023-09-07 14:00:00,00000007180,20230907140000,0.232,0.085,0.0,0.0,0.0,0.0,1.0,4,0.0,0.0,36.64,0.0,589253
2023-09-07 15:00:00,00000007180,20230907150000,0.214,0.089,0.0,0.0,0.0,0.0,1.0,4,0.0,0.0,41.59,0.0,589253
2023-09-07 16:00:00,00000007180,20230907160000,0.34,0.087,0.0,0.0,0.0,0.0,1.0,4,0.0,0.0,25.59,0.0,589253
2023-09-07 17:00:00,00000007180,20230907170000,0.227,0.085,0.0,0.0,0.0,0.0,1.0,4,0.0,0.0,37.44,0.0,589253
2023-09-07 18:00:00,00000007180,20230907180000,0.155,0.033,0.01,0.0,0.0,0.0,1.0,4,0.0,0.0,21.29,6.45,589253
2023-09-07 19:00:00,00000007180,20230907190000,0.228,0.082,0.0,0.0,0.0,0.0,1.0,4,0.0,0.0,35.96,0.0,589253
2023-09-07 20:00:00,00000007180,20230907200000,0.238,0.078,0.0,0.0,0.0,0.0,1.0,4,0.0,0.0,32.77,0.0,589253
2023-09-07 21:00:00,00000007180,20230907210000,0.363,0.091,0.0,0.0,0.0,0.0,1.0,4,0.0,0.0,25.07,0.0,589253
2023-09-07 22:00:00,00000007180,20230907220000,0.239,0.082,0.0,0.0,0.0,0.0,1.0,4,0.0,0.0,34.31,0.0,589253
2023-09-07 23:00:00,00000007180,20230907230000,0.148,0.012,0.012,0.0,0.0,0.0,1.0,4,0.0,0.0,8.11,8.11,589253
2023-09-08 00:00:00,00000007180,20230908000000,0.236,0.086,0.0,0.0,0.0,0.0,1.0,4,0.0,0.0,36.44,0.0,589253
2023-09-08 01:00:00,00000007180,20230908010000,0.38,0.097,0.0,0.0,0.0,0.0,1.0,4,0.0,0.0,25.53,0.0,589253
2023-09-08 02:00:00,00000007180,20230908020000,0.251,0.094,0.0,0.0,0.0,0.0,1.0,4,0.0,0.0,37.45,0.0,589253
2023-09-08 03:00:00,00000007180,20230908030000,0.235,0.086,0.0,0.0,0.0,0.0,1.0,4,0.0,0.0,36.6,0.0,589253
2023-09-08 04:00:00,00000007180,20230908040000,0.166,0.033,0.016,0.0,0.0,0.0,1.0,4,0.0,0.0,19.88,9.64,589253
2023-09-08 05:00:00,00000007180,20230908050000,0.358,0.063,0.0,0.0,0.0,0.0,1.0,4,0.0,0.0,17.6,0.0,589253
2023-09-08 06:00:00,00000007180,20230908060000,0.236,0.091,0.0,0.0,0.0,0.0,1.0,4,0.0,0.0,38.56,0.0,589253
2023-09-08 07:00:00,00000007180,20230908070000,0.245,0.106,0.0,0.0,0.0,0.0,1.0,4,0.0,0.0,43.27,0.0,589253
2023-09-08 08:00:00,00000007180,20230908080000,0.235,0.088,0.0,0.0,0.0,0.0,1.0,4,0.0,0.0,37.45,0.0,589253
2023-09-08 09:00:00,00000007180,20230908090000,0.193,0.032,0.0,0.0,0.0,0.0,1.0,4,0.0,0.0,16.58,0.0,589253
2023-09-08 10:00:00,00000007180,20230908100000,0.335,0.046,0.0,0.0,0.0,0.0,1.0,4,0.0,0.0,13.73,0.0,589253
2023-09-08 11:00:00,00000007180,20230908110000,0.248,0.099,0.0,0.0,0.0,0.0,1.0,4,0.0,0.0,39.92,0.0,589253
2023-09-08 12:00:00,00000007180,20230908120000,0.259,0.118,0.0,0.0,0.0,0.0,1.0,4,0.0,0.0,45.56,0.0,589253
2023-09-08 13:00:00,00000007180,20230908130000,0.218,0.104,0.0,0.0,0.0,0.0,1.0,4,0.0,0.0,47.71,0.0,589253
2023-09-08 14:00:00,00000007180,20230908140000,1.159,0.274,0.0,0.0,0.0,0.0,1.0,4,0.0,0.0,23.64,0.0,589253
2023-09-08 15:00:00,00000007180,20230908150000,0.412,0.081,0.006,0.0,0.0,0.0,1.0,4,0.0,0.0,19.66,1.46,589253
2023-09-08 16:00:00,00000007180,20230908160000,0.301,0.081,0.0,0.0,0.0,0.0,1.0,4,0.0,0.0,26.91,0.0,589253
2023-09-08 17:00:00,00000007180,20230908170000,0.264,0.088,0.0,0.0,0.0,0.0,1.0,4,0.0,0.0,33.33,0.0,589253
2023-09-08 18:00:00,00000007180,20230908180000,0.554,0.08,0.0,0.0,0.0,0.0,1.0,4,0.0,0.0,14.44,0.0,589253
2023-09-08 19:00:00,00000007180,20230908190000,1.395,0.081,0.0,0.0,0.0,0.0,1.0,4,0.0,0.0,5.81,0.0,589253
2023-09-08 20:00:00,00000007180,20230908200000,0.422,0.074,0.007,0.0,0.0,0.0,1.0,4,0.0,0.0,17.54,1.66,589253
2023-09-27 07:00:00,00000007180,20230927070000,0.237,0.104,0.0,0.0,0.0,0.0,1.0,4,0.0,0.0,43.88,0.0,589253
2023-09-27 08:00:00,00000007180,20230927080000,0.16,0.065,0.002,0.0,0.0,0.0,1.0,4,0.0,0.0,40.62,1.25,589253
2023-09-27 09:00:00,00000007180,20230927090000,0.128,0.08,0.0,0.0,0.0,0.0,1.0,4,0.0,0.0,62.5,0.0,589253
2023-09-27 10:00:00,00000007180,20230927100000,0.163,0.118,0.0,0.0,0.0,0.0,1.0,4,0.0,0.0,72.39,0.0,589253
2023-09-27 11:00:00,00000007180,20230927110000,0.247,0.147,0.0,0.0,0.0,0.0,1.0,4,0.0,0.0,59.51,0.0,589253
2023-09-27 12:00:00,00000007180,20230927120000,1.354,0.155,0.0,0.0,0.0,0.0,1.0,4,0.0,0.0,11.45,0.0,589253
2023-09-27 13:00:00,00000007180,20230927130000,0.527,0.102,0.0,0.0,0.0,0.0,1.0,4,0.0,0.0,19.35,0.0,589253
2023-09-27 14:00:00,00000007180,20230927140000,0.383,0.091,0.0,0.0,0.0,0.0,1.0,4,0.0,0.0,23.76,0.0,589253
2023-09-27 15:00:00,00000007180,20230927150000,0.268,0.153,0.0,0.0,0.0,0.0,1.0,4,0.0,0.0,57.09,0.0,589253
2023-09-27 16:00:00,00000007180,20230927160000,0.263,0.144,0.0,0.0,0.0,0.0,1.0,4,0.0,0.0,54.75,0.0,589253
2023-09-27 17:00:00,00000007180,20230927170000,0.269,0.139,0.0,0.0,0.0,0.0,1.0,4,0.0,0.0,51.67,0.0,589253
2023-09-27 18:00:00,00000007180,20230927180000,0.377,0.112,0.004,0.0,0.0,0.0,1.0,4,0.0,0.0,29.71,1.06,589253
2023-09-27 19:00:00,00000007180,20230927190000,0.265,0.11,0.0,0.0,0.0,0.0,1.0,4,0.0,0.0,41.51,0.0,589253
2023-09-27 20:00:00,00000007180,20230927200000,0.355,0.096,0.0,0.0,0.0,0.0,1.0,4,0.0,0.0,27.04,0.0,589253
2023-09-27 21:00:00,00000007180,20230927210000,0.356,0.1,0.0,0.0,0.0,0.0,1.0,4,0.0,0.0,28.09,0.0,589253
2023-09-27 22:00:00,00000007180,20230927220000,0.358,0.105,0.0,0.0,0.0,0.0,1.0,4,0.0,0.0,29.33,0.0,589253
2023-09-27 23:00:00,00000007180,20230927230000,0.32,0.076,0.009,0.0,0.0,0.0,1.0,4,0.0,0.0,23.75,2.81,589253
2023-09-28 00:00:00,00000007180,20230928000000,0.482,0.086,0.003,0.0,0.0,0.0,1.0,4,0.0,0.0,17.84,0.62,589253
2023-09-28 01:00:00,00000007180,20230928010000,0.336,0.099,0.0,0.0,0.0,0.0,1.0,4,0.0,0.0,29.46,0.0,589253
2023-09-28 02:00:00,00000007180,20230928020000,0.283,0.096,0.0,0.0,0.0,0.0,1.0,4,0.0,0.0,33.92,0.0,589253
2023-09-28 03:00:00,00000007180,20230928030000,0.276,0.1,0.0,0.0,0.0,0.0,1.0,4,0.0,0.0,36.23,0.0,589253
2023-09-28 04:00:00,00000007180,20230928040000,0.207,0.086,0.014,0.0,0.0,0.0,1.0,4,0.0,0.0,41.55,6.76,589253
2023-09-28 05:00:00,00000007180,20230928050000,0.2,0.064,0.001,0.0,0.0,0.0,1.0,4,0.0,0.0,32.0,0.5,589253
2023-09-28 06:00:00,00000007180,20230928060000,0.241,0.104,0.0,0.0,0.0,0.0,1.0,4,0.0,0.0,43.15,0.0,589253
2023-09-28 07:00:00,00000007180,20230928070000,0.217,0.112,0.0,0.0,0.0,0.0,1.0,4,0.0,0.0,51.61,0.0,589253
2023-09-28 08:00:00,00000007180,20230928080000,0.165,0.121,0.0,0.0,0.0,0.0,1.0,4,0.0,0.0,73.33,0.0,589253
2023-09-28 09:00:00,00000007180,20230928090000,0.218,0.076,0.0,0.0,0.0,0.0,1.0,4,0.0,0.0,34.86,0.0,589253
2023-09-28 10:00:00,00000007180,20230928100000,0.14,0.05,0.0,0.0,0.0,0.0,1.0,4,0.0,0.0,35.71,0.0,589253
2023-09-28 11:00:00,00000007180,20230928110000,0.183,0.111,0.0,0.0,0.0,0.0,1.0,4,0.0,0.0,60.66,0.0,589253
2023-09-28 12:00:00,00000007180,20230928120000,0.251,0.114,0.0,0.0,0.0,0.0,1.0,4,0.0,0.0,45.42,0.0,589253
2023-09-28 13:00:00,00000007180,20230928130000,0.333,0.127,0.0,0.0,0.0,0.0,1.0,4,0.0,0.0,38.14,0.0,589253
2023-09-28 14:00:00,00000007180,20230928140000,0.224,0.094,0.0,0.0,0.0,0.0,1.0,4,0.0,0.0,41.96,0.0,589253
2023-09-28 15:00:00,00000007180,20230928150000,0.167,0.064,0.009,0.0,0.0,0.0,1.0,4,0.0,0.0,38.32,5.39,589253
2023-09-28 16:00:00,00000007180,20230928160000,0.222,0.113,0.0,0.0,0.0,0.0,1.0,4,0.0,0.0,50.9,0.0,589253
2023-09-28 17:00:00,00000007180,20230928170000,0.183,0.126,0.0,0.0,0.0,0.0,1.0,4,0.0,0.0,68.85,0.0,589253
2023-09-28 18:00:00,00000007180,20230928180000,0.225,0.124,0.0,0.0,0.0,0.0,1.0,4,0.0,0.0,55.11,0.0,589253
2023-09-28 19:00:00,00000007180,20230928190000,0.212,0.08,0.0,0.0,0.0,0.0,1.0,4,0.0,0.0,37.74,0.0,589253
2023-09-28 20:00:00,00000007180,20230928200000,0.174,0.046,0.012,0.0,0.0,0.0,1.0,4,0.0,0.0,26.44,6.9,589253
2023-09-28 21:00:00,00000007180,20230928210000,0.245,0.097,0.0,0.0,0.0,0.0,1.0,4,0.0,0.0,39.59,0.0,589253
2023-09-28 22:00:00,00000007180,20230928220000,0.238,0.1,0.0,0.0,0.0,0.0,1.0,4,0.0,0.0,42.02,0.0,589253
2023-09-28 23:00:00,00000007180,20230928230000,0.234,0.101,0.0,0.0,0.0,0.0,1.0,4,0.0,0.0,43.16,0.0,589253
2023-09-29 00:00:00,00000007180,20230929000000,0.287,0.083,0.005,0.0,0.0,0.0,1.0,4,0.0,0.0,28.92,1.74,589253
2023-09-29 01:00:00,00000007180,20230929010000,0.789,0.009,0.004,0.0,0.0,0.0,1.0,4,0.0,0.0,1.14,0.51,589253
2023-09-29 02:00:00,00000007180,20230929020000,0.826,0.094,0.0,0.0,0.0,0.0,1.0,4,0.0,0.0,11.38,0.0,589253
2023-09-29 03:00:00,00000007180,20230929030000,0.283,0.093,0.0,0.0,0.0,0.0,1.0,4,0.0,0.0,32.86,0.0,589253
2023-09-29 04:00:00,00000007180,20230929040000,0.297,0.098,0.0,0.0,0.0,0.0,1.0,4,0.0,0.0,33.0,0.0,589253
2023-09-29 05:00:00,00000007180,20230929050000,0.247,0.103,0.0,0.0,0.0,0.0,1.0,4,0.0,0.0,41.7,0.0,589253
2023-09-29 06:00:00,00000007180,20230929060000,0.076,0.034,0.01,0.0,0.0,0.0,1.0,4,0.0,0.0,44.74,13.16,589253
2023-09-29 07:00:00,00000007180,20230929070000,0.157,0.112,0.0,0.0,0.0,0.0,1.0,4,0.0,0.0,71.34,0.0,589253
2023-09-29 08:00:00,00000007180,20230929080000,0.159,0.114,0.0,0.0,0.0,0.0,1.0,4,0.0,0.0,71.7,0.0,589253
2023-09-29 09:00:00,00000007180,20230929090000,1.003,0.112,0.0,0.0,0.0,0.0,1.0,4,0.0,0.0,11.17,0.0,589253
2023-09-29 10:00:00,00000007180,20230929100000,0.454,0.123,0.0,0.0,0.0,0.0,1.0,4,0.0,0.0,27.09,0.0,589253
2023-09-29 11:00:00,00000007180,20230929110000,0.15,0.051,0.009,0.0,0.0,0.0,1.0,4,0.0,0.0,34.0,6.0,589253
2023-09-29 12:00:00,00000007180,20230929120000,0.593,0.17,0.0,0.0,0.0,0.0,1.0,4,0.0,0.0,28.67,0.0,589253
2023-09-29 13:00:00,00000007180,20230929130000,1.041,0.298,0.0,0.0,0.0,0.0,1.0,4,0.0,0.0,28.63,0.0,589253
2023-09-29 14:00:00,00000007180,20230929140000,0.454,0.113,0.0,0.0,0.0,0.0,1.0,4,0.0,0.0,24.89,0.0,589253
2023-09-29 15:00:00,00000007180,20230929150000,0.217,0.11,0.0,0.0,0.0,0.0,1.0,4,0.0,0.0,50.69,0.0,589253
2023-09-29 16:00:00,00000007180,20230929160000,0.149,0.05,0.009,0.0,0.0,0.0,1.0,4,0.0,0.0,33.56,6.04,589253
2023-09-29 17:00:00,00000007180,20230929170000,0.208,0.092,0.0,0.0,0.0,0.0,1.0,4,0.0,0.0,44.23,0.0,589253
2023-09-29 18:00:00,00000007180,20230929180000,0.225,0.109,0.0,0.0,0.0,0.0,1.0,4,0.0,0.0,48.44,0.0,589253
2023-09-29 19:00:00,00000007180,20230929190000,0.236,0.092,0.0,0.0,0.0,0.0,1.0,4,0.0,0.0,38.98,0.0,589253
2023-09-29 20:00:00,00000007180,20230929200000,0.242,0.089,0.0,0.0,0.0,0.0,1.0,4,0.0,0.0,36.78,0.0,589253
2023-09-29 21:00:00,00000007180,20230929210000,0.269,0.037,0.016,0.0,0.0,0.0,1.0,4,0.0,0.0,13.75,5.95,589253
2023-09-29 22:00:00,00000007180,20230929220000,0.288,0.039,0.003,0.0,0.0,0.0,1.0,4,0.0,0.0,13.54,1.04,589253
2023-09-29 23:00:00,00000007180,20230929230000,0.327,0.079,0.0,0.0,0.0,0.0,1.0,4,0.0,0.0,24.16,0.0,589253
2023-09-30 00:00:00,00000007180,20230930000000,0.323,0.085,0.0,0.0,0.0,0.0,1.0,4,0.0,0.0,26.32,0.0,589253
2023-09-30 01:00:00,00000007180,20230930010000,0.323,0.087,0.0,0.0,0.0,0.0,1.0,4,0.0,0.0,26.93,0.0,589253
2023-09-30 02:00:00,00000007180,20230930020000,0.264,0.064,0.0,0.0,0.0,0.0,1.0,4,0.0,0.0,24.24,0.0,589253
2023-09-30 03:00:00,00000007180,20230930030000,0.232,0.067,0.016,0.0,0.0,0.0,1.0,4,0.0,0.0,28.88,6.9,589253
2023-09-30 04:00:00,00000007180,20230930040000,0.232,0.1,0.0,0.0,0.0,0.0,1.0,4,0.0,0.0,43.1,0.0,589253
2023-09-30 05:00:00,00000007180,20230930050000,0.16,0.12,0.0,0.0,0.0,0.0,1.0,4,0.0,0.0,75.0,0.0,589253
2023-09-30 06:00:00,00000007180,20230930060000,0.159,0.116,0.0,0.0,0.0,0.0,1.0,4,0.0,0.0,72.96,0.0,589253
2023-09-30 07:00:00,00000007180,20230930070000,0.171,0.077,0.0,0.0,0.0,0.0,1.0,4,0.0,0.0,45.03,0.0,589253
2023-09-30 08:00:00,00000007180,20230930080000,0.134,0.036,0.016,0.0,0.0,0.0,1.0,4,0.0,0.0,26.87,11.94,589253
2023-09-30 09:00:00,00000007180,20230930090000,0.16,0.114,0.0,0.0,0.0,0.0,1.0,4,0.0,0.0,71.25,0.0,589253
2023-09-30 10:00:00,00000007180,20230930100000,0.712,0.114,0.0,0.0,0.0,0.0,1.0,4,0.0,0.0,16.01,0.0,589253
2023-09-30 11:00:00,00000007180,20230930110000,0.241,0.11,0.0,0.0,0.0,0.0,1.0,4,0.0,0.0,45.64,0.0,589253
2023-09-30 12:00:00,00000007180,20230930120000,0.244,0.124,0.0,0.0,0.0,0.0,1.0,4,0.0,0.0,50.82,0.0,589253
2023-09-30 13:00:00,00000007180,20230930130000,0.691,0.04,0.0,0.0,0.0,0.0,1.0,4,0.0,0.0,5.79,0.0,589253
2023-09-30 14:00:00,00000007180,20230930140000,2.204,0.103,0.0,0.0,0.0,0.0,1.0,4,0.0,0.0,4.67,0.0,589253
2023-09-30 15:00:00,00000007180,20230930150000,0.927,0.107,0.0,0.0,0.0,0.0,1.0,4,0.0,0.0,11.54,0.0,589253
2023-09-30 16:00:00,00000007180,20230930160000,0.41,0.109,0.0,0.0,0.0,0.0,1.0,4,0.0,0.0,26.59,0.0,589253
2023-09-30 17:00:00,00000007180,20230930170000,0.215,0.107,0.0,0.0,0.0,0.0,1.0,4,0.0,0.0,49.77,0.0,589253
2023-09-30 18:00:00,00000007180,20230930180000,0.159,0.049,0.004,0.0,0.0,0.0,1.0,4,0.0,0.0,30.82,2.52,589253
2023-09-30 19:00:00,00000007180,20230930190000,0.235,0.093,0.002,0.0,0.0,0.0,1.0,4,0.0,0.0,39.57,0.85,589253
2023-09-30 20:00:00,00000007180,20230930200000,0.281,0.108,0.0,0.0,0.0,0.0,1.0,4,0.0,0.0,38.43,0.0,589253
2023-09-30 21:00:00,00000007180,20230930210000,0.488,0.09,0.0,0.0,0.0,0.0,1.0,4,0.0,0.0,18.44,0.0,589253
2023-09-30 22:00:00,00000007180,20230930220000,0.234,0.098,0.0,0.0,0.0,0.0,1.0,4,0.0,0.0,41.88,0.0,589253
2023-09-30 23:00:00,00000007180,20230930230000,0.178,0.038,0.006,0.0,0.0,0.0,1.0,4,0.0,0.0,21.35,3.37,589253
2023-10-01 00:00:00,00000007180,20231001000000,0.233,0.095,0.0,0.0,0.0,0.0,1.0,4,0.0,0.0,40.77,0.0,589253
2023-10-01 01:00:00,00000007180,20231001010000,0.278,0.09,0.0,0.0,0.0,0.0,1.0,4,0.0,0.0,32.37,0.0,589253
2023-10-01 02:00:00,00000007180,20231001020000,0.307,0.082,0.0,0.0,0.0,0.0,1.0,4,0.0,0.0,26.71,0.0,589253
2023-10-01 03:00:00,00000007180,20231001030000,0.244,0.093,0.0,0.0,0.0,0.0,1.0,4,0.0,0.0,38.11,0.0,589253
2023-10-01 04:00:00,00000007180,20231001040000,0.169,0.042,0.015,0.0,0.0,0.0,1.0,4,0.0,0.0,24.85,8.88,589253
2023-10-01 05:00:00,00000007180,20231001050000,0.213,0.069,0.0,0.0,0.0,0.0,1.0,4,0.0,0.0,32.39,0.0,589253
2023-10-01 06:00:00,00000007180,20231001060000,0.234,0.096,0.0,0.0,0.0,0.0,1.0,4,0.0,0.0,41.03,0.0,589253
2023-10-01 07:00:00,00000007180,20231001070000,0.239,0.107,0.0,0.0,0.0,0.0,1.0,4,0.0,0.0,44.77,0.0,589253
2023-10-01 08:00:00,00000007180,20231001080000,0.239,0.109,0.0,0.0,0.0,0.0,1.0,4,0.0,0.0,45.61,0.0,589253
2023-10-01 09:00:00,00000007180,20231001090000,0.188,0.062,0.008,0.0,0.0,0.0,1.0,4,0.0,0.0,32.98,4.26,589253
2023-10-01 10:00:00,00000007180,20231001100000,0.148,0.079,0.005,0.0,0.0,0.0,1.0,4,0.0,0.0,53.38,3.38,589253
2023-10-01 11:00:00,00000007180,20231001110000,0.218,0.113,0.0,0.0,0.0,0.0,1.0,4,0.0,0.0,51.83,0.0,589253
2023-10-01 12:00:00,00000007180,20231001120000,1.042,0.306,0.0,0.0,0.0,0.0,1.0,4,0.0,0.0,29.37,0.0,589253
2023-10-01 13:00:00,00000007180,20231001130000,0.228,0.123,0.0,0.0,0.0,0.0,1.0,4,0.0,0.0,53.95,0.0,589253
2023-10-01 14:00:00,00000007180,20231001140000,0.198,0.089,0.01,0.0,0.0,0.0,1.0,4,0.0,0.0,44.95,5.05,589253
2023-10-01 15:00:00,00000007180,20231001150000,0.577,0.097,0.001,0.0,0.0,0.0,1.0,4,0.0,0.0,16.81,0.17,589253
2023-10-01 16:00:00,00000007180,20231001160000,0.19,0.111,0.0,0.0,0.0,0.0,1.0,4,0.0,0.0,58.42,0.0,589253
2023-10-01 17:00:00,00000007180,20231001170000,0.168,0.111,0.0,0.0,0.0,0.0,1.0,4,0.0,0.0,66.07,0.0,589253
2023-10-01 18:00:00,00000007180,20231001180000,1.561,0.116,0.0,0.0,0.0,0.0,1.0,4,0.0,0.0,7.43,0.0,589253
2023-10-01 19:00:00,00000007180,20231001190000,0.315,0.054,0.012,0.0,0.0,0.0,1.0,4,0.0,0.0,17.14,3.81,589253
2023-10-01 20:00:00,00000007180,20231001200000,0.239,0.085,0.0,0.0,0.0,0.0,1.0,4,0.0,0.0,35.56,0.0,589253
2023-10-01 21:00:00,00000007180,20231001210000,0.488,0.097,0.0,0.0,0.0,0.0,1.0,4,0.0,0.0,19.88,0.0,589253
2023-10-01 22:00:00,00000007180,20231001220000,0.237,0.101,0.0,0.0,0.0,0.0,1.0,4,0.0,0.0,42.62,0.0,589253
2023-10-01 23:00:00,00000007180,20231001230000,0.241,0.106,0.0,0.0,0.0,0.0,1.0,4,0.0,0.0,43.98,0.0,589253
2023-10-02 00:00:00,00000007180,20231002000000,0.22,0.034,0.002,0.0,0.0,0.0,1.0,4,0.0,0.0,15.45,0.91,589253
2023-10-02 01:00:00,00000007180,20231002010000,0.318,0.085,0.0,0.0,0.0,0.0,1.0,4,0.0,0.0,26.73,0.0,589253
2023-10-02 02:00:00,00000007180,20231002020000,0.252,0.094,0.0,0.0,0.0,0.0,1.0,4,0.0,0.0,37.3,0.0,589253
2023-10-02 03:00:00,00000007180,20231002030000,0.252,0.095,0.0,0.0,0.0,0.0,1.0,4,0.0,0.0,37.7,0.0,589253
2023-10-02 04:00:00,00000007180,20231002040000,0.255,0.096,0.0,0.0,0.0,0.0,1.0,4,0.0,0.0,37.65,0.0,589253
2023-10-02 05:00:00,00000007180,20231002050000,0.184,0.035,0.017,0.0,0.0,0.0,1.0,4,0.0,0.0,19.02,9.24,589253
2023-10-02 06:00:00,00000007180,20231002060000,0.253,0.092,0.0,0.0,0.0,0.0,1.0,4,0.0,0.0,36.36,0.0,589253
2023-10-02 07:00:00,00000007180,20231002070000,0.22,0.107,0.0,0.0,0.0,0.0,1.0,4,0.0,0.0,48.64,0.0,589253
2023-10-02 08:00:00,00000007180,20231002080000,0.182,0.13,0.0,0.0,0.0,0.0,1.0,4,0.0,0.0,71.43,0.0,589253
2023-10-02 09:00:00,00000007180,20231002090000,0.253,0.132,0.0,0.0,0.0,0.0,1.0,4,0.0,0.0,52.17,0.0,589253
2023-10-02 10:00:00,00000007180,20231002100000,0.407,0.076,0.002,0.0,0.0,0.0,1.0,4,0.0,0.0,18.67,0.49,589253
2023-10-02 11:00:00,00000007180,20231002110000,1.227,0.111,0.0,0.0,0.0,0.0,1.0,4,0.0,0.0,9.05,0.0,589253
2023-10-02 12:00:00,00000007180,20231002120000,0.164,0.09,0.0,0.0,0.0,0.0,1.0,4,0.0,0.0,54.88,0.0,589253
2023-10-02 13:00:00,00000007180,20231002130000,0.391,0.121,0.0,0.0,0.0,0.0,1.0,4,0.0,0.0,30.95,0.0,589253
2023-10-02 14:00:00,00000007180,20231002140000,1.292,0.121,0.0,0.0,0.0,0.0,1.0,4,0.0,0.0,9.37,0.0,589253
2023-10-02 15:00:00,00000007180,20231002150000,0.608,0.079,0.007,0.0,0.0,0.0,1.0,4,0.0,0.0,12.99,1.15,589253
2023-10-02 16:00:00,00000007180,20231002160000,0.243,0.111,0.0,0.0,0.0,0.0,1.0,4,0.0,0.0,45.68,0.0,589253
2023-10-02 17:00:00,00000007180,20231002170000,0.341,0.113,0.0,0.0,0.0,0.0,1.0,4,0.0,0.0,33.14,0.0,589253
2023-10-02 18:00:00,00000007180,20231002180000,0.342,0.114,0.0,0.0,0.0,0.0,1.0,4,0.0,0.0,33.33,0.0,589253
2023-10-02 19:00:00,00000007180,20231002190000,0.589,0.087,0.008,0.0,0.0,0.0,1.0,4,0.0,0.0,14.77,1.36,589253
2023-10-02 20:00:00,00000007180,20231002200000,0.36,0.082,0.005,0.0,0.0,0.0,1.0,4,0.0,0.0,22.78,1.39,589253
2023-10-02 21:00:00,00000007180,20231002210000,0.518,0.103,0.0,0.0,0.0,0.0,1.0,4,0.0,0.0,19.88,0.0,589253
2023-10-02 22:00:00,00000007180,20231002220000,0.356,0.101,0.0,0.0,0.0,0.0,1.0,4,0.0,0.0,28.37,0.0,589253
2023-10-02 23:00:00,00000007180,20231002230000,0.255,0.105,0.0,0.0,0.0,0.0,1.0,4,0.0,0.0,41.18,0.0,589253
2023-10-03 00:00:00,00000007180,20231003000000,0.342,0.059,0.003,0.0,0.0,0.0,1.0,4,0.0,0.0,17.25,0.88,589253
2023-10-03 01:00:00,00000007180,20231003010000,0.255,0.108,0.004,0.0,0.0,0.0,1.0,4,0.0,0.0,42.35,1.57,589253
2023-10-03 02:00:00,00000007180,20231003020000,0.259,0.1,0.0,0.0,0.0,0.0,1.0,4,0.0,0.0,38.61,0.0,589253
2023-10-03 03:00:00,00000007180,20231003030000,0.259,0.097,0.0,0.0,0.0,0.0,1.0,4,0.0,0.0,37.45,0.0,589253
2023-10-03 04:00:00,00000007180,20231003040000,0.255,0.1,0.0,0.0,0.0,0.0,1.0,4,0.0,0.0,39.22,0.0,589253
2023-10-03 05:00:00,00000007180,20231003050000,0.191,0.044,0.017,0.0,0.0,0.0,1.0,4,0.0,0.0,23.04,8.9,589253
2023-10-03 06:00:00,00000007180,20231003060000,0.255,0.095,0.0,0.0,0.0,0.0,1.0,4,0.0,0.0,37.25,0.0,589253
2023-10-03 07:00:00,00000007180,20231003070000,0.462,0.101,0.0,0.0,0.0,0.0,1.0,4,0.0,0.0,21.86,0.0,589253
2023-10-03 08:00:00,00000007180,20231003080000,0.239,0.107,0.0,0.0,0.0,0.0,1.0,4,0.0,0.0,44.77,0.0,589253
2023-10-03 09:00:00,00000007180,20231003090000,0.237,0.105,0.0,0.0,0.0,0.0,1.0,4,0.0,0.0,44.3,0.0,589253
2023-10-03 10:00:00,00000007180,20231003100000,0.506,0.062,0.004,0.0,0.0,0.0,1.0,4,0.0,0.0,12.25,0.79,589253
2023-10-03 11:00:00,00000007180,20231003110000,0.512,0.114,0.0,0.0,0.0,0.0,1.0,4,0.0,0.0,22.27,0.0,589253
2023-10-03 12:00:00,00000007180,20231003120000,0.415,0.123,0.0,0.0,0.0,0.0,1.0,4,0.0,0.0,29.64,0.0,589253
2023-10-03 13:00:00,00000007180,20231003130000,1.117,0.126,0.0,0.0,0.0,0.0,1.0,4,0.0,0.0,11.28,0.0,589253
2023-10-03 14:00:00,00000007180,20231003140000,0.728,0.102,0.0,0.0,0.0,0.0,1.0,4,0.0,0.0,14.01,0.0,589253
2023-10-03 15:00:00,00000007180,20231003150000,0.163,0.058,0.01,0.0,0.0,0.0,1.0,4,0.0,0.0,35.58,6.13,589253
2023-10-03 16:00:00,00000007180,20231003160000,0.223,0.114,0.0,0.0,0.0,0.0,1.0,4,0.0,0.0,51.12,0.0,589253
2023-10-03 17:00:00,00000007180,20231003170000,0.223,0.115,0.0,0.0,0.0,0.0,1.0,4,0.0,0.0,51.57,0.0,589253
2023-10-03 18:00:00,00000007180,20231003180000,0.238,0.108,0.0,0.0,0.0,0.0,1.0,4,0.0,0.0,45.38,0.0,589253
2023-10-03 19:00:00,00000007180,20231003190000,0.253,0.088,0.001,0.0,0.0,0.0,1.0,4,0.0,0.0,34.78,0.4,589253
2023-10-03 20:00:00,00000007180,20231003200000,0.202,0.035,0.0,0.0,0.0,0.0,1.0,4,0.0,0.0,17.33,0.0,589253
2023-10-03 21:00:00,00000007180,20231003210000,0.523,0.095,0.0,0.0,0.0,0.0,1.0,4,0.0,0.0,18.16,0.0,589253
2023-10-03 22:00:00,00000007180,20231003220000,1.417,0.095,0.0,0.0,0.0,0.0,1.0,4,0.0,0.0,6.7,0.0,589253
2023-10-03 23:00:00,00000007180,20231003230000,0.815,0.096,0.0,0.0,0.0,0.0,1.0,4,0.0,0.0,11.78,0.0,589253
2023-10-04 00:00:00,00000007180,20231004000000,0.771,0.088,0.007,0.0,0.0,0.0,1.0,4,0.0,0.0,11.41,0.91,589253
2023-10-04 01:00:00,00000007180,20231004010000,0.171,0.028,0.001,0.0,0.0,0.0,1.0,4,0.0,0.0,16.37,0.58,589253
2023-10-04 02:00:00,00000007180,20231004020000,0.19,0.086,0.0,0.0,0.0,0.0,1.0,4,0.0,0.0,45.26,0.0,589253
2023-10-04 03:00:00,00000007180,20231004030000,0.188,0.086,0.0,0.0,0.0,0.0,1.0,4,0.0,0.0,45.74,0.0,589253
2023-10-04 04:00:00,00000007180,20231004040000,0.186,0.084,0.0,0.0,0.0,0.0,1.0,4,0.0,0.0,45.16,0.0,589253
2023-10-04 05:00:00,00000007180,20231004050000,0.325,0.076,0.007,0.0,0.0,0.0,1.0,4,0.0,0.0,23.38,2.15,589253
2023-10-04 06:00:00,00000007180,20231004060000,0.116,0.068,0.005,0.0,0.0,0.0,1.0,4,0.0,0.0,58.62,4.31,589253
2023-10-04 07:00:00,00000007180,20231004070000,0.163,0.117,0.0,0.0,0.0,0.0,1.0,4,0.0,0.0,71.78,0.0,589253
2023-10-04 08:00:00,00000007180,20231004080000,0.161,0.115,0.0,0.0,0.0,0.0,1.0,4,0.0,0.0,71.43,0.0,589253
2023-10-04 09:00:00,00000007180,20231004090000,0.164,0.117,0.0,0.0,0.0,0.0,1.0,4,0.0,0.0,71.34,0.0,589253
2023-10-04 10:00:00,00000007180,20231004100000,0.137,0.092,0.006,0.0,0.0,0.0,1.0,4,0.0,0.0,67.15,4.38,589253
2023-10-04 11:00:00,00000007180,20231004110000,0.108,0.054,0.0,0.0,0.0,0.0,1.0,4,0.0,0.0,50.0,0.0,589253
2023-10-04 12:00:00,00000007180,20231004120000,0.162,0.112,0.0,0.0,0.0,0.0,1.0,4,0.0,0.0,69.14,0.0,589253
2023-10-04 13:00:00,00000007180,20231004130000,0.165,0.12,0.0,0.0,0.0,0.0,1.0,4,0.0,0.0,72.73,0.0,589253
2023-10-04 14:00:00,00000007180,20231004140000,0.162,0.113,0.0,0.0,0.0,0.0,1.0,4,0.0,0.0,69.75,0.0,589253
2023-10-04 15:00:00,00000007180,20231004150000,0.147,0.105,0.007,0.0,0.0,0.0,1.0,4,0.0,0.0,71.43,4.76,589253
2023-10-04 16:00:00,00000007180,20231004160000,0.098,0.047,0.003,0.0,0.0,0.0,1.0,4,0.0,0.0,47.96,3.06,589253
2023-10-04 17:00:00,00000007180,20231004170000,0.167,0.119,0.0,0.0,0.0,0.0,1.0,4,0.0,0.0,71.26,0.0,589253
2023-10-04 18:00:00,00000007180,20231004180000,0.164,0.116,0.0,0.0,0.0,0.0,1.0,4,0.0,0.0,70.73,0.0,589253
2023-10-04 19:00:00,00000007180,20231004190000,0.154,0.098,0.0,0.0,0.0,0.0,1.0,4,0.0,0.0,63.64,0.0,589253
2023-10-04 20:00:00,00000007180,20231004200000,0.156,0.104,0.0,0.0,0.0,0.0,1.0,4,0.0,0.0,66.67,0.0,589253
2023-10-04 21:00:00,00000007180,20231004210000,0.154,0.103,0.0,0.0,0.0,0.0,1.0,4,0.0,0.0,66.88,0.0,589253
2023-10-04 22:00:00,00000007180,20231004220000,0.153,0.102,0.0,0.0,0.0,0.0,1.0,4,0.0,0.0,66.67,0.0,589253
2023-10-04 23:00:00,00000007180,20231004230000,0.156,0.11,0.0,0.0,0.0,0.0,1.0,4,0.0,0.0,70.51,0.0,589253
2023-10-05 00:00:00,00000007180,20231005000000,0.156,0.11,0.0,0.0,0.0,0.0,1.0,4,0.0,0.0,70.51,0.0,589253
2023-10-05 01:00:00,00000007180,20231005010000,0.154,0.11,0.0,0.0,0.0,0.0,1.0,4,0.0,0.0,71.43,0.0,589253
2023-10-05 02:00:00,00000007180,20231005020000,0.156,0.117,0.0,0.0,0.0,0.0,1.0,4,0.0,0.0,75.0,0.0,589253
2023-10-05 03:00:00,00000007180,20231005030000,0.154,0.113,0.0,0.0,0.0,0.0,1.0,4,0.0,0.0,73.38,0.0,589253
2023-10-05 04:00:00,00000007180,20231005040000,0.151,0.11,0.0,0.0,0.0,0.0,1.0,4,0.0,0.0,72.85,0.0,589253
2023-10-05 05:00:00,00000007180,20231005050000,0.138,0.103,0.007,0.0,0.0,0.0,1.0,4,0.0,0.0,74.64,5.07,589253
2023-10-05 06:00:00,00000007180,20231005060000,0.064,0.026,0.013,0.0,0.0,0.0,1.0,4,0.0,0.0,40.62,20.31,589253
2023-10-05 07:00:00,00000007180,20231005070000,0.098,0.051,0.002,0.0,0.0,0.0,1.0,4,0.0,0.0,52.04,2.04,589253
2023-10-05 08:00:00,00000007180,20231005080000,0.154,0.114,0.0,0.0,0.0,0.0,1.0,4,0.0,0.0,74.03,0.0,589253
2023-10-05 09:00:00,00000007180,20231005090000,0.159,0.12,0.0,0.0,0.0,0.0,1.0,4,0.0,0.0,75.47,0.0,589253
2023-10-05 10:00:00,00000007180,20231005100000,0.157,0.117,0.0,0.0,0.0,0.0,1.0,4,0.0,0.0,74.52,0.0,589253
2023-10-05 11:00:00,00000007180,20231005110000,0.151,0.109,0.0,0.0,0.0,0.0,1.0,4,0.0,0.0,72.19,0.0,589253
2023-10-05 12:00:00,00000007180,20231005120000,0.066,0.017,0.013,0.0,0.0,0.0,1.0,4,0.0,0.0,25.76,19.7,589253
2023-10-05 13:00:00,00000007180,20231005130000,0.177,0.059,0.0,0.0,0.0,0.0,1.0,4,0.0,0.0,33.33,0.0,589253
2023-10-05 14:00:00,00000007180,20231005140000,0.207,0.09,0.0,0.0,0.0,0.0,1.0,4,0.0,0.0,43.48,0.0,589253
2023-10-05 15:00:00,00000007180,20231005150000,0.206,0.09,0.0,0.0,0.0,0.0,1.0,4,0.0,0.0,43.69,0.0,589253
2023-10-05 16:00:00,00000007180,20231005160000,0.193,0.092,0.0,0.0,0.0,0.0,1.0,4,0.0,0.0,47.67,0.0,589253
2023-10-05 17:00:00,00000007180,20231005170000,0.115,0.067,0.009,0.0,0.0,0.0,1.0,4,0.0,0.0,58.26,7.83,589253
2023-10-05 18:00:00,00000007180,20231005180000,0.063,0.017,0.009,0.0,0.0,0.0,1.0,4,0.0,0.0,26.98,14.29,589253
2023-10-05 19:00:00,00000007180,20231005190000,0.15,0.08,0.0,0.0,0.0,0.0,1.0,4,0.0,0.0,53.33,0.0,589253
2023-10-05 20:00:00,00000007180,20231005200000,0.147,0.082,0.0,0.0,0.0,0.0,1.0,4,0.0,0.0,55.78,0.0,589253
2023-10-05 21:00:00,00000007180,20231005210000,0.148,0.085,0.0,0.0,0.0,0.0,1.0,4,0.0,0.0,57.43,0.0,589253
2023-10-05 22:00:00,00000007180,20231005220000,0.147,0.086,0.0,0.0,0.0,0.0,1.0,4,0.0,0.0,58.5,0.0,589253
2023-10-05 23:00:00,00000007180,20231005230000,0.08,0.031,0.009,0.0,0.0,0.0,1.0,4,0.0,0.0,38.75,11.25,589253
2023-10-06 00:00:00,00000007180,20231006000000,0.093,0.044,0.01,0.0,0.0,0.0,1.0,4,0.0,0.0,47.31,10.75,589253
2023-10-06 01:00:00,00000007180,20231006010000,0.149,0.089,0.0,0.0,0.0,0.0,1.0,4,0.0,0.0,59.73,0.0,589253
2023-10-06 02:00:00,00000007180,20231006020000,0.148,0.091,0.0,0.0,0.0,0.0,1.0,4,0.0,0.0,61.49,0.0,589253
2023-10-06 03:00:00,00000007180,20231006030000,0.144,0.089,0.0,0.0,0.0,0.0,1.0,4,0.0,0.0,61.81,0.0,589253
2023-10-06 04:00:00,00000007180,20231006040000,0.107,0.059,0.007,0.0,0.0,0.0,1.0,4,0.0,0.0,55.14,6.54,589253
2023-10-06 05:00:00,00000007180,20231006050000,0.062,0.017,0.011,0.0,0.0,0.0,1.0,4,0.0,0.0,27.42,17.74,589253
2023-10-06 06:00:00,00000007180,20231006060000,0.142,0.08,0.0,0.0,0.0,0.0,1.0,4,0.0,0.0,56.34,0.0,589253
2023-10-06 07:00:00,00000007180,20231006070000,0.149,0.095,0.0,0.0,0.0,0.0,1.0,4,0.0,0.0,63.76,0.0,589253
2023-10-06 08:00:00,00000007180,20231006080000,0.149,0.095,0.0,0.0,0.0,0.0,1.0,4,0.0,0.0,63.76,0.0,589253
2023-10-06 09:00:00,00000007180,20231006090000,0.135,0.08,0.0,0.0,0.0,0.0,1.0,4,0.0,0.0,59.26,0.0,589253
2023-10-06 10:00:00,00000007180,20231006100000,0.061,0.017,0.011,0.0,0.0,0.0,1.0,4,0.0,0.0,27.87,18.03,589253
2023-10-06 11:00:00,00000007180,20231006110000,0.116,0.06,0.008,0.0,0.0,0.0,1.0,4,0.0,0.0,51.72,6.9,589253
2023-10-06 12:00:00,00000007180,20231006120000,0.144,0.085,0.0,0.0,0.0,0.0,1.0,4,0.0,0.0,59.03,0.0,589253
2023-10-06 13:00:00,00000007180,20231006130000,0.148,0.092,0.0,0.0,0.0,0.0,1.0,4,0.0,0.0,62.16,0.0,589253
2023-10-06 14:00:00,00000007180,20231006140000,0.151,0.092,0.0,0.0,0.0,0.0,1.0,4,0.0,0.0,60.93,0.0,589253
2023-10-06 15:00:00,00000007180,20231006150000,0.102,0.054,0.009,0.0,0.0,0.0,1.0,4,0.0,0.0,52.94,8.82,589253
2023-10-06 16:00:00,00000007180,20231006160000,0.076,0.027,0.008,0.0,0.0,0.0,1.0,4,0.0,0.0,35.53,10.53,589253
2023-10-06 17:00:00,00000007180,20231006170000,0.148,0.081,0.0,0.0,0.0,0.0,1.0,4,0.0,0.0,54.73,0.0,589253
2023-10-06 18:00:00,00000007180,20231006180000,0.149,0.089,0.0,0.0,0.0,0.0,1.0,4,0.0,0.0,59.73,0.0,589253
2023-10-06 19:00:00,00000007180,20231006190000,0.147,0.079,0.0,0.0,0.0,0.0,1.0,4,0.0,0.0,53.74,0.0,589253
2023-10-06 20:00:00,00000007180,20231006200000,0.127,0.064,0.0,0.0,0.0,0.0,1.0,4,0.0,0.0,50.39,0.0,589253
2023-10-06 21:00:00,00000007180,20231006210000,0.062,0.015,0.009,0.0,0.0,0.0,1.0,4,0.0,0.0,24.19,14.52,589253
2023-10-06 22:00:00,00000007180,20231006220000,0.126,0.058,0.0,0.0,0.0,0.0,1.0,4,0.0,0.0,46.03,0.0,589253
2023-10-06 23:00:00,00000007180,20231006230000,0.148,0.086,0.0,0.0,0.0,0.0,1.0,4,0.0,0.0,58.11,0.0,589253
2023-10-07 00:00:00,00000007180,20231007000000,0.15,0.093,0.0,0.0,0.0,0.0,1.0,4,0.0,0.0,62.0,0.0,589253
2023-10-07 01:00:00,00000007180,20231007010000,0.131,0.077,0.0,0.0,0.0,0.0,1.0,4,0.0,0.0,58.78,0.0,589253
2023-10-07 02:00:00,00000007180,20231007020000,0.062,0.019,0.011,0.0,0.0,0.0,1.0,4,0.0,0.0,30.65,17.74,589253
2023-10-07 03:00:00,00000007180,20231007030000,0.127,0.071,0.007,0.0,0.0,0.0,1.0,4,0.0,0.0,55.91,5.51,589253
2023-10-07 04:00:00,00000007180,20231007040000,0.144,0.089,0.0,0.0,0.0,0.0,1.0,4,0.0,0.0,61.81,0.0,589253
2023-10-07 05:00:00,00000007180,20231007050000,0.147,0.091,0.0,0.0,0.0,0.0,1.0,4,0.0,0.0,61.9,0.0,589253
2023-10-07 06:00:00,00000007180,20231007060000,0.122,0.074,0.007,0.0,0.0,0.0,1.0,4,0.0,0.0,60.66,5.74,589253
2023-10-07 07:00:00,00000007180,20231007070000,0.064,0.02,0.009,0.0,0.0,0.0,1.0,4,0.0,0.0,31.25,14.06,589253
2023-10-07 08:00:00,00000007180,20231007080000,0.138,0.077,0.0,0.0,0.0,0.0,1.0,4,0.0,0.0,55.8,0.0,589253
2023-10-07 09:00:00,00000007180,20231007090000,0.148,0.091,0.0,0.0,0.0,0.0,1.0,4,0.0,0.0,61.49,0.0,589253
2023-10-07 10:00:00,00000007180,20231007100000,0.15,0.094,0.0,0.0,0.0,0.0,1.0,4,0.0,0.0,62.67,0.0,589253
2023-10-07 11:00:00,00000007180,20231007110000,0.134,0.079,0.0,0.0,0.0,0.0,1.0,4,0.0,0.0,58.96,0.0,589253
2023-10-07 12:00:00,00000007180,20231007120000,0.063,0.016,0.01,0.0,0.0,0.0,1.0,4,0.0,0.0,25.4,15.87,589253
2023-10-07 13:00:00,00000007180,20231007130000,0.127,0.067,0.007,0.0,0.0,0.0,1.0,4,0.0,0.0,52.76,5.51,589253
2023-10-07 14:00:00,00000007180,20231007140000,0.15,0.091,0.0,0.0,0.0,0.0,1.0,4,0.0,0.0,60.67,0.0,589253
2023-10-07 15:00:00,00000007180,20231007150000,0.148,0.086,0.0,0.0,0.0,0.0,1.0,4,0.0,0.0,58.11,0.0,589253
2023-10-07 16:00:00,00000007180,20231007160000,0.148,0.086,0.0,0.0,0.0,0.0,1.0,4,0.0,0.0,58.11,0.0,589253
2023-10-07 17:00:00,00000007180,20231007170000,0.102,0.047,0.004,0.0,0.0,0.0,1.0,4,0.0,0.0,46.08,3.92,589253
2023-10-07 18:00:00,00000007180,20231007180000,0.076,0.021,0.005,0.0,0.0,0.0,1.0,4,0.0,0.0,27.63,6.58,589253
2023-10-07 19:00:00,00000007180,20231007190000,0.142,0.068,0.0,0.0,0.0,0.0,1.0,4,0.0,0.0,47.89,0.0,589253
2023-10-07 20:00:00,00000007180,20231007200000,0.145,0.08,0.0,0.0,0.0,0.0,1.0,4,0.0,0.0,55.17,0.0,589253
2023-10-07 21:00:00,00000007180,20231007210000,0.144,0.08,0.0,0.0,0.0,0.0,1.0,4,0.0,0.0,55.56,0.0,589253
2023-10-07 22:00:00,00000007180,20231007220000,0.111,0.06,0.01,0.0,0.0,0.0,1.0,4,0.0,0.0,54.05,9.01,589253
2023-10-07 23:00:00,00000007180,20231007230000,0.062,0.015,0.009,0.0,0.0,0.0,1.0,4,0.0,0.0,24.19,14.52,589253
2023-10-08 00:00:00,00000007180,20231008000000,0.143,0.074,0.0,0.0,0.0,0.0,1.0,4,0.0,0.0,51.75,0.0,589253
2023-10-08 01:00:00,00000007180,20231008010000,0.148,0.089,0.0,0.0,0.0,0.0,1.0,4,0.0,0.0,60.14,0.0,589253
2023-10-08 02:00:00,00000007180,20231008020000,0.149,0.091,0.0,0.0,0.0,0.0,1.0,4,0.0,0.0,61.07,0.0,589253
2023-10-08 03:00:00,00000007180,20231008030000,0.098,0.048,0.004,0.0,0.0,0.0,1.0,4,0.0,0.0,48.98,4.08,589253
2023-10-08 04:00:00,00000007180,20231008040000,0.075,0.027,0.01,0.0,0.0,0.0,1.0,4,0.0,0.0,36.0,13.33,589253
2023-10-08 05:00:00,00000007180,20231008050000,0.141,0.078,0.0,0.0,0.0,0.0,1.0,4,0.0,0.0,55.32,0.0,589253
2023-10-08 06:00:00,00000007180,20231008060000,0.14,0.083,0.0,0.0,0.0,0.0,1.0,4,0.0,0.0,59.29,0.0,589253
2023-10-08 07:00:00,00000007180,20231008070000,0.146,0.093,0.0,0.0,0.0,0.0,1.0,4,0.0,0.0,63.7,0.0,589253
2023-10-08 08:00:00,00000007180,20231008080000,0.097,0.054,0.01,0.0,0.0,0.0,1.0,4,0.0,0.0,55.67,10.31,589253
2023-10-08 09:00:00,00000007180,20231008090000,0.075,0.027,0.009,0.0,0.0,0.0,1.0,4,0.0,0.0,36.0,12.0,589253
2023-10-08 10:00:00,00000007180,20231008100000,0.145,0.081,0.0,0.0,0.0,0.0,1.0,4,0.0,0.0,55.86,0.0,589253
2023-10-08 11:00:00,00000007180,20231008110000,0.149,0.09,0.0,0.0,0.0,0.0,1.0,4,0.0,0.0,60.4,0.0,589253
2023-10-08 12:00:00,00000007180,20231008120000,0.146,0.087,0.0,0.0,0.0,0.0,1.0,4,0.0,0.0,59.59,0.0,589253
2023-10-08 13:00:00,00000007180,20231008130000,0.059,0.014,0.013,0.0,0.0,0.0,1.0,4,0.0,0.0,23.73,22.03,589253
2023-10-08 14:00:00,00000007180,20231008140000,0.114,0.054,0.004,0.0,0.0,0.0,1.0,4,0.0,0.0,47.37,3.51,589253
2023-10-08 15:00:00,00000007180,20231008150000,0.146,0.083,0.0,0.0,0.0,0.0,1.0,4,0.0,0.0,56.85,0.0,589253
2023-10-08 16:00:00,00000007180,20231008160000,0.149,0.089,0.0,0.0,0.0,0.0,1.0,4,0.0,0.0,59.73,0.0,589253
2023-10-08 17:00:00,00000007180,20231008170000,0.15,0.088,0.0,0.0,0.0,0.0,1.0,4,0.0,0.0,58.67,0.0,589253
2023-10-08 18:00:00,00000007180,20231008180000,0.114,0.062,0.009,0.0,0.0,0.0,1.0,4,0.0,0.0,54.39,7.89,589253
2023-10-08 19:00:00,00000007180,20231008190000,0.061,0.011,0.009,0.0,0.0,0.0,1.0,4,0.0,0.0,18.03,14.75,589253
2023-10-08 20:00:00,00000007180,20231008200000,0.141,0.069,0.0,0.0,0.0,0.0,1.0,4,0.0,0.0,48.94,0.0,589253
2023-10-08 21:00:00,00000007180,20231008210000,0.148,0.081,0.0,0.0,0.0,0.0,1.0,4,0.0,0.0,54.73,0.0,589253
2023-10-08 22:00:00,00000007180,20231008220000,0.147,0.085,0.0,0.0,0.0,0.0,1.0,4,0.0,0.0,57.82,0.0,589253
2023-10-08 23:00:00,00000007180,20231008230000,0.101,0.05,0.007,0.0,0.0,0.0,1.0,4,0.0,0.0,49.5,6.93,589253
2023-10-09 00:00:00,00000007180,20231009000000,0.073,0.023,0.01,0.0,0.0,0.0,1.0,4,0.0,0.0,31.51,13.7,589253
2023-10-09 01:00:00,00000007180,20231009010000,0.145,0.081,0.0,0.0,0.0,0.0,1.0,4,0.0,0.0,55.86,0.0,589253
2023-10-09 02:00:00,00000007180,20231009020000,0.148,0.09,0.0,0.0,0.0,0.0,1.0,4,0.0,0.0,60.81,0.0,589253
2023-10-09 03:00:00,00000007180,20231009030000,0.146,0.088,0.0,0.0,0.0,0.0,1.0,4,0.0,0.0,60.27,0.0,589253
2023-10-09 04:00:00,00000007180,20231009040000,0.069,0.022,0.008,0.0,0.0,0.0,1.0,4,0.0,0.0,31.88,11.59,589253
2023-10-09 05:00:00,00000007180,20231009050000,0.092,0.035,0.004,0.0,0.0,0.0,1.0,4,0.0,0.0,38.04,4.35,589253
2023-10-09 06:00:00,00000007180,20231009060000,0.146,0.083,0.0,0.0,0.0,0.0,1.0,4,0.0,0.0,56.85,0.0,589253
2023-10-09 07:00:00,00000007180,20231009070000,0.148,0.093,0.0,0.0,0.0,0.0,1.0,4,0.0,0.0,62.84,0.0,589253
2023-10-09 08:00:00,00000007180,20231009080000,0.149,0.096,0.0,0.0,0.0,0.0,1.0,4,0.0,0.0,64.43,0.0,589253
2023-10-09 09:00:00,00000007180,20231009090000,0.103,0.051,0.003,0.0,0.0,0.0,1.0,4,0.0,0.0,49.51,2.91,589253
2023-10-09 10:00:00,00000007180,20231009100000,0.067,0.021,0.009,0.0,0.0,0.0,1.0,4,0.0,0.0,31.34,13.43,589253
2023-10-09 11:00:00,00000007180,20231009110000,0.14,0.077,0.0,0.0,0.0,0.0,1.0,4,0.0,0.0,55.0,0.0,589253
2023-10-09 12:00:00,00000007180,20231009120000,0.142,0.086,0.0,0.0,0.0,0.0,1.0,4,0.0,0.0,60.56,0.0,589253
2023-10-09 13:00:00,00000007180,20231009130000,0.148,0.094,0.0,0.0,0.0,0.0,1.0,4,0.0,0.0,63.51,0.0,589253
2023-10-09 14:00:00,00000007180,20231009140000,0.09,0.042,0.009,0.0,0.0,0.0,1.0,4,0.0,0.0,46.67,10.0,589253
2023-10-09 15:00:00,00000007180,20231009150000,0.115,0.056,0.0,0.0,0.0,0.0,1.0,4,0.0,0.0,48.7,0.0,589253
2023-10-09 16:00:00,00000007180,20231009160000,0.149,0.09,0.0,0.0,0.0,0.0,1.0,4,0.0,0.0,60.4,0.0,589253
2023-10-09 17:00:00,00000007180,20231009170000,0.149,0.09,0.0,0.0,0.0,0.0,1.0,4,0.0,0.0,60.4,0.0,589253
2023-10-09 18:00:00,00000007180,20231009180000,0.147,0.087,0.0,0.0,0.0,0.0,1.0,4,0.0,0.0,59.18,0.0,589253
2023-10-09 19:00:00,00000007180,20231009190000,0.116,0.054,0.0,0.0,0.0,0.0,1.0,4,0.0,0.0,46.55,0.0,589253
2023-10-09 20:00:00,00000007180,20231009200000,0.061,0.013,0.009,0.0,0.0,0.0,1.0,4,0.0,0.0,21.31,14.75,589253
2023-10-09 21:00:00,00000007180,20231009210000,0.133,0.07,0.003,0.0,0.0,0.0,1.0,4,0.0,0.0,52.63,2.26,589253
2023-10-09 22:00:00,00000007180,20231009220000,0.139,0.078,0.0,0.0,0.0,0.0,1.0,4,0.0,0.0,56.12,0.0,589253
2023-10-09 23:00:00,00000007180,20231009230000,0.142,0.082,0.0,0.0,0.0,0.0,1.0,4,0.0,0.0,57.75,0.0,589253
2023-10-10 00:00:00,00000007180,20231010000000,0.147,0.09,0.0,0.0,0.0,0.0,1.0,4,0.0,0.0,61.22,0.0,589253
2023-10-10 01:00:00,00000007180,20231010010000,0.093,0.047,0.009,0.0,0.0,0.0,1.0,4,0.0,0.0,50.54,9.68,589253
2023-10-10 02:00:00,00000007180,20231010020000,0.075,0.028,0.01,0.0,0.0,0.0,1.0,4,0.0,0.0,37.33,13.33,589253
2023-10-10 03:00:00,00000007180,20231010030000,0.142,0.086,0.0,0.0,0.0,0.0,1.0,4,0.0,0.0,60.56,0.0,589253
2023-10-10 04:00:00,00000007180,20231010040000,0.137,0.079,0.0,0.0,0.0,0.0,1.0,4,0.0,0.0,57.66,0.0,589253
2023-10-10 05:00:00,00000007180,20231010050000,0.143,0.086,0.0,0.0,0.0,0.0,1.0,4,0.0,0.0,60.14,0.0,589253
2023-10-10 06:00:00,00000007180,20231010060000,0.125,0.067,0.0,0.0,0.0,0.0,1.0,4,0.0,0.0,53.6,0.0,589253
2023-10-10 07:00:00,00000007180,20231010070000,0.056,0.016,0.013,0.0,0.0,0.0,1.0,4,0.0,0.0,28.57,23.21,589253
2023-10-10 08:00:00,00000007180,20231010080000,0.1,0.044,0.006,0.0,0.0,0.0,1.0,4,0.0,0.0,44.0,6.0,589253
2023-10-10 09:00:00,00000007180,20231010090000,0.143,0.083,0.0,0.0,0.0,0.0,1.0,4,0.0,0.0,58.04,0.0,589253
2023-10-10 10:00:00,00000007180,20231010100000,0.146,0.089,0.0,0.0,0.0,0.0,1.0,4,0.0,0.0,60.96,0.0,589253
2023-10-10 11:00:00,00000007180,20231010110000,0.124,0.071,0.003,0.0,0.0,0.0,1.0,4,0.0,0.0,57.26,2.42,589253
2023-10-10 12:00:00,00000007180,20231010120000,0.054,0.013,0.015,0.0,0.0,0.0,1.0,4,0.0,0.0,24.07,27.78,589253
2023-10-10 13:00:00,00000007180,20231010130000,0.12,0.057,0.0,0.0,0.0,0.0,1.0,4,0.0,0.0,47.5,0.0,589253
2023-10-10 14:00:00,00000007180,20231010140000,0.147,0.088,0.0,0.0,0.0,0.0,1.0,4,0.0,0.0,59.86,0.0,589253
2023-10-10 15:00:00,00000007180,20231010150000,0.149,0.093,0.0,0.0,0.0,0.0,1.0,4,0.0,0.0,62.42,0.0,589253
2023-10-10 16:00:00,00000007180,20231010160000,0.149,0.092,0.0,0.0,0.0,0.0,1.0,4,0.0,0.0,61.74,0.0,589253
2023-10-10 17:00:00,00000007180,20231010170000,0.074,0.026,0.008,0.0,0.0,0.0,1.0,4,0.0,0.0,35.14,10.81,589253
2023-10-10 18:00:00,00000007180,20231010180000,0.086,0.031,0.006,0.0,0.0,0.0,1.0,4,0.0,0.0,36.05,6.98,589253
2023-10-10 19:00:00,00000007180,20231010190000,0.138,0.07,0.0,0.0,0.0,0.0,1.0,4,0.0,0.0,50.72,0.0,589253
2023-10-10 20:00:00,00000007180,20231010200000,0.146,0.081,0.0,0.0,0.0,0.0,1.0,4,0.0,0.0,55.48,0.0,589253
2023-10-10 21:00:00,00000007180,20231010210000,0.145,0.084,0.0,0.0,0.0,0.0,1.0,4,0.0,0.0,57.93,0.0,589253
2023-10-10 22:00:00,00000007180,20231010220000,0.08,0.033,0.009,0.0,0.0,0.0,1.0,4,0.0,0.0,41.25,11.25,589253
2023-10-10 23:00:00,00000007180,20231010230000,0.088,0.038,0.009,0.0,0.0,0.0,1.0,4,0.0,0.0,43.18,10.23,589253
2023-10-11 00:00:00,00000007180,20231011000000,0.137,0.075,0.0,0.0,0.0,0.0,1.0,4,0.0,0.0,54.74,0.0,589253
2023-10-11 01:00:00,00000007180,20231011010000,0.14,0.086,0.0,0.0,0.0,0.0,1.0,4,0.0,0.0,61.43,0.0,589253
2023-10-11 02:00:00,00000007180,20231011020000,0.148,0.092,0.0,0.0,0.0,0.0,1.0,4,0.0,0.0,62.16,0.0,589253
2023-10-11 03:00:00,00000007180,20231011030000,0.085,0.04,0.009,0.0,0.0,0.0,1.0,4,0.0,0.0,47.06,10.59,589253
2023-10-11 04:00:00,00000007180,20231011040000,0.063,0.019,0.01,0.0,0.0,0.0,1.0,4,0.0,0.0,30.16,15.87,589253
2023-10-11 05:00:00,00000007180,20231011050000,0.134,0.073,0.0,0.0,0.0,0.0,1.0,4,0.0,0.0,54.48,0.0,589253
2023-10-11 06:00:00,00000007180,20231011060000,0.138,0.082,0.0,0.0,0.0,0.0,1.0,4,0.0,0.0,59.42,0.0,589253
2023-10-11 07:00:00,00000007180,20231011070000,0.147,0.094,0.0,0.0,0.0,0.0,1.0,4,0.0,0.0,63.95,0.0,589253
2023-10-11 08:00:00,00000007180,20231011080000,0.148,0.095,0.0,0.0,0.0,0.0,1.0,4,0.0,0.0,64.19,0.0,589253
2023-10-11 09:00:00,00000007180,20231011090000,0.089,0.041,0.006,0.0,0.0,0.0,1.0,4,0.0,0.0,46.07,6.74,589253
2023-10-11 10:00:00,00000007180,20231011100000,0.068,0.02,0.01,0.0,0.0,0.0,1.0,4,0.0,0.0,29.41,14.71,589253
2023-10-11 11:00:00,00000007180,20231011110000,0.139,0.078,0.0,0.0,0.0,0.0,1.0,4,0.0,0.0,56.12,0.0,589253
2023-10-11 12:00:00,00000007180,20231011120000,0.15,0.097,0.0,0.0,0.0,0.0,1.0,4,0.0,0.0,64.67,0.0,589253
2023-10-11 13:00:00,00000007180,20231011130000,0.15,0.098,0.0,0.0,0.0,0.0,1.0,4,0.0,0.0,65.33,0.0,589253
2023-10-11 14:00:00,00000007180,20231011140000,0.111,0.056,0.0,0.0,0.0,0.0,1.0,4,0.0,0.0,50.45,0.0,589253
2023-10-11 15:00:00,00000007180,20231011150000,0.063,0.019,0.009,0.0,0.0,0.0,1.0,4,0.0,0.0,30.16,14.29,589253
2023-10-11 16:00:00,00000007180,20231011160000,0.141,0.077,0.001,0.0,0.0,0.0,1.0,4,0.0,0.0,54.61,0.71,589253
2023-10-11 17:00:00,00000007180,20231011170000,0.143,0.087,0.0,0.0,0.0,0.0,1.0,4,0.0,0.0,60.84,0.0,589253
2023-10-11 18:00:00,00000007180,20231011180000,0.147,0.09,0.0,0.0,0.0,0.0,1.0,4,0.0,0.0,61.22,0.0,589253
2023-10-11 19:00:00,00000007180,20231011190000,0.11,0.056,0.006,0.0,0.0,0.0,1.0,4,0.0,0.0,50.91,5.45,589253
2023-10-11 20:00:00,00000007180,20231011200000,0.06,0.013,0.009,0.0,0.0,0.0,1.0,4,0.0,0.0,21.67,15.0,589253
2023-10-11 21:00:00,00000007180,20231011210000,0.131,0.063,0.0,0.0,0.0,0.0,1.0,4,0.0,0.0,48.09,0.0,589253
2023-10-11 22:00:00,00000007180,20231011220000,0.138,0.075,0.0,0.0,0.0,0.0,1.0,4,0.0,0.0,54.35,0.0,589253
2023-10-11 23:00:00,00000007180,20231011230000,0.137,0.079,0.0,0.0,0.0,0.0,1.0,4,0.0,0.0,57.66,0.0,589253
2023-10-12 00:00:00,00000007180,20231012000000,0.087,0.039,0.009,0.0,0.0,0.0,1.0,4,0.0,0.0,44.83,10.34,589253
2023-10-12 01:00:00,00000007180,20231012010000,0.083,0.034,0.009,0.0,0.0,0.0,1.0,4,0.0,0.0,40.96,10.84,589253
2023-10-12 02:00:00,00000007180,20231012020000,0.142,0.081,0.0,0.0,0.0,0.0,1.0,4,0.0,0.0,57.04,0.0,589253
2023-10-12 03:00:00,00000007180,20231012030000,0.136,0.08,0.0,0.0,0.0,0.0,1.0,4,0.0,0.0,58.82,0.0,589253
2023-10-12 04:00:00,00000007180,20231012040000,0.143,0.088,0.0,0.0,0.0,0.0,1.0,4,0.0,0.0,61.54,0.0,589253
2023-10-12 05:00:00,00000007180,20231012050000,0.145,0.091,0.0,0.0,0.0,0.0,1.0,4,0.0,0.0,62.76,0.0,589253
2023-10-12 06:00:00,00000007180,20231012060000,0.058,0.015,0.012,0.0,0.0,0.0,1.0,4,0.0,0.0,25.86,20.69,589253
2023-10-12 07:00:00,00000007180,20231012070000,0.082,0.03,0.007,0.0,0.0,0.0,1.0,4,0.0,0.0,36.59,8.54,589253
2023-10-12 08:00:00,00000007180,20231012080000,0.143,0.082,0.0,0.0,0.0,0.0,1.0,4,0.0,0.0,57.34,0.0,589253
2023-10-12 09:00:00,00000007180,20231012090000,0.145,0.09,0.0,0.0,0.0,0.0,1.0,4,0.0,0.0,62.07,0.0,589253
2023-10-12 10:00:00,00000007180,20231012100000,0.115,0.062,0.005,0.0,0.0,0.0,1.0,4,0.0,0.0,53.91,4.35,589253
2023-10-12 11:00:00,00000007180,20231012110000,0.056,0.014,0.014,0.0,0.0,0.0,1.0,4,0.0,0.0,25.0,25.0,589253
2023-10-12 12:00:00,00000007180,20231012120000,0.122,0.059,0.0,0.0,0.0,0.0,1.0,4,0.0,0.0,48.36,0.0,589253
2023-10-12 13:00:00,00000007180,20231012130000,0.146,0.086,0.0,0.0,0.0,0.0,1.0,4,0.0,0.0,58.9,0.0,589253
2023-10-12 14:00:00,00000007180,20231012140000,0.144,0.086,0.0,0.0,0.0,0.0,1.0,4,0.0,0.0,59.72,0.0,589253
2023-10-12 15:00:00,00000007180,20231012150000,0.079,0.03,0.007,0.0,0.0,0.0,1.0,4,0.0,0.0,37.97,8.86,589253
2023-10-12 16:00:00,00000007180,20231012160000,0.079,0.026,0.007,0.0,0.0,0.0,1.0,4,0.0,0.0,32.91,8.86,589253
2023-10-12 17:00:00,00000007180,20231012170000,0.144,0.079,0.0,0.0,0.0,0.0,1.0,4,0.0,0.0,54.86,0.0,589253
2023-10-12 18:00:00,00000007180,20231012180000,0.146,0.082,0.0,0.0,0.0,0.0,1.0,4,0.0,0.0,56.16,0.0,589253
2023-10-12 19:00:00,00000007180,20231012190000,0.142,0.076,0.0,0.0,0.0,0.0,1.0,4,0.0,0.0,53.52,0.0,589253
2023-10-12 20:00:00,00000007180,20231012200000,0.052,0.009,0.015,0.0,0.0,0.0,1.0,4,0.0,0.0,17.31,28.85,589253
2023-10-12 21:00:00,00000007180,20231012210000,0.099,0.035,0.003,0.0,0.0,0.0,1.0,4,0.0,0.0,35.35,3.03,589253
2023-10-12 22:00:00,00000007180,20231012220000,0.156,0.072,0.0,0.0,0.0,0.0,1.0,4,0.0,0.0,46.15,0.0,589253
2023-10-12 23:00:00,00000007180,20231012230000,0.253,0.067,0.0,0.0,0.0,0.0,1.0,4,0.0,0.0,26.48,0.0,589253
2023-10-13 00:00:00,00000007180,20231013000000,0.228,0.064,0.0,0.0,0.0,0.0,1.0,4,0.0,0.0,28.07,0.0,589253
2023-10-13 01:00:00,00000007180,20231013010000,0.135,0.057,0.009,0.0,0.0,0.0,1.0,4,0.0,0.0,42.22,6.67,589253
2023-10-13 02:00:00,00000007180,20231013020000,0.103,0.032,0.011,0.0,0.0,0.0,1.0,4,0.0,0.0,31.07,10.68,589253
2023-10-13 03:00:00,00000007180,20231013030000,0.163,0.084,0.0,0.0,0.0,0.0,1.0,4,0.0,0.0,51.53,0.0,589253
2023-10-13 04:00:00,00000007180,20231013040000,0.152,0.074,0.0,0.0,0.0,0.0,1.0,4,0.0,0.0,48.68,0.0,589253
2023-10-13 05:00:00,00000007180,20231013050000,0.156,0.076,0.0,0.0,0.0,0.0,1.0,4,0.0,0.0,48.72,0.0,589253
2023-10-13 06:00:00,00000007180,20231013060000,0.156,0.078,0.0,0.0,0.0,0.0,1.0,4,0.0,0.0,50.0,0.0,589253
2023-10-13 07:00:00,00000007180,20231013070000,0.085,0.011,0.014,0.0,0.0,0.0,1.0,4,0.0,0.0,12.94,16.47,589253
2023-10-13 08:00:00,00000007180,20231013080000,0.332,0.067,0.004,0.0,0.0,0.0,1.0,4,0.0,0.0,20.18,1.2,589253
2023-10-13 09:00:00,00000007180,20231013090000,0.273,0.083,0.0,0.0,0.0,0.0,1.0,4,0.0,0.0,30.4,0.0,589253
2023-10-13 10:00:00,00000007180,20231013100000,0.201,0.082,0.0,0.0,0.0,0.0,1.0,4,0.0,0.0,40.8,0.0,589253
2023-10-13 11:00:00,00000007180,20231013110000,0.245,0.065,0.0,0.0,0.0,0.0,1.0,4,0.0,0.0,26.53,0.0,589253
2023-10-13 12:00:00,00000007180,20231013120000,0.214,0.018,0.013,0.0,0.0,0.0,1.0,4,0.0,0.0,8.41,6.07,589253
2023-10-13 13:00:00,00000007180,20231013130000,0.192,0.033,0.003,0.0,0.0,0.0,1.0,4,0.0,0.0,17.19,1.56,589253
2023-10-13 14:00:00,00000007180,20231013140000,0.224,0.07,0.0,0.0,0.0,0.0,1.0,4,0.0,0.0,31.25,0.0,589253
2023-10-13 15:00:00,00000007180,20231013150000,0.223,0.071,0.0,0.0,0.0,0.0,1.0,4,0.0,0.0,31.84,0.0,589253
2023-10-13 16:00:00,00000007180,20231013160000,0.258,0.068,0.0,0.0,0.0,0.0,1.0,4,0.0,0.0,26.36,0.0,589253
2023-10-13 17:00:00,00000007180,20231013170000,0.247,0.043,0.003,0.0,0.0,0.0,1.0,4,0.0,0.0,17.41,1.21,589253
2023-10-13 18:00:00,00000007180,20231013180000,0.244,0.006,0.012,0.0,0.0,0.0,1.0,4,0.0,0.0,2.46,4.92,589253
2023-10-13 19:00:00,00000007180,20231013190000,1.95,0.062,0.0,0.0,0.0,0.0,1.0,4,0.0,0.0,3.18,0.0,589253
2023-10-13 20:00:00,00000007180,20231013200000,1.954,0.06,0.0,0.0,0.0,0.0,1.0,4,0.0,0.0,3.07,0.0,589253
2023-10-13 21:00:00,00000007180,20231013210000,0.305,0.057,0.0,0.0,0.0,0.0,1.0,4,0.0,0.0,18.69,0.0,589253
2023-10-13 22:00:00,00000007180,20231013220000,0.357,0.06,0.0,0.0,0.0,0.0,1.0,4,0.0,0.0,16.81,0.0,589253
2023-10-13 23:00:00,00000007180,20231013230000,0.339,0.002,0.022,0.0,0.0,0.0,1.0,4,0.0,0.0,0.59,6.49,589253
2023-10-14 00:00:00,00000007180,20231014000000,0.291,0.046,0.009,0.0,0.0,0.0,1.0,4,0.0,0.0,15.81,3.09,589253
2023-10-14 01:00:00,00000007180,20231014010000,0.296,0.054,0.0,0.0,0.0,0.0,1.0,4,0.0,0.0,18.24,0.0,589253
2023-10-14 02:00:00,00000007180,20231014020000,0.242,0.058,0.0,0.0,0.0,0.0,1.0,4,0.0,0.0,23.97,0.0,589253
2023-10-14 03:00:00,00000007180,20231014030000,0.417,0.062,0.0,0.0,0.0,0.0,1.0,4,0.0,0.0,14.87,0.0,589253
2023-10-14 04:00:00,00000007180,20231014040000,0.172,0.037,0.014,0.0,0.0,0.0,1.0,4,0.0,0.0,21.51,8.14,589253
2023-10-14 05:00:00,00000007180,20231014050000,0.167,0.031,0.013,0.0,0.0,0.0,1.0,4,0.0,0.0,18.56,7.78,589253
2023-10-14 06:00:00,00000007180,20231014060000,0.218,0.067,0.0,0.0,0.0,0.0,1.0,4,0.0,0.0,30.73,0.0,589253
2023-10-14 07:00:00,00000007180,20231014070000,0.207,0.065,0.0,0.0,0.0,0.0,1.0,4,0.0,0.0,31.4,0.0,589253
2023-10-14 08:00:00,00000007180,20231014080000,0.198,0.084,0.0,0.0,0.0,0.0,1.0,4,0.0,0.0,42.42,0.0,589253
2023-10-14 09:00:00,00000007180,20231014090000,0.202,0.081,0.0,0.0,0.0,0.0,1.0,4,0.0,0.0,40.1,0.0,589253
2023-10-14 10:00:00,00000007180,20231014100000,0.728,0.035,0.01,0.0,0.0,0.0,1.0,4,0.0,0.0,4.81,1.37,589253
2023-10-14 11:00:00,00000007180,20231014110000,0.258,0.036,0.0,0.0,0.0,0.0,1.0,4,0.0,0.0,13.95,0.0,589253
2023-10-14 12:00:00,00000007180,20231014120000,0.17,0.041,0.007,0.0,0.0,0.0,1.0,4,0.0,0.0,24.12,4.12,589253
2023-10-14 13:00:00,00000007180,20231014130000,0.264,0.059,0.01,0.0,0.0,0.0,1.0,4,0.0,0.0,22.35,3.79,589253
2023-10-14 14:00:00,00000007180,20231014140000,0.17,0.044,0.0,0.0,0.0,0.0,1.0,4,0.0,0.0,25.88,0.0,589253
2023-10-14 15:00:00,00000007180,20231014150000,0.273,0.034,0.009,0.0,0.0,0.0,1.0,4,0.0,0.0,12.45,3.3,589253
2023-10-14 16:00:00,00000007180,20231014160000,0.162,0.046,0.004,0.0,0.0,0.0,1.0,4,0.0,0.0,28.4,2.47,589253
2023-10-14 17:00:00,00000007180,20231014170000,0.189,0.058,0.0,0.0,0.0,0.0,1.0,4,0.0,0.0,30.69,0.0,589253
2023-10-14 18:00:00,00000007180,20231014180000,0.154,0.027,0.009,0.0,0.0,0.0,1.0,4,0.0,0.0,17.53,5.84,589253
2023-10-14 19:00:00,00000007180,20231014190000,0.22,0.063,0.0,0.0,0.0,0.0,1.0,4,0.0,0.0,28.64,0.0,589253
2023-10-14 20:00:00,00000007180,20231014200000,0.293,0.03,0.006,0.0,0.0,0.0,1.0,4,0.0,0.0,10.24,2.05,589253
2023-10-14 21:00:00,00000007180,20231014210000,0.197,0.052,0.005,0.0,0.0,0.0,1.0,4,0.0,0.0,26.4,2.54,589253
2023-10-14 22:00:00,00000007180,20231014220000,0.194,0.056,0.009,0.0,0.0,0.0,1.0,4,0.0,0.0,28.87,4.64,589253
2023-10-14 23:00:00,00000007180,20231014230000,0.471,0.055,0.0,0.0,0.0,0.0,1.0,4,0.0,0.0,11.68,0.0,589253
2023-10-15 00:00:00,00000007180,20231015000000,0.712,0.047,0.001,0.0,0.0,0.0,1.0,4,0.0,0.0,6.6,0.14,589253
2023-10-15 01:00:00,00000007180,20231015010000,0.254,0.028,0.021,0.0,0.0,0.0,1.0,4,0.0,0.0,11.02,8.27,589253
2023-10-15 02:00:00,00000007180,20231015020000,0.288,0.055,0.0,0.0,0.0,0.0,1.0,4,0.0,0.0,19.1,0.0,589253
2023-10-15 03:00:00,00000007180,20231015030000,0.158,0.02,0.012,0.0,0.0,0.0,1.0,4,0.0,0.0,12.66,7.59,589253
2023-10-15 04:00:00,00000007180,20231015040000,0.209,0.057,0.002,0.0,0.0,0.0,1.0,4,0.0,0.0,27.27,0.96,589253
2023-10-15 05:00:00,00000007180,20231015050000,0.177,0.038,0.013,0.0,0.0,0.0,1.0,4,0.0,0.0,21.47,7.34,589253
2023-10-15 06:00:00,00000007180,20231015060000,0.182,0.05,0.002,0.0,0.0,0.0,1.0,4,0.0,0.0,27.47,1.1,589253
2023-10-15 07:00:00,00000007180,20231015070000,0.106,0.053,0.005,0.0,0.0,0.0,1.0,4,0.0,0.0,50.0,4.72,589253
2023-10-15 08:00:00,00000007180,20231015080000,0.107,0.05,0.005,0.0,0.0,0.0,1.0,4,0.0,0.0,46.73,4.67,589253
2023-10-15 09:00:00,00000007180,20231015090000,0.318,0.068,0.004,0.0,0.0,0.0,1.0,4,0.0,0.0,21.38,1.26,589253
2023-10-15 10:00:00,00000007180,20231015100000,0.175,0.048,0.004,0.0,0.0,0.0,1.0,4,0.0,0.0,27.43,2.29,589253
2023-10-15 11:00:00,00000007180,20231015110000,0.206,0.077,0.0,0.0,0.0,0.0,1.0,4,0.0,0.0,37.38,0.0,589253
2023-10-15 12:00:00,00000007180,20231015120000,0.86,0.212,0.0,0.0,0.0,0.0,1.0,4,0.0,0.0,24.65,0.0,589253
2023-10-15 13:00:00,00000007180,20231015130000,0.521,0.171,0.0,0.0,0.0,0.0,1.0,4,0.0,0.0,32.82,0.0,589253
2023-10-15 14:00:00,00000007180,20231015140000,0.174,0.054,0.012,0.0,0.0,0.0,1.0,4,0.0,0.0,31.03,6.9,589253
2023-10-15 15:00:00,00000007180,20231015150000,0.169,0.027,0.0,0.0,0.0,0.0,1.0,4,0.0,0.0,15.98,0.0,589253
2023-10-15 16:00:00,00000007180,20231015160000,1.055,0.06,0.0,0.0,0.0,0.0,1.0,4,0.0,0.0,5.69,0.0,589253
2023-10-15 17:00:00,00000007180,20231015170000,0.985,0.118,0.018,0.0,0.0,0.0,1.0,4,0.0,0.0,11.98,1.83,589253
2023-10-15 18:00:00,00000007180,20231015180000,0.594,0.193,0.0,0.0,0.0,0.0,1.0,4,0.0,0.0,32.49,0.0,589253
2023-10-15 19:00:00,00000007180,20231015190000,0.231,0.061,0.0,0.0,0.0,0.0,1.0,4,0.0,0.0,26.41,0.0,589253
2023-10-15 20:00:00,00000007180,20231015200000,0.22,0.01,0.024,0.0,0.0,0.0,1.0,4,0.0,0.0,4.55,10.91,589253
2023-10-15 21:00:00,00000007180,20231015210000,0.327,0.044,0.0,0.0,0.0,0.0,1.0,4,0.0,0.0,13.46,0.0,589253
2023-10-15 22:00:00,00000007180,20231015220000,0.273,0.019,0.016,0.0,0.0,0.0,1.0,4,0.0,0.0,6.96,5.86,589253
2023-10-15 23:00:00,00000007180,20231015230000,0.304,0.045,0.0,0.0,0.0,0.0,1.0,4,0.0,0.0,14.8,0.0,589253
2023-10-16 00:00:00,00000007180,20231016000000,0.307,0.046,0.0,0.0,0.0,0.0,1.0,4,0.0,0.0,14.98,0.0,589253
2023-10-16 01:00:00,00000007180,20231016010000,0.304,0.054,0.0,0.0,0.0,0.0,1.0,4,0.0,0.0,17.76,0.0,589253
2023-10-16 02:00:00,00000007180,20231016020000,0.234,0.058,0.0,0.0,0.0,0.0,1.0,4,0.0,0.0,24.79,0.0,589253
2023-10-16 03:00:00,00000007180,20231016030000,0.159,0.02,0.015,0.0,0.0,0.0,1.0,4,0.0,0.0,12.58,9.43,589253
2023-10-16 04:00:00,00000007180,20231016040000,0.226,0.071,0.0,0.0,0.0,0.0,1.0,4,0.0,0.0,31.42,0.0,589253
2023-10-16 05:00:00,00000007180,20231016050000,0.225,0.071,0.0,0.0,0.0,0.0,1.0,4,0.0,0.0,31.56,0.0,589253
2023-10-16 06:00:00,00000007180,20231016060000,0.118,0.018,0.013,0.0,0.0,0.0,1.0,4,0.0,0.0,15.25,11.02,589253
2023-10-16 07:00:00,00000007180,20231016070000,0.144,0.078,0.0,0.0,0.0,0.0,1.0,4,0.0,0.0,54.17,0.0,589253
2023-10-16 08:00:00,00000007180,20231016080000,0.134,0.073,0.003,0.0,0.0,0.0,1.0,4,0.0,0.0,54.48,2.24,589253
2023-10-16 09:00:00,00000007180,20231016090000,0.104,0.044,0.001,0.0,0.0,0.0,1.0,4,0.0,0.0,42.31,0.96,589253
2023-10-16 10:00:00,00000007180,20231016100000,0.163,0.086,0.0,0.0,0.0,0.0,1.0,4,0.0,0.0,52.76,0.0,589253
2023-10-16 11:00:00,00000007180,20231016110000,0.206,0.085,0.0,0.0,0.0,0.0,1.0,4,0.0,0.0,41.26,0.0,589253
2023-10-16 12:00:00,00000007180,20231016120000,0.225,0.087,0.0,0.0,0.0,0.0,1.0,4,0.0,0.0,38.67,0.0,589253
2023-10-16 13:00:00,00000007180,20231016130000,0.178,0.067,0.003,0.0,0.0,0.0,1.0,4,0.0,0.0,37.64,1.69,589253
2023-10-16 14:00:00,00000007180,20231016140000,0.149,0.027,0.006,0.0,0.0,0.0,1.0,4,0.0,0.0,18.12,4.03,589253
2023-10-16 15:00:00,00000007180,20231016150000,0.277,0.061,0.0,0.0,0.0,0.0,1.0,4,0.0,0.0,22.02,0.0,589253
2023-10-16 16:00:00,00000007180,20231016160000,0.19,0.022,0.015,0.0,0.0,0.0,1.0,4,0.0,0.0,11.58,7.89,589253
2023-10-16 17:00:00,00000007180,20231016170000,0.215,0.054,0.0,0.0,0.0,0.0,1.0,4,0.0,0.0,25.12,0.0,589253
2023-10-16 18:00:00,00000007180,20231016180000,0.162,0.022,0.014,0.0,0.0,0.0,1.0,4,0.0,0.0,13.58,8.64,589253
2023-10-16 19:00:00,00000007180,20231016190000,0.218,0.063,0.0,0.0,0.0,0.0,1.0,4,0.0,0.0,28.9,0.0,589253
2023-10-16 20:00:00,00000007180,20231016200000,0.161,0.026,0.012,0.0,0.0,0.0,1.0,4,0.0,0.0,16.15,7.45,589253
2023-10-19 11:00:00,00000007180,20231019110000,0.159,0.038,0.01,0.0,0.0,0.0,1.0,4,0.0,0.0,23.9,6.29,589253
2023-10-19 12:00:00,00000007180,20231019120000,0.208,0.064,0.005,0.0,0.0,0.0,1.0,4,0.0,0.0,30.77,2.4,589253
2023-10-19 13:00:00,00000007180,20231019130000,0.154,0.033,0.006,0.0,0.0,0.0,1.0,4,0.0,0.0,21.43,3.9,589253
2023-10-19 14:00:00,00000007180,20231019140000,0.172,0.045,0.0,0.0,0.0,0.0,1.0,4,0.0,0.0,26.16,0.0,589253
2023-10-19 15:00:00,00000007180,20231019150000,0.177,0.033,0.015,0.0,0.0,0.0,1.0,4,0.0,0.0,18.64,8.47,589253
2023-10-19 16:00:00,00000007180,20231019160000,0.172,0.032,0.014,0.0,0.0,0.0,1.0,4,0.0,0.0,18.6,8.14,589253
2023-10-19 17:00:00,00000007180,20231019170000,0.188,0.051,0.002,0.0,0.0,0.0,1.0,4,0.0,0.0,27.13,1.06,589253
2023-10-19 18:00:00,00000007180,20231019180000,0.216,0.023,0.007,0.0,0.0,0.0,1.0,4,0.0,0.0,10.65,3.24,589253
2023-10-19 19:00:00,00000007180,20231019190000,0.219,0.06,0.0,0.0,0.0,0.0,1.0,4,0.0,0.0,27.4,0.0,589253
2023-10-19 20:00:00,00000007180,20231019200000,0.163,0.03,0.011,0.0,0.0,0.0,1.0,4,0.0,0.0,18.4,6.75,589253
2023-10-19 21:00:00,00000007180,20231019210000,0.194,0.051,0.004,0.0,0.0,0.0,1.0,4,0.0,0.0,26.29,2.06,589253
2023-10-19 22:00:00,00000007180,20231019220000,1.148,0.018,0.017,0.0,0.0,0.0,1.0,4,0.0,0.0,1.57,1.48,589253
2023-10-19 23:00:00,00000007180,20231019230000,0.662,0.029,0.009,0.0,0.0,0.0,1.0,4,0.0,0.0,4.38,1.36,589253
2023-10-20 00:00:00,00000007180,20231020000000,0.178,0.033,0.008,0.0,0.0,0.0,1.0,4,0.0,0.0,18.54,4.49,589253
2023-10-20 01:00:00,00000007180,20231020010000,0.169,0.037,0.012,0.0,0.0,0.0,1.0,4,0.0,0.0,21.89,7.1,589253
2023-10-20 02:00:00,00000007180,20231020020000,0.167,0.06,0.003,0.0,0.0,0.0,1.0,4,0.0,0.0,35.93,1.8,589253
2023-10-20 03:00:00,00000007180,20231020030000,0.1,0.022,0.015,0.0,0.0,0.0,1.0,4,0.0,0.0,22.0,15.0,589253
2023-10-20 04:00:00,00000007180,20231020040000,0.2,0.047,0.001,0.0,0.0,0.0,1.0,4,0.0,0.0,23.5,0.5,589253
2023-10-20 05:00:00,00000007180,20231020050000,0.159,0.019,0.014,0.0,0.0,0.0,1.0,4,0.0,0.0,11.95,8.81,589253
2023-10-20 06:00:00,00000007180,20231020060000,0.175,0.034,0.013,0.0,0.0,0.0,1.0,4,0.0,0.0,19.43,7.43,589253
2023-10-20 07:00:00,00000007180,20231020070000,0.16,0.051,0.006,0.0,0.0,0.0,1.0,4,0.0,0.0,31.87,3.75,589253
2023-10-20 08:00:00,00000007180,20231020080000,0.07,0.021,0.01,0.0,0.0,0.0,1.0,4,0.0,0.0,30.0,14.29,589253
2023-10-20 09:00:00,00000007180,20231020090000,0.141,0.068,0.001,0.0,0.0,0.0,1.0,4,0.0,0.0,48.23,0.71,589253
2023-10-20 10:00:00,00000007180,20231020100000,0.104,0.019,0.012,0.0,0.0,0.0,1.0,4,0.0,0.0,18.27,11.54,589253
2023-10-20 11:00:00,00000007180,20231020110000,0.212,0.085,0.0,0.0,0.0,0.0,1.0,4,0.0,0.0,40.09,0.0,589253
2023-10-20 12:00:00,00000007180,20231020120000,0.208,0.085,0.0,0.0,0.0,0.0,1.0,4,0.0,0.0,40.87,0.0,589253
2023-10-20 13:00:00,00000007180,20231020130000,0.17,0.041,0.015,0.0,0.0,0.0,1.0,4,0.0,0.0,24.12,8.82,589253
2023-10-20 14:00:00,00000007180,20231020140000,0.186,0.033,0.001,0.0,0.0,0.0,1.0,4,0.0,0.0,17.74,0.54,589253
2023-10-20 15:00:00,00000007180,20231020150000,0.189,0.071,0.0,0.0,0.0,0.0,1.0,4,0.0,0.0,37.57,0.0,589253
2023-10-20 16:00:00,00000007180,20231020160000,0.12,0.033,0.01,0.0,0.0,0.0,1.0,4,0.0,0.0,27.5,8.33,589253
2023-10-20 17:00:00,00000007180,20231020170000,1.607,0.077,0.0,0.0,0.0,0.0,1.0,4,0.0,0.0,4.79,0.0,589253
2023-10-20 18:00:00,00000007180,20231020180000,1.934,0.037,0.01,0.0,0.0,0.0,1.0,4,0.0,0.0,1.91,0.52,589253
2023-10-20 19:00:00,00000007180,20231020190000,0.36,0.077,0.0,0.0,0.0,0.0,1.0,4,0.0,0.0,21.39,0.0,589253
2023-10-20 20:00:00,00000007180,20231020200000,0.462,0.058,0.003,0.0,0.0,0.0,1.0,4,0.0,0.0,12.55,0.65,589253
2023-10-20 21:00:00,00000007180,20231020210000,0.244,0.017,0.019,0.0,0.0,0.0,1.0,4,0.0,0.0,6.97,7.79,589253
2023-10-23 23:00:00,00000007180,20231023230000,0.226,0.073,0.0,0.0,0.0,0.0,1.0,4,0.0,0.0,32.3,0.0,589253
2023-10-24 00:00:00,00000007180,20231024000000,0.158,0.027,0.011,0.0,0.0,0.0,1.0,4,0.0,0.0,17.09,6.96,589253
2023-10-24 01:00:00,00000007180,20231024010000,0.208,0.061,0.0,0.0,0.0,0.0,1.0,4,0.0,0.0,29.33,0.0,589253
2023-10-24 02:00:00,00000007180,20231024020000,0.229,0.072,0.0,0.0,0.0,0.0,1.0,4,0.0,0.0,31.44,0.0,589253
2023-10-24 03:00:00,00000007180,20231024030000,0.152,0.008,0.011,0.0,0.0,0.0,1.0,4,0.0,0.0,5.26,7.24,589253
2023-10-24 04:00:00,00000007180,20231024040000,0.217,0.062,0.002,0.0,0.0,0.0,1.0,4,0.0,0.0,28.57,0.92,589253
2023-10-24 05:00:00,00000007180,20231024050000,0.179,0.043,0.015,0.0,0.0,0.0,1.0,4,0.0,0.0,24.02,8.38,589253
2023-10-24 06:00:00,00000007180,20231024060000,0.194,0.039,0.0,0.0,0.0,0.0,1.0,4,0.0,0.0,20.1,0.0,589253
2023-10-24 07:00:00,00000007180,20231024070000,0.196,0.044,0.0,0.0,0.0,0.0,1.0,4,0.0,0.0,22.45,0.0,589253
2023-10-24 08:00:00,00000007180,20231024080000,0.175,0.034,0.014,0.0,0.0,0.0,1.0,4,0.0,0.0,19.43,8.0,589253
2023-10-24 09:00:00,00000007180,20231024090000,0.202,0.049,0.005,0.0,0.0,0.0,1.0,4,0.0,0.0,24.26,2.48,589253
2023-10-24 10:00:00,00000007180,20231024100000,0.134,0.036,0.009,0.0,0.0,0.0,1.0,4,0.0,0.0,26.87,6.72,589253
2023-10-24 11:00:00,00000007180,20231024110000,0.203,0.08,0.0,0.0,0.0,0.0,1.0,4,0.0,0.0,39.41,0.0,589253
2023-10-24 12:00:00,00000007180,20231024120000,0.231,0.084,0.0,0.0,0.0,0.0,1.0,4,0.0,0.0,36.36,0.0,589253
2023-10-24 13:00:00,00000007180,20231024130000,0.205,0.084,0.0,0.0,0.0,0.0,1.0,4,0.0,0.0,40.98,0.0,589253
2023-10-24 14:00:00,00000007180,20231024140000,0.193,0.068,0.0,0.0,0.0,0.0,1.0,4,0.0,0.0,35.23,0.0,589253
2023-10-24 15:00:00,00000007180,20231024150000,0.16,0.014,0.014,0.0,0.0,0.0,1.0,4,0.0,0.0,8.75,8.75,589253
2023-10-24 16:00:00,00000007180,20231024160000,0.231,0.068,0.0,0.0,0.0,0.0,1.0,4,0.0,0.0,29.44,0.0,589253
2023-10-24 17:00:00,00000007180,20231024170000,0.173,0.021,0.007,0.0,0.0,0.0,1.0,4,0.0,0.0,12.14,4.05,589253
2023-10-24 18:00:00,00000007180,20231024180000,0.209,0.052,0.004,0.0,0.0,0.0,1.0,4,0.0,0.0,24.88,1.91,589253
2023-10-24 19:00:00,00000007180,20231024190000,0.223,0.062,0.0,0.0,0.0,0.0,1.0,4,0.0,0.0,27.8,0.0,589253
2023-10-24 20:00:00,00000007180,20231024200000,0.291,0.049,0.0,0.0,0.0,0.0,1.0,4,0.0,0.0,16.84,0.0,589253
2023-10-24 21:00:00,00000007180,20231024210000,0.279,0.036,0.018,0.0,0.0,0.0,1.0,4,0.0,0.0,12.9,6.45,589253
2023-10-24 22:00:00,00000007180,20231024220000,0.266,0.018,0.005,0.0,0.0,0.0,1.0,4,0.0,0.0,6.77,1.88,589253
2023-10-24 23:00:00,00000007180,20231024230000,0.304,0.052,0.0,0.0,0.0,0.0,1.0,4,0.0,0.0,17.11,0.0,589253
2023-10-25 00:00:00,00000007180,20231025000000,0.295,0.046,0.001,0.0,0.0,0.0,1.0,4,0.0,0.0,15.59,0.34,589253
2023-10-25 01:00:00,00000007180,20231025010000,0.25,0.014,0.022,0.0,0.0,0.0,1.0,4,0.0,0.0,5.6,8.8,589253
2023-10-25 02:00:00,00000007180,20231025020000,0.293,0.052,0.0,0.0,0.0,0.0,1.0,4,0.0,0.0,17.75,0.0,589253
2023-10-25 03:00:00,00000007180,20231025030000,0.236,0.031,0.016,0.0,0.0,0.0,1.0,4,0.0,0.0,13.14,6.78,589253
2023-10-25 04:00:00,00000007180,20231025040000,0.193,0.038,0.0,0.0,0.0,0.0,1.0,4,0.0,0.0,19.69,0.0,589253
2023-10-25 05:00:00,00000007180,20231025050000,0.218,0.069,0.0,0.0,0.0,0.0,1.0,4,0.0,0.0,31.65,0.0,589253
2023-10-25 06:00:00,00000007180,20231025060000,0.151,0.016,0.014,0.0,0.0,0.0,1.0,4,0.0,0.0,10.6,9.27,589253
2023-10-25 07:00:00,00000007180,20231025070000,0.151,0.08,0.0,0.0,0.0,0.0,1.0,4,0.0,0.0,52.98,0.0,589253
2023-11-01 23:00:00,00000007180,20231101230000,0.305,0.051,0.0,0.0,0.0,0.0,1.0,4,0.0,0.0,16.72,0.0,589253
2023-11-02 00:00:00,00000007180,20231102000000,0.673,0.05,0.0,0.0,0.0,0.0,1.0,4,0.0,0.0,7.43,0.0,589253
2023-11-02 01:00:00,00000007180,20231102010000,1.094,0.04,0.003,0.0,0.0,0.0,1.0,4,0.0,0.0,3.66,0.27,589253
2023-11-02 02:00:00,00000007180,20231102020000,0.219,0.028,0.028,0.0,0.0,0.0,1.0,4,0.0,0.0,12.79,12.79,589253
2023-11-02 03:00:00,00000007180,20231102030000,0.223,0.071,0.0,0.0,0.0,0.0,1.0,4,0.0,0.0,31.84,0.0,589253
2023-11-02 04:00:00,00000007180,20231102040000,0.206,0.062,0.006,0.0,0.0,0.0,1.0,4,0.0,0.0,30.1,2.91,589253
2023-11-02 05:00:00,00000007180,20231102050000,0.145,0.006,0.014,0.0,0.0,0.0,1.0,4,0.0,0.0,4.14,9.66,589253
2023-11-02 06:00:00,00000007180,20231102060000,0.22,0.066,0.0,0.0,0.0,0.0,1.0,4,0.0,0.0,30.0,0.0,589253
2023-11-02 07:00:00,00000007180,20231102070000,0.166,0.054,0.0,0.0,0.0,0.0,1.0,4,0.0,0.0,32.53,0.0,589253
2023-11-02 08:00:00,00000007180,20231102080000,0.091,0.04,0.009,0.0,0.0,0.0,1.0,4,0.0,0.0,43.96,9.89,589253
2023-11-02 09:00:00,00000007180,20231102090000,0.162,0.081,0.0,0.0,0.0,0.0,1.0,4,0.0,0.0,50.0,0.0,589253
2023-11-02 10:00:00,00000007180,20231102100000,0.169,0.038,0.0,0.0,0.0,0.0,1.0,4,0.0,0.0,22.49,0.0,589253
2023-11-02 11:00:00,00000007180,20231102110000,0.208,0.074,0.0,0.0,0.0,0.0,1.0,4,0.0,0.0,35.58,0.0,589253
2023-11-02 12:00:00,00000007180,20231102120000,0.229,0.081,0.0,0.0,0.0,0.0,1.0,4,0.0,0.0,35.37,0.0,589253
2023-11-02 13:00:00,00000007180,20231102130000,0.207,0.083,0.0,0.0,0.0,0.0,1.0,4,0.0,0.0,40.1,0.0,589253
2023-11-02 14:00:00,00000007180,20231102140000,0.203,0.082,0.0,0.0,0.0,0.0,1.0,4,0.0,0.0,40.39,0.0,589253
2023-11-02 15:00:00,00000007180,20231102150000,0.129,0.021,0.01,0.0,0.0,0.0,1.0,4,0.0,0.0,16.28,7.75,589253
2023-11-02 16:00:00,00000007180,20231102160000,0.19,0.065,0.0,0.0,0.0,0.0,1.0,4,0.0,0.0,34.21,0.0,589253
2023-11-02 17:00:00,00000007180,20231102170000,0.287,0.062,0.0,0.0,0.0,0.0,1.0,4,0.0,0.0,21.6,0.0,589253
2023-11-02 18:00:00,00000007180,20231102180000,0.199,0.001,0.021,0.0,0.0,0.0,1.0,4,0.0,0.0,0.5,10.55,589253
2023-11-02 19:00:00,00000007180,20231102190000,0.215,0.057,0.0,0.0,0.0,0.0,1.0,4,0.0,0.0,26.51,0.0,589253
2023-11-02 20:00:00,00000007180,20231102200000,0.217,0.066,0.0,0.0,0.0,0.0,1.0,4,0.0,0.0,30.41,0.0,589253
2023-11-02 21:00:00,00000007180,20231102210000,0.154,0.022,0.011,0.0,0.0,0.0,1.0,4,0.0,0.0,14.29,7.14,589253
2023-11-02 22:00:00,00000007180,20231102220000,0.216,0.056,0.001,0.0,0.0,0.0,1.0,4,0.0,0.0,25.93,0.46,589253
2023-11-02 23:00:00,00000007180,20231102230000,0.215,0.065,0.0,0.0,0.0,0.0,1.0,4,0.0,0.0,30.23,0.0,589253
2023-11-03 00:00:00,00000007180,20231103000000,0.18,0.047,0.011,0.0,0.0,0.0,1.0,4,0.0,0.0,26.11,6.11,589253
2023-11-03 01:00:00,00000007180,20231103010000,0.252,0.026,0.01,0.0,0.0,0.0,1.0,4,0.0,0.0,10.32,3.97,589253
2023-11-03 02:00:00,00000007180,20231103020000,0.275,0.06,0.0,0.0,0.0,0.0,1.0,4,0.0,0.0,21.82,0.0,589253
2023-11-03 03:00:00,00000007180,20231103030000,0.156,0.018,0.013,0.0,0.0,0.0,1.0,4,0.0,0.0,11.54,8.33,589253
2023-11-03 04:00:00,00000007180,20231103040000,0.192,0.041,0.002,0.0,0.0,0.0,1.0,4,0.0,0.0,21.35,1.04,589253
2023-11-03 05:00:00,00000007180,20231103050000,0.151,0.055,0.0,0.0,0.0,0.0,1.0,4,0.0,0.0,36.42,0.0,589253
2023-11-03 06:00:00,00000007180,20231103060000,0.087,0.035,0.009,0.0,0.0,0.0,1.0,4,0.0,0.0,40.23,10.34,589253
2023-11-03 07:00:00,00000007180,20231103070000,0.133,0.072,0.0,0.0,0.0,0.0,1.0,4,0.0,0.0,54.14,0.0,589253
2023-11-03 08:00:00,00000007180,20231103080000,0.074,0.025,0.009,0.0,0.0,0.0,1.0,4,0.0,0.0,33.78,12.16,589253
2023-11-03 09:00:00,00000007180,20231103090000,0.139,0.078,0.0,0.0,0.0,0.0,1.0,4,0.0,0.0,56.12,0.0,589253
2023-11-03 10:00:00,00000007180,20231103100000,0.124,0.011,0.015,0.0,0.0,0.0,1.0,4,0.0,0.0,8.87,12.1,589253
2023-11-03 11:00:00,00000007180,20231103110000,0.224,0.062,0.0,0.0,0.0,0.0,1.0,4,0.0,0.0,27.68,0.0,589253
2023-11-03 12:00:00,00000007180,20231103120000,0.225,0.089,0.0,0.0,0.0,0.0,1.0,4,0.0,0.0,39.56,0.0,589253
2023-11-03 13:00:00,00000007180,20231103130000,0.418,0.08,0.0,0.0,0.0,0.0,1.0,4,0.0,0.0,19.14,0.0,589253
2023-11-03 14:00:00,00000007180,20231103140000,0.253,0.08,0.0,0.0,0.0,0.0,1.0,4,0.0,0.0,31.62,0.0,589253
2023-11-03 15:00:00,00000007180,20231103150000,0.14,0.032,0.01,0.0,0.0,0.0,1.0,4,0.0,0.0,22.86,7.14,589253
2023-11-03 16:00:00,00000007180,20231103160000,0.321,0.075,0.0,0.0,0.0,0.0,1.0,4,0.0,0.0,23.36,0.0,589253
2023-11-03 17:00:00,00000007180,20231103170000,0.199,0.08,0.0,0.0,0.0,0.0,1.0,4,0.0,0.0,40.2,0.0,589253
2023-11-03 18:00:00,00000007180,20231103180000,0.113,0.018,0.007,0.0,0.0,0.0,1.0,4,0.0,0.0,15.93,6.19,589253
2023-11-03 19:00:00,00000007180,20231103190000,0.16,0.067,0.0,0.0,0.0,0.0,1.0,4,0.0,0.0,41.88,0.0,589253
2023-11-03 20:00:00,00000007180,20231103200000,0.104,0.031,0.011,0.0,0.0,0.0,1.0,4,0.0,0.0,29.81,10.58,589253
2023-11-03 21:00:00,00000007180,20231103210000,0.154,0.064,0.0,0.0,0.0,0.0,1.0,4,0.0,0.0,41.56,0.0,589253
2023-11-03 22:00:00,00000007180,20231103220000,0.244,0.027,0.011,0.0,0.0,0.0,1.0,4,0.0,0.0,11.07,4.51,589253
2023-11-03 23:00:00,00000007180,20231103230000,0.261,0.026,0.01,0.0,0.0,0.0,1.0,4,0.0,0.0,9.96,3.83,589253
2023-11-04 00:00:00,00000007180,20231104000000,0.288,0.039,0.003,0.0,0.0,0.0,1.0,4,0.0,0.0,13.54,1.04,589253
2023-11-04 01:00:00,00000007180,20231104010000,0.264,0.029,0.019,0.0,0.0,0.0,1.0,4,0.0,0.0,10.98,7.2,589253
2023-11-04 02:00:00,00000007180,20231104020000,0.269,0.058,0.002,0.0,0.0,0.0,1.0,4,0.0,0.0,21.56,0.74,589253
2023-11-04 03:00:00,00000007180,20231104030000,0.145,0.008,0.015,0.0,0.0,0.0,1.0,4,0.0,0.0,5.52,10.34,589253
2023-11-04 04:00:00,00000007180,20231104040000,0.223,0.07,0.0,0.0,0.0,0.0,1.0,4,0.0,0.0,31.39,0.0,589253
2023-11-04 05:00:00,00000007180,20231104050000,0.086,0.027,0.009,0.0,0.0,0.0,1.0,4,0.0,0.0,31.4,10.47,589253
2023-11-04 06:00:00,00000007180,20231104060000,0.149,0.088,0.0,0.0,0.0,0.0,1.0,4,0.0,0.0,59.06,0.0,589253
2023-11-04 07:00:00,00000007180,20231104070000,0.081,0.027,0.005,0.0,0.0,0.0,1.0,4,0.0,0.0,33.33,6.17,589253
2023-11-04 08:00:00,00000007180,20231104080000,0.126,0.067,0.005,0.0,0.0,0.0,1.0,4,0.0,0.0,53.17,3.97,589253
2023-11-04 09:00:00,00000007180,20231104090000,0.127,0.067,0.0,0.0,0.0,0.0,1.0,4,0.0,0.0,52.76,0.0,589253
2023-11-04 10:00:00,00000007180,20231104100000,0.109,0.048,0.007,0.0,0.0,0.0,1.0,4,0.0,0.0,44.04,6.42,589253
2023-11-04 11:00:00,00000007180,20231104110000,0.205,0.079,0.0,0.0,0.0,0.0,1.0,4,0.0,0.0,38.54,0.0,589253
2023-11-04 12:00:00,00000007180,20231104120000,1.057,0.073,0.0,0.0,0.0,0.0,1.0,4,0.0,0.0,6.91,0.0,589253
2023-11-04 13:00:00,00000007180,20231104130000,2.036,0.074,0.0,0.0,0.0,0.0,1.0,4,0.0,0.0,3.63,0.0,589253
2023-11-04 14:00:00,00000007180,20231104140000,0.963,0.066,0.003,0.0,0.0,0.0,1.0,4,0.0,0.0,6.85,0.31,589253
2023-11-04 15:00:00,00000007180,20231104150000,0.251,0.009,0.003,0.0,0.0,0.0,1.0,4,0.0,0.0,3.59,1.2,589253
2023-11-04 16:00:00,00000007180,20231104160000,0.0,0.0,0.0,0.0,0.0,0.0,1.0,4,0.0,0.0,,,589253
2023-11-04 17:00:00,00000007180,20231104170000,0.0,0.0,0.0,0.0,0.0,0.0,1.0,4,0.0,0.0,,,589253
2023-11-04 18:00:00,00000007180,20231104180000,0.0,0.0,0.0,0.0,0.0,0.0,1.0,4,0.0,0.0,,,589253
2023-11-04 19:00:00,00000007180,20231104190000,0.0,0.0,0.0,0.0,0.0,0.0,1.0,4,0.0,0.0,,,589253
2023-11-04 20:00:00,00000007180,20231104200000,0.031,0.007,0.001,0.0,0.0,0.0,1.0,4,0.0,0.0,22.58,3.23,589253
2023-11-04 21:00:00,00000007180,20231104210000,0.26,0.065,0.0,0.0,0.0,0.0,1.0,4,0.0,0.0,25.0,0.0,589253
2023-11-04 22:00:00,00000007180,20231104220000,0.246,0.077,0.0,0.0,0.0,0.0,1.0,4,0.0,0.0,31.3,0.0,589253
2023-11-04 23:00:00,00000007180,20231104230000,0.237,0.083,0.0,0.0,0.0,0.0,1.0,4,0.0,0.0,35.02,0.0,589253
2023-11-05 00:00:00,00000007180,20231105000000,0.235,0.086,0.0,0.0,0.0,0.0,1.0,4,0.0,0.0,36.6,0.0,589253
2023-11-05 01:00:00,00000007180,20231105010000,0.164,0.02,0.0,0.0,0.0,0.0,1.0,4,0.0,0.0,12.2,0.0,589253
2023-11-05 02:00:00,00000007180,20231105020000,0.219,0.078,0.0,0.0,0.0,0.0,1.0,4,0.0,0.0,35.62,0.0,589253
2023-11-05 03:00:00,00000007180,20231105030000,0.157,0.089,0.0,0.0,0.0,0.0,1.0,4,0.0,0.0,56.69,0.0,589253
2023-11-05 04:00:00,00000007180,20231105040000,0.146,0.092,0.0,0.0,0.0,0.0,1.0,4,0.0,0.0,63.01,0.0,589253
2023-11-05 05:00:00,00000007180,20231105050000,0.144,0.09,0.0,0.0,0.0,0.0,1.0,4,0.0,0.0,62.5,0.0,589253
2023-11-05 06:00:00,00000007180,20231105060000,0.075,0.031,0.008,0.0,0.0,0.0,1.0,4,0.0,0.0,41.33,10.67,589253
2023-11-05 07:00:00,00000007180,20231105070000,0.045,0.023,0.006,0.0,0.0,0.0,1.0,4,0.0,0.0,51.11,13.33,589253
2023-11-05 08:00:00,00000007180,20231105080000,0.0,0.0,0.0,0.0,0.0,0.0,1.0,4,0.0,0.0,,,589253
2023-11-05 09:00:00,00000007180,20231105090000,0.0,0.0,0.0,0.0,0.0,0.0,1.0,4,0.0,0.0,,,589253
2023-11-05 10:00:00,00000007180,20231105100000,0.0,0.0,0.0,0.0,0.0,0.0,1.0,4,0.0,0.0,,,589253
2023-11-05 11:00:00,00000007180,20231105110000,0.0,0.0,0.0,0.0,0.0,0.0,1.0,4,0.0,0.0,,,589253
2023-11-05 12:00:00,00000007180,20231105120000,0.0,0.0,0.0,0.0,0.0,0.0,1.0,4,0.0,0.0,,,589253
2023-11-05 13:00:00,00000007180,20231105130000,0.0,0.0,0.0,0.0,0.0,0.0,1.0,4,0.0,0.0,,,589253
2023-11-05 14:00:00,00000007180,20231105140000,0.0,0.0,0.0,0.0,0.0,0.0,1.0,4,0.0,0.0,,,589253
2023-11-05 15:00:00,00000007180,20231105150000,0.0,0.0,0.0,0.0,0.0,0.0,1.0,4,0.0,0.0,,,589253
2023-11-05 16:00:00,00000007180,20231105160000,0.0,0.0,0.0,0.0,0.0,0.0,1.0,4,0.0,0.0,,,589253
2023-11-05 17:00:00,00000007180,20231105170000,0.0,0.0,0.0,0.0,0.0,0.0,1.0,4,0.0,0.0,,,589253
2023-11-05 18:00:00,00000007180,20231105180000,0.027,0.003,0.0,0.0,0.0,0.0,1.0,4,0.0,0.0,11.11,0.0,589253
2023-11-05 19:00:00,00000007180,20231105190000,0.132,0.025,0.0,0.0,0.0,0.0,1.0,4,0.0,0.0,18.94,0.0,589253
2023-11-05 20:00:00,00000007180,20231105200000,0.248,0.055,0.0,0.0,0.0,0.0,1.0,4,0.0,0.0,22.18,0.0,589253
2023-11-05 21:00:00,00000007180,20231105210000,0.241,0.068,0.0,0.0,0.0,0.0,1.0,4,0.0,0.0,28.22,0.0,589253
2023-11-05 22:00:00,00000007180,20231105220000,0.444,0.073,0.0,0.0,0.0,0.0,1.0,4,0.0,0.0,16.44,0.0,589253
2023-11-05 23:00:00,00000007180,20231105230000,0.229,0.055,0.0,0.0,0.0,0.0,1.0,4,0.0,0.0,24.02,0.0,589253
2023-11-06 00:00:00,00000007180,20231106000000,0.22,0.059,0.0,0.0,0.0,0.0,1.0,4,0.0,0.0,26.82,0.0,589253
2023-11-06 01:00:00,00000007180,20231106010000,0.238,0.088,0.0,0.0,0.0,0.0,1.0,4,0.0,0.0,36.97,0.0,589253
2023-11-06 02:00:00,00000007180,20231106020000,0.235,0.092,0.0,0.0,0.0,0.0,1.0,4,0.0,0.0,39.15,0.0,589253
2023-11-06 03:00:00,00000007180,20231106030000,0.232,0.094,0.0,0.0,0.0,0.0,1.0,4,0.0,0.0,40.52,0.0,589253
2023-11-06 04:00:00,00000007180,20231106040000,0.137,0.067,0.002,0.0,0.0,0.0,1.0,4,0.0,0.0,48.91,1.46,589253
