datetime,owner_id,timestamp_raw,consumption,reactive_import,reactive_capacitive,generation,reactive_import_out,reactive_capacitive_out,multiplier,status,additional_consumption,additional_generation,rir,rcr,owner_serno
2023-01-01 00:00:00,00000001250,20230101000000,0.0,0.0,0.0,0.0,0.0,0.0,1.0,4,0.0,0.0,,,589352
2023-01-01 01:00:00,00000001250,20230101010000,0.0,0.0,0.0,0.0,0.0,0.0,1.0,4,0.0,0.0,,,589352
2023-01-01 02:00:00,00000001250,20230101020000,0.0,0.0,0.0,0.0,0.0,0.0,1.0,4,0.0,0.0,,,589352
2023-01-01 03:00:00,00000001250,20230101030000,0.0,0.0,0.0,0.0,0.0,0.0,1.0,4,0.0,0.0,,,589352
2023-01-01 04:00:00,00000001250,20230101040000,0.0,0.0,0.0,0.0,0.0,0.0,1.0,4,0.0,0.0,,,589352
2023-01-01 05:00:00,00000001250,20230101050000,0.0,0.0,0.0,0.0,0.0,0.0,1.0,4,0.0,0.0,,,589352
2023-01-01 06:00:00,00000001250,20230101060000,0.0,0.0,0.0,0.0,0.0,0.0,1.0,4,0.0,0.0,,,589352
2023-01-01 07:00:00,00000001250,20230101070000,0.0,0.0,0.0,0.0,0.0,0.0,1.0,4,0.0,0.0,,,589352
2023-01-01 08:00:00,00000001250,20230101080000,0.0,0.0,0.0,0.0,0.0,0.0,1.0,4,0.0,0.0,,,589352
2023-01-01 09:00:00,00000001250,20230101090000,0.0,0.0,0.0,0.0,0.0,0.0,1.0,4,0.0,0.0,,,589352
2023-01-01 10:00:00,00000001250,20230101100000,0.0,0.0,0.0,0.0,0.0,0.0,1.0,4,0.0,0.0,,,589352
2023-01-01 11:00:00,00000001250,20230101110000,0.0,0.0,0.0,0.0,0.0,0.0,1.0,4,0.0,0.0,,,589352
2023-01-01 12:00:00,00000001250,20230101120000,0.0,0.0,0.0,0.0,0.0,0.0,1.0,4,0.0,0.0,,,589352
2023-01-01 13:00:00,00000001250,20230101130000,0.0,0.0,0.0,0.0,0.0,0.0,1.0,4,0.0,0.0,,,589352
2023-01-01 14:00:00,00000001250,20230101140000,0.0,0.0,0.0,0.0,0.0,0.0,1.0,4,0.0,0.0,,,589352
2023-01-01 15:00:00,00000001250,20230101150000,0.0,0.0,0.0,0.0,0.0,0.0,1.0,4,0.0,0.0,,,589352
2023-01-01 16:00:00,00000001250,20230101160000,0.0,0.0,0.0,0.0,0.0,0.0,1.0,4,0.0,0.0,,,589352
2023-01-01 17:00:00,00000001250,20230101170000,0.0,0.0,0.0,0.0,0.0,0.0,1.0,4,0.0,0.0,,,589352
2023-01-01 18:00:00,00000001250,20230101180000,0.0,0.0,0.0,0.0,0.0,0.0,1.0,4,0.0,0.0,,,589352
2023-01-01 19:00:00,00000001250,20230101190000,0.0,0.0,0.0,0.0,0.0,0.0,1.0,4,0.0,0.0,,,589352
2023-01-01 20:00:00,00000001250,20230101200000,0.0,0.0,0.0,0.0,0.0,0.0,1.0,4,0.0,0.0,,,589352
2023-01-01 21:00:00,00000001250,20230101210000,0.0,0.0,0.0,0.0,0.0,0.0,1.0,4,0.0,0.0,,,589352
2023-01-01 22:00:00,00000001250,20230101220000,0.0,0.0,0.0,0.0,0.0,0.0,1.0,4,0.0,0.0,,,589352
2023-01-01 23:00:00,00000001250,20230101230000,0.0,0.0,0.0,0.0,0.0,0.0,1.0,4,0.0,0.0,,,589352
2023-01-02 00:00:00,00000001250,20230102000000,0.0,0.0,0.0,0.0,0.0,0.0,1.0,4,0.0,0.0,,,589352
2023-01-02 01:00:00,00000001250,20230102010000,0.0,0.0,0.0,0.0,0.0,0.0,1.0,4,0.0,0.0,,,589352
2023-01-02 02:00:00,00000001250,20230102020000,0.0,0.0,0.0,0.0,0.0,0.0,1.0,4,0.0,0.0,,,589352
2023-01-02 03:00:00,00000001250,20230102030000,0.0,0.0,0.0,0.0,0.0,0.0,1.0,4,0.0,0.0,,,589352
2023-01-02 04:00:00,00000001250,20230102040000,0.0,0.0,0.0,0.0,0.0,0.0,1.0,4,0.0,0.0,,,589352
2023-01-02 05:00:00,00000001250,20230102050000,0.0,0.0,0.0,0.0,0.0,0.0,1.0,4,0.0,0.0,,,589352
2023-01-02 06:00:00,00000001250,20230102060000,0.0,0.0,0.0,0.0,0.0,0.0,1.0,4,0.0,0.0,,,589352
2023-01-02 07:00:00,00000001250,20230102070000,0.0,0.0,0.0,0.0,0.0,0.0,1.0,4,0.0,0.0,,,589352
2023-01-02 08:00:00,00000001250,20230102080000,0.0,0.0,0.0,0.0,0.0,0.0,1.0,4,0.0,0.0,,,589352
2023-01-02 09:00:00,00000001250,20230102090000,0.0,0.0,0.0,0.0,0.0,0.0,1.0,4,0.0,0.0,,,589352
2023-01-02 10:00:00,00000001250,20230102100000,0.0,0.0,0.0,0.0,0.0,0.0,1.0,4,0.0,0.0,,,589352
2023-01-02 11:00:00,00000001250,20230102110000,0.0,0.0,0.0,0.0,0.0,0.0,1.0,4,0.0,0.0,,,589352
2023-01-02 12:00:00,00000001250,20230102120000,0.0,0.0,0.0,0.0,0.0,0.0,1.0,4,0.0,0.0,,,589352
2023-01-02 13:00:00,00000001250,20230102130000,0.0,0.0,0.0,0.0,0.0,0.0,1.0,4,0.0,0.0,,,589352
2023-01-02 14:00:00,00000001250,20230102140000,0.0,0.0,0.0,0.0,0.0,0.0,1.0,4,0.0,0.0,,,589352
2023-01-02 15:00:00,00000001250,20230102150000,0.0,0.0,0.0,0.0,0.0,0.0,1.0,4,0.0,0.0,,,589352
2023-01-02 16:00:00,00000001250,20230102160000,0.0,0.0,0.0,0.0,0.0,0.0,1.0,4,0.0,0.0,,,589352
2023-01-02 17:00:00,00000001250,20230102170000,0.0,0.0,0.0,0.0,0.0,0.0,1.0,4,0.0,0.0,,,589352
2023-01-02 18:00:00,00000001250,20230102180000,0.0,0.0,0.0,0.0,0.0,0.0,1.0,4,0.0,0.0,,,589352
2023-01-02 19:00:00,00000001250,20230102190000,0.0,0.0,0.0,0.0,0.0,0.0,1.0,4,0.0,0.0,,,589352
2023-01-02 20:00:00,00000001250,20230102200000,0.0,0.0,0.0,0.0,0.0,0.0,1.0,4,0.0,0.0,,,589352
2023-01-02 21:00:00,00000001250,20230102210000,0.0,0.0,0.0,0.0,0.0,0.0,1.0,4,0.0,0.0,,,589352
2023-01-02 22:00:00,00000001250,20230102220000,0.0,0.0,0.0,0.0,0.0,0.0,1.0,4,0.0,0.0,,,589352
2023-01-02 23:00:00,00000001250,20230102230000,0.0,0.0,0.0,0.0,0.0,0.0,1.0,4,0.0,0.0,,,589352
2023-01-03 00:00:00,00000001250,20230103000000,0.0,0.0,0.0,0.0,0.0,0.0,1.0,4,0.0,0.0,,,589352
2023-01-03 01:00:00,00000001250,20230103010000,0.0,0.0,0.0,0.0,0.0,0.0,1.0,4,0.0,0.0,,,589352
2023-01-03 02:00:00,00000001250,20230103020000,0.0,0.0,0.0,0.0,0.0,0.0,1.0,4,0.0,0.0,,,589352
2023-01-03 03:00:00,00000001250,20230103030000,0.0,0.0,0.0,0.0,0.0,0.0,1.0,4,0.0,0.0,,,589352
2023-01-03 04:00:00,00000001250,20230103040000,0.0,0.0,0.0,0.0,0.0,0.0,1.0,4,0.0,0.0,,,589352
2023-01-03 05:00:00,00000001250,20230103050000,0.0,0.0,0.0,0.0,0.0,0.0,1.0,4,0.0,0.0,,,589352
2023-01-03 06:00:00,00000001250,20230103060000,0.0,0.0,0.0,0.0,0.0,0.0,1.0,4,0.0,0.0,,,589352
2023-01-03 07:00:00,00000001250,20230103070000,0.0,0.0,0.0,0.0,0.0,0.0,1.0,4,0.0,0.0,,,589352
2023-01-03 08:00:00,00000001250,20230103080000,0.0,0.0,0.0,0.0,0.0,0.0,1.0,4,0.0,0.0,,,589352
2023-01-03 09:00:00,00000001250,20230103090000,0.0,0.0,0.0,0.0,0.0,0.0,1.0,4,0.0,0.0,,,589352
2023-01-03 10:00:00,00000001250,20230103100000,0.0,0.0,0.0,0.0,0.0,0.0,1.0,4,0.0,0.0,,,589352
2023-01-03 11:00:00,00000001250,20230103110000,0.0,0.0,0.0,0.0,0.0,0.0,1.0,4,0.0,0.0,,,589352
2023-01-03 12:00:00,00000001250,20230103120000,0.0,0.0,0.0,0.0,0.0,0.0,1.0,4,0.0,0.0,,,589352
2023-01-03 13:00:00,00000001250,20230103130000,0.0,0.0,0.0,0.0,0.0,0.0,1.0,4,0.0,0.0,,,589352
2023-01-03 14:00:00,00000001250,20230103140000,0.0,0.0,0.0,0.0,0.0,0.0,1.0,4,0.0,0.0,,,589352
2023-01-03 15:00:00,00000001250,20230103150000,0.0,0.0,0.0,0.0,0.0,0.0,1.0,4,0.0,0.0,,,589352
2023-01-03 16:00:00,00000001250,20230103160000,0.0,0.0,0.0,0.0,0.0,0.0,1.0,4,0.0,0.0,,,589352
2023-01-03 17:00:00,00000001250,20230103170000,0.0,0.0,0.0,0.0,0.0,0.0,1.0,4,0.0,0.0,,,589352
2023-01-03 18:00:00,00000001250,20230103180000,0.0,0.0,0.0,0.0,0.0,0.0,1.0,4,0.0,0.0,,,589352
2023-01-03 19:00:00,00000001250,20230103190000,0.0,0.0,0.0,0.0,0.0,0.0,1.0,4,0.0,0.0,,,589352
2023-01-03 20:00:00,00000001250,20230103200000,0.0,0.0,0.0,0.0,0.0,0.0,1.0,4,0.0,0.0,,,589352
2023-01-03 21:00:00,00000001250,20230103210000,0.0,0.0,0.0,0.0,0.0,0.0,1.0,4,0.0,0.0,,,589352
2023-01-03 22:00:00,00000001250,20230103220000,0.0,0.0,0.0,0.0,0.0,0.0,1.0,4,0.0,0.0,,,589352
2023-01-03 23:00:00,00000001250,20230103230000,0.0,0.0,0.0,0.0,0.0,0.0,1.0,4,0.0,0.0,,,589352
2023-01-04 00:00:00,00000001250,20230104000000,0.0,0.0,0.0,0.0,0.0,0.0,1.0,4,0.0,0.0,,,589352
2023-01-04 01:00:00,00000001250,20230104010000,0.0,0.0,0.0,0.0,0.0,0.0,1.0,4,0.0,0.0,,,589352
2023-01-04 02:00:00,00000001250,20230104020000,0.0,0.0,0.0,0.0,0.0,0.0,1.0,4,0.0,0.0,,,589352
2023-01-04 03:00:00,00000001250,20230104030000,0.0,0.0,0.0,0.0,0.0,0.0,1.0,4,0.0,0.0,,,589352
2023-01-04 04:00:00,00000001250,20230104040000,0.0,0.0,0.0,0.0,0.0,0.0,1.0,4,0.0,0.0,,,589352
2023-01-04 05:00:00,00000001250,20230104050000,0.0,0.0,0.0,0.0,0.0,0.0,1.0,4,0.0,0.0,,,589352
2023-01-04 06:00:00,00000001250,20230104060000,0.0,0.0,0.0,0.0,0.0,0.0,1.0,4,0.0,0.0,,,589352
2023-01-04 07:00:00,00000001250,20230104070000,0.0,0.0,0.0,0.0,0.0,0.0,1.0,4,0.0,0.0,,,589352
2023-01-04 08:00:00,00000001250,20230104080000,0.0,0.0,0.0,0.0,0.0,0.0,1.0,4,0.0,0.0,,,589352
2023-01-04 09:00:00,00000001250,20230104090000,0.0,0.0,0.0,0.0,0.0,0.0,1.0,4,0.0,0.0,,,589352
2023-01-04 10:00:00,00000001250,20230104100000,0.0,0.0,0.0,0.0,0.0,0.0,1.0,4,0.0,0.0,,,589352
2023-01-04 11:00:00,00000001250,20230104110000,0.0,0.0,0.0,0.0,0.0,0.0,1.0,4,0.0,0.0,,,589352
2023-01-04 12:00:00,00000001250,20230104120000,0.0,0.0,0.0,0.0,0.0,0.0,1.0,4,0.0,0.0,,,589352
2023-01-04 13:00:00,00000001250,20230104130000,0.0,0.0,0.0,0.0,0.0,0.0,1.0,4,0.0,0.0,,,589352
2023-01-04 14:00:00,00000001250,20230104140000,0.0,0.0,0.0,0.0,0.0,0.0,1.0,4,0.0,0.0,,,589352
2023-01-04 15:00:00,00000001250,20230104150000,0.0,0.0,0.0,0.0,0.0,0.0,1.0,4,0.0,0.0,,,589352
2023-01-04 16:00:00,00000001250,20230104160000,0.0,0.0,0.0,0.0,0.0,0.0,1.0,4,0.0,0.0,,,589352
2023-01-04 17:00:00,00000001250,20230104170000,0.0,0.0,0.0,0.0,0.0,0.0,1.0,4,0.0,0.0,,,589352
2023-01-04 18:00:00,00000001250,20230104180000,0.0,0.0,0.0,0.0,0.0,0.0,1.0,4,0.0,0.0,,,589352
2023-01-04 19:00:00,00000001250,20230104190000,0.0,0.0,0.0,0.0,0.0,0.0,1.0,4,0.0,0.0,,,589352
2023-01-04 20:00:00,00000001250,20230104200000,0.0,0.0,0.0,0.0,0.0,0.0,1.0,4,0.0,0.0,,,589352
2023-01-04 21:00:00,00000001250,20230104210000,0.0,0.0,0.0,0.0,0.0,0.0,1.0,4,0.0,0.0,,,589352
2023-01-04 22:00:00,00000001250,20230104220000,0.0,0.0,0.0,0.0,0.0,0.0,1.0,4,0.0,0.0,,,589352
2023-01-04 23:00:00,00000001250,20230104230000,0.0,0.0,0.0,0.0,0.0,0.0,1.0,4,0.0,0.0,,,589352
2023-01-05 00:00:00,00000001250,20230105000000,0.0,0.0,0.0,0.0,0.0,0.0,1.0,4,0.0,0.0,,,589352
2023-01-05 01:00:00,00000001250,20230105010000,0.0,0.0,0.0,0.0,0.0,0.0,1.0,4,0.0,0.0,,,589352
2023-01-05 02:00:00,00000001250,20230105020000,0.0,0.0,0.0,0.0,0.0,0.0,1.0,4,0.0,0.0,,,589352
2023-01-05 03:00:00,00000001250,20230105030000,0.0,0.0,0.0,0.0,0.0,0.0,1.0,4,0.0,0.0,,,589352
2023-01-05 04:00:00,00000001250,20230105040000,0.0,0.0,0.0,0.0,0.0,0.0,1.0,4,0.0,0.0,,,589352
2023-01-05 05:00:00,00000001250,20230105050000,0.0,0.0,0.0,0.0,0.0,0.0,1.0,4,0.0,0.0,,,589352
2023-01-05 06:00:00,00000001250,20230105060000,0.0,0.0,0.0,0.0,0.0,0.0,1.0,4,0.0,0.0,,,589352
2023-01-05 07:00:00,00000001250,20230105070000,0.0,0.0,0.0,0.0,0.0,0.0,1.0,4,0.0,0.0,,,589352
2023-01-05 08:00:00,00000001250,20230105080000,0.0,0.0,0.0,0.0,0.0,0.0,1.0,4,0.0,0.0,,,589352
2023-01-05 09:00:00,00000001250,20230105090000,0.0,0.0,0.0,0.0,0.0,0.0,1.0,4,0.0,0.0,,,589352
2023-01-05 10:00:00,00000001250,20230105100000,0.0,0.0,0.0,0.0,0.0,0.0,1.0,4,0.0,0.0,,,589352
2023-01-05 11:00:00,00000001250,20230105110000,0.0,0.0,0.0,0.0,0.0,0.0,1.0,4,0.0,0.0,,,589352
2023-01-05 12:00:00,00000001250,20230105120000,0.0,0.0,0.0,0.0,0.0,0.0,1.0,4,0.0,0.0,,,589352
2023-01-05 13:00:00,00000001250,20230105130000,0.0,0.0,0.0,0.0,0.0,0.0,1.0,4,0.0,0.0,,,589352
2023-01-05 14:00:00,00000001250,20230105140000,0.0,0.0,0.0,0.0,0.0,0.0,1.0,4,0.0,0.0,,,589352
2023-01-05 15:00:00,00000001250,20230105150000,0.0,0.0,0.0,0.0,0.0,0.0,1.0,4,0.0,0.0,,,589352
2023-01-05 16:00:00,00000001250,20230105160000,0.0,0.0,0.0,0.0,0.0,0.0,1.0,4,0.0,0.0,,,589352
2023-01-05 17:00:00,00000001250,20230105170000,0.0,0.0,0.0,0.0,0.0,0.0,1.0,4,0.0,0.0,,,589352
2023-01-05 18:00:00,00000001250,20230105180000,0.0,0.0,0.0,0.0,0.0,0.0,1.0,4,0.0,0.0,,,589352
2023-01-05 19:00:00,00000001250,20230105190000,0.0,0.0,0.0,0.0,0.0,0.0,1.0,4,0.0,0.0,,,589352
2023-01-05 20:00:00,00000001250,20230105200000,0.0,0.0,0.0,0.0,0.0,0.0,1.0,4,0.0,0.0,,,589352
2023-01-05 21:00:00,00000001250,20230105210000,0.0,0.0,0.0,0.0,0.0,0.0,1.0,4,0.0,0.0,,,589352
2023-01-05 22:00:00,00000001250,20230105220000,0.0,0.0,0.0,0.0,0.0,0.0,1.0,4,0.0,0.0,,,589352
2023-01-05 23:00:00,00000001250,20230105230000,0.0,0.0,0.0,0.0,0.0,0.0,1.0,4,0.0,0.0,,,589352
2023-01-06 00:00:00,00000001250,20230106000000,0.0,0.0,0.0,0.0,0.0,0.0,1.0,4,0.0,0.0,,,589352
2023-01-06 01:00:00,00000001250,20230106010000,0.0,0.0,0.0,0.0,0.0,0.0,1.0,4,0.0,0.0,,,589352
2023-01-06 02:00:00,00000001250,20230106020000,0.0,0.0,0.0,0.0,0.0,0.0,1.0,4,0.0,0.0,,,589352
2023-01-06 03:00:00,00000001250,20230106030000,0.0,0.0,0.0,0.0,0.0,0.0,1.0,4,0.0,0.0,,,589352
2023-01-06 04:00:00,00000001250,20230106040000,0.0,0.0,0.0,0.0,0.0,0.0,1.0,4,0.0,0.0,,,589352
2023-01-06 05:00:00,00000001250,20230106050000,0.0,0.0,0.0,0.0,0.0,0.0,1.0,4,0.0,0.0,,,589352
2023-01-06 06:00:00,00000001250,20230106060000,0.0,0.0,0.0,0.0,0.0,0.0,1.0,4,0.0,0.0,,,589352
2023-01-06 07:00:00,00000001250,20230106070000,0.0,0.0,0.0,0.0,0.0,0.0,1.0,4,0.0,0.0,,,589352
2023-01-06 08:00:00,00000001250,20230106080000,0.0,0.0,0.0,0.0,0.0,0.0,1.0,4,0.0,0.0,,,589352
2023-01-06 09:00:00,00000001250,20230106090000,0.0,0.0,0.0,0.0,0.0,0.0,1.0,4,0.0,0.0,,,589352
2023-01-06 10:00:00,00000001250,20230106100000,0.0,0.0,0.0,0.0,0.0,0.0,1.0,4,0.0,0.0,,,589352
2023-01-06 11:00:00,00000001250,20230106110000,0.0,0.0,0.0,0.0,0.0,0.0,1.0,4,0.0,0.0,,,589352
2023-01-06 12:00:00,00000001250,20230106120000,0.0,0.0,0.0,0.0,0.0,0.0,1.0,4,0.0,0.0,,,589352
2023-01-06 13:00:00,00000001250,20230106130000,0.0,0.0,0.0,0.0,0.0,0.0,1.0,4,0.0,0.0,,,589352
2023-01-06 14:00:00,00000001250,20230106140000,0.0,0.0,0.0,0.0,0.0,0.0,1.0,4,0.0,0.0,,,589352
2023-01-06 15:00:00,00000001250,20230106150000,0.0,0.0,0.0,0.0,0.0,0.0,1.0,4,0.0,0.0,,,589352
2023-01-06 16:00:00,00000001250,20230106160000,0.0,0.0,0.0,0.0,0.0,0.0,1.0,4,0.0,0.0,,,589352
2023-01-06 17:00:00,00000001250,20230106170000,0.0,0.0,0.0,0.0,0.0,0.0,1.0,4,0.0,0.0,,,589352
2023-01-06 18:00:00,00000001250,20230106180000,0.0,0.0,0.0,0.0,0.0,0.0,1.0,4,0.0,0.0,,,589352
2023-01-06 19:00:00,00000001250,20230106190000,0.0,0.0,0.0,0.0,0.0,0.0,1.0,4,0.0,0.0,,,589352
2023-01-06 20:00:00,00000001250,20230106200000,0.0,0.0,0.0,0.0,0.0,0.0,1.0,4,0.0,0.0,,,589352
2023-01-06 21:00:00,00000001250,20230106210000,0.0,0.0,0.0,0.0,0.0,0.0,1.0,4,0.0,0.0,,,589352
2023-01-06 22:00:00,00000001250,20230106220000,0.0,0.0,0.0,0.0,0.0,0.0,1.0,4,0.0,0.0,,,589352
2023-01-06 23:00:00,00000001250,20230106230000,0.0,0.0,0.0,0.0,0.0,0.0,1.0,4,0.0,0.0,,,589352
2023-01-07 00:00:00,00000001250,20230107000000,0.0,0.0,0.0,0.0,0.0,0.0,1.0,4,0.0,0.0,,,589352
2023-01-07 01:00:00,00000001250,20230107010000,0.0,0.0,0.0,0.0,0.0,0.0,1.0,4,0.0,0.0,,,589352
2023-01-07 02:00:00,00000001250,20230107020000,0.0,0.0,0.0,0.0,0.0,0.0,1.0,4,0.0,0.0,,,589352
2023-01-07 03:00:00,00000001250,20230107030000,0.0,0.0,0.0,0.0,0.0,0.0,1.0,4,0.0,0.0,,,589352
2023-01-07 04:00:00,00000001250,20230107040000,0.0,0.0,0.0,0.0,0.0,0.0,1.0,4,0.0,0.0,,,589352
2023-01-07 05:00:00,00000001250,20230107050000,0.0,0.0,0.0,0.0,0.0,0.0,1.0,4,0.0,0.0,,,589352
2023-01-07 06:00:00,00000001250,20230107060000,0.0,0.0,0.0,0.0,0.0,0.0,1.0,4,0.0,0.0,,,589352
2023-01-07 07:00:00,00000001250,20230107070000,0.0,0.0,0.0,0.0,0.0,0.0,1.0,4,0.0,0.0,,,589352
2023-01-07 08:00:00,00000001250,20230107080000,0.0,0.0,0.0,0.0,0.0,0.0,1.0,4,0.0,0.0,,,589352
2023-01-07 09:00:00,00000001250,20230107090000,0.0,0.0,0.0,0.0,0.0,0.0,1.0,4,0.0,0.0,,,589352
2023-01-07 10:00:00,00000001250,20230107100000,0.0,0.0,0.0,0.0,0.0,0.0,1.0,4,0.0,0.0,,,589352
2023-01-07 11:00:00,00000001250,20230107110000,0.0,0.0,0.0,0.0,0.0,0.0,1.0,4,0.0,0.0,,,589352
2023-01-07 12:00:00,00000001250,20230107120000,0.0,0.0,0.0,0.0,0.0,0.0,1.0,4,0.0,0.0,,,589352
2023-01-07 13:00:00,00000001250,20230107130000,0.0,0.0,0.0,0.0,0.0,0.0,1.0,4,0.0,0.0,,,589352
2023-01-07 14:00:00,00000001250,20230107140000,0.0,0.0,0.0,0.0,0.0,0.0,1.0,4,0.0,0.0,,,589352
2023-01-07 15:00:00,00000001250,20230107150000,0.0,0.0,0.0,0.0,0.0,0.0,1.0,4,0.0,0.0,,,589352
2023-01-07 16:00:00,00000001250,20230107160000,0.0,0.0,0.0,0.0,0.0,0.0,1.0,4,0.0,0.0,,,589352
2023-01-07 17:00:00,00000001250,20230107170000,0.0,0.0,0.0,0.0,0.0,0.0,1.0,4,0.0,0.0,,,589352
2023-01-07 18:00:00,00000001250,20230107180000,0.0,0.0,0.0,0.0,0.0,0.0,1.0,4,0.0,0.0,,,589352
2023-01-07 19:00:00,00000001250,20230107190000,0.0,0.0,0.0,0.0,0.0,0.0,1.0,4,0.0,0.0,,,589352
2023-01-07 20:00:00,00000001250,20230107200000,0.0,0.0,0.0,0.0,0.0,0.0,1.0,4,0.0,0.0,,,589352
2023-01-07 21:00:00,00000001250,20230107210000,0.0,0.0,0.0,0.0,0.0,0.0,1.0,4,0.0,0.0,,,589352
2023-01-07 22:00:00,00000001250,20230107220000,0.0,0.0,0.0,0.0,0.0,0.0,1.0,4,0.0,0.0,,,589352
2023-01-07 23:00:00,00000001250,20230107230000,0.0,0.0,0.0,0.0,0.0,0.0,1.0,4,0.0,0.0,,,589352
2023-01-08 00:00:00,00000001250,20230108000000,0.0,0.0,0.0,0.0,0.0,0.0,1.0,4,0.0,0.0,,,589352
2023-01-08 01:00:00,00000001250,20230108010000,0.0,0.0,0.0,0.0,0.0,0.0,1.0,4,0.0,0.0,,,589352
2023-01-08 02:00:00,00000001250,20230108020000,0.0,0.0,0.0,0.0,0.0,0.0,1.0,4,0.0,0.0,,,589352
2023-01-08 03:00:00,00000001250,20230108030000,0.0,0.0,0.0,0.0,0.0,0.0,1.0,4,0.0,0.0,,,589352
2023-01-08 04:00:00,00000001250,20230108040000,0.0,0.0,0.0,0.0,0.0,0.0,1.0,4,0.0,0.0,,,589352
2023-01-08 05:00:00,00000001250,20230108050000,0.0,0.0,0.0,0.0,0.0,0.0,1.0,4,0.0,0.0,,,589352
2023-01-08 06:00:00,00000001250,20230108060000,0.0,0.0,0.0,0.0,0.0,0.0,1.0,4,0.0,0.0,,,589352
2023-01-08 07:00:00,00000001250,20230108070000,0.0,0.0,0.0,0.0,0.0,0.0,1.0,4,0.0,0.0,,,589352
2023-01-08 08:00:00,00000001250,20230108080000,0.0,0.0,0.0,0.0,0.0,0.0,1.0,4,0.0,0.0,,,589352
2023-01-08 09:00:00,00000001250,20230108090000,0.0,0.0,0.0,0.0,0.0,0.0,1.0,4,0.0,0.0,,,589352
2023-01-08 10:00:00,00000001250,20230108100000,0.0,0.0,0.0,0.0,0.0,0.0,1.0,4,0.0,0.0,,,589352
2023-01-08 11:00:00,00000001250,20230108110000,0.0,0.0,0.0,0.0,0.0,0.0,1.0,4,0.0,0.0,,,589352
2023-01-08 12:00:00,00000001250,20230108120000,0.0,0.0,0.0,0.0,0.0,0.0,1.0,4,0.0,0.0,,,589352
2023-01-08 13:00:00,00000001250,20230108130000,0.0,0.0,0.0,0.0,0.0,0.0,1.0,4,0.0,0.0,,,589352
2023-01-08 14:00:00,00000001250,20230108140000,0.0,0.0,0.0,0.0,0.0,0.0,1.0,4,0.0,0.0,,,589352
2023-01-08 15:00:00,00000001250,20230108150000,0.0,0.0,0.0,0.0,0.0,0.0,1.0,4,0.0,0.0,,,589352
2023-01-08 16:00:00,00000001250,20230108160000,0.0,0.0,0.0,0.0,0.0,0.0,1.0,4,0.0,0.0,,,589352
2023-01-08 17:00:00,00000001250,20230108170000,0.0,0.0,0.0,0.0,0.0,0.0,1.0,4,0.0,0.0,,,589352
2023-01-08 18:00:00,00000001250,20230108180000,0.0,0.0,0.0,0.0,0.0,0.0,1.0,4,0.0,0.0,,,589352
2023-01-08 19:00:00,00000001250,20230108190000,0.0,0.0,0.0,0.0,0.0,0.0,1.0,4,0.0,0.0,,,589352
2023-01-08 20:00:00,00000001250,20230108200000,0.0,0.0,0.0,0.0,0.0,0.0,1.0,4,0.0,0.0,,,589352
2023-01-08 21:00:00,00000001250,20230108210000,0.0,0.0,0.0,0.0,0.0,0.0,1.0,4,0.0,0.0,,,589352
2023-01-08 22:00:00,00000001250,20230108220000,0.0,0.0,0.0,0.0,0.0,0.0,1.0,4,0.0,0.0,,,589352
2023-01-08 23:00:00,00000001250,20230108230000,0.0,0.0,0.0,0.0,0.0,0.0,1.0,4,0.0,0.0,,,589352
2023-01-09 00:00:00,00000001250,20230109000000,0.0,0.0,0.0,0.0,0.0,0.0,1.0,4,0.0,0.0,,,589352
2023-01-09 01:00:00,00000001250,20230109010000,0.0,0.0,0.0,0.0,0.0,0.0,1.0,4,0.0,0.0,,,589352
2023-01-09 02:00:00,00000001250,20230109020000,0.0,0.0,0.0,0.0,0.0,0.0,1.0,4,0.0,0.0,,,589352
2023-01-09 03:00:00,00000001250,20230109030000,0.0,0.0,0.0,0.0,0.0,0.0,1.0,4,0.0,0.0,,,589352
2023-01-09 04:00:00,00000001250,20230109040000,0.0,0.0,0.0,0.0,0.0,0.0,1.0,4,0.0,0.0,,,589352
2023-01-09 05:00:00,00000001250,20230109050000,0.0,0.0,0.0,0.0,0.0,0.0,1.0,4,0.0,0.0,,,589352
2023-01-09 06:00:00,00000001250,20230109060000,0.0,0.0,0.0,0.0,0.0,0.0,1.0,4,0.0,0.0,,,589352
2023-01-09 07:00:00,00000001250,20230109070000,0.0,0.0,0.0,0.0,0.0,0.0,1.0,4,0.0,0.0,,,589352
2023-01-09 08:00:00,00000001250,20230109080000,0.0,0.0,0.0,0.0,0.0,0.0,1.0,4,0.0,0.0,,,589352
2023-01-09 09:00:00,00000001250,20230109090000,0.0,0.0,0.0,0.0,0.0,0.0,1.0,4,0.0,0.0,,,589352
2023-01-09 10:00:00,00000001250,20230109100000,0.0,0.0,0.0,0.0,0.0,0.0,1.0,4,0.0,0.0,,,589352
2023-01-09 11:00:00,00000001250,20230109110000,0.0,0.0,0.0,0.0,0.0,0.0,1.0,4,0.0,0.0,,,589352
2023-01-09 12:00:00,00000001250,20230109120000,0.0,0.0,0.0,0.0,0.0,0.0,1.0,4,0.0,0.0,,,589352
2023-01-09 13:00:00,00000001250,20230109130000,0.0,0.0,0.0,0.0,0.0,0.0,1.0,4,0.0,0.0,,,589352
2023-01-09 14:00:00,00000001250,20230109140000,0.0,0.0,0.0,0.0,0.0,0.0,1.0,4,0.0,0.0,,,589352
2023-01-09 15:00:00,00000001250,20230109150000,0.0,0.0,0.0,0.0,0.0,0.0,1.0,4,0.0,0.0,,,589352
2023-01-09 16:00:00,00000001250,20230109160000,0.0,0.0,0.0,0.0,0.0,0.0,1.0,4,0.0,0.0,,,589352
2023-01-09 17:00:00,00000001250,20230109170000,0.0,0.0,0.0,0.0,0.0,0.0,1.0,4,0.0,0.0,,,589352
2023-01-09 18:00:00,00000001250,20230109180000,0.0,0.0,0.0,0.0,0.0,0.0,1.0,4,0.0,0.0,,,589352
2023-01-09 19:00:00,00000001250,20230109190000,0.0,0.0,0.0,0.0,0.0,0.0,1.0,4,0.0,0.0,,,589352
2023-01-09 20:00:00,00000001250,20230109200000,0.0,0.0,0.0,0.0,0.0,0.0,1.0,4,0.0,0.0,,,589352
2023-01-09 21:00:00,00000001250,20230109210000,0.0,0.0,0.0,0.0,0.0,0.0,1.0,4,0.0,0.0,,,589352
2023-01-09 22:00:00,00000001250,20230109220000,0.0,0.0,0.0,0.0,0.0,0.0,1.0,4,0.0,0.0,,,589352
2023-01-09 23:00:00,00000001250,20230109230000,0.0,0.0,0.0,0.0,0.0,0.0,1.0,4,0.0,0.0,,,589352
2023-01-10 00:00:00,00000001250,20230110000000,0.0,0.0,0.0,0.0,0.0,0.0,1.0,4,0.0,0.0,,,589352
2023-01-10 01:00:00,00000001250,20230110010000,0.0,0.0,0.0,0.0,0.0,0.0,1.0,4,0.0,0.0,,,589352
2023-01-10 02:00:00,00000001250,20230110020000,0.0,0.0,0.0,0.0,0.0,0.0,1.0,4,0.0,0.0,,,589352
2023-01-10 03:00:00,00000001250,20230110030000,0.0,0.0,0.0,0.0,0.0,0.0,1.0,4,0.0,0.0,,,589352
2023-01-10 04:00:00,00000001250,20230110040000,0.0,0.0,0.0,0.0,0.0,0.0,1.0,4,0.0,0.0,,,589352
2023-01-10 05:00:00,00000001250,20230110050000,0.0,0.0,0.0,0.0,0.0,0.0,1.0,4,0.0,0.0,,,589352
2023-01-10 06:00:00,00000001250,20230110060000,0.0,0.0,0.0,0.0,0.0,0.0,1.0,4,0.0,0.0,,,589352
2023-01-10 07:00:00,00000001250,20230110070000,0.0,0.0,0.0,0.0,0.0,0.0,1.0,4,0.0,0.0,,,589352
2023-01-10 08:00:00,00000001250,20230110080000,0.0,0.0,0.0,0.0,0.0,0.0,1.0,4,0.0,0.0,,,589352
2023-01-10 09:00:00,00000001250,20230110090000,0.0,0.0,0.0,0.0,0.0,0.0,1.0,4,0.0,0.0,,,589352
2023-01-10 10:00:00,00000001250,20230110100000,0.0,0.0,0.0,0.0,0.0,0.0,1.0,4,0.0,0.0,,,589352
2023-01-10 11:00:00,00000001250,20230110110000,0.0,0.0,0.0,0.0,0.0,0.0,1.0,4,0.0,0.0,,,589352
2023-01-10 12:00:00,00000001250,20230110120000,0.0,0.0,0.0,0.0,0.0,0.0,1.0,4,0.0,0.0,,,589352
2023-01-10 13:00:00,00000001250,20230110130000,0.0,0.0,0.0,0.0,0.0,0.0,1.0,4,0.0,0.0,,,589352
2023-01-10 14:00:00,00000001250,20230110140000,0.0,0.0,0.0,0.0,0.0,0.0,1.0,4,0.0,0.0,,,589352
2023-01-10 15:00:00,00000001250,20230110150000,0.0,0.0,0.0,0.0,0.0,0.0,1.0,4,0.0,0.0,,,589352
2023-01-10 16:00:00,00000001250,20230110160000,0.0,0.0,0.0,0.0,0.0,0.0,1.0,4,0.0,0.0,,,589352
2023-01-10 17:00:00,00000001250,20230110170000,0.0,0.0,0.0,0.0,0.0,0.0,1.0,4,0.0,0.0,,,589352
2023-01-10 18:00:00,00000001250,20230110180000,0.0,0.0,0.0,0.0,0.0,0.0,1.0,4,0.0,0.0,,,589352
2023-01-10 19:00:00,00000001250,20230110190000,0.0,0.0,0.0,0.0,0.0,0.0,1.0,4,0.0,0.0,,,589352
2023-01-10 20:00:00,00000001250,20230110200000,0.0,0.0,0.0,0.0,0.0,0.0,1.0,4,0.0,0.0,,,589352
2023-01-10 21:00:00,00000001250,20230110210000,0.0,0.0,0.0,0.0,0.0,0.0,1.0,4,0.0,0.0,,,589352
2023-01-10 22:00:00,00000001250,20230110220000,0.0,0.0,0.0,0.0,0.0,0.0,1.0,4,0.0,0.0,,,589352
2023-01-10 23:00:00,00000001250,20230110230000,0.0,0.0,0.0,0.0,0.0,0.0,1.0,4,0.0,0.0,,,589352
2023-01-11 00:00:00,00000001250,20230111000000,0.0,0.0,0.0,0.0,0.0,0.0,1.0,4,0.0,0.0,,,589352
2023-01-11 01:00:00,00000001250,20230111010000,0.0,0.0,0.0,0.0,0.0,0.0,1.0,4,0.0,0.0,,,589352
2023-01-11 02:00:00,00000001250,20230111020000,0.0,0.0,0.0,0.0,0.0,0.0,1.0,4,0.0,0.0,,,589352
2023-01-11 03:00:00,00000001250,20230111030000,0.0,0.0,0.0,0.0,0.0,0.0,1.0,4,0.0,0.0,,,589352
2023-01-11 04:00:00,00000001250,20230111040000,0.0,0.0,0.0,0.0,0.0,0.0,1.0,4,0.0,0.0,,,589352
2023-01-11 05:00:00,00000001250,20230111050000,0.0,0.0,0.0,0.0,0.0,0.0,1.0,4,0.0,0.0,,,589352
2023-01-11 06:00:00,00000001250,20230111060000,0.0,0.0,0.0,0.0,0.0,0.0,1.0,4,0.0,0.0,,,589352
2023-01-11 07:00:00,00000001250,20230111070000,0.0,0.0,0.0,0.0,0.0,0.0,1.0,4,0.0,0.0,,,589352
2023-01-11 08:00:00,00000001250,20230111080000,0.0,0.0,0.0,0.0,0.0,0.0,1.0,4,0.0,0.0,,,589352
2023-01-11 09:00:00,00000001250,20230111090000,0.0,0.0,0.0,0.0,0.0,0.0,1.0,4,0.0,0.0,,,589352
2023-01-11 10:00:00,00000001250,20230111100000,0.0,0.0,0.0,0.0,0.0,0.0,1.0,4,0.0,0.0,,,589352
2023-01-11 11:00:00,00000001250,20230111110000,0.0,0.0,0.0,0.0,0.0,0.0,1.0,4,0.0,0.0,,,589352
2023-01-11 12:00:00,00000001250,20230111120000,0.0,0.0,0.0,0.0,0.0,0.0,1.0,4,0.0,0.0,,,589352
2023-01-11 13:00:00,00000001250,20230111130000,0.0,0.0,0.0,0.0,0.0,0.0,1.0,4,0.0,0.0,,,589352
2023-01-11 14:00:00,00000001250,20230111140000,0.0,0.0,0.0,0.0,0.0,0.0,1.0,4,0.0,0.0,,,589352
2023-01-11 15:00:00,00000001250,20230111150000,0.0,0.0,0.0,0.0,0.0,0.0,1.0,4,0.0,0.0,,,589352
2023-01-11 16:00:00,00000001250,20230111160000,0.0,0.0,0.0,0.0,0.0,0.0,1.0,4,0.0,0.0,,,589352
2023-01-11 17:00:00,00000001250,20230111170000,0.0,0.0,0.0,0.0,0.0,0.0,1.0,4,0.0,0.0,,,589352
2023-01-11 18:00:00,00000001250,20230111180000,0.0,0.0,0.0,0.0,0.0,0.0,1.0,4,0.0,0.0,,,589352
2023-01-11 19:00:00,00000001250,20230111190000,0.0,0.0,0.0,0.0,0.0,0.0,1.0,4,0.0,0.0,,,589352
2023-01-11 20:00:00,00000001250,20230111200000,0.0,0.0,0.0,0.0,0.0,0.0,1.0,4,0.0,0.0,,,589352
2023-01-11 21:00:00,00000001250,20230111210000,0.0,0.0,0.0,0.0,0.0,0.0,1.0,4,0.0,0.0,,,589352
2023-01-11 22:00:00,00000001250,20230111220000,0.0,0.0,0.0,0.0,0.0,0.0,1.0,4,0.0,0.0,,,589352
2023-01-11 23:00:00,00000001250,20230111230000,0.0,0.0,0.0,0.0,0.0,0.0,1.0,4,0.0,0.0,,,589352
2023-01-12 00:00:00,00000001250,20230112000000,0.0,0.0,0.0,0.0,0.0,0.0,1.0,4,0.0,0.0,,,589352
2023-01-12 01:00:00,00000001250,20230112010000,0.0,0.0,0.0,0.0,0.0,0.0,1.0,4,0.0,0.0,,,589352
2023-01-12 02:00:00,00000001250,20230112020000,0.0,0.0,0.0,0.0,0.0,0.0,1.0,4,0.0,0.0,,,589352
2023-01-12 03:00:00,00000001250,20230112030000,0.0,0.0,0.0,0.0,0.0,0.0,1.0,4,0.0,0.0,,,589352
2023-01-12 04:00:00,00000001250,20230112040000,0.0,0.0,0.0,0.0,0.0,0.0,1.0,4,0.0,0.0,,,589352
2023-01-12 05:00:00,00000001250,20230112050000,0.0,0.0,0.0,0.0,0.0,0.0,1.0,4,0.0,0.0,,,589352
2023-01-12 06:00:00,00000001250,20230112060000,0.0,0.0,0.0,0.0,0.0,0.0,1.0,4,0.0,0.0,,,589352
2023-01-12 07:00:00,00000001250,20230112070000,0.0,0.0,0.0,0.0,0.0,0.0,1.0,4,0.0,0.0,,,589352
2023-01-12 08:00:00,00000001250,20230112080000,0.0,0.0,0.0,0.0,0.0,0.0,1.0,4,0.0,0.0,,,589352
2023-01-12 09:00:00,00000001250,20230112090000,0.0,0.0,0.0,0.0,0.0,0.0,1.0,4,0.0,0.0,,,589352
2023-01-12 10:00:00,00000001250,20230112100000,0.0,0.0,0.0,0.0,0.0,0.0,1.0,4,0.0,0.0,,,589352
2023-01-12 11:00:00,00000001250,20230112110000,0.0,0.0,0.0,0.0,0.0,0.0,1.0,4,0.0,0.0,,,589352
2023-01-12 12:00:00,00000001250,20230112120000,0.0,0.0,0.0,0.0,0.0,0.0,1.0,4,0.0,0.0,,,589352
2023-01-12 13:00:00,00000001250,20230112130000,0.0,0.0,0.0,0.0,0.0,0.0,1.0,4,0.0,0.0,,,589352
2023-01-12 14:00:00,00000001250,20230112140000,0.0,0.0,0.0,0.0,0.0,0.0,1.0,4,0.0,0.0,,,589352
2023-01-12 15:00:00,00000001250,20230112150000,0.0,0.0,0.0,0.0,0.0,0.0,1.0,4,0.0,0.0,,,589352
2023-01-12 16:00:00,00000001250,20230112160000,0.0,0.0,0.0,0.0,0.0,0.0,1.0,4,0.0,0.0,,,589352
2023-01-12 17:00:00,00000001250,20230112170000,0.0,0.0,0.0,0.0,0.0,0.0,1.0,4,0.0,0.0,,,589352
2023-01-12 18:00:00,00000001250,20230112180000,0.0,0.0,0.0,0.0,0.0,0.0,1.0,4,0.0,0.0,,,589352
2023-01-12 19:00:00,00000001250,20230112190000,0.0,0.0,0.0,0.0,0.0,0.0,1.0,4,0.0,0.0,,,589352
2023-01-12 20:00:00,00000001250,20230112200000,0.0,0.0,0.0,0.0,0.0,0.0,1.0,4,0.0,0.0,,,589352
2023-01-12 21:00:00,00000001250,20230112210000,0.0,0.0,0.0,0.0,0.0,0.0,1.0,4,0.0,0.0,,,589352
2023-01-12 22:00:00,00000001250,20230112220000,0.0,0.0,0.0,0.0,0.0,0.0,1.0,4,0.0,0.0,,,589352
2023-01-12 23:00:00,00000001250,20230112230000,0.0,0.0,0.0,0.0,0.0,0.0,1.0,4,0.0,0.0,,,589352
2023-01-13 00:00:00,00000001250,20230113000000,0.0,0.0,0.0,0.0,0.0,0.0,1.0,4,0.0,0.0,,,589352
2023-01-13 01:00:00,00000001250,20230113010000,0.0,0.0,0.0,0.0,0.0,0.0,1.0,4,0.0,0.0,,,589352
2023-01-13 02:00:00,00000001250,20230113020000,0.0,0.0,0.0,0.0,0.0,0.0,1.0,4,0.0,0.0,,,589352
2023-01-13 03:00:00,00000001250,20230113030000,0.0,0.0,0.0,0.0,0.0,0.0,1.0,4,0.0,0.0,,,589352
2023-01-13 04:00:00,00000001250,20230113040000,0.0,0.0,0.0,0.0,0.0,0.0,1.0,4,0.0,0.0,,,589352
2023-01-13 05:00:00,00000001250,20230113050000,0.0,0.0,0.0,0.0,0.0,0.0,1.0,4,0.0,0.0,,,589352
2023-01-13 06:00:00,00000001250,20230113060000,0.0,0.0,0.0,0.0,0.0,0.0,1.0,4,0.0,0.0,,,589352
2023-01-13 07:00:00,00000001250,20230113070000,0.0,0.0,0.0,0.0,0.0,0.0,1.0,4,0.0,0.0,,,589352
2023-01-13 08:00:00,00000001250,20230113080000,0.0,0.0,0.0,0.0,0.0,0.0,1.0,4,0.0,0.0,,,589352
2023-01-13 09:00:00,00000001250,20230113090000,0.0,0.0,0.0,0.0,0.0,0.0,1.0,4,0.0,0.0,,,589352
2023-01-13 10:00:00,00000001250,20230113100000,0.0,0.0,0.0,0.0,0.0,0.0,1.0,4,0.0,0.0,,,589352
2023-01-13 11:00:00,00000001250,20230113110000,0.0,0.0,0.0,0.0,0.0,0.0,1.0,4,0.0,0.0,,,589352
2023-01-13 12:00:00,00000001250,20230113120000,0.0,0.0,0.0,0.0,0.0,0.0,1.0,4,0.0,0.0,,,589352
2023-01-13 13:00:00,00000001250,20230113130000,0.0,0.0,0.0,0.0,0.0,0.0,1.0,4,0.0,0.0,,,589352
2023-01-13 14:00:00,00000001250,20230113140000,0.0,0.0,0.0,0.0,0.0,0.0,1.0,4,0.0,0.0,,,589352
2023-01-13 15:00:00,00000001250,20230113150000,0.0,0.0,0.0,0.0,0.0,0.0,1.0,4,0.0,0.0,,,589352
2023-01-13 16:00:00,00000001250,20230113160000,0.0,0.0,0.0,0.0,0.0,0.0,1.0,4,0.0,0.0,,,589352
2023-01-13 17:00:00,00000001250,20230113170000,0.0,0.0,0.0,0.0,0.0,0.0,1.0,4,0.0,0.0,,,589352
2023-01-13 18:00:00,00000001250,20230113180000,0.0,0.0,0.0,0.0,0.0,0.0,1.0,4,0.0,0.0,,,589352
2023-01-13 19:00:00,00000001250,20230113190000,0.0,0.0,0.0,0.0,0.0,0.0,1.0,4,0.0,0.0,,,589352
2023-01-13 20:00:00,00000001250,20230113200000,0.0,0.0,0.0,0.0,0.0,0.0,1.0,4,0.0,0.0,,,589352
2023-01-13 21:00:00,00000001250,20230113210000,0.0,0.0,0.0,0.0,0.0,0.0,1.0,4,0.0,0.0,,,589352
2023-01-13 22:00:00,00000001250,20230113220000,0.0,0.0,0.0,0.0,0.0,0.0,1.0,4,0.0,0.0,,,589352
2023-01-13 23:00:00,00000001250,20230113230000,0.0,0.0,0.0,0.0,0.0,0.0,1.0,4,0.0,0.0,,,589352
2023-01-14 00:00:00,00000001250,20230114000000,0.0,0.0,0.0,0.0,0.0,0.0,1.0,4,0.0,0.0,,,589352
2023-01-14 01:00:00,00000001250,20230114010000,0.0,0.0,0.0,0.0,0.0,0.0,1.0,4,0.0,0.0,,,589352
2023-01-14 02:00:00,00000001250,20230114020000,0.0,0.0,0.0,0.0,0.0,0.0,1.0,4,0.0,0.0,,,589352
2023-01-14 03:00:00,00000001250,20230114030000,0.0,0.0,0.0,0.0,0.0,0.0,1.0,4,0.0,0.0,,,589352
2023-01-14 04:00:00,00000001250,20230114040000,0.0,0.0,0.0,0.0,0.0,0.0,1.0,4,0.0,0.0,,,589352
2023-01-14 05:00:00,00000001250,20230114050000,0.0,0.0,0.0,0.0,0.0,0.0,1.0,4,0.0,0.0,,,589352
2023-01-14 06:00:00,00000001250,20230114060000,0.0,0.0,0.0,0.0,0.0,0.0,1.0,4,0.0,0.0,,,589352
2023-01-14 07:00:00,00000001250,20230114070000,0.0,0.0,0.0,0.0,0.0,0.0,1.0,4,0.0,0.0,,,589352
2023-01-14 08:00:00,00000001250,20230114080000,0.0,0.0,0.0,0.0,0.0,0.0,1.0,4,0.0,0.0,,,589352
2023-01-14 09:00:00,00000001250,20230114090000,0.0,0.0,0.0,0.0,0.0,0.0,1.0,4,0.0,0.0,,,589352
2023-01-14 10:00:00,00000001250,20230114100000,0.0,0.0,0.0,0.0,0.0,0.0,1.0,4,0.0,0.0,,,589352
2023-01-14 11:00:00,00000001250,20230114110000,0.0,0.0,0.0,0.0,0.0,0.0,1.0,4,0.0,0.0,,,589352
2023-01-14 12:00:00,00000001250,20230114120000,0.0,0.0,0.0,0.0,0.0,0.0,1.0,4,0.0,0.0,,,589352
2023-01-14 13:00:00,00000001250,20230114130000,0.0,0.0,0.0,0.0,0.0,0.0,1.0,4,0.0,0.0,,,589352
2023-01-14 14:00:00,00000001250,20230114140000,0.0,0.0,0.0,0.0,0.0,0.0,1.0,4,0.0,0.0,,,589352
2023-01-14 15:00:00,00000001250,20230114150000,0.0,0.0,0.0,0.0,0.0,0.0,1.0,4,0.0,0.0,,,589352
2023-01-14 16:00:00,00000001250,20230114160000,0.0,0.0,0.0,0.0,0.0,0.0,1.0,4,0.0,0.0,,,589352
2023-01-14 17:00:00,00000001250,20230114170000,0.0,0.0,0.0,0.0,0.0,0.0,1.0,4,0.0,0.0,,,589352
2023-01-14 18:00:00,00000001250,20230114180000,0.0,0.0,0.0,0.0,0.0,0.0,1.0,4,0.0,0.0,,,589352
2023-01-14 19:00:00,00000001250,20230114190000,0.0,0.0,0.0,0.0,0.0,0.0,1.0,4,0.0,0.0,,,589352
2023-01-14 20:00:00,00000001250,20230114200000,0.0,0.0,0.0,0.0,0.0,0.0,1.0,4,0.0,0.0,,,589352
2023-01-14 21:00:00,00000001250,20230114210000,0.0,0.0,0.0,0.0,0.0,0.0,1.0,4,0.0,0.0,,,589352
2023-01-14 22:00:00,00000001250,20230114220000,0.0,0.0,0.0,0.0,0.0,0.0,1.0,4,0.0,0.0,,,589352
2023-01-14 23:00:00,00000001250,20230114230000,0.0,0.0,0.0,0.0,0.0,0.0,1.0,4,0.0,0.0,,,589352
2023-01-15 00:00:00,00000001250,20230115000000,0.0,0.0,0.0,0.0,0.0,0.0,1.0,4,0.0,0.0,,,589352
2023-01-15 01:00:00,00000001250,20230115010000,0.0,0.0,0.0,0.0,0.0,0.0,1.0,4,0.0,0.0,,,589352
2023-01-15 02:00:00,00000001250,20230115020000,0.0,0.0,0.0,0.0,0.0,0.0,1.0,4,0.0,0.0,,,589352
2023-01-15 03:00:00,00000001250,20230115030000,0.0,0.0,0.0,0.0,0.0,0.0,1.0,4,0.0,0.0,,,589352
2023-01-15 04:00:00,00000001250,20230115040000,0.0,0.0,0.0,0.0,0.0,0.0,1.0,4,0.0,0.0,,,589352
2023-01-15 05:00:00,00000001250,20230115050000,0.0,0.0,0.0,0.0,0.0,0.0,1.0,4,0.0,0.0,,,589352
2023-01-15 06:00:00,00000001250,20230115060000,0.0,0.0,0.0,0.0,0.0,0.0,1.0,4,0.0,0.0,,,589352
2023-01-15 07:00:00,00000001250,20230115070000,0.0,0.0,0.0,0.0,0.0,0.0,1.0,4,0.0,0.0,,,589352
2023-01-15 08:00:00,00000001250,20230115080000,0.0,0.0,0.0,0.0,0.0,0.0,1.0,4,0.0,0.0,,,589352
2023-01-15 09:00:00,00000001250,20230115090000,0.0,0.0,0.0,0.0,0.0,0.0,1.0,4,0.0,0.0,,,589352
2023-01-15 10:00:00,00000001250,20230115100000,0.0,0.0,0.0,0.0,0.0,0.0,1.0,4,0.0,0.0,,,589352
2023-01-15 11:00:00,00000001250,20230115110000,0.0,0.0,0.0,0.0,0.0,0.0,1.0,4,0.0,0.0,,,589352
2023-01-15 12:00:00,00000001250,20230115120000,0.0,0.0,0.0,0.0,0.0,0.0,1.0,4,0.0,0.0,,,589352
2023-01-15 13:00:00,00000001250,20230115130000,0.0,0.0,0.0,0.0,0.0,0.0,1.0,4,0.0,0.0,,,589352
2023-01-15 14:00:00,00000001250,20230115140000,0.0,0.0,0.0,0.0,0.0,0.0,1.0,4,0.0,0.0,,,589352
2023-01-15 15:00:00,00000001250,20230115150000,0.0,0.0,0.0,0.0,0.0,0.0,1.0,4,0.0,0.0,,,589352
2023-01-15 16:00:00,00000001250,20230115160000,0.0,0.0,0.0,0.0,0.0,0.0,1.0,4,0.0,0.0,,,589352
2023-01-15 17:00:00,00000001250,20230115170000,0.0,0.0,0.0,0.0,0.0,0.0,1.0,4,0.0,0.0,,,589352
2023-01-15 18:00:00,00000001250,20230115180000,0.0,0.0,0.0,0.0,0.0,0.0,1.0,4,0.0,0.0,,,589352
2023-01-15 19:00:00,00000001250,20230115190000,0.0,0.0,0.0,0.0,0.0,0.0,1.0,4,0.0,0.0,,,589352
2023-01-15 20:00:00,00000001250,20230115200000,0.0,0.0,0.0,0.0,0.0,0.0,1.0,4,0.0,0.0,,,589352
2023-01-15 21:00:00,00000001250,20230115210000,0.0,0.0,0.0,0.0,0.0,0.0,1.0,4,0.0,0.0,,,589352
2023-01-15 22:00:00,00000001250,20230115220000,0.0,0.0,0.0,0.0,0.0,0.0,1.0,4,0.0,0.0,,,589352
2023-01-15 23:00:00,00000001250,20230115230000,0.0,0.0,0.0,0.0,0.0,0.0,1.0,4,0.0,0.0,,,589352
2023-01-16 00:00:00,00000001250,20230116000000,0.0,0.0,0.0,0.0,0.0,0.0,1.0,4,0.0,0.0,,,589352
2023-01-16 01:00:00,00000001250,20230116010000,0.0,0.0,0.0,0.0,0.0,0.0,1.0,4,0.0,0.0,,,589352
2023-01-16 02:00:00,00000001250,20230116020000,0.0,0.0,0.0,0.0,0.0,0.0,1.0,4,0.0,0.0,,,589352
2023-01-16 03:00:00,00000001250,20230116030000,0.0,0.0,0.0,0.0,0.0,0.0,1.0,4,0.0,0.0,,,589352
2023-01-16 04:00:00,00000001250,20230116040000,0.0,0.0,0.0,0.0,0.0,0.0,1.0,4,0.0,0.0,,,589352
2023-01-16 05:00:00,00000001250,20230116050000,0.0,0.0,0.0,0.0,0.0,0.0,1.0,4,0.0,0.0,,,589352
2023-01-16 06:00:00,00000001250,20230116060000,0.0,0.0,0.0,0.0,0.0,0.0,1.0,4,0.0,0.0,,,589352
2023-01-16 07:00:00,00000001250,20230116070000,0.0,0.0,0.0,0.0,0.0,0.0,1.0,4,0.0,0.0,,,589352
2023-01-16 08:00:00,00000001250,20230116080000,0.0,0.0,0.0,0.0,0.0,0.0,1.0,4,0.0,0.0,,,589352
2023-01-16 09:00:00,00000001250,20230116090000,0.0,0.0,0.0,0.0,0.0,0.0,1.0,4,0.0,0.0,,,589352
2023-01-16 10:00:00,00000001250,20230116100000,0.0,0.0,0.0,0.0,0.0,0.0,1.0,4,0.0,0.0,,,589352
2023-01-16 11:00:00,00000001250,20230116110000,0.0,0.0,0.0,0.0,0.0,0.0,1.0,4,0.0,0.0,,,589352
2023-01-16 12:00:00,00000001250,20230116120000,0.0,0.0,0.0,0.0,0.0,0.0,1.0,4,0.0,0.0,,,589352
2023-01-16 13:00:00,00000001250,20230116130000,0.0,0.0,0.0,0.0,0.0,0.0,1.0,4,0.0,0.0,,,589352
2023-01-16 14:00:00,00000001250,20230116140000,0.0,0.0,0.0,0.0,0.0,0.0,1.0,4,0.0,0.0,,,589352
2023-01-16 15:00:00,00000001250,20230116150000,0.0,0.0,0.0,0.0,0.0,0.0,1.0,4,0.0,0.0,,,589352
2023-01-16 16:00:00,00000001250,20230116160000,0.0,0.0,0.0,0.0,0.0,0.0,1.0,4,0.0,0.0,,,589352
2023-01-16 17:00:00,00000001250,20230116170000,0.0,0.0,0.0,0.0,0.0,0.0,1.0,4,0.0,0.0,,,589352
2023-01-16 18:00:00,00000001250,20230116180000,0.0,0.0,0.0,0.0,0.0,0.0,1.0,4,0.0,0.0,,,589352
2023-01-16 19:00:00,00000001250,20230116190000,0.0,0.0,0.0,0.0,0.0,0.0,1.0,4,0.0,0.0,,,589352
2023-01-16 20:00:00,00000001250,20230116200000,0.0,0.0,0.0,0.0,0.0,0.0,1.0,4,0.0,0.0,,,589352
2023-01-16 21:00:00,00000001250,20230116210000,0.0,0.0,0.0,0.0,0.0,0.0,1.0,4,0.0,0.0,,,589352
2023-01-16 22:00:00,00000001250,20230116220000,0.0,0.0,0.0,0.0,0.0,0.0,1.0,4,0.0,0.0,,,589352
2023-01-16 23:00:00,00000001250,20230116230000,0.0,0.0,0.0,0.0,0.0,0.0,1.0,4,0.0,0.0,,,589352
2023-01-17 00:00:00,00000001250,20230117000000,0.0,0.0,0.0,0.0,0.0,0.0,1.0,4,0.0,0.0,,,589352
2023-01-17 01:00:00,00000001250,20230117010000,0.0,0.0,0.0,0.0,0.0,0.0,1.0,4,0.0,0.0,,,589352
2023-01-17 02:00:00,00000001250,20230117020000,0.0,0.0,0.0,0.0,0.0,0.0,1.0,4,0.0,0.0,,,589352
2023-01-17 03:00:00,00000001250,20230117030000,0.0,0.0,0.0,0.0,0.0,0.0,1.0,4,0.0,0.0,,,589352
2023-01-17 04:00:00,00000001250,20230117040000,0.0,0.0,0.0,0.0,0.0,0.0,1.0,4,0.0,0.0,,,589352
2023-01-17 05:00:00,00000001250,20230117050000,0.0,0.0,0.0,0.0,0.0,0.0,1.0,4,0.0,0.0,,,589352
2023-01-17 06:00:00,00000001250,20230117060000,0.0,0.0,0.0,0.0,0.0,0.0,1.0,4,0.0,0.0,,,589352
2023-01-17 07:00:00,00000001250,20230117070000,0.0,0.0,0.0,0.0,0.0,0.0,1.0,4,0.0,0.0,,,589352
2023-01-17 08:00:00,00000001250,20230117080000,0.0,0.0,0.0,0.0,0.0,0.0,1.0,4,0.0,0.0,,,589352
2023-01-17 09:00:00,00000001250,20230117090000,0.0,0.0,0.0,0.0,0.0,0.0,1.0,4,0.0,0.0,,,589352
2023-01-17 10:00:00,00000001250,20230117100000,0.0,0.0,0.0,0.0,0.0,0.0,1.0,4,0.0,0.0,,,589352
2023-01-17 11:00:00,00000001250,20230117110000,0.0,0.0,0.0,0.0,0.0,0.0,1.0,4,0.0,0.0,,,589352
2023-01-17 12:00:00,00000001250,20230117120000,0.0,0.0,0.0,0.0,0.0,0.0,1.0,4,0.0,0.0,,,589352
2023-01-17 13:00:00,00000001250,20230117130000,0.0,0.0,0.0,0.0,0.0,0.0,1.0,4,0.0,0.0,,,589352
2023-01-17 14:00:00,00000001250,20230117140000,0.0,0.0,0.0,0.0,0.0,0.0,1.0,4,0.0,0.0,,,589352
2023-01-17 15:00:00,00000001250,20230117150000,0.0,0.0,0.0,0.0,0.0,0.0,1.0,4,0.0,0.0,,,589352
2023-01-17 16:00:00,00000001250,20230117160000,0.0,0.0,0.0,0.0,0.0,0.0,1.0,4,0.0,0.0,,,589352
2023-01-17 17:00:00,00000001250,20230117170000,0.0,0.0,0.0,0.0,0.0,0.0,1.0,4,0.0,0.0,,,589352
2023-01-17 18:00:00,00000001250,20230117180000,0.0,0.0,0.0,0.0,0.0,0.0,1.0,4,0.0,0.0,,,589352
2023-01-17 19:00:00,00000001250,20230117190000,0.0,0.0,0.0,0.0,0.0,0.0,1.0,4,0.0,0.0,,,589352
2023-01-17 20:00:00,00000001250,20230117200000,0.0,0.0,0.0,0.0,0.0,0.0,1.0,4,0.0,0.0,,,589352
2023-01-17 21:00:00,00000001250,20230117210000,0.0,0.0,0.0,0.0,0.0,0.0,1.0,4,0.0,0.0,,,589352
2023-01-17 22:00:00,00000001250,20230117220000,0.0,0.0,0.0,0.0,0.0,0.0,1.0,4,0.0,0.0,,,589352
2023-01-17 23:00:00,00000001250,20230117230000,0.0,0.0,0.0,0.0,0.0,0.0,1.0,4,0.0,0.0,,,589352
2023-01-18 00:00:00,00000001250,20230118000000,0.0,0.0,0.0,0.0,0.0,0.0,1.0,4,0.0,0.0,,,589352
2023-01-18 01:00:00,00000001250,20230118010000,0.0,0.0,0.0,0.0,0.0,0.0,1.0,4,0.0,0.0,,,589352
2023-01-18 02:00:00,00000001250,20230118020000,0.0,0.0,0.0,0.0,0.0,0.0,1.0,4,0.0,0.0,,,589352
2023-01-18 03:00:00,00000001250,20230118030000,0.0,0.0,0.0,0.0,0.0,0.0,1.0,4,0.0,0.0,,,589352
2023-01-18 04:00:00,00000001250,20230118040000,0.0,0.0,0.0,0.0,0.0,0.0,1.0,4,0.0,0.0,,,589352
2023-01-18 05:00:00,00000001250,20230118050000,0.0,0.0,0.0,0.0,0.0,0.0,1.0,4,0.0,0.0,,,589352
2023-01-18 06:00:00,00000001250,20230118060000,0.0,0.0,0.0,0.0,0.0,0.0,1.0,4,0.0,0.0,,,589352
2023-01-18 07:00:00,00000001250,20230118070000,0.0,0.0,0.0,0.0,0.0,0.0,1.0,4,0.0,0.0,,,589352
2023-01-18 08:00:00,00000001250,20230118080000,0.0,0.0,0.0,0.0,0.0,0.0,1.0,4,0.0,0.0,,,589352
2023-01-18 09:00:00,00000001250,20230118090000,0.0,0.0,0.0,0.0,0.0,0.0,1.0,4,0.0,0.0,,,589352
2023-01-18 10:00:00,00000001250,20230118100000,0.0,0.0,0.0,0.0,0.0,0.0,1.0,4,0.0,0.0,,,589352
2023-01-18 11:00:00,00000001250,20230118110000,0.0,0.0,0.0,0.0,0.0,0.0,1.0,4,0.0,0.0,,,589352
2023-01-18 12:00:00,00000001250,20230118120000,0.0,0.0,0.0,0.0,0.0,0.0,1.0,4,0.0,0.0,,,589352
2023-01-18 13:00:00,00000001250,20230118130000,0.0,0.0,0.0,0.0,0.0,0.0,1.0,4,0.0,0.0,,,589352
2023-01-18 14:00:00,00000001250,20230118140000,0.0,0.0,0.0,0.0,0.0,0.0,1.0,4,0.0,0.0,,,589352
2023-01-18 15:00:00,00000001250,20230118150000,0.0,0.0,0.0,0.0,0.0,0.0,1.0,4,0.0,0.0,,,589352
2023-01-18 16:00:00,00000001250,20230118160000,0.0,0.0,0.0,0.0,0.0,0.0,1.0,4,0.0,0.0,,,589352
2023-01-18 17:00:00,00000001250,20230118170000,0.0,0.0,0.0,0.0,0.0,0.0,1.0,4,0.0,0.0,,,589352
2023-01-18 18:00:00,00000001250,20230118180000,0.0,0.0,0.0,0.0,0.0,0.0,1.0,4,0.0,0.0,,,589352
2023-01-18 19:00:00,00000001250,20230118190000,0.0,0.0,0.0,0.0,0.0,0.0,1.0,4,0.0,0.0,,,589352
2023-01-18 20:00:00,00000001250,20230118200000,0.0,0.0,0.0,0.0,0.0,0.0,1.0,4,0.0,0.0,,,589352
2023-01-18 21:00:00,00000001250,20230118210000,0.0,0.0,0.0,0.0,0.0,0.0,1.0,4,0.0,0.0,,,589352
2023-01-18 22:00:00,00000001250,20230118220000,0.0,0.0,0.0,0.0,0.0,0.0,1.0,4,0.0,0.0,,,589352
2023-01-18 23:00:00,00000001250,20230118230000,0.0,0.0,0.0,0.0,0.0,0.0,1.0,4,0.0,0.0,,,589352
2023-01-19 00:00:00,00000001250,20230119000000,0.0,0.0,0.0,0.0,0.0,0.0,1.0,4,0.0,0.0,,,589352
2023-01-19 01:00:00,00000001250,20230119010000,0.0,0.0,0.0,0.0,0.0,0.0,1.0,4,0.0,0.0,,,589352
2023-01-19 02:00:00,00000001250,20230119020000,0.0,0.0,0.0,0.0,0.0,0.0,1.0,4,0.0,0.0,,,589352
2023-01-19 03:00:00,00000001250,20230119030000,0.0,0.0,0.0,0.0,0.0,0.0,1.0,4,0.0,0.0,,,589352
2023-01-19 04:00:00,00000001250,20230119040000,0.0,0.0,0.0,0.0,0.0,0.0,1.0,4,0.0,0.0,,,589352
2023-01-19 05:00:00,00000001250,20230119050000,0.0,0.0,0.0,0.0,0.0,0.0,1.0,4,0.0,0.0,,,589352
2023-01-19 06:00:00,00000001250,20230119060000,0.0,0.0,0.0,0.0,0.0,0.0,1.0,4,0.0,0.0,,,589352
2023-01-19 07:00:00,00000001250,20230119070000,0.0,0.0,0.0,0.0,0.0,0.0,1.0,4,0.0,0.0,,,589352
2023-01-19 08:00:00,00000001250,20230119080000,0.0,0.0,0.0,0.0,0.0,0.0,1.0,4,0.0,0.0,,,589352
2023-01-19 09:00:00,00000001250,20230119090000,0.0,0.0,0.0,0.0,0.0,0.0,1.0,4,0.0,0.0,,,589352
2023-01-19 10:00:00,00000001250,20230119100000,0.0,0.0,0.0,0.0,0.0,0.0,1.0,4,0.0,0.0,,,589352
2023-01-19 11:00:00,00000001250,20230119110000,0.0,0.0,0.0,0.0,0.0,0.0,1.0,4,0.0,0.0,,,589352
2023-01-19 12:00:00,00000001250,20230119120000,0.0,0.0,0.0,0.0,0.0,0.0,1.0,4,0.0,0.0,,,589352
2023-01-19 13:00:00,00000001250,20230119130000,0.0,0.0,0.0,0.0,0.0,0.0,1.0,4,0.0,0.0,,,589352
2023-01-19 14:00:00,00000001250,20230119140000,0.0,0.0,0.0,0.0,0.0,0.0,1.0,4,0.0,0.0,,,589352
2023-01-19 15:00:00,00000001250,20230119150000,0.0,0.0,0.0,0.0,0.0,0.0,1.0,4,0.0,0.0,,,589352
2023-01-19 16:00:00,00000001250,20230119160000,0.0,0.0,0.0,0.0,0.0,0.0,1.0,4,0.0,0.0,,,589352
2023-01-19 17:00:00,00000001250,20230119170000,0.0,0.0,0.0,0.0,0.0,0.0,1.0,4,0.0,0.0,,,589352
2023-01-19 18:00:00,00000001250,20230119180000,0.0,0.0,0.0,0.0,0.0,0.0,1.0,4,0.0,0.0,,,589352
2023-01-19 19:00:00,00000001250,20230119190000,0.0,0.0,0.0,0.0,0.0,0.0,1.0,4,0.0,0.0,,,589352
2023-01-19 20:00:00,00000001250,20230119200000,0.0,0.0,0.0,0.0,0.0,0.0,1.0,4,0.0,0.0,,,589352
2023-01-19 21:00:00,00000001250,20230119210000,0.0,0.0,0.0,0.0,0.0,0.0,1.0,4,0.0,0.0,,,589352
2023-01-19 22:00:00,00000001250,20230119220000,0.0,0.0,0.0,0.0,0.0,0.0,1.0,4,0.0,0.0,,,589352
2023-01-19 23:00:00,00000001250,20230119230000,0.0,0.0,0.0,0.0,0.0,0.0,1.0,4,0.0,0.0,,,589352
2023-01-20 00:00:00,00000001250,20230120000000,0.0,0.0,0.0,0.0,0.0,0.0,1.0,4,0.0,0.0,,,589352
2023-01-20 01:00:00,00000001250,20230120010000,0.0,0.0,0.0,0.0,0.0,0.0,1.0,4,0.0,0.0,,,589352
2023-01-20 02:00:00,00000001250,20230120020000,0.0,0.0,0.0,0.0,0.0,0.0,1.0,4,0.0,0.0,,,589352
2023-01-20 03:00:00,00000001250,20230120030000,0.0,0.0,0.0,0.0,0.0,0.0,1.0,4,0.0,0.0,,,589352
2023-01-20 04:00:00,00000001250,20230120040000,0.0,0.0,0.0,0.0,0.0,0.0,1.0,4,0.0,0.0,,,589352
2023-01-20 05:00:00,00000001250,20230120050000,0.0,0.0,0.0,0.0,0.0,0.0,1.0,4,0.0,0.0,,,589352
2023-01-20 06:00:00,00000001250,20230120060000,0.0,0.0,0.0,0.0,0.0,0.0,1.0,4,0.0,0.0,,,589352
2023-01-20 07:00:00,00000001250,20230120070000,0.0,0.0,0.0,0.0,0.0,0.0,1.0,4,0.0,0.0,,,589352
2023-01-20 08:00:00,00000001250,20230120080000,0.0,0.0,0.0,0.0,0.0,0.0,1.0,4,0.0,0.0,,,589352
2023-01-20 09:00:00,00000001250,20230120090000,0.0,0.0,0.0,0.0,0.0,0.0,1.0,4,0.0,0.0,,,589352
2023-01-20 10:00:00,00000001250,20230120100000,0.0,0.0,0.0,0.0,0.0,0.0,1.0,4,0.0,0.0,,,589352
2023-01-20 11:00:00,00000001250,20230120110000,0.0,0.0,0.0,0.0,0.0,0.0,1.0,4,0.0,0.0,,,589352
2023-01-20 12:00:00,00000001250,20230120120000,0.004,0.0,0.0,0.0,0.0,0.0,1.0,4,0.0,0.0,0.0,0.0,589352
2023-01-20 13:00:00,00000001250,20230120130000,0.004,0.0,0.0,0.0,0.0,0.0,1.0,4,0.0,0.0,0.0,0.0,589352
2023-01-20 14:00:00,00000001250,20230120140000,0.002,0.0,0.0,0.0,0.0,0.0,1.0,4,0.0,0.0,0.0,0.0,589352
2023-01-20 15:00:00,00000001250,20230120150000,0.001,0.0,0.0,0.0,0.0,0.0,1.0,4,0.0,0.0,0.0,0.0,589352
2023-01-20 16:00:00,00000001250,20230120160000,0.002,0.0,0.0,0.0,0.0,0.0,1.0,4,0.0,0.0,0.0,0.0,589352
2023-01-20 17:00:00,00000001250,20230120170000,0.0,0.0,0.0,0.0,0.0,0.0,1.0,4,0.0,0.0,,,589352
2023-01-20 18:00:00,00000001250,20230120180000,0.0,0.0,0.0,0.0,0.0,0.0,1.0,4,0.0,0.0,,,589352
2023-01-20 19:00:00,00000001250,20230120190000,0.0,0.0,0.0,0.0,0.0,0.0,1.0,4,0.0,0.0,,,589352
2023-01-20 20:00:00,00000001250,20230120200000,0.0,0.0,0.0,0.0,0.0,0.0,1.0,4,0.0,0.0,,,589352
2023-01-20 21:00:00,00000001250,20230120210000,0.0,0.0,0.0,0.0,0.0,0.0,1.0,4,0.0,0.0,,,589352
2023-01-20 22:00:00,00000001250,20230120220000,0.0,0.0,0.0,0.0,0.0,0.0,1.0,4,0.0,0.0,,,589352
2023-01-20 23:00:00,00000001250,20230120230000,0.0,0.0,0.0,0.0,0.0,0.0,1.0,4,0.0,0.0,,,589352
2023-01-21 00:00:00,00000001250,20230121000000,0.0,0.0,0.0,0.0,0.0,0.0,1.0,4,0.0,0.0,,,589352
2023-01-21 01:00:00,00000001250,20230121010000,0.0,0.0,0.0,0.0,0.0,0.0,1.0,4,0.0,0.0,,,589352
2023-01-21 02:00:00,00000001250,20230121020000,0.0,0.0,0.0,0.0,0.0,0.0,1.0,4,0.0,0.0,,,589352
2023-01-21 03:00:00,00000001250,20230121030000,0.0,0.0,0.0,0.0,0.0,0.0,1.0,4,0.0,0.0,,,589352
2023-01-21 04:00:00,00000001250,20230121040000,0.0,0.0,0.0,0.0,0.0,0.0,1.0,4,0.0,0.0,,,589352
2023-01-21 05:00:00,00000001250,20230121050000,0.0,0.0,0.0,0.0,0.0,0.0,1.0,4,0.0,0.0,,,589352
2023-01-21 06:00:00,00000001250,20230121060000,0.0,0.0,0.0,0.0,0.0,0.0,1.0,4,0.0,0.0,,,589352
2023-01-21 07:00:00,00000001250,20230121070000,0.0,0.0,0.0,0.0,0.0,0.0,1.0,4,0.0,0.0,,,589352
2023-01-21 08:00:00,00000001250,20230121080000,0.0,0.0,0.0,0.0,0.0,0.0,1.0,4,0.0,0.0,,,589352
2023-01-21 09:00:00,00000001250,20230121090000,0.0,0.0,0.0,0.0,0.0,0.0,1.0,4,0.0,0.0,,,589352
2023-01-21 10:00:00,00000001250,20230121100000,0.003,0.0,0.0,0.0,0.0,0.0,1.0,4,0.0,0.0,0.0,0.0,589352
2023-01-21 11:00:00,00000001250,20230121110000,0.004,0.0,0.0,0.0,0.0,0.0,1.0,4,0.0,0.0,0.0,0.0,589352
2023-01-21 12:00:00,00000001250,20230121120000,0.005,0.0,0.0,0.0,0.0,0.0,1.0,4,0.0,0.0,0.0,0.0,589352
2023-01-21 13:00:00,00000001250,20230121130000,0.001,0.0,0.0,0.0,0.0,0.0,1.0,4,0.0,0.0,0.0,0.0,589352
2023-01-21 14:00:00,00000001250,20230121140000,0.003,0.0,0.0,0.0,0.0,0.0,1.0,4,0.0,0.0,0.0,0.0,589352
2023-01-21 15:00:00,00000001250,20230121150000,0.0,0.0,0.0,0.0,0.0,0.0,1.0,4,0.0,0.0,,,589352
2023-01-21 16:00:00,00000001250,20230121160000,0.0,0.0,0.0,0.0,0.0,0.0,1.0,4,0.0,0.0,,,589352
2023-01-21 17:00:00,00000001250,20230121170000,0.0,0.0,0.0,0.0,0.0,0.0,1.0,4,0.0,0.0,,,589352
2023-01-21 18:00:00,00000001250,20230121180000,0.0,0.0,0.0,0.0,0.0,0.0,1.0,4,0.0,0.0,,,589352
2023-01-21 19:00:00,00000001250,20230121190000,0.0,0.0,0.0,0.0,0.0,0.0,1.0,4,0.0,0.0,,,589352
2023-01-21 20:00:00,00000001250,20230121200000,0.0,0.0,0.0,0.0,0.0,0.0,1.0,4,0.0,0.0,,,589352
2023-01-21 21:00:00,00000001250,20230121210000,0.0,0.0,0.0,0.0,0.0,0.0,1.0,4,0.0,0.0,,,589352
2023-01-21 22:00:00,00000001250,20230121220000,0.0,0.0,0.0,0.0,0.0,0.0,1.0,4,0.0,0.0,,,589352
2023-01-21 23:00:00,00000001250,20230121230000,0.0,0.0,0.0,0.0,0.0,0.0,1.0,4,0.0,0.0,,,589352
2023-01-22 00:00:00,00000001250,20230122000000,0.003,0.0,0.0,0.0,0.0,0.0,1.0,4,0.0,0.0,0.0,0.0,589352
2023-01-22 01:00:00,00000001250,20230122010000,0.003,0.0,0.0,0.0,0.0,0.0,1.0,4,0.0,0.0,0.0,0.0,589352
2023-01-22 02:00:00,00000001250,20230122020000,0.001,0.0,0.0,0.0,0.0,0.0,1.0,4,0.0,0.0,0.0,0.0,589352
2023-01-22 03:00:00,00000001250,20230122030000,0.0,0.0,0.0,0.0,0.0,0.0,1.0,4,0.0,0.0,,,589352
2023-01-22 04:00:00,00000001250,20230122040000,0.001,0.0,0.0,0.0,0.0,0.0,1.0,4,0.0,0.0,0.0,0.0,589352
2023-01-22 05:00:00,00000001250,20230122050000,0.003,0.0,0.0,0.0,0.0,0.0,1.0,4,0.0,0.0,0.0,0.0,589352
2023-01-22 06:00:00,00000001250,20230122060000,0.002,0.0,0.0,0.0,0.0,0.0,1.0,4,0.0,0.0,0.0,0.0,589352
2023-01-22 07:00:00,00000001250,20230122070000,0.001,0.0,0.0,0.0,0.0,0.0,1.0,4,0.0,0.0,0.0,0.0,589352
2023-01-22 08:00:00,00000001250,20230122080000,0.001,0.0,0.0,0.0,0.0,0.0,1.0,4,0.0,0.0,0.0,0.0,589352
2023-01-22 09:00:00,00000001250,20230122090000,0.001,0.0,0.0,0.0,0.0,0.0,1.0,4,0.0,0.0,0.0,0.0,589352
2023-01-22 10:00:00,00000001250,20230122100000,0.0,0.0,0.0,0.0,0.0,0.0,1.0,4,0.0,0.0,,,589352
2023-01-22 11:00:00,00000001250,20230122110000,0.0,0.0,0.0,0.0,0.0,0.0,1.0,4,0.0,0.0,,,589352
2023-01-22 12:00:00,00000001250,20230122120000,0.0,0.0,0.0,0.0,0.0,0.0,1.0,4,0.0,0.0,,,589352
2023-01-22 13:00:00,00000001250,20230122130000,0.0,0.0,0.0,0.0,0.0,0.0,1.0,4,0.0,0.0,,,589352
2023-01-22 14:00:00,00000001250,20230122140000,0.0,0.0,0.0,0.0,0.0,0.0,1.0,4,0.0,0.0,,,589352
2023-01-22 15:00:00,00000001250,20230122150000,0.0,0.0,0.0,0.0,0.0,0.0,1.0,4,0.0,0.0,,,589352
2023-01-22 16:00:00,00000001250,20230122160000,0.0,0.0,0.0,0.0,0.0,0.0,1.0,4,0.0,0.0,,,589352
2023-01-22 17:00:00,00000001250,20230122170000,0.0,0.0,0.0,0.0,0.0,0.0,1.0,4,0.0,0.0,,,589352
2023-01-22 18:00:00,00000001250,20230122180000,0.0,0.0,0.0,0.0,0.0,0.0,1.0,4,0.0,0.0,,,589352
2023-01-22 19:00:00,00000001250,20230122190000,0.0,0.0,0.0,0.0,0.0,0.0,1.0,4,0.0,0.0,,,589352
2023-01-22 20:00:00,00000001250,20230122200000,0.0,0.0,0.0,0.0,0.0,0.0,1.0,4,0.0,0.0,,,589352
2023-01-22 21:00:00,00000001250,20230122210000,0.0,0.0,0.0,0.0,0.0,0.0,1.0,4,0.0,0.0,,,589352
2023-01-22 22:00:00,00000001250,20230122220000,0.0,0.0,0.0,0.0,0.0,0.0,1.0,4,0.0,0.0,,,589352
2023-01-22 23:00:00,00000001250,20230122230000,0.0,0.0,0.0,0.0,0.0,0.0,1.0,4,0.0,0.0,,,589352
2023-01-23 00:00:00,00000001250,20230123000000,0.0,0.0,0.0,0.0,0.0,0.0,1.0,4,0.0,0.0,,,589352
2023-01-23 01:00:00,00000001250,20230123010000,0.0,0.0,0.0,0.0,0.0,0.0,1.0,4,0.0,0.0,,,589352
2023-01-23 02:00:00,00000001250,20230123020000,0.0,0.0,0.0,0.0,0.0,0.0,1.0,4,0.0,0.0,,,589352
2023-01-23 03:00:00,00000001250,20230123030000,0.0,0.0,0.0,0.0,0.0,0.0,1.0,4,0.0,0.0,,,589352
2023-01-23 04:00:00,00000001250,20230123040000,0.0,0.0,0.0,0.0,0.0,0.0,1.0,4,0.0,0.0,,,589352
2023-01-23 05:00:00,00000001250,20230123050000,0.0,0.0,0.0,0.0,0.0,0.0,1.0,4,0.0,0.0,,,589352
2023-01-23 06:00:00,00000001250,20230123060000,0.0,0.0,0.0,0.0,0.0,0.0,1.0,4,0.0,0.0,,,589352
2023-01-23 07:00:00,00000001250,20230123070000,0.0,0.0,0.0,0.0,0.0,0.0,1.0,4,0.0,0.0,,,589352
2023-01-23 08:00:00,00000001250,20230123080000,0.0,0.0,0.0,0.0,0.0,0.0,1.0,4,0.0,0.0,,,589352
2023-01-23 09:00:00,00000001250,20230123090000,0.0,0.0,0.0,0.0,0.0,0.0,1.0,4,0.0,0.0,,,589352
2023-01-23 10:00:00,00000001250,20230123100000,0.0,0.0,0.0,0.0,0.0,0.0,1.0,4,0.0,0.0,,,589352
2023-01-23 11:00:00,00000001250,20230123110000,0.0,0.0,0.0,0.0,0.0,0.0,1.0,4,0.0,0.0,,,589352
2023-01-23 12:00:00,00000001250,20230123120000,0.0,0.0,0.0,0.0,0.0,0.0,1.0,4,0.0,0.0,,,589352
2023-01-23 13:00:00,00000001250,20230123130000,0.0,0.0,0.0,0.0,0.0,0.0,1.0,4,0.0,0.0,,,589352
2023-01-23 14:00:00,00000001250,20230123140000,0.0,0.0,0.0,0.0,0.0,0.0,1.0,4,0.0,0.0,,,589352
2023-01-23 15:00:00,00000001250,20230123150000,0.0,0.0,0.0,0.0,0.0,0.0,1.0,4,0.0,0.0,,,589352
2023-01-23 16:00:00,00000001250,20230123160000,0.0,0.0,0.0,0.0,0.0,0.0,1.0,4,0.0,0.0,,,589352
2023-01-23 17:00:00,00000001250,20230123170000,0.0,0.0,0.0,0.0,0.0,0.0,1.0,4,0.0,0.0,,,589352
2023-01-23 18:00:00,00000001250,20230123180000,0.0,0.0,0.0,0.0,0.0,0.0,1.0,4,0.0,0.0,,,589352
2023-01-23 19:00:00,00000001250,20230123190000,0.0,0.0,0.0,0.0,0.0,0.0,1.0,4,0.0,0.0,,,589352
2023-01-23 20:00:00,00000001250,20230123200000,0.0,0.0,0.0,0.0,0.0,0.0,1.0,4,0.0,0.0,,,589352
2023-01-23 21:00:00,00000001250,20230123210000,0.0,0.0,0.0,0.0,0.0,0.0,1.0,4,0.0,0.0,,,589352
2023-01-23 22:00:00,00000001250,20230123220000,0.0,0.0,0.0,0.0,0.0,0.0,1.0,4,0.0,0.0,,,589352
2023-01-23 23:00:00,00000001250,20230123230000,0.0,0.0,0.0,0.0,0.0,0.0,1.0,4,0.0,0.0,,,589352
2023-01-24 00:00:00,00000001250,20230124000000,0.0,0.0,0.0,0.0,0.0,0.0,1.0,4,0.0,0.0,,,589352
2023-01-24 01:00:00,00000001250,20230124010000,0.0,0.0,0.0,0.0,0.0,0.0,1.0,4,0.0,0.0,,,589352
2023-01-24 02:00:00,00000001250,20230124020000,0.0,0.0,0.0,0.0,0.0,0.0,1.0,4,0.0,0.0,,,589352
2023-01-24 03:00:00,00000001250,20230124030000,0.0,0.0,0.0,0.0,0.0,0.0,1.0,4,0.0,0.0,,,589352
2023-01-24 04:00:00,00000001250,20230124040000,0.0,0.0,0.0,0.0,0.0,0.0,1.0,4,0.0,0.0,,,589352
2023-01-24 05:00:00,00000001250,20230124050000,0.0,0.0,0.0,0.0,0.0,0.0,1.0,4,0.0,0.0,,,589352
2023-01-24 06:00:00,00000001250,20230124060000,0.0,0.0,0.0,0.0,0.0,0.0,1.0,4,0.0,0.0,,,589352
2023-01-24 07:00:00,00000001250,20230124070000,0.0,0.0,0.0,0.0,0.0,0.0,1.0,4,0.0,0.0,,,589352
2023-01-24 08:00:00,00000001250,20230124080000,0.0,0.0,0.0,0.0,0.0,0.0,1.0,4,0.0,0.0,,,589352
2023-01-25 09:00:00,00000001250,20230125090000,0.0,0.0,0.0,0.0,0.0,0.0,1.0,4,0.0,0.0,,,589352
2023-01-25 10:00:00,00000001250,20230125100000,0.0,0.0,0.0,0.0,0.0,0.0,1.0,4,0.0,0.0,,,589352
2023-01-25 11:00:00,00000001250,20230125110000,0.0,0.0,0.0,0.0,0.0,0.0,1.0,4,0.0,0.0,,,589352
2023-01-25 12:00:00,00000001250,20230125120000,0.0,0.0,0.0,0.0,0.0,0.0,1.0,4,0.0,0.0,,,589352
2023-01-25 13:00:00,00000001250,20230125130000,0.0,0.0,0.0,0.0,0.0,0.0,1.0,4,0.0,0.0,,,589352
2023-01-25 14:00:00,00000001250,20230125140000,0.0,0.0,0.0,0.0,0.0,0.0,1.0,4,0.0,0.0,,,589352
2023-01-25 15:00:00,00000001250,20230125150000,0.0,0.0,0.0,0.0,0.0,0.0,1.0,4,0.0,0.0,,,589352
2023-01-25 16:00:00,00000001250,20230125160000,0.0,0.0,0.0,0.0,0.0,0.0,1.0,4,0.0,0.0,,,589352
2023-01-25 17:00:00,00000001250,20230125170000,0.0,0.0,0.0,0.0,0.0,0.0,1.0,4,0.0,0.0,,,589352
2023-01-25 18:00:00,00000001250,20230125180000,0.0,0.0,0.0,0.0,0.0,0.0,1.0,4,0.0,0.0,,,589352
2023-01-25 19:00:00,00000001250,20230125190000,0.0,0.0,0.0,0.0,0.0,0.0,1.0,4,0.0,0.0,,,589352
2023-01-25 20:00:00,00000001250,20230125200000,0.0,0.0,0.0,0.0,0.0,0.0,1.0,4,0.0,0.0,,,589352
2023-01-25 21:00:00,00000001250,20230125210000,0.0,0.0,0.0,0.0,0.0,0.0,1.0,4,0.0,0.0,,,589352
2023-01-25 22:00:00,00000001250,20230125220000,0.0,0.0,0.0,0.0,0.0,0.0,1.0,4,0.0,0.0,,,589352
2023-01-25 23:00:00,00000001250,20230125230000,0.0,0.0,0.0,0.0,0.0,0.0,1.0,4,0.0,0.0,,,589352
2023-01-26 00:00:00,00000001250,20230126000000,0.0,0.0,0.0,0.0,0.0,0.0,1.0,4,0.0,0.0,,,589352
2023-01-26 01:00:00,00000001250,20230126010000,0.0,0.0,0.0,0.0,0.0,0.0,1.0,4,0.0,0.0,,,589352
2023-01-26 02:00:00,00000001250,20230126020000,0.0,0.0,0.0,0.0,0.0,0.0,1.0,4,0.0,0.0,,,589352
2023-01-26 03:00:00,00000001250,20230126030000,0.0,0.0,0.0,0.0,0.0,0.0,1.0,4,0.0,0.0,,,589352
2023-01-26 04:00:00,00000001250,20230126040000,0.0,0.0,0.0,0.0,0.0,0.0,1.0,4,0.0,0.0,,,589352
2023-01-26 05:00:00,00000001250,20230126050000,0.0,0.0,0.0,0.0,0.0,0.0,1.0,4,0.0,0.0,,,589352
2023-01-26 06:00:00,00000001250,20230126060000,0.0,0.0,0.0,0.0,0.0,0.0,1.0,4,0.0,0.0,,,589352
2023-01-26 07:00:00,00000001250,20230126070000,0.0,0.0,0.0,0.0,0.0,0.0,1.0,4,0.0,0.0,,,589352
2023-01-26 08:00:00,00000001250,20230126080000,0.0,0.0,0.0,0.0,0.0,0.0,1.0,4,0.0,0.0,,,589352
2023-01-26 09:00:00,00000001250,20230126090000,0.0,0.0,0.0,0.0,0.0,0.0,1.0,4,0.0,0.0,,,589352
2023-01-26 10:00:00,00000001250,20230126100000,0.0,0.0,0.0,0.0,0.0,0.0,1.0,4,0.0,0.0,,,589352
2023-01-26 11:00:00,00000001250,20230126110000,0.0,0.0,0.0,0.0,0.0,0.0,1.0,4,0.0,0.0,,,589352
2023-01-26 12:00:00,00000001250,20230126120000,0.0,0.0,0.0,0.0,0.0,0.0,1.0,4,0.0,0.0,,,589352
2023-01-26 13:00:00,00000001250,20230126130000,0.0,0.0,0.0,0.0,0.0,0.0,1.0,4,0.0,0.0,,,589352
2023-01-26 14:00:00,00000001250,20230126140000,0.0,0.0,0.0,0.0,0.0,0.0,1.0,4,0.0,0.0,,,589352
2023-01-26 15:00:00,00000001250,20230126150000,0.0,0.0,0.0,0.0,0.0,0.0,1.0,4,0.0,0.0,,,589352
2023-01-26 16:00:00,00000001250,20230126160000,0.0,0.0,0.0,0.0,0.0,0.0,1.0,4,0.0,0.0,,,589352
2023-01-26 17:00:00,00000001250,20230126170000,0.0,0.0,0.0,0.0,0.0,0.0,1.0,4,0.0,0.0,,,589352
2023-01-26 18:00:00,00000001250,20230126180000,0.001,0.0,0.0,0.0,0.0,0.0,1.0,4,0.0,0.0,0.0,0.0,589352
2023-01-26 19:00:00,00000001250,20230126190000,0.0,0.0,0.0,0.0,0.0,0.0,1.0,4,0.0,0.0,,,589352
2023-01-26 20:00:00,00000001250,20230126200000,0.0,0.0,0.0,0.0,0.0,0.0,1.0,4,0.0,0.0,,,589352
2023-01-26 21:00:00,00000001250,20230126210000,0.0,0.0,0.0,0.0,0.0,0.0,1.0,4,0.0,0.0,,,589352
2023-01-26 22:00:00,00000001250,20230126220000,0.0,0.0,0.0,0.0,0.0,0.0,1.0,4,0.0,0.0,,,589352
2023-01-26 23:00:00,00000001250,20230126230000,0.0,0.0,0.0,0.0,0.0,0.0,1.0,4,0.0,0.0,,,589352
2023-01-27 00:00:00,00000001250,20230127000000,0.0,0.0,0.0,0.0,0.0,0.0,1.0,4,0.0,0.0,,,589352
2023-01-27 01:00:00,00000001250,20230127010000,0.0,0.0,0.0,0.0,0.0,0.0,1.0,4,0.0,0.0,,,589352
2023-01-27 02:00:00,00000001250,20230127020000,0.0,0.0,0.0,0.0,0.0,0.0,1.0,4,0.0,0.0,,,589352
2023-01-27 03:00:00,00000001250,20230127030000,0.0,0.0,0.0,0.0,0.0,0.0,1.0,4,0.0,0.0,,,589352
2023-01-27 04:00:00,00000001250,20230127040000,0.0,0.0,0.0,0.0,0.0,0.0,1.0,4,0.0,0.0,,,589352
2023-01-27 05:00:00,00000001250,20230127050000,0.0,0.0,0.0,0.0,0.0,0.0,1.0,4,0.0,0.0,,,589352
2023-01-27 06:00:00,00000001250,20230127060000,0.0,0.0,0.0,0.0,0.0,0.0,1.0,4,0.0,0.0,,,589352
2023-01-27 07:00:00,00000001250,20230127070000,0.0,0.0,0.0,0.0,0.0,0.0,1.0,4,0.0,0.0,,,589352
2023-01-27 08:00:00,00000001250,20230127080000,0.0,0.0,0.0,0.0,0.0,0.0,1.0,4,0.0,0.0,,,589352
2023-01-27 09:00:00,00000001250,20230127090000,0.0,0.0,0.0,0.0,0.0,0.0,1.0,4,0.0,0.0,,,589352
2023-01-27 10:00:00,00000001250,20230127100000,0.0,0.0,0.0,0.0,0.0,0.0,1.0,4,0.0,0.0,,,589352
2023-01-27 11:00:00,00000001250,20230127110000,0.0,0.0,0.0,0.0,0.0,0.0,1.0,4,0.0,0.0,,,589352
2023-01-27 12:00:00,00000001250,20230127120000,0.0,0.0,0.0,0.0,0.0,0.0,1.0,4,0.0,0.0,,,589352
2023-01-27 13:00:00,00000001250,20230127130000,0.0,0.0,0.0,0.0,0.0,0.0,1.0,4,0.0,0.0,,,589352
2023-01-27 14:00:00,00000001250,20230127140000,0.0,0.0,0.0,0.0,0.0,0.0,1.0,4,0.0,0.0,,,589352
2023-01-27 15:00:00,00000001250,20230127150000,0.0,0.0,0.0,0.0,0.0,0.0,1.0,4,0.0,0.0,,,589352
2023-01-27 16:00:00,00000001250,20230127160000,0.0,0.0,0.0,0.0,0.0,0.0,1.0,4,0.0,0.0,,,589352
2023-01-27 17:00:00,00000001250,20230127170000,0.0,0.0,0.0,0.0,0.0,0.0,1.0,4,0.0,0.0,,,589352
2023-01-27 18:00:00,00000001250,20230127180000,0.0,0.0,0.0,0.0,0.0,0.0,1.0,4,0.0,0.0,,,589352
2023-01-27 19:00:00,00000001250,20230127190000,0.0,0.0,0.0,0.0,0.0,0.0,1.0,4,0.0,0.0,,,589352
2023-01-27 20:00:00,00000001250,20230127200000,0.0,0.0,0.0,0.0,0.0,0.0,1.0,4,0.0,0.0,,,589352
2023-01-27 21:00:00,00000001250,20230127210000,0.0,0.0,0.0,0.0,0.0,0.0,1.0,4,0.0,0.0,,,589352
2023-01-27 22:00:00,00000001250,20230127220000,0.0,0.0,0.0,0.0,0.0,0.0,1.0,4,0.0,0.0,,,589352
2023-01-27 23:00:00,00000001250,20230127230000,0.0,0.0,0.0,0.0,0.0,0.0,1.0,4,0.0,0.0,,,589352
2023-01-28 00:00:00,00000001250,20230128000000,0.0,0.0,0.0,0.0,0.0,0.0,1.0,4,0.0,0.0,,,589352
2023-01-28 01:00:00,00000001250,20230128010000,0.0,0.0,0.0,0.0,0.0,0.0,1.0,4,0.0,0.0,,,589352
2023-01-28 02:00:00,00000001250,20230128020000,0.0,0.0,0.0,0.0,0.0,0.0,1.0,4,0.0,0.0,,,589352
2023-01-28 03:00:00,00000001250,20230128030000,0.0,0.0,0.0,0.0,0.0,0.0,1.0,4,0.0,0.0,,,589352
2023-01-28 04:00:00,00000001250,20230128040000,0.0,0.0,0.0,0.0,0.0,0.0,1.0,4,0.0,0.0,,,589352
2023-01-28 05:00:00,00000001250,20230128050000,0.0,0.0,0.0,0.0,0.0,0.0,1.0,4,0.0,0.0,,,589352
2023-01-28 06:00:00,00000001250,20230128060000,0.0,0.0,0.0,0.0,0.0,0.0,1.0,4,0.0,0.0,,,589352
2023-01-28 07:00:00,00000001250,20230128070000,0.0,0.0,0.0,0.0,0.0,0.0,1.0,4,0.0,0.0,,,589352
2023-01-28 08:00:00,00000001250,20230128080000,0.0,0.0,0.0,0.0,0.0,0.0,1.0,4,0.0,0.0,,,589352
2023-01-28 09:00:00,00000001250,20230128090000,0.0,0.0,0.0,0.0,0.0,0.0,1.0,4,0.0,0.0,,,589352
2023-01-28 10:00:00,00000001250,20230128100000,0.0,0.0,0.0,0.0,0.0,0.0,1.0,4,0.0,0.0,,,589352
2023-01-28 11:00:00,00000001250,20230128110000,0.0,0.0,0.0,0.0,0.0,0.0,1.0,4,0.0,0.0,,,589352
2023-01-28 12:00:00,00000001250,20230128120000,0.0,0.0,0.0,0.0,0.0,0.0,1.0,4,0.0,0.0,,,589352
2023-01-28 13:00:00,00000001250,20230128130000,0.0,0.0,0.0,0.0,0.0,0.0,1.0,4,0.0,0.0,,,589352
2023-01-28 14:00:00,00000001250,20230128140000,0.0,0.0,0.0,0.0,0.0,0.0,1.0,4,0.0,0.0,,,589352
2023-01-28 15:00:00,00000001250,20230128150000,0.0,0.0,0.0,0.0,0.0,0.0,1.0,4,0.0,0.0,,,589352
2023-01-28 16:00:00,00000001250,20230128160000,0.0,0.0,0.0,0.0,0.0,0.0,1.0,4,0.0,0.0,,,589352
2023-01-28 17:00:00,00000001250,20230128170000,0.0,0.0,0.0,0.0,0.0,0.0,1.0,4,0.0,0.0,,,589352
2023-01-28 18:00:00,00000001250,20230128180000,0.0,0.0,0.0,0.0,0.0,0.0,1.0,4,0.0,0.0,,,589352
2023-01-28 19:00:00,00000001250,20230128190000,0.0,0.0,0.0,0.0,0.0,0.0,1.0,4,0.0,0.0,,,589352
2023-01-28 20:00:00,00000001250,20230128200000,0.0,0.0,0.0,0.0,0.0,0.0,1.0,4,0.0,0.0,,,589352
2023-01-28 21:00:00,00000001250,20230128210000,0.0,0.0,0.0,0.0,0.0,0.0,1.0,4,0.0,0.0,,,589352
2023-01-28 22:00:00,00000001250,20230128220000,0.0,0.0,0.0,0.0,0.0,0.0,1.0,4,0.0,0.0,,,589352
2023-01-28 23:00:00,00000001250,20230128230000,0.0,0.0,0.0,0.0,0.0,0.0,1.0,4,0.0,0.0,,,589352
2023-01-29 00:00:00,00000001250,20230129000000,0.0,0.0,0.0,0.0,0.0,0.0,1.0,4,0.0,0.0,,,589352
2023-01-29 01:00:00,00000001250,20230129010000,0.0,0.0,0.0,0.0,0.0,0.0,1.0,4,0.0,0.0,,,589352
2023-01-29 02:00:00,00000001250,20230129020000,0.0,0.0,0.0,0.0,0.0,0.0,1.0,4,0.0,0.0,,,589352
2023-01-29 03:00:00,00000001250,20230129030000,0.0,0.0,0.0,0.0,0.0,0.0,1.0,4,0.0,0.0,,,589352
2023-01-29 04:00:00,00000001250,20230129040000,0.0,0.0,0.0,0.0,0.0,0.0,1.0,4,0.0,0.0,,,589352
2023-01-29 05:00:00,00000001250,20230129050000,0.0,0.0,0.0,0.0,0.0,0.0,1.0,4,0.0,0.0,,,589352
2023-01-29 06:00:00,00000001250,20230129060000,0.0,0.0,0.0,0.0,0.0,0.0,1.0,4,0.0,0.0,,,589352
2023-01-29 07:00:00,00000001250,20230129070000,0.0,0.0,0.0,0.0,0.0,0.0,1.0,4,0.0,0.0,,,589352
2023-01-29 08:00:00,00000001250,20230129080000,0.0,0.0,0.0,0.0,0.0,0.0,1.0,4,0.0,0.0,,,589352
2023-01-29 09:00:00,00000001250,20230129090000,0.0,0.0,0.0,0.0,0.0,0.0,1.0,4,0.0,0.0,,,589352
2023-01-29 10:00:00,00000001250,20230129100000,0.0,0.0,0.0,0.0,0.0,0.0,1.0,4,0.0,0.0,,,589352
2023-01-29 11:00:00,00000001250,20230129110000,0.0,0.0,0.0,0.0,0.0,0.0,1.0,4,0.0,0.0,,,589352
2023-01-29 12:00:00,00000001250,20230129120000,0.0,0.0,0.0,0.0,0.0,0.0,1.0,4,0.0,0.0,,,589352
2023-01-29 13:00:00,00000001250,20230129130000,0.0,0.0,0.0,0.0,0.0,0.0,1.0,4,0.0,0.0,,,589352
2023-01-29 14:00:00,00000001250,20230129140000,0.0,0.0,0.0,0.0,0.0,0.0,1.0,4,0.0,0.0,,,589352
2023-01-29 15:00:00,00000001250,20230129150000,0.0,0.0,0.0,0.0,0.0,0.0,1.0,4,0.0,0.0,,,589352
2023-01-29 16:00:00,00000001250,20230129160000,0.0,0.0,0.0,0.0,0.0,0.0,1.0,4,0.0,0.0,,,589352
2023-01-29 17:00:00,00000001250,20230129170000,0.0,0.0,0.0,0.0,0.0,0.0,1.0,4,0.0,0.0,,,589352
2023-01-29 18:00:00,00000001250,20230129180000,0.0,0.0,0.0,0.0,0.0,0.0,1.0,4,0.0,0.0,,,589352
2023-01-29 19:00:00,00000001250,20230129190000,0.0,0.0,0.0,0.0,0.0,0.0,1.0,4,0.0,0.0,,,589352
2023-01-29 20:00:00,00000001250,20230129200000,0.0,0.0,0.0,0.0,0.0,0.0,1.0,4,0.0,0.0,,,589352
2023-01-29 21:00:00,00000001250,20230129210000,0.0,0.0,0.0,0.0,0.0,0.0,1.0,4,0.0,0.0,,,589352
2023-01-29 22:00:00,00000001250,20230129220000,0.0,0.0,0.0,0.0,0.0,0.0,1.0,4,0.0,0.0,,,589352
2023-01-29 23:00:00,00000001250,20230129230000,0.0,0.0,0.0,0.0,0.0,0.0,1.0,4,0.0,0.0,,,589352
2023-01-30 00:00:00,00000001250,20230130000000,0.0,0.0,0.0,0.0,0.0,0.0,1.0,4,0.0,0.0,,,589352
2023-01-30 01:00:00,00000001250,20230130010000,0.0,0.0,0.0,0.0,0.0,0.0,1.0,4,0.0,0.0,,,589352
2023-01-30 02:00:00,00000001250,20230130020000,0.0,0.0,0.0,0.0,0.0,0.0,1.0,4,0.0,0.0,,,589352
2023-01-30 03:00:00,00000001250,20230130030000,0.0,0.0,0.0,0.0,0.0,0.0,1.0,4,0.0,0.0,,,589352
2023-01-30 04:00:00,00000001250,20230130040000,0.0,0.0,0.0,0.0,0.0,0.0,1.0,4,0.0,0.0,,,589352
2023-01-30 05:00:00,00000001250,20230130050000,0.0,0.0,0.0,0.0,0.0,0.0,1.0,4,0.0,0.0,,,589352
2023-01-30 06:00:00,00000001250,20230130060000,0.0,0.0,0.0,0.0,0.0,0.0,1.0,4,0.0,0.0,,,589352
2023-01-30 07:00:00,00000001250,20230130070000,0.0,0.0,0.0,0.0,0.0,0.0,1.0,4,0.0,0.0,,,589352
2023-01-30 08:00:00,00000001250,20230130080000,0.0,0.0,0.0,0.0,0.0,0.0,1.0,4,0.0,0.0,,,589352
2023-01-30 09:00:00,00000001250,20230130090000,0.0,0.0,0.0,0.0,0.0,0.0,1.0,4,0.0,0.0,,,589352
2023-01-30 10:00:00,00000001250,20230130100000,0.0,0.0,0.0,0.0,0.0,0.0,1.0,4,0.0,0.0,,,589352
2023-01-30 11:00:00,00000001250,20230130110000,0.0,0.0,0.0,0.0,0.0,0.0,1.0,4,0.0,0.0,,,589352
2023-01-30 12:00:00,00000001250,20230130120000,0.0,0.0,0.0,0.0,0.0,0.0,1.0,4,0.0,0.0,,,589352
2023-01-30 13:00:00,00000001250,20230130130000,0.0,0.0,0.0,0.0,0.0,0.0,1.0,4,0.0,0.0,,,589352
2023-01-30 14:00:00,00000001250,20230130140000,0.0,0.0,0.0,0.0,0.0,0.0,1.0,4,0.0,0.0,,,589352
2023-01-30 15:00:00,00000001250,20230130150000,0.0,0.0,0.0,0.0,0.0,0.0,1.0,4,0.0,0.0,,,589352
2023-01-30 16:00:00,00000001250,20230130160000,0.0,0.0,0.0,0.0,0.0,0.0,1.0,4,0.0,0.0,,,589352
2023-01-30 17:00:00,00000001250,20230130170000,0.0,0.0,0.0,0.0,0.0,0.0,1.0,4,0.0,0.0,,,589352
2023-01-30 18:00:00,00000001250,20230130180000,0.0,0.0,0.0,0.0,0.0,0.0,1.0,4,0.0,0.0,,,589352
2023-01-30 19:00:00,00000001250,20230130190000,0.0,0.0,0.0,0.0,0.0,0.0,1.0,4,0.0,0.0,,,589352
2023-01-30 20:00:00,00000001250,20230130200000,0.0,0.0,0.0,0.0,0.0,0.0,1.0,4,0.0,0.0,,,589352
2023-01-30 21:00:00,00000001250,20230130210000,0.0,0.0,0.0,0.0,0.0,0.0,1.0,4,0.0,0.0,,,589352
2023-01-30 22:00:00,00000001250,20230130220000,0.0,0.0,0.0,0.0,0.0,0.0,1.0,4,0.0,0.0,,,589352
2023-01-30 23:00:00,00000001250,20230130230000,0.0,0.0,0.0,0.0,0.0,0.0,1.0,4,0.0,0.0,,,589352
2023-01-31 00:00:00,00000001250,20230131000000,0.0,0.0,0.0,0.0,0.0,0.0,1.0,4,0.0,0.0,,,589352
2023-01-31 01:00:00,00000001250,20230131010000,0.0,0.0,0.0,0.0,0.0,0.0,1.0,4,0.0,0.0,,,589352
2023-01-31 02:00:00,00000001250,20230131020000,0.0,0.0,0.0,0.0,0.0,0.0,1.0,4,0.0,0.0,,,589352
2023-01-31 03:00:00,00000001250,20230131030000,0.0,0.0,0.0,0.0,0.0,0.0,1.0,4,0.0,0.0,,,589352
2023-01-31 04:00:00,00000001250,20230131040000,0.0,0.0,0.0,0.0,0.0,0.0,1.0,4,0.0,0.0,,,589352
2023-01-31 05:00:00,00000001250,20230131050000,0.0,0.0,0.0,0.0,0.0,0.0,1.0,4,0.0,0.0,,,589352
2023-01-31 06:00:00,00000001250,20230131060000,0.0,0.0,0.0,0.0,0.0,0.0,1.0,4,0.0,0.0,,,589352
2023-01-31 07:00:00,00000001250,20230131070000,0.0,0.0,0.0,0.0,0.0,0.0,1.0,4,0.0,0.0,,,589352
2023-01-31 08:00:00,00000001250,20230131080000,0.0,0.0,0.0,0.0,0.0,0.0,1.0,4,0.0,0.0,,,589352
2023-01-31 09:00:00,00000001250,20230131090000,0.0,0.0,0.0,0.0,0.0,0.0,1.0,4,0.0,0.0,,,589352
2023-01-31 10:00:00,00000001250,20230131100000,0.0,0.0,0.0,0.0,0.0,0.0,1.0,4,0.0,0.0,,,589352
2023-01-31 11:00:00,00000001250,20230131110000,0.0,0.0,0.0,0.0,0.0,0.0,1.0,4,0.0,0.0,,,589352
2023-01-31 12:00:00,00000001250,20230131120000,0.0,0.0,0.0,0.0,0.0,0.0,1.0,4,0.0,0.0,,,589352
2023-01-31 13:00:00,00000001250,20230131130000,0.0,0.0,0.0,0.0,0.0,0.0,1.0,4,0.0,0.0,,,589352
2023-01-31 14:00:00,00000001250,20230131140000,0.0,0.0,0.0,0.0,0.0,0.0,1.0,4,0.0,0.0,,,589352
2023-01-31 15:00:00,00000001250,20230131150000,0.0,0.0,0.0,0.0,0.0,0.0,1.0,4,0.0,0.0,,,589352
2023-01-31 16:00:00,00000001250,20230131160000,0.0,0.0,0.0,0.0,0.0,0.0,1.0,4,0.0,0.0,,,589352
2023-01-31 17:00:00,00000001250,20230131170000,0.0,0.0,0.0,0.0,0.0,0.0,1.0,4,0.0,0.0,,,589352
2023-01-31 18:00:00,00000001250,20230131180000,0.0,0.0,0.0,0.0,0.0,0.0,1.0,4,0.0,0.0,,,589352
2023-01-31 19:00:00,00000001250,20230131190000,0.0,0.0,0.0,0.0,0.0,0.0,1.0,4,0.0,0.0,,,589352
2023-01-31 20:00:00,00000001250,20230131200000,0.0,0.0,0.0,0.0,0.0,0.0,1.0,4,0.0,0.0,,,589352
2023-01-31 21:00:00,00000001250,20230131210000,0.0,0.0,0.0,0.0,0.0,0.0,1.0,4,0.0,0.0,,,589352
2023-01-31 22:00:00,00000001250,20230131220000,0.0,0.0,0.0,0.0,0.0,0.0,1.0,4,0.0,0.0,,,589352
2023-01-31 23:00:00,00000001250,20230131230000,0.0,0.0,0.0,0.0,0.0,0.0,1.0,4,0.0,0.0,,,589352
2023-02-01 00:00:00,00000001250,20230201000000,0.0,0.0,0.0,0.0,0.0,0.0,1.0,4,0.0,0.0,,,589352
2023-02-01 01:00:00,00000001250,20230201010000,0.0,0.0,0.0,0.0,0.0,0.0,1.0,4,0.0,0.0,,,589352
2023-02-01 02:00:00,00000001250,20230201020000,0.0,0.0,0.0,0.0,0.0,0.0,1.0,4,0.0,0.0,,,589352
2023-02-01 03:00:00,00000001250,20230201030000,0.0,0.0,0.0,0.0,0.0,0.0,1.0,4,0.0,0.0,,,589352
2023-02-01 04:00:00,00000001250,20230201040000,0.0,0.0,0.0,0.0,0.0,0.0,1.0,4,0.0,0.0,,,589352
2023-02-01 05:00:00,00000001250,20230201050000,0.0,0.0,0.0,0.0,0.0,0.0,1.0,4,0.0,0.0,,,589352
2023-02-01 06:00:00,00000001250,20230201060000,0.0,0.0,0.0,0.0,0.0,0.0,1.0,4,0.0,0.0,,,589352
2023-02-01 07:00:00,00000001250,20230201070000,0.0,0.0,0.0,0.0,0.0,0.0,1.0,4,0.0,0.0,,,589352
2023-02-01 08:00:00,00000001250,20230201080000,0.0,0.0,0.0,0.0,0.0,0.0,1.0,4,0.0,0.0,,,589352
2023-02-01 09:00:00,00000001250,20230201090000,0.0,0.0,0.0,0.0,0.0,0.0,1.0,4,0.0,0.0,,,589352
2023-02-01 10:00:00,00000001250,20230201100000,0.0,0.0,0.0,0.0,0.0,0.0,1.0,4,0.0,0.0,,,589352
2023-02-01 11:00:00,00000001250,20230201110000,0.0,0.0,0.0,0.0,0.0,0.0,1.0,4,0.0,0.0,,,589352
2023-02-01 12:00:00,00000001250,20230201120000,0.0,0.0,0.0,0.0,0.0,0.0,1.0,4,0.0,0.0,,,589352
2023-02-01 13:00:00,00000001250,20230201130000,0.0,0.0,0.0,0.0,0.0,0.0,1.0,4,0.0,0.0,,,589352
2023-02-01 14:00:00,00000001250,20230201140000,0.0,0.0,0.0,0.0,0.0,0.0,1.0,4,0.0,0.0,,,589352
2023-02-01 15:00:00,00000001250,20230201150000,0.0,0.0,0.0,0.0,0.0,0.0,1.0,4,0.0,0.0,,,589352
2023-02-01 16:00:00,00000001250,20230201160000,0.0,0.0,0.0,0.0,0.0,0.0,1.0,4,0.0,0.0,,,589352
2023-02-01 17:00:00,00000001250,20230201170000,0.0,0.0,0.0,0.0,0.0,0.0,1.0,4,0.0,0.0,,,589352
2023-02-01 18:00:00,00000001250,20230201180000,0.0,0.0,0.0,0.0,0.0,0.0,1.0,4,0.0,0.0,,,589352
2023-02-01 19:00:00,00000001250,20230201190000,0.0,0.0,0.0,0.0,0.0,0.0,1.0,4,0.0,0.0,,,589352
2023-02-01 20:00:00,00000001250,20230201200000,0.0,0.0,0.0,0.0,0.0,0.0,1.0,4,0.0,0.0,,,589352
2023-02-01 21:00:00,00000001250,20230201210000,0.0,0.0,0.0,0.0,0.0,0.0,1.0,4,0.0,0.0,,,589352
2023-02-01 22:00:00,00000001250,20230201220000,0.0,0.0,0.0,0.0,0.0,0.0,1.0,4,0.0,0.0,,,589352
2023-02-01 23:00:00,00000001250,20230201230000,0.0,0.0,0.0,0.0,0.0,0.0,1.0,4,0.0,0.0,,,589352
2023-02-02 00:00:00,00000001250,20230202000000,0.0,0.0,0.0,0.0,0.0,0.0,1.0,4,0.0,0.0,,,589352
2023-02-02 01:00:00,00000001250,20230202010000,0.0,0.0,0.0,0.0,0.0,0.0,1.0,4,0.0,0.0,,,589352
2023-02-02 02:00:00,00000001250,20230202020000,0.0,0.0,0.0,0.0,0.0,0.0,1.0,4,0.0,0.0,,,589352
2023-02-02 03:00:00,00000001250,20230202030000,0.0,0.0,0.0,0.0,0.0,0.0,1.0,4,0.0,0.0,,,589352
2023-02-02 04:00:00,00000001250,20230202040000,0.0,0.0,0.0,0.0,0.0,0.0,1.0,4,0.0,0.0,,,589352
2023-02-02 05:00:00,00000001250,20230202050000,0.0,0.0,0.0,0.0,0.0,0.0,1.0,4,0.0,0.0,,,589352
2023-02-02 06:00:00,00000001250,20230202060000,0.0,0.0,0.0,0.0,0.0,0.0,1.0,4,0.0,0.0,,,589352
2023-02-02 07:00:00,00000001250,20230202070000,0.0,0.0,0.0,0.0,0.0,0.0,1.0,4,0.0,0.0,,,589352
2023-02-02 08:00:00,00000001250,20230202080000,0.0,0.0,0.0,0.0,0.0,0.0,1.0,4,0.0,0.0,,,589352
2023-02-02 09:00:00,00000001250,20230202090000,0.0,0.0,0.0,0.0,0.0,0.0,1.0,4,0.0,0.0,,,589352
2023-02-02 10:00:00,00000001250,20230202100000,0.0,0.0,0.0,0.0,0.0,0.0,1.0,4,0.0,0.0,,,589352
2023-02-02 11:00:00,00000001250,20230202110000,0.0,0.0,0.0,0.0,0.0,0.0,1.0,4,0.0,0.0,,,589352
2023-02-02 12:00:00,00000001250,20230202120000,0.0,0.0,0.0,0.0,0.0,0.0,1.0,4,0.0,0.0,,,589352
2023-02-02 13:00:00,00000001250,20230202130000,0.0,0.0,0.0,0.0,0.0,0.0,1.0,4,0.0,0.0,,,589352
2023-02-02 14:00:00,00000001250,20230202140000,0.0,0.0,0.0,0.0,0.0,0.0,1.0,4,0.0,0.0,,,589352
2023-02-02 15:00:00,00000001250,20230202150000,0.0,0.0,0.0,0.0,0.0,0.0,1.0,4,0.0,0.0,,,589352
2023-02-02 16:00:00,00000001250,20230202160000,0.0,0.0,0.0,0.0,0.0,0.0,1.0,4,0.0,0.0,,,589352
2023-02-02 17:00:00,00000001250,20230202170000,0.0,0.0,0.0,0.0,0.0,0.0,1.0,4,0.0,0.0,,,589352
2023-02-02 18:00:00,00000001250,20230202180000,0.0,0.0,0.0,0.0,0.0,0.0,1.0,4,0.0,0.0,,,589352
2023-02-02 19:00:00,00000001250,20230202190000,0.0,0.0,0.0,0.0,0.0,0.0,1.0,4,0.0,0.0,,,589352
2023-02-02 20:00:00,00000001250,20230202200000,0.0,0.0,0.0,0.0,0.0,0.0,1.0,4,0.0,0.0,,,589352
2023-02-02 21:00:00,00000001250,20230202210000,0.0,0.0,0.0,0.0,0.0,0.0,1.0,4,0.0,0.0,,,589352
2023-02-02 22:00:00,00000001250,20230202220000,0.0,0.0,0.0,0.0,0.0,0.0,1.0,4,0.0,0.0,,,589352
2023-02-02 23:00:00,00000001250,20230202230000,0.0,0.0,0.0,0.0,0.0,0.0,1.0,4,0.0,0.0,,,589352
2023-02-03 00:00:00,00000001250,20230203000000,0.0,0.0,0.0,0.0,0.0,0.0,1.0,4,0.0,0.0,,,589352
2023-02-03 01:00:00,00000001250,20230203010000,0.0,0.0,0.0,0.0,0.0,0.0,1.0,4,0.0,0.0,,,589352
2023-02-03 02:00:00,00000001250,20230203020000,0.0,0.0,0.0,0.0,0.0,0.0,1.0,4,0.0,0.0,,,589352
2023-02-03 03:00:00,00000001250,20230203030000,0.0,0.0,0.0,0.0,0.0,0.0,1.0,4,0.0,0.0,,,589352
2023-02-03 04:00:00,00000001250,20230203040000,0.0,0.0,0.0,0.0,0.0,0.0,1.0,4,0.0,0.0,,,589352
2023-02-03 05:00:00,00000001250,20230203050000,0.0,0.0,0.0,0.0,0.0,0.0,1.0,4,0.0,0.0,,,589352
2023-02-03 06:00:00,00000001250,20230203060000,0.0,0.0,0.0,0.0,0.0,0.0,1.0,4,0.0,0.0,,,589352
2023-02-03 07:00:00,00000001250,20230203070000,0.0,0.0,0.0,0.0,0.0,0.0,1.0,4,0.0,0.0,,,589352
2023-02-03 08:00:00,00000001250,20230203080000,0.0,0.0,0.0,0.0,0.0,0.0,1.0,4,0.0,0.0,,,589352
2023-02-03 09:00:00,00000001250,20230203090000,0.0,0.0,0.0,0.0,0.0,0.0,1.0,4,0.0,0.0,,,589352
2023-02-03 10:00:00,00000001250,20230203100000,0.0,0.0,0.0,0.0,0.0,0.0,1.0,4,0.0,0.0,,,589352
2023-02-03 11:00:00,00000001250,20230203110000,0.0,0.0,0.0,0.0,0.0,0.0,1.0,4,0.0,0.0,,,589352
2023-02-03 12:00:00,00000001250,20230203120000,0.0,0.0,0.0,0.0,0.0,0.0,1.0,4,0.0,0.0,,,589352
2023-02-03 13:00:00,00000001250,20230203130000,0.0,0.0,0.0,0.0,0.0,0.0,1.0,4,0.0,0.0,,,589352
2023-02-03 14:00:00,00000001250,20230203140000,0.0,0.0,0.0,0.0,0.0,0.0,1.0,4,0.0,0.0,,,589352
2023-02-03 15:00:00,00000001250,20230203150000,0.0,0.0,0.0,0.0,0.0,0.0,1.0,4,0.0,0.0,,,589352
2023-02-03 16:00:00,00000001250,20230203160000,0.0,0.0,0.0,0.0,0.0,0.0,1.0,4,0.0,0.0,,,589352
2023-02-03 17:00:00,00000001250,20230203170000,0.0,0.0,0.0,0.0,0.0,0.0,1.0,4,0.0,0.0,,,589352
2023-02-03 18:00:00,00000001250,20230203180000,0.0,0.0,0.0,0.0,0.0,0.0,1.0,4,0.0,0.0,,,589352
2023-02-03 19:00:00,00000001250,20230203190000,0.0,0.0,0.0,0.0,0.0,0.0,1.0,4,0.0,0.0,,,589352
2023-02-03 20:00:00,00000001250,20230203200000,0.0,0.0,0.0,0.0,0.0,0.0,1.0,4,0.0,0.0,,,589352
2023-02-03 21:00:00,00000001250,20230203210000,0.0,0.0,0.0,0.0,0.0,0.0,1.0,4,0.0,0.0,,,589352
2023-02-03 22:00:00,00000001250,20230203220000,0.0,0.0,0.0,0.0,0.0,0.0,1.0,4,0.0,0.0,,,589352
2023-02-03 23:00:00,00000001250,20230203230000,0.0,0.0,0.0,0.0,0.0,0.0,1.0,4,0.0,0.0,,,589352
2023-02-04 00:00:00,00000001250,20230204000000,0.0,0.0,0.0,0.0,0.0,0.0,1.0,4,0.0,0.0,,,589352
2023-02-04 01:00:00,00000001250,20230204010000,0.0,0.0,0.0,0.0,0.0,0.0,1.0,4,0.0,0.0,,,589352
2023-02-04 02:00:00,00000001250,20230204020000,0.0,0.0,0.0,0.0,0.0,0.0,1.0,4,0.0,0.0,,,589352
2023-02-04 03:00:00,00000001250,20230204030000,0.0,0.0,0.0,0.0,0.0,0.0,1.0,4,0.0,0.0,,,589352
2023-02-04 04:00:00,00000001250,20230204040000,0.0,0.0,0.0,0.0,0.0,0.0,1.0,4,0.0,0.0,,,589352
2023-02-04 05:00:00,00000001250,20230204050000,0.0,0.0,0.0,0.0,0.0,0.0,1.0,4,0.0,0.0,,,589352
2023-02-04 06:00:00,00000001250,20230204060000,0.0,0.0,0.0,0.0,0.0,0.0,1.0,4,0.0,0.0,,,589352
2023-02-04 07:00:00,00000001250,20230204070000,0.0,0.0,0.0,0.0,0.0,0.0,1.0,4,0.0,0.0,,,589352
2023-02-04 08:00:00,00000001250,20230204080000,0.0,0.0,0.0,0.0,0.0,0.0,1.0,4,0.0,0.0,,,589352
2023-02-04 09:00:00,00000001250,20230204090000,0.0,0.0,0.0,0.0,0.0,0.0,1.0,4,0.0,0.0,,,589352
2023-02-04 10:00:00,00000001250,20230204100000,0.0,0.0,0.0,0.0,0.0,0.0,1.0,4,0.0,0.0,,,589352
2023-02-04 11:00:00,00000001250,20230204110000,0.0,0.0,0.0,0.0,0.0,0.0,1.0,4,0.0,0.0,,,589352
2023-02-04 12:00:00,00000001250,20230204120000,0.0,0.0,0.0,0.0,0.0,0.0,1.0,4,0.0,0.0,,,589352
2023-02-04 13:00:00,00000001250,20230204130000,0.0,0.0,0.0,0.0,0.0,0.0,1.0,4,0.0,0.0,,,589352
2023-02-04 14:00:00,00000001250,20230204140000,0.0,0.0,0.0,0.0,0.0,0.0,1.0,4,0.0,0.0,,,589352
2023-02-04 15:00:00,00000001250,20230204150000,0.0,0.0,0.0,0.0,0.0,0.0,1.0,4,0.0,0.0,,,589352
2023-02-04 16:00:00,00000001250,20230204160000,0.0,0.0,0.0,0.0,0.0,0.0,1.0,4,0.0,0.0,,,589352
2023-02-04 17:00:00,00000001250,20230204170000,0.0,0.0,0.0,0.0,0.0,0.0,1.0,4,0.0,0.0,,,589352
2023-02-04 18:00:00,00000001250,20230204180000,0.0,0.0,0.0,0.0,0.0,0.0,1.0,4,0.0,0.0,,,589352
2023-02-04 19:00:00,00000001250,20230204190000,0.0,0.0,0.0,0.0,0.0,0.0,1.0,4,0.0,0.0,,,589352
2023-02-04 20:00:00,00000001250,20230204200000,0.0,0.0,0.0,0.0,0.0,0.0,1.0,4,0.0,0.0,,,589352
2023-02-04 21:00:00,00000001250,20230204210000,0.0,0.0,0.0,0.0,0.0,0.0,1.0,4,0.0,0.0,,,589352
2023-02-04 22:00:00,00000001250,20230204220000,0.0,0.0,0.0,0.0,0.0,0.0,1.0,4,0.0,0.0,,,589352
2023-02-04 23:00:00,00000001250,20230204230000,0.0,0.0,0.0,0.0,0.0,0.0,1.0,4,0.0,0.0,,,589352
2023-02-05 00:00:00,00000001250,20230205000000,0.0,0.0,0.0,0.0,0.0,0.0,1.0,4,0.0,0.0,,,589352
2023-02-05 01:00:00,00000001250,20230205010000,0.0,0.0,0.0,0.0,0.0,0.0,1.0,4,0.0,0.0,,,589352
2023-02-05 02:00:00,00000001250,20230205020000,0.0,0.0,0.0,0.0,0.0,0.0,1.0,4,0.0,0.0,,,589352
2023-02-05 03:00:00,00000001250,20230205030000,0.0,0.0,0.0,0.0,0.0,0.0,1.0,4,0.0,0.0,,,589352
2023-02-05 04:00:00,00000001250,20230205040000,0.0,0.0,0.0,0.0,0.0,0.0,1.0,4,0.0,0.0,,,589352
2023-02-05 05:00:00,00000001250,20230205050000,0.0,0.0,0.0,0.0,0.0,0.0,1.0,4,0.0,0.0,,,589352
2023-02-05 06:00:00,00000001250,20230205060000,0.0,0.0,0.0,0.0,0.0,0.0,1.0,4,0.0,0.0,,,589352
2023-02-05 07:00:00,00000001250,20230205070000,0.0,0.0,0.0,0.0,0.0,0.0,1.0,4,0.0,0.0,,,589352
2023-02-05 08:00:00,00000001250,20230205080000,0.0,0.0,0.0,0.0,0.0,0.0,1.0,4,0.0,0.0,,,589352
2023-02-05 09:00:00,00000001250,20230205090000,0.0,0.0,0.0,0.0,0.0,0.0,1.0,4,0.0,0.0,,,589352
2023-02-05 10:00:00,00000001250,20230205100000,0.0,0.0,0.0,0.0,0.0,0.0,1.0,4,0.0,0.0,,,589352
2023-02-05 11:00:00,00000001250,20230205110000,0.0,0.0,0.0,0.0,0.0,0.0,1.0,4,0.0,0.0,,,589352
2023-02-05 12:00:00,00000001250,20230205120000,0.0,0.0,0.0,0.0,0.0,0.0,1.0,4,0.0,0.0,,,589352
2023-02-05 13:00:00,00000001250,20230205130000,0.0,0.0,0.0,0.0,0.0,0.0,1.0,4,0.0,0.0,,,589352
2023-02-05 14:00:00,00000001250,20230205140000,0.0,0.0,0.0,0.0,0.0,0.0,1.0,4,0.0,0.0,,,589352
2023-02-05 15:00:00,00000001250,20230205150000,0.0,0.0,0.0,0.0,0.0,0.0,1.0,4,0.0,0.0,,,589352
2023-02-05 16:00:00,00000001250,20230205160000,0.0,0.0,0.0,0.0,0.0,0.0,1.0,4,0.0,0.0,,,589352
2023-02-05 17:00:00,00000001250,20230205170000,0.0,0.0,0.0,0.0,0.0,0.0,1.0,4,0.0,0.0,,,589352
2023-02-05 18:00:00,00000001250,20230205180000,0.0,0.0,0.0,0.0,0.0,0.0,1.0,4,0.0,0.0,,,589352
2023-02-05 19:00:00,00000001250,20230205190000,0.0,0.0,0.0,0.0,0.0,0.0,1.0,4,0.0,0.0,,,589352
2023-02-05 20:00:00,00000001250,20230205200000,0.0,0.0,0.0,0.0,0.0,0.0,1.0,4,0.0,0.0,,,589352
2023-02-05 21:00:00,00000001250,20230205210000,0.0,0.0,0.0,0.0,0.0,0.0,1.0,4,0.0,0.0,,,589352
2023-02-05 22:00:00,00000001250,20230205220000,0.0,0.0,0.0,0.0,0.0,0.0,1.0,4,0.0,0.0,,,589352
2023-02-05 23:00:00,00000001250,20230205230000,0.0,0.0,0.0,0.0,0.0,0.0,1.0,4,0.0,0.0,,,589352
2023-02-06 00:00:00,00000001250,20230206000000,0.0,0.0,0.0,0.0,0.0,0.0,1.0,4,0.0,0.0,,,589352
2023-02-06 01:00:00,00000001250,20230206010000,0.0,0.0,0.0,0.0,0.0,0.0,1.0,4,0.0,0.0,,,589352
2023-02-06 02:00:00,00000001250,20230206020000,0.0,0.0,0.0,0.0,0.0,0.0,1.0,4,0.0,0.0,,,589352
2023-02-06 03:00:00,00000001250,20230206030000,0.0,0.0,0.0,0.0,0.0,0.0,1.0,4,0.0,0.0,,,589352
2023-02-06 04:00:00,00000001250,20230206040000,0.0,0.0,0.0,0.0,0.0,0.0,1.0,4,0.0,0.0,,,589352
2023-02-06 05:00:00,00000001250,20230206050000,0.0,0.0,0.0,0.0,0.0,0.0,1.0,4,0.0,0.0,,,589352
2023-02-06 06:00:00,00000001250,20230206060000,0.0,0.0,0.0,0.0,0.0,0.0,1.0,4,0.0,0.0,,,589352
2023-02-06 07:00:00,00000001250,20230206070000,0.0,0.0,0.0,0.0,0.0,0.0,1.0,4,0.0,0.0,,,589352
2023-02-06 08:00:00,00000001250,20230206080000,0.0,0.0,0.0,0.0,0.0,0.0,1.0,4,0.0,0.0,,,589352
2023-02-06 09:00:00,00000001250,20230206090000,0.0,0.0,0.0,0.0,0.0,0.0,1.0,4,0.0,0.0,,,589352
2023-02-06 10:00:00,00000001250,20230206100000,0.0,0.0,0.0,0.0,0.0,0.0,1.0,4,0.0,0.0,,,589352
2023-02-06 11:00:00,00000001250,20230206110000,0.0,0.0,0.0,0.0,0.0,0.0,1.0,4,0.0,0.0,,,589352
2023-02-06 12:00:00,00000001250,20230206120000,0.0,0.0,0.0,0.0,0.0,0.0,1.0,4,0.0,0.0,,,589352
2023-02-06 13:00:00,00000001250,20230206130000,0.0,0.0,0.0,0.0,0.0,0.0,1.0,4,0.0,0.0,,,589352
2023-02-06 14:00:00,00000001250,20230206140000,0.0,0.0,0.0,0.0,0.0,0.0,1.0,4,0.0,0.0,,,589352
2023-02-06 15:00:00,00000001250,20230206150000,0.0,0.0,0.0,0.0,0.0,0.0,1.0,4,0.0,0.0,,,589352
2023-02-06 16:00:00,00000001250,20230206160000,0.0,0.0,0.0,0.0,0.0,0.0,1.0,4,0.0,0.0,,,589352
2023-02-06 17:00:00,00000001250,20230206170000,0.0,0.0,0.0,0.0,0.0,0.0,1.0,4,0.0,0.0,,,589352
2023-02-06 18:00:00,00000001250,20230206180000,0.0,0.0,0.0,0.0,0.0,0.0,1.0,4,0.0,0.0,,,589352
2023-02-06 19:00:00,00000001250,20230206190000,0.0,0.0,0.0,0.0,0.0,0.0,1.0,4,0.0,0.0,,,589352
2023-02-06 20:00:00,00000001250,20230206200000,0.0,0.0,0.0,0.0,0.0,0.0,1.0,4,0.0,0.0,,,589352
2023-02-06 21:00:00,00000001250,20230206210000,0.0,0.0,0.0,0.0,0.0,0.0,1.0,4,0.0,0.0,,,589352
2023-02-06 22:00:00,00000001250,20230206220000,0.0,0.0,0.0,0.0,0.0,0.0,1.0,4,0.0,0.0,,,589352
2023-02-06 23:00:00,00000001250,20230206230000,0.0,0.0,0.0,0.0,0.0,0.0,1.0,4,0.0,0.0,,,589352
2023-02-07 00:00:00,00000001250,20230207000000,0.0,0.0,0.0,0.0,0.0,0.0,1.0,4,0.0,0.0,,,589352
2023-02-07 01:00:00,00000001250,20230207010000,0.0,0.0,0.0,0.0,0.0,0.0,1.0,4,0.0,0.0,,,589352
2023-02-07 02:00:00,00000001250,20230207020000,0.0,0.0,0.0,0.0,0.0,0.0,1.0,4,0.0,0.0,,,589352
2023-02-07 03:00:00,00000001250,20230207030000,0.0,0.0,0.0,0.0,0.0,0.0,1.0,4,0.0,0.0,,,589352
2023-02-07 04:00:00,00000001250,20230207040000,0.0,0.0,0.0,0.0,0.0,0.0,1.0,4,0.0,0.0,,,589352
2023-02-07 05:00:00,00000001250,20230207050000,0.0,0.0,0.0,0.0,0.0,0.0,1.0,4,0.0,0.0,,,589352
2023-02-07 06:00:00,00000001250,20230207060000,0.0,0.0,0.0,0.0,0.0,0.0,1.0,4,0.0,0.0,,,589352
2023-02-07 07:00:00,00000001250,20230207070000,0.0,0.0,0.0,0.0,0.0,0.0,1.0,4,0.0,0.0,,,589352
2023-02-07 08:00:00,00000001250,20230207080000,0.0,0.0,0.0,0.0,0.0,0.0,1.0,4,0.0,0.0,,,589352
2023-02-07 09:00:00,00000001250,20230207090000,0.0,0.0,0.0,0.0,0.0,0.0,1.0,4,0.0,0.0,,,589352
2023-02-07 10:00:00,00000001250,20230207100000,0.0,0.0,0.0,0.0,0.0,0.0,1.0,4,0.0,0.0,,,589352
2023-02-07 11:00:00,00000001250,20230207110000,0.0,0.0,0.0,0.0,0.0,0.0,1.0,4,0.0,0.0,,,589352
2023-02-07 12:00:00,00000001250,20230207120000,0.0,0.0,0.0,0.0,0.0,0.0,1.0,4,0.0,0.0,,,589352
2023-02-07 13:00:00,00000001250,20230207130000,0.0,0.0,0.0,0.0,0.0,0.0,1.0,4,0.0,0.0,,,589352
2023-02-07 14:00:00,00000001250,20230207140000,0.0,0.0,0.0,0.0,0.0,0.0,1.0,4,0.0,0.0,,,589352
2023-02-07 15:00:00,00000001250,20230207150000,0.0,0.0,0.0,0.0,0.0,0.0,1.0,4,0.0,0.0,,,589352
2023-02-07 16:00:00,00000001250,20230207160000,0.0,0.0,0.0,0.0,0.0,0.0,1.0,4,0.0,0.0,,,589352
2023-02-07 17:00:00,00000001250,20230207170000,0.0,0.0,0.0,0.0,0.0,0.0,1.0,4,0.0,0.0,,,589352
2023-02-07 18:00:00,00000001250,20230207180000,0.0,0.0,0.0,0.0,0.0,0.0,1.0,4,0.0,0.0,,,589352
2023-02-07 19:00:00,00000001250,20230207190000,0.0,0.0,0.0,0.0,0.0,0.0,1.0,4,0.0,0.0,,,589352
2023-02-07 20:00:00,00000001250,20230207200000,0.0,0.0,0.0,0.0,0.0,0.0,1.0,4,0.0,0.0,,,589352
2023-02-07 21:00:00,00000001250,20230207210000,0.0,0.0,0.0,0.0,0.0,0.0,1.0,4,0.0,0.0,,,589352
2023-02-07 22:00:00,00000001250,20230207220000,0.0,0.0,0.0,0.0,0.0,0.0,1.0,4,0.0,0.0,,,589352
2023-02-07 23:00:00,00000001250,20230207230000,0.0,0.0,0.0,0.0,0.0,0.0,1.0,4,0.0,0.0,,,589352
2023-02-08 00:00:00,00000001250,20230208000000,0.0,0.0,0.0,0.0,0.0,0.0,1.0,4,0.0,0.0,,,589352
2023-02-08 01:00:00,00000001250,20230208010000,0.0,0.0,0.0,0.0,0.0,0.0,1.0,4,0.0,0.0,,,589352
2023-02-08 02:00:00,00000001250,20230208020000,0.0,0.0,0.0,0.0,0.0,0.0,1.0,4,0.0,0.0,,,589352
2023-02-08 03:00:00,00000001250,20230208030000,0.0,0.0,0.0,0.0,0.0,0.0,1.0,4,0.0,0.0,,,589352
2023-02-08 04:00:00,00000001250,20230208040000,0.0,0.0,0.0,0.0,0.0,0.0,1.0,4,0.0,0.0,,,589352
2023-02-08 05:00:00,00000001250,20230208050000,0.0,0.0,0.0,0.0,0.0,0.0,1.0,4,0.0,0.0,,,589352
2023-02-08 06:00:00,00000001250,20230208060000,0.0,0.0,0.0,0.0,0.0,0.0,1.0,4,0.0,0.0,,,589352
2023-02-08 07:00:00,00000001250,20230208070000,0.0,0.0,0.0,0.0,0.0,0.0,1.0,4,0.0,0.0,,,589352
2023-02-08 08:00:00,00000001250,20230208080000,0.0,0.0,0.0,0.0,0.0,0.0,1.0,4,0.0,0.0,,,589352
2023-02-08 09:00:00,00000001250,20230208090000,0.0,0.0,0.0,0.0,0.0,0.0,1.0,4,0.0,0.0,,,589352
2023-02-08 10:00:00,00000001250,20230208100000,0.0,0.0,0.0,0.0,0.0,0.0,1.0,4,0.0,0.0,,,589352
2023-02-08 11:00:00,00000001250,20230208110000,0.0,0.0,0.0,0.0,0.0,0.0,1.0,4,0.0,0.0,,,589352
2023-02-08 12:00:00,00000001250,20230208120000,0.0,0.0,0.0,0.0,0.0,0.0,1.0,4,0.0,0.0,,,589352
2023-02-08 13:00:00,00000001250,20230208130000,0.0,0.0,0.0,0.0,0.0,0.0,1.0,4,0.0,0.0,,,589352
2023-02-08 14:00:00,00000001250,20230208140000,0.0,0.0,0.0,0.0,0.0,0.0,1.0,4,0.0,0.0,,,589352
2023-02-08 15:00:00,00000001250,20230208150000,0.0,0.0,0.0,0.0,0.0,0.0,1.0,4,0.0,0.0,,,589352
2023-02-08 16:00:00,00000001250,20230208160000,0.0,0.0,0.0,0.0,0.0,0.0,1.0,4,0.0,0.0,,,589352
2023-02-08 17:00:00,00000001250,20230208170000,0.0,0.0,0.0,0.0,0.0,0.0,1.0,4,0.0,0.0,,,589352
2023-02-08 18:00:00,00000001250,20230208180000,0.0,0.0,0.0,0.0,0.0,0.0,1.0,4,0.0,0.0,,,589352
2023-02-08 19:00:00,00000001250,20230208190000,0.0,0.0,0.0,0.0,0.0,0.0,1.0,4,0.0,0.0,,,589352
2023-02-08 20:00:00,00000001250,20230208200000,0.0,0.0,0.0,0.0,0.0,0.0,1.0,4,0.0,0.0,,,589352
2023-02-08 21:00:00,00000001250,20230208210000,0.0,0.0,0.0,0.0,0.0,0.0,1.0,4,0.0,0.0,,,589352
2023-02-08 22:00:00,00000001250,20230208220000,0.0,0.0,0.0,0.0,0.0,0.0,1.0,4,0.0,0.0,,,589352
2023-02-08 23:00:00,00000001250,20230208230000,0.0,0.0,0.0,0.0,0.0,0.0,1.0,4,0.0,0.0,,,589352
2023-02-09 00:00:00,00000001250,20230209000000,0.0,0.0,0.0,0.0,0.0,0.0,1.0,4,0.0,0.0,,,589352
2023-02-09 01:00:00,00000001250,20230209010000,0.0,0.0,0.0,0.0,0.0,0.0,1.0,4,0.0,0.0,,,589352
2023-02-09 02:00:00,00000001250,20230209020000,0.0,0.0,0.0,0.0,0.0,0.0,1.0,4,0.0,0.0,,,589352
2023-02-09 03:00:00,00000001250,20230209030000,0.0,0.0,0.0,0.0,0.0,0.0,1.0,4,0.0,0.0,,,589352
2023-02-09 04:00:00,00000001250,20230209040000,0.0,0.0,0.0,0.0,0.0,0.0,1.0,4,0.0,0.0,,,589352
2023-02-09 05:00:00,00000001250,20230209050000,0.0,0.0,0.0,0.0,0.0,0.0,1.0,4,0.0,0.0,,,589352
2023-02-09 06:00:00,00000001250,20230209060000,0.0,0.0,0.0,0.0,0.0,0.0,1.0,4,0.0,0.0,,,589352
2023-02-09 07:00:00,00000001250,20230209070000,0.0,0.0,0.0,0.0,0.0,0.0,1.0,4,0.0,0.0,,,589352
2023-02-09 08:00:00,00000001250,20230209080000,0.0,0.0,0.0,0.0,0.0,0.0,1.0,4,0.0,0.0,,,589352
2023-02-09 09:00:00,00000001250,20230209090000,0.0,0.0,0.0,0.0,0.0,0.0,1.0,4,0.0,0.0,,,589352
2023-02-09 10:00:00,00000001250,20230209100000,0.0,0.0,0.0,0.0,0.0,0.0,1.0,4,0.0,0.0,,,589352
2023-02-09 11:00:00,00000001250,20230209110000,0.0,0.0,0.0,0.0,0.0,0.0,1.0,4,0.0,0.0,,,589352
2023-02-09 12:00:00,00000001250,20230209120000,0.0,0.0,0.0,0.0,0.0,0.0,1.0,4,0.0,0.0,,,589352
2023-02-09 13:00:00,00000001250,20230209130000,0.0,0.0,0.0,0.0,0.0,0.0,1.0,4,0.0,0.0,,,589352
2023-02-09 14:00:00,00000001250,20230209140000,0.0,0.0,0.0,0.0,0.0,0.0,1.0,4,0.0,0.0,,,589352
2023-02-09 15:00:00,00000001250,20230209150000,0.0,0.0,0.0,0.0,0.0,0.0,1.0,4,0.0,0.0,,,589352
2023-02-09 16:00:00,00000001250,20230209160000,0.0,0.0,0.0,0.0,0.0,0.0,1.0,4,0.0,0.0,,,589352
2023-02-09 17:00:00,00000001250,20230209170000,0.0,0.0,0.0,0.0,0.0,0.0,1.0,4,0.0,0.0,,,589352
2023-02-09 18:00:00,00000001250,20230209180000,0.0,0.0,0.0,0.0,0.0,0.0,1.0,4,0.0,0.0,,,589352
2023-02-09 19:00:00,00000001250,20230209190000,0.0,0.0,0.0,0.0,0.0,0.0,1.0,4,0.0,0.0,,,589352
2023-02-09 20:00:00,00000001250,20230209200000,0.0,0.0,0.0,0.0,0.0,0.0,1.0,4,0.0,0.0,,,589352
2023-02-09 21:00:00,00000001250,20230209210000,0.0,0.0,0.0,0.0,0.0,0.0,1.0,4,0.0,0.0,,,589352
2023-02-09 22:00:00,00000001250,20230209220000,0.0,0.0,0.0,0.0,0.0,0.0,1.0,4,0.0,0.0,,,589352
2023-02-09 23:00:00,00000001250,20230209230000,0.0,0.0,0.0,0.0,0.0,0.0,1.0,4,0.0,0.0,,,589352
2023-02-10 00:00:00,00000001250,20230210000000,0.0,0.0,0.0,0.0,0.0,0.0,1.0,4,0.0,0.0,,,589352
2023-02-10 01:00:00,00000001250,20230210010000,0.0,0.0,0.0,0.0,0.0,0.0,1.0,4,0.0,0.0,,,589352
2023-02-10 02:00:00,00000001250,20230210020000,0.0,0.0,0.0,0.0,0.0,0.0,1.0,4,0.0,0.0,,,589352
2023-02-10 03:00:00,00000001250,20230210030000,0.0,0.0,0.0,0.0,0.0,0.0,1.0,4,0.0,0.0,,,589352
2023-02-10 04:00:00,00000001250,20230210040000,0.0,0.0,0.0,0.0,0.0,0.0,1.0,4,0.0,0.0,,,589352
2023-02-10 05:00:00,00000001250,20230210050000,0.0,0.0,0.0,0.0,0.0,0.0,1.0,4,0.0,0.0,,,589352
2023-02-10 06:00:00,00000001250,20230210060000,0.0,0.0,0.0,0.0,0.0,0.0,1.0,4,0.0,0.0,,,589352
2023-02-10 07:00:00,00000001250,20230210070000,0.0,0.0,0.0,0.0,0.0,0.0,1.0,4,0.0,0.0,,,589352
2023-02-10 08:00:00,00000001250,20230210080000,0.0,0.0,0.0,0.0,0.0,0.0,1.0,4,0.0,0.0,,,589352
2023-02-10 09:00:00,00000001250,20230210090000,0.0,0.0,0.0,0.0,0.0,0.0,1.0,4,0.0,0.0,,,589352
2023-02-10 10:00:00,00000001250,20230210100000,0.0,0.0,0.0,0.0,0.0,0.0,1.0,4,0.0,0.0,,,589352
2023-02-10 11:00:00,00000001250,20230210110000,0.0,0.0,0.0,0.0,0.0,0.0,1.0,4,0.0,0.0,,,589352
2023-02-10 12:00:00,00000001250,20230210120000,0.0,0.0,0.0,0.0,0.0,0.0,1.0,4,0.0,0.0,,,589352
2023-02-10 13:00:00,00000001250,20230210130000,0.0,0.0,0.0,0.0,0.0,0.0,1.0,4,0.0,0.0,,,589352
2023-02-10 14:00:00,00000001250,20230210140000,0.0,0.0,0.0,0.0,0.0,0.0,1.0,4,0.0,0.0,,,589352
2023-02-10 15:00:00,00000001250,20230210150000,0.0,0.0,0.0,0.0,0.0,0.0,1.0,4,0.0,0.0,,,589352
2023-02-10 16:00:00,00000001250,20230210160000,0.0,0.0,0.0,0.0,0.0,0.0,1.0,4,0.0,0.0,,,589352
2023-02-10 17:00:00,00000001250,20230210170000,0.0,0.0,0.0,0.0,0.0,0.0,1.0,4,0.0,0.0,,,589352
2023-02-10 18:00:00,00000001250,20230210180000,0.0,0.0,0.0,0.0,0.0,0.0,1.0,4,0.0,0.0,,,589352
2023-02-10 19:00:00,00000001250,20230210190000,0.0,0.0,0.0,0.0,0.0,0.0,1.0,4,0.0,0.0,,,589352
2023-02-10 20:00:00,00000001250,20230210200000,0.0,0.0,0.0,0.0,0.0,0.0,1.0,4,0.0,0.0,,,589352
2023-02-10 21:00:00,00000001250,20230210210000,0.0,0.0,0.0,0.0,0.0,0.0,1.0,4,0.0,0.0,,,589352
2023-02-10 22:00:00,00000001250,20230210220000,0.0,0.0,0.0,0.0,0.0,0.0,1.0,4,0.0,0.0,,,589352
2023-02-10 23:00:00,00000001250,20230210230000,0.0,0.0,0.0,0.0,0.0,0.0,1.0,4,0.0,0.0,,,589352
2023-02-11 00:00:00,00000001250,20230211000000,0.0,0.0,0.0,0.0,0.0,0.0,1.0,4,0.0,0.0,,,589352
2023-02-11 01:00:00,00000001250,20230211010000,0.0,0.0,0.0,0.0,0.0,0.0,1.0,4,0.0,0.0,,,589352
2023-02-11 02:00:00,00000001250,20230211020000,0.0,0.0,0.0,0.0,0.0,0.0,1.0,4,0.0,0.0,,,589352
2023-02-11 03:00:00,00000001250,20230211030000,0.0,0.0,0.0,0.0,0.0,0.0,1.0,4,0.0,0.0,,,589352
2023-02-11 04:00:00,00000001250,20230211040000,0.0,0.0,0.0,0.0,0.0,0.0,1.0,4,0.0,0.0,,,589352
2023-02-11 05:00:00,00000001250,20230211050000,0.0,0.0,0.0,0.0,0.0,0.0,1.0,4,0.0,0.0,,,589352
2023-02-11 06:00:00,00000001250,20230211060000,0.0,0.0,0.0,0.0,0.0,0.0,1.0,4,0.0,0.0,,,589352
2023-02-11 07:00:00,00000001250,20230211070000,0.0,0.0,0.0,0.0,0.0,0.0,1.0,4,0.0,0.0,,,589352
2023-02-11 08:00:00,00000001250,20230211080000,0.0,0.0,0.0,0.0,0.0,0.0,1.0,4,0.0,0.0,,,589352
2023-02-11 09:00:00,00000001250,20230211090000,0.0,0.0,0.0,0.0,0.0,0.0,1.0,4,0.0,0.0,,,589352
2023-02-11 10:00:00,00000001250,20230211100000,0.0,0.0,0.0,0.0,0.0,0.0,1.0,4,0.0,0.0,,,589352
2023-02-11 11:00:00,00000001250,20230211110000,0.0,0.0,0.0,0.0,0.0,0.0,1.0,4,0.0,0.0,,,589352
2023-02-11 12:00:00,00000001250,20230211120000,0.0,0.0,0.0,0.0,0.0,0.0,1.0,4,0.0,0.0,,,589352
2023-02-11 13:00:00,00000001250,20230211130000,0.0,0.0,0.0,0.0,0.0,0.0,1.0,4,0.0,0.0,,,589352
2023-02-11 14:00:00,00000001250,20230211140000,0.0,0.0,0.0,0.0,0.0,0.0,1.0,4,0.0,0.0,,,589352
2023-02-11 15:00:00,00000001250,20230211150000,0.0,0.0,0.0,0.0,0.0,0.0,1.0,4,0.0,0.0,,,589352
2023-02-11 16:00:00,00000001250,20230211160000,0.0,0.0,0.0,0.0,0.0,0.0,1.0,4,0.0,0.0,,,589352
2023-02-11 17:00:00,00000001250,20230211170000,0.0,0.0,0.0,0.0,0.0,0.0,1.0,4,0.0,0.0,,,589352
2023-02-11 18:00:00,00000001250,20230211180000,0.0,0.0,0.0,0.0,0.0,0.0,1.0,4,0.0,0.0,,,589352
2023-02-11 19:00:00,00000001250,20230211190000,0.0,0.0,0.0,0.0,0.0,0.0,1.0,4,0.0,0.0,,,589352
2023-02-11 20:00:00,00000001250,20230211200000,0.0,0.0,0.0,0.0,0.0,0.0,1.0,4,0.0,0.0,,,589352
2023-02-11 21:00:00,00000001250,20230211210000,0.0,0.0,0.0,0.0,0.0,0.0,1.0,4,0.0,0.0,,,589352
2023-02-11 22:00:00,00000001250,20230211220000,0.0,0.0,0.0,0.0,0.0,0.0,1.0,4,0.0,0.0,,,589352
2023-02-11 23:00:00,00000001250,20230211230000,0.0,0.0,0.0,0.0,0.0,0.0,1.0,4,0.0,0.0,,,589352
2023-02-12 00:00:00,00000001250,20230212000000,0.0,0.0,0.0,0.0,0.0,0.0,1.0,4,0.0,0.0,,,589352
2023-02-12 01:00:00,00000001250,20230212010000,0.0,0.0,0.0,0.0,0.0,0.0,1.0,4,0.0,0.0,,,589352
2023-02-12 02:00:00,00000001250,20230212020000,0.0,0.0,0.0,0.0,0.0,0.0,1.0,4,0.0,0.0,,,589352
2023-02-12 03:00:00,00000001250,20230212030000,0.0,0.0,0.0,0.0,0.0,0.0,1.0,4,0.0,0.0,,,589352
2023-02-12 04:00:00,00000001250,20230212040000,0.0,0.0,0.0,0.0,0.0,0.0,1.0,4,0.0,0.0,,,589352
2023-02-12 05:00:00,00000001250,20230212050000,0.0,0.0,0.0,0.0,0.0,0.0,1.0,4,0.0,0.0,,,589352
2023-02-12 06:00:00,00000001250,20230212060000,0.0,0.0,0.0,0.0,0.0,0.0,1.0,4,0.0,0.0,,,589352
2023-02-12 07:00:00,00000001250,20230212070000,0.0,0.0,0.0,0.0,0.0,0.0,1.0,4,0.0,0.0,,,589352
2023-02-12 08:00:00,00000001250,20230212080000,0.0,0.0,0.0,0.0,0.0,0.0,1.0,4,0.0,0.0,,,589352
2023-02-12 09:00:00,00000001250,20230212090000,0.0,0.0,0.0,0.0,0.0,0.0,1.0,4,0.0,0.0,,,589352
2023-02-12 10:00:00,00000001250,20230212100000,0.0,0.0,0.0,0.0,0.0,0.0,1.0,4,0.0,0.0,,,589352
2023-02-12 11:00:00,00000001250,20230212110000,0.0,0.0,0.0,0.0,0.0,0.0,1.0,4,0.0,0.0,,,589352
2023-02-12 12:00:00,00000001250,20230212120000,0.0,0.0,0.0,0.0,0.0,0.0,1.0,4,0.0,0.0,,,589352
2023-02-12 13:00:00,00000001250,20230212130000,0.0,0.0,0.0,0.0,0.0,0.0,1.0,4,0.0,0.0,,,589352
2023-02-12 14:00:00,00000001250,20230212140000,0.0,0.0,0.0,0.0,0.0,0.0,1.0,4,0.0,0.0,,,589352
2023-02-12 15:00:00,00000001250,20230212150000,0.0,0.0,0.0,0.0,0.0,0.0,1.0,4,0.0,0.0,,,589352
2023-02-12 16:00:00,00000001250,20230212160000,0.0,0.0,0.0,0.0,0.0,0.0,1.0,4,0.0,0.0,,,589352
2023-02-12 17:00:00,00000001250,20230212170000,0.0,0.0,0.0,0.0,0.0,0.0,1.0,4,0.0,0.0,,,589352
2023-02-12 18:00:00,00000001250,20230212180000,0.0,0.0,0.0,0.0,0.0,0.0,1.0,4,0.0,0.0,,,589352
2023-02-12 19:00:00,00000001250,20230212190000,0.0,0.0,0.0,0.0,0.0,0.0,1.0,4,0.0,0.0,,,589352
2023-02-12 20:00:00,00000001250,20230212200000,0.0,0.0,0.0,0.0,0.0,0.0,1.0,4,0.0,0.0,,,589352
2023-02-12 21:00:00,00000001250,20230212210000,0.0,0.0,0.0,0.0,0.0,0.0,1.0,4,0.0,0.0,,,589352
2023-02-12 22:00:00,00000001250,20230212220000,0.0,0.0,0.0,0.0,0.0,0.0,1.0,4,0.0,0.0,,,589352
2023-02-12 23:00:00,00000001250,20230212230000,0.0,0.0,0.0,0.0,0.0,0.0,1.0,4,0.0,0.0,,,589352
2023-02-13 00:00:00,00000001250,20230213000000,0.0,0.0,0.0,0.0,0.0,0.0,1.0,4,0.0,0.0,,,589352
2023-02-13 01:00:00,00000001250,20230213010000,0.0,0.0,0.0,0.0,0.0,0.0,1.0,4,0.0,0.0,,,589352
2023-02-13 02:00:00,00000001250,20230213020000,0.0,0.0,0.0,0.0,0.0,0.0,1.0,4,0.0,0.0,,,589352
2023-02-13 03:00:00,00000001250,20230213030000,0.0,0.0,0.0,0.0,0.0,0.0,1.0,4,0.0,0.0,,,589352
2023-02-13 04:00:00,00000001250,20230213040000,0.0,0.0,0.0,0.0,0.0,0.0,1.0,4,0.0,0.0,,,589352
2023-02-13 05:00:00,00000001250,20230213050000,0.0,0.0,0.0,0.0,0.0,0.0,1.0,4,0.0,0.0,,,589352
2023-02-13 06:00:00,00000001250,20230213060000,0.0,0.0,0.0,0.0,0.0,0.0,1.0,4,0.0,0.0,,,589352
2023-02-13 07:00:00,00000001250,20230213070000,0.0,0.0,0.0,0.0,0.0,0.0,1.0,4,0.0,0.0,,,589352
2023-02-13 08:00:00,00000001250,20230213080000,0.0,0.0,0.0,0.0,0.0,0.0,1.0,4,0.0,0.0,,,589352
2023-02-13 09:00:00,00000001250,20230213090000,0.0,0.0,0.0,0.0,0.0,0.0,1.0,4,0.0,0.0,,,589352
2023-02-13 10:00:00,00000001250,20230213100000,0.0,0.0,0.0,0.0,0.0,0.0,1.0,4,0.0,0.0,,,589352
2023-02-13 11:00:00,00000001250,20230213110000,0.0,0.0,0.0,0.0,0.0,0.0,1.0,4,0.0,0.0,,,589352
2023-02-13 12:00:00,00000001250,20230213120000,0.0,0.0,0.0,0.0,0.0,0.0,1.0,4,0.0,0.0,,,589352
2023-02-13 13:00:00,00000001250,20230213130000,0.0,0.0,0.0,0.0,0.0,0.0,1.0,4,0.0,0.0,,,589352
2023-02-13 14:00:00,00000001250,20230213140000,0.0,0.0,0.0,0.0,0.0,0.0,1.0,4,0.0,0.0,,,589352
2023-02-13 15:00:00,00000001250,20230213150000,0.0,0.0,0.0,0.0,0.0,0.0,1.0,4,0.0,0.0,,,589352
2023-02-13 16:00:00,00000001250,20230213160000,0.0,0.0,0.0,0.0,0.0,0.0,1.0,4,0.0,0.0,,,589352
2023-02-13 17:00:00,00000001250,20230213170000,0.0,0.0,0.0,0.0,0.0,0.0,1.0,4,0.0,0.0,,,589352
2023-02-13 18:00:00,00000001250,20230213180000,0.0,0.0,0.0,0.0,0.0,0.0,1.0,4,0.0,0.0,,,589352
2023-02-13 19:00:00,00000001250,20230213190000,0.0,0.0,0.0,0.0,0.0,0.0,1.0,4,0.0,0.0,,,589352
2023-02-13 20:00:00,00000001250,20230213200000,0.0,0.0,0.0,0.0,0.0,0.0,1.0,4,0.0,0.0,,,589352
2023-02-13 21:00:00,00000001250,20230213210000,0.0,0.0,0.0,0.0,0.0,0.0,1.0,4,0.0,0.0,,,589352
2023-02-13 22:00:00,00000001250,20230213220000,0.0,0.0,0.0,0.0,0.0,0.0,1.0,4,0.0,0.0,,,589352
2023-02-13 23:00:00,00000001250,20230213230000,0.0,0.0,0.0,0.0,0.0,0.0,1.0,4,0.0,0.0,,,589352
2023-02-14 00:00:00,00000001250,20230214000000,0.0,0.0,0.0,0.0,0.0,0.0,1.0,4,0.0,0.0,,,589352
2023-02-14 01:00:00,00000001250,20230214010000,0.0,0.0,0.0,0.0,0.0,0.0,1.0,4,0.0,0.0,,,589352
2023-02-14 02:00:00,00000001250,20230214020000,0.0,0.0,0.0,0.0,0.0,0.0,1.0,4,0.0,0.0,,,589352
2023-02-14 03:00:00,00000001250,20230214030000,0.0,0.0,0.0,0.0,0.0,0.0,1.0,4,0.0,0.0,,,589352
2023-02-14 04:00:00,00000001250,20230214040000,0.0,0.0,0.0,0.0,0.0,0.0,1.0,4,0.0,0.0,,,589352
2023-02-14 05:00:00,00000001250,20230214050000,0.0,0.0,0.0,0.0,0.0,0.0,1.0,4,0.0,0.0,,,589352
2023-02-14 06:00:00,00000001250,20230214060000,0.0,0.0,0.0,0.0,0.0,0.0,1.0,4,0.0,0.0,,,589352
2023-02-14 07:00:00,00000001250,20230214070000,0.0,0.0,0.0,0.0,0.0,0.0,1.0,4,0.0,0.0,,,589352
2023-02-14 08:00:00,00000001250,20230214080000,0.0,0.0,0.0,0.0,0.0,0.0,1.0,4,0.0,0.0,,,589352
2023-02-14 09:00:00,00000001250,20230214090000,0.0,0.0,0.0,0.0,0.0,0.0,1.0,4,0.0,0.0,,,589352
2023-02-14 10:00:00,00000001250,20230214100000,0.0,0.0,0.0,0.0,0.0,0.0,1.0,4,0.0,0.0,,,589352
2023-02-14 11:00:00,00000001250,20230214110000,0.0,0.0,0.0,0.0,0.0,0.0,1.0,4,0.0,0.0,,,589352
2023-02-14 12:00:00,00000001250,20230214120000,0.0,0.0,0.0,0.0,0.0,0.0,1.0,4,0.0,0.0,,,589352
2023-02-14 13:00:00,00000001250,20230214130000,0.0,0.0,0.0,0.0,0.0,0.0,1.0,4,0.0,0.0,,,589352
2023-02-14 14:00:00,00000001250,20230214140000,0.0,0.0,0.0,0.0,0.0,0.0,1.0,4,0.0,0.0,,,589352
2023-02-14 15:00:00,00000001250,20230214150000,0.0,0.0,0.0,0.0,0.0,0.0,1.0,4,0.0,0.0,,,589352
2023-02-14 16:00:00,00000001250,20230214160000,0.0,0.0,0.0,0.0,0.0,0.0,1.0,4,0.0,0.0,,,589352
2023-02-14 17:00:00,00000001250,20230214170000,0.0,0.0,0.0,0.0,0.0,0.0,1.0,4,0.0,0.0,,,589352
2023-02-14 18:00:00,00000001250,20230214180000,0.0,0.0,0.0,0.0,0.0,0.0,1.0,4,0.0,0.0,,,589352
2023-02-14 19:00:00,00000001250,20230214190000,0.0,0.0,0.0,0.0,0.0,0.0,1.0,4,0.0,0.0,,,589352
2023-02-14 20:00:00,00000001250,20230214200000,0.0,0.0,0.0,0.0,0.0,0.0,1.0,4,0.0,0.0,,,589352
2023-02-14 21:00:00,00000001250,20230214210000,0.0,0.0,0.0,0.0,0.0,0.0,1.0,4,0.0,0.0,,,589352
2023-02-14 22:00:00,00000001250,20230214220000,0.0,0.0,0.0,0.0,0.0,0.0,1.0,4,0.0,0.0,,,589352
2023-02-14 23:00:00,00000001250,20230214230000,0.0,0.0,0.0,0.0,0.0,0.0,1.0,4,0.0,0.0,,,589352
2023-02-15 00:00:00,00000001250,20230215000000,0.0,0.0,0.0,0.0,0.0,0.0,1.0,4,0.0,0.0,,,589352
2023-02-15 01:00:00,00000001250,20230215010000,0.0,0.0,0.0,0.0,0.0,0.0,1.0,4,0.0,0.0,,,589352
2023-02-15 02:00:00,00000001250,20230215020000,0.0,0.0,0.0,0.0,0.0,0.0,1.0,4,0.0,0.0,,,589352
2023-02-15 03:00:00,00000001250,20230215030000,0.0,0.0,0.0,0.0,0.0,0.0,1.0,4,0.0,0.0,,,589352
2023-02-15 04:00:00,00000001250,20230215040000,0.0,0.0,0.0,0.0,0.0,0.0,1.0,4,0.0,0.0,,,589352
2023-02-15 05:00:00,00000001250,20230215050000,0.0,0.0,0.0,0.0,0.0,0.0,1.0,4,0.0,0.0,,,589352
2023-02-15 06:00:00,00000001250,20230215060000,0.0,0.0,0.0,0.0,0.0,0.0,1.0,4,0.0,0.0,,,589352
2023-02-15 07:00:00,00000001250,20230215070000,0.0,0.0,0.0,0.0,0.0,0.0,1.0,4,0.0,0.0,,,589352
2023-02-15 08:00:00,00000001250,20230215080000,0.0,0.0,0.0,0.0,0.0,0.0,1.0,4,0.0,0.0,,,589352
2023-02-15 09:00:00,00000001250,20230215090000,0.0,0.0,0.0,0.0,0.0,0.0,1.0,4,0.0,0.0,,,589352
2023-02-15 10:00:00,00000001250,20230215100000,0.0,0.0,0.0,0.0,0.0,0.0,1.0,4,0.0,0.0,,,589352
2023-02-15 11:00:00,00000001250,20230215110000,0.0,0.0,0.0,0.0,0.0,0.0,1.0,4,0.0,0.0,,,589352
2023-02-15 12:00:00,00000001250,20230215120000,0.0,0.0,0.0,0.0,0.0,0.0,1.0,4,0.0,0.0,,,589352
2023-02-15 13:00:00,00000001250,20230215130000,0.0,0.0,0.0,0.0,0.0,0.0,1.0,4,0.0,0.0,,,589352
2023-02-15 14:00:00,00000001250,20230215140000,0.0,0.0,0.0,0.0,0.0,0.0,1.0,4,0.0,0.0,,,589352
2023-02-15 15:00:00,00000001250,20230215150000,0.0,0.0,0.0,0.0,0.0,0.0,1.0,4,0.0,0.0,,,589352
2023-02-15 16:00:00,00000001250,20230215160000,0.0,0.0,0.0,0.0,0.0,0.0,1.0,4,0.0,0.0,,,589352
2023-02-15 17:00:00,00000001250,20230215170000,0.0,0.0,0.0,0.0,0.0,0.0,1.0,4,0.0,0.0,,,589352
2023-02-15 18:00:00,00000001250,20230215180000,0.0,0.0,0.0,0.0,0.0,0.0,1.0,4,0.0,0.0,,,589352
2023-02-15 19:00:00,00000001250,20230215190000,0.0,0.0,0.0,0.0,0.0,0.0,1.0,4,0.0,0.0,,,589352
2023-02-15 20:00:00,00000001250,20230215200000,0.0,0.0,0.0,0.0,0.0,0.0,1.0,4,0.0,0.0,,,589352
2023-02-15 21:00:00,00000001250,20230215210000,0.0,0.0,0.0,0.0,0.0,0.0,1.0,4,0.0,0.0,,,589352
2023-02-15 22:00:00,00000001250,20230215220000,0.0,0.0,0.0,0.0,0.0,0.0,1.0,4,0.0,0.0,,,589352
2023-02-15 23:00:00,00000001250,20230215230000,0.0,0.0,0.0,0.0,0.0,0.0,1.0,4,0.0,0.0,,,589352
2023-02-16 00:00:00,00000001250,20230216000000,0.0,0.0,0.0,0.0,0.0,0.0,1.0,4,0.0,0.0,,,589352
2023-02-16 01:00:00,00000001250,20230216010000,0.0,0.0,0.0,0.0,0.0,0.0,1.0,4,0.0,0.0,,,589352
2023-02-16 02:00:00,00000001250,20230216020000,0.0,0.0,0.0,0.0,0.0,0.0,1.0,4,0.0,0.0,,,589352
2023-02-16 03:00:00,00000001250,20230216030000,0.0,0.0,0.0,0.0,0.0,0.0,1.0,4,0.0,0.0,,,589352
2023-02-16 04:00:00,00000001250,20230216040000,0.0,0.0,0.0,0.0,0.0,0.0,1.0,4,0.0,0.0,,,589352
2023-02-16 05:00:00,00000001250,20230216050000,0.0,0.0,0.0,0.0,0.0,0.0,1.0,4,0.0,0.0,,,589352
2023-02-16 06:00:00,00000001250,20230216060000,0.0,0.0,0.0,0.0,0.0,0.0,1.0,4,0.0,0.0,,,589352
2023-02-16 07:00:00,00000001250,20230216070000,0.0,0.0,0.0,0.0,0.0,0.0,1.0,4,0.0,0.0,,,589352
2023-02-16 08:00:00,00000001250,20230216080000,0.0,0.0,0.0,0.0,0.0,0.0,1.0,4,0.0,0.0,,,589352
2023-02-16 09:00:00,00000001250,20230216090000,0.0,0.0,0.0,0.0,0.0,0.0,1.0,4,0.0,0.0,,,589352
2023-02-16 10:00:00,00000001250,20230216100000,0.0,0.0,0.0,0.0,0.0,0.0,1.0,4,0.0,0.0,,,589352
2023-02-16 11:00:00,00000001250,20230216110000,0.0,0.0,0.0,0.0,0.0,0.0,1.0,4,0.0,0.0,,,589352
2023-02-16 12:00:00,00000001250,20230216120000,0.0,0.0,0.0,0.0,0.0,0.0,1.0,4,0.0,0.0,,,589352
2023-02-16 13:00:00,00000001250,20230216130000,0.0,0.0,0.0,0.0,0.0,0.0,1.0,4,0.0,0.0,,,589352
2023-02-16 14:00:00,00000001250,20230216140000,0.0,0.0,0.0,0.0,0.0,0.0,1.0,4,0.0,0.0,,,589352
2023-02-16 15:00:00,00000001250,20230216150000,0.0,0.0,0.0,0.0,0.0,0.0,1.0,4,0.0,0.0,,,589352
2023-02-16 16:00:00,00000001250,20230216160000,0.0,0.0,0.0,0.0,0.0,0.0,1.0,4,0.0,0.0,,,589352
2023-02-16 17:00:00,00000001250,20230216170000,0.0,0.0,0.0,0.0,0.0,0.0,1.0,4,0.0,0.0,,,589352
2023-02-16 18:00:00,00000001250,20230216180000,0.0,0.0,0.0,0.0,0.0,0.0,1.0,4,0.0,0.0,,,589352
2023-02-16 19:00:00,00000001250,20230216190000,0.0,0.0,0.0,0.0,0.0,0.0,1.0,4,0.0,0.0,,,589352
2023-02-16 20:00:00,00000001250,20230216200000,0.0,0.0,0.0,0.0,0.0,0.0,1.0,4,0.0,0.0,,,589352
2023-02-16 21:00:00,00000001250,20230216210000,0.0,0.0,0.0,0.0,0.0,0.0,1.0,4,0.0,0.0,,,589352
2023-02-16 22:00:00,00000001250,20230216220000,0.0,0.0,0.0,0.0,0.0,0.0,1.0,4,0.0,0.0,,,589352
2023-02-16 23:00:00,00000001250,20230216230000,0.0,0.0,0.0,0.0,0.0,0.0,1.0,4,0.0,0.0,,,589352
2023-02-17 00:00:00,00000001250,20230217000000,0.0,0.0,0.0,0.0,0.0,0.0,1.0,4,0.0,0.0,,,589352
2023-02-17 01:00:00,00000001250,20230217010000,0.0,0.0,0.0,0.0,0.0,0.0,1.0,4,0.0,0.0,,,589352
2023-02-17 02:00:00,00000001250,20230217020000,0.0,0.0,0.0,0.0,0.0,0.0,1.0,4,0.0,0.0,,,589352
2023-02-17 03:00:00,00000001250,20230217030000,0.0,0.0,0.0,0.0,0.0,0.0,1.0,4,0.0,0.0,,,589352
2023-02-17 04:00:00,00000001250,20230217040000,0.0,0.0,0.0,0.0,0.0,0.0,1.0,4,0.0,0.0,,,589352
2023-02-17 05:00:00,00000001250,20230217050000,0.0,0.0,0.0,0.0,0.0,0.0,1.0,4,0.0,0.0,,,589352
2023-02-17 06:00:00,00000001250,20230217060000,0.0,0.0,0.0,0.0,0.0,0.0,1.0,4,0.0,0.0,,,589352
2023-02-17 07:00:00,00000001250,20230217070000,0.0,0.0,0.0,0.0,0.0,0.0,1.0,4,0.0,0.0,,,589352
2023-02-17 08:00:00,00000001250,20230217080000,0.0,0.0,0.0,0.0,0.0,0.0,1.0,4,0.0,0.0,,,589352
2023-02-17 09:00:00,00000001250,20230217090000,0.0,0.0,0.0,0.0,0.0,0.0,1.0,4,0.0,0.0,,,589352
2023-02-17 10:00:00,00000001250,20230217100000,0.0,0.0,0.0,0.0,0.0,0.0,1.0,4,0.0,0.0,,,589352
2023-02-17 11:00:00,00000001250,20230217110000,0.0,0.0,0.0,0.0,0.0,0.0,1.0,4,0.0,0.0,,,589352
2023-02-17 12:00:00,00000001250,20230217120000,0.0,0.0,0.0,0.0,0.0,0.0,1.0,4,0.0,0.0,,,589352
2023-02-17 13:00:00,00000001250,20230217130000,0.0,0.0,0.0,0.0,0.0,0.0,1.0,4,0.0,0.0,,,589352
2023-02-17 14:00:00,00000001250,20230217140000,0.0,0.0,0.0,0.0,0.0,0.0,1.0,4,0.0,0.0,,,589352
2023-02-17 15:00:00,00000001250,20230217150000,0.0,0.0,0.0,0.0,0.0,0.0,1.0,4,0.0,0.0,,,589352
2023-02-17 16:00:00,00000001250,20230217160000,0.0,0.0,0.0,0.0,0.0,0.0,1.0,4,0.0,0.0,,,589352
2023-02-17 17:00:00,00000001250,20230217170000,0.0,0.0,0.0,0.0,0.0,0.0,1.0,4,0.0,0.0,,,589352
2023-02-17 18:00:00,00000001250,20230217180000,0.0,0.0,0.0,0.0,0.0,0.0,1.0,4,0.0,0.0,,,589352
2023-02-17 19:00:00,00000001250,20230217190000,0.0,0.0,0.0,0.0,0.0,0.0,1.0,4,0.0,0.0,,,589352
2023-02-17 20:00:00,00000001250,20230217200000,0.0,0.0,0.0,0.0,0.0,0.0,1.0,4,0.0,0.0,,,589352
2023-02-17 21:00:00,00000001250,20230217210000,0.0,0.0,0.0,0.0,0.0,0.0,1.0,4,0.0,0.0,,,589352
2023-02-17 22:00:00,00000001250,20230217220000,0.0,0.0,0.0,0.0,0.0,0.0,1.0,4,0.0,0.0,,,589352
2023-02-17 23:00:00,00000001250,20230217230000,0.0,0.0,0.0,0.0,0.0,0.0,1.0,4,0.0,0.0,,,589352
2023-02-18 00:00:00,00000001250,20230218000000,0.0,0.0,0.0,0.0,0.0,0.0,1.0,4,0.0,0.0,,,589352
2023-02-18 01:00:00,00000001250,20230218010000,0.0,0.0,0.0,0.0,0.0,0.0,1.0,4,0.0,0.0,,,589352
2023-02-18 02:00:00,00000001250,20230218020000,0.0,0.0,0.0,0.0,0.0,0.0,1.0,4,0.0,0.0,,,589352
2023-02-18 03:00:00,00000001250,20230218030000,0.0,0.0,0.0,0.0,0.0,0.0,1.0,4,0.0,0.0,,,589352
2023-02-18 04:00:00,00000001250,20230218040000,0.0,0.0,0.0,0.0,0.0,0.0,1.0,4,0.0,0.0,,,589352
2023-02-18 05:00:00,00000001250,20230218050000,0.0,0.0,0.0,0.0,0.0,0.0,1.0,4,0.0,0.0,,,589352
2023-02-18 06:00:00,00000001250,20230218060000,0.0,0.0,0.0,0.0,0.0,0.0,1.0,4,0.0,0.0,,,589352
2023-02-18 07:00:00,00000001250,20230218070000,0.0,0.0,0.0,0.0,0.0,0.0,1.0,4,0.0,0.0,,,589352
2023-02-18 08:00:00,00000001250,20230218080000,0.0,0.0,0.0,0.0,0.0,0.0,1.0,4,0.0,0.0,,,589352
2023-02-18 09:00:00,00000001250,20230218090000,0.0,0.0,0.0,0.0,0.0,0.0,1.0,4,0.0,0.0,,,589352
2023-02-18 10:00:00,00000001250,20230218100000,0.0,0.0,0.0,0.0,0.0,0.0,1.0,4,0.0,0.0,,,589352
2023-02-18 11:00:00,00000001250,20230218110000,0.0,0.0,0.0,0.0,0.0,0.0,1.0,4,0.0,0.0,,,589352
2023-02-18 12:00:00,00000001250,20230218120000,0.0,0.0,0.0,0.0,0.0,0.0,1.0,4,0.0,0.0,,,589352
2023-02-18 13:00:00,00000001250,20230218130000,0.0,0.0,0.0,0.0,0.0,0.0,1.0,4,0.0,0.0,,,589352
2023-02-18 14:00:00,00000001250,20230218140000,0.0,0.0,0.0,0.0,0.0,0.0,1.0,4,0.0,0.0,,,589352
2023-02-18 15:00:00,00000001250,20230218150000,0.0,0.0,0.0,0.0,0.0,0.0,1.0,4,0.0,0.0,,,589352
2023-02-18 16:00:00,00000001250,20230218160000,0.0,0.0,0.0,0.0,0.0,0.0,1.0,4,0.0,0.0,,,589352
2023-02-18 17:00:00,00000001250,20230218170000,0.0,0.0,0.0,0.0,0.0,0.0,1.0,4,0.0,0.0,,,589352
2023-02-18 18:00:00,00000001250,20230218180000,0.0,0.0,0.0,0.0,0.0,0.0,1.0,4,0.0,0.0,,,589352
2023-02-18 19:00:00,00000001250,20230218190000,0.0,0.0,0.0,0.0,0.0,0.0,1.0,4,0.0,0.0,,,589352
2023-02-18 20:00:00,00000001250,20230218200000,0.0,0.0,0.0,0.0,0.0,0.0,1.0,4,0.0,0.0,,,589352
2023-02-18 21:00:00,00000001250,20230218210000,0.0,0.0,0.0,0.0,0.0,0.0,1.0,4,0.0,0.0,,,589352
2023-02-18 22:00:00,00000001250,20230218220000,0.0,0.0,0.0,0.0,0.0,0.0,1.0,4,0.0,0.0,,,589352
2023-02-18 23:00:00,00000001250,20230218230000,0.0,0.0,0.0,0.0,0.0,0.0,1.0,4,0.0,0.0,,,589352
2023-02-19 00:00:00,00000001250,20230219000000,0.0,0.0,0.0,0.0,0.0,0.0,1.0,4,0.0,0.0,,,589352
2023-02-19 01:00:00,00000001250,20230219010000,0.0,0.0,0.0,0.0,0.0,0.0,1.0,4,0.0,0.0,,,589352
2023-02-19 02:00:00,00000001250,20230219020000,0.0,0.0,0.0,0.0,0.0,0.0,1.0,4,0.0,0.0,,,589352
2023-02-19 03:00:00,00000001250,20230219030000,0.0,0.0,0.0,0.0,0.0,0.0,1.0,4,0.0,0.0,,,589352
2023-02-19 04:00:00,00000001250,20230219040000,0.0,0.0,0.0,0.0,0.0,0.0,1.0,4,0.0,0.0,,,589352
2023-02-19 05:00:00,00000001250,20230219050000,0.0,0.0,0.0,0.0,0.0,0.0,1.0,4,0.0,0.0,,,589352
2023-02-19 06:00:00,00000001250,20230219060000,0.0,0.0,0.0,0.0,0.0,0.0,1.0,4,0.0,0.0,,,589352
2023-02-19 07:00:00,00000001250,20230219070000,0.0,0.0,0.0,0.0,0.0,0.0,1.0,4,0.0,0.0,,,589352
2023-02-19 08:00:00,00000001250,20230219080000,0.0,0.0,0.0,0.0,0.0,0.0,1.0,4,0.0,0.0,,,589352
2023-02-19 09:00:00,00000001250,20230219090000,0.0,0.0,0.0,0.0,0.0,0.0,1.0,4,0.0,0.0,,,589352
2023-02-19 10:00:00,00000001250,20230219100000,0.0,0.0,0.0,0.0,0.0,0.0,1.0,4,0.0,0.0,,,589352
2023-02-19 11:00:00,00000001250,20230219110000,0.0,0.0,0.0,0.0,0.0,0.0,1.0,4,0.0,0.0,,,589352
2023-02-19 12:00:00,00000001250,20230219120000,0.0,0.0,0.0,0.0,0.0,0.0,1.0,4,0.0,0.0,,,589352
2023-02-19 13:00:00,00000001250,20230219130000,0.0,0.0,0.0,0.0,0.0,0.0,1.0,4,0.0,0.0,,,589352
2023-02-19 14:00:00,00000001250,20230219140000,0.0,0.0,0.0,0.0,0.0,0.0,1.0,4,0.0,0.0,,,589352
2023-02-19 15:00:00,00000001250,20230219150000,0.0,0.0,0.0,0.0,0.0,0.0,1.0,4,0.0,0.0,,,589352
2023-02-19 16:00:00,00000001250,20230219160000,0.0,0.0,0.0,0.0,0.0,0.0,1.0,4,0.0,0.0,,,589352
2023-02-19 17:00:00,00000001250,20230219170000,0.0,0.0,0.0,0.0,0.0,0.0,1.0,4,0.0,0.0,,,589352
2023-02-19 18:00:00,00000001250,20230219180000,0.0,0.0,0.0,0.0,0.0,0.0,1.0,4,0.0,0.0,,,589352
2023-02-19 19:00:00,00000001250,20230219190000,0.0,0.0,0.0,0.0,0.0,0.0,1.0,4,0.0,0.0,,,589352
2023-02-19 20:00:00,00000001250,20230219200000,0.0,0.0,0.0,0.0,0.0,0.0,1.0,4,0.0,0.0,,,589352
2023-02-19 21:00:00,00000001250,20230219210000,0.0,0.0,0.0,0.0,0.0,0.0,1.0,4,0.0,0.0,,,589352
2023-02-19 22:00:00,00000001250,20230219220000,0.0,0.0,0.0,0.0,0.0,0.0,1.0,4,0.0,0.0,,,589352
2023-02-19 23:00:00,00000001250,20230219230000,0.0,0.0,0.0,0.0,0.0,0.0,1.0,4,0.0,0.0,,,589352
2023-02-20 00:00:00,00000001250,20230220000000,0.0,0.0,0.0,0.0,0.0,0.0,1.0,4,0.0,0.0,,,589352
2023-02-20 01:00:00,00000001250,20230220010000,0.0,0.0,0.0,0.0,0.0,0.0,1.0,4,0.0,0.0,,,589352
2023-02-20 02:00:00,00000001250,20230220020000,0.0,0.0,0.0,0.0,0.0,0.0,1.0,4,0.0,0.0,,,589352
2023-02-20 03:00:00,00000001250,20230220030000,0.0,0.0,0.0,0.0,0.0,0.0,1.0,4,0.0,0.0,,,589352
2023-02-20 04:00:00,00000001250,20230220040000,0.0,0.0,0.0,0.0,0.0,0.0,1.0,4,0.0,0.0,,,589352
2023-02-20 05:00:00,00000001250,20230220050000,0.0,0.0,0.0,0.0,0.0,0.0,1.0,4,0.0,0.0,,,589352
2023-02-20 06:00:00,00000001250,20230220060000,0.0,0.0,0.0,0.0,0.0,0.0,1.0,4,0.0,0.0,,,589352
2023-02-20 07:00:00,00000001250,20230220070000,0.0,0.0,0.0,0.0,0.0,0.0,1.0,4,0.0,0.0,,,589352
2023-02-20 08:00:00,00000001250,20230220080000,0.0,0.0,0.0,0.0,0.0,0.0,1.0,4,0.0,0.0,,,589352
2023-02-20 09:00:00,00000001250,20230220090000,0.0,0.0,0.0,0.0,0.0,0.0,1.0,4,0.0,0.0,,,589352
2023-02-20 10:00:00,00000001250,20230220100000,0.0,0.0,0.0,0.0,0.0,0.0,1.0,4,0.0,0.0,,,589352
2023-02-20 11:00:00,00000001250,20230220110000,0.0,0.0,0.0,0.0,0.0,0.0,1.0,4,0.0,0.0,,,589352
2023-02-20 12:00:00,00000001250,20230220120000,0.0,0.0,0.0,0.0,0.0,0.0,1.0,4,0.0,0.0,,,589352
2023-02-20 13:00:00,00000001250,20230220130000,0.0,0.0,0.0,0.0,0.0,0.0,1.0,4,0.0,0.0,,,589352
2023-02-20 14:00:00,00000001250,20230220140000,0.0,0.0,0.0,0.0,0.0,0.0,1.0,4,0.0,0.0,,,589352
2023-02-20 15:00:00,00000001250,20230220150000,0.0,0.0,0.0,0.0,0.0,0.0,1.0,4,0.0,0.0,,,589352
2023-02-20 16:00:00,00000001250,20230220160000,0.0,0.0,0.0,0.0,0.0,0.0,1.0,4,0.0,0.0,,,589352
2023-02-20 17:00:00,00000001250,20230220170000,0.0,0.0,0.0,0.0,0.0,0.0,1.0,4,0.0,0.0,,,589352
2023-02-20 18:00:00,00000001250,20230220180000,0.0,0.0,0.0,0.0,0.0,0.0,1.0,4,0.0,0.0,,,589352
2023-02-20 19:00:00,00000001250,20230220190000,0.0,0.0,0.0,0.0,0.0,0.0,1.0,4,0.0,0.0,,,589352
2023-02-20 20:00:00,00000001250,20230220200000,0.0,0.0,0.0,0.0,0.0,0.0,1.0,4,0.0,0.0,,,589352
2023-02-20 21:00:00,00000001250,20230220210000,0.0,0.0,0.0,0.0,0.0,0.0,1.0,4,0.0,0.0,,,589352
2023-02-20 22:00:00,00000001250,20230220220000,0.0,0.0,0.0,0.0,0.0,0.0,1.0,4,0.0,0.0,,,589352
2023-02-20 23:00:00,00000001250,20230220230000,0.0,0.0,0.0,0.0,0.0,0.0,1.0,4,0.0,0.0,,,589352
2023-02-21 00:00:00,00000001250,20230221000000,0.0,0.0,0.0,0.0,0.0,0.0,1.0,4,0.0,0.0,,,589352
2023-02-21 01:00:00,00000001250,20230221010000,0.0,0.0,0.0,0.0,0.0,0.0,1.0,4,0.0,0.0,,,589352
2023-02-21 02:00:00,00000001250,20230221020000,0.0,0.0,0.0,0.0,0.0,0.0,1.0,4,0.0,0.0,,,589352
2023-02-21 03:00:00,00000001250,20230221030000,0.0,0.0,0.0,0.0,0.0,0.0,1.0,4,0.0,0.0,,,589352
2023-02-21 04:00:00,00000001250,20230221040000,0.0,0.0,0.0,0.0,0.0,0.0,1.0,4,0.0,0.0,,,589352
2023-02-21 05:00:00,00000001250,20230221050000,0.0,0.0,0.0,0.0,0.0,0.0,1.0,4,0.0,0.0,,,589352
2023-02-21 06:00:00,00000001250,20230221060000,0.0,0.0,0.0,0.0,0.0,0.0,1.0,4,0.0,0.0,,,589352
2023-02-21 07:00:00,00000001250,20230221070000,0.0,0.0,0.0,0.0,0.0,0.0,1.0,4,0.0,0.0,,,589352
2023-02-21 08:00:00,00000001250,20230221080000,0.0,0.0,0.0,0.0,0.0,0.0,1.0,4,0.0,0.0,,,589352
2023-02-21 09:00:00,00000001250,20230221090000,0.0,0.0,0.0,0.0,0.0,0.0,1.0,4,0.0,0.0,,,589352
2023-02-21 10:00:00,00000001250,20230221100000,0.0,0.0,0.0,0.0,0.0,0.0,1.0,4,0.0,0.0,,,589352
2023-02-21 11:00:00,00000001250,20230221110000,0.0,0.0,0.0,0.0,0.0,0.0,1.0,4,0.0,0.0,,,589352
2023-02-21 12:00:00,00000001250,20230221120000,0.0,0.0,0.0,0.0,0.0,0.0,1.0,4,0.0,0.0,,,589352
2023-02-21 13:00:00,00000001250,20230221130000,0.0,0.0,0.0,0.0,0.0,0.0,1.0,4,0.0,0.0,,,589352
2023-02-21 14:00:00,00000001250,20230221140000,0.0,0.0,0.0,0.0,0.0,0.0,1.0,4,0.0,0.0,,,589352
2023-02-21 15:00:00,00000001250,20230221150000,0.0,0.0,0.0,0.0,0.0,0.0,1.0,4,0.0,0.0,,,589352
2023-02-21 16:00:00,00000001250,20230221160000,0.0,0.0,0.0,0.0,0.0,0.0,1.0,4,0.0,0.0,,,589352
2023-02-21 17:00:00,00000001250,20230221170000,0.0,0.0,0.0,0.0,0.0,0.0,1.0,4,0.0,0.0,,,589352
2023-02-21 18:00:00,00000001250,20230221180000,0.0,0.0,0.0,0.0,0.0,0.0,1.0,4,0.0,0.0,,,589352
2023-02-21 19:00:00,00000001250,20230221190000,0.0,0.0,0.0,0.0,0.0,0.0,1.0,4,0.0,0.0,,,589352
2023-02-21 20:00:00,00000001250,20230221200000,0.0,0.0,0.0,0.0,0.0,0.0,1.0,4,0.0,0.0,,,589352
2023-02-21 21:00:00,00000001250,20230221210000,0.0,0.0,0.0,0.0,0.0,0.0,1.0,4,0.0,0.0,,,589352
2023-02-21 22:00:00,00000001250,20230221220000,0.0,0.0,0.0,0.0,0.0,0.0,1.0,4,0.0,0.0,,,589352
2023-02-21 23:00:00,00000001250,20230221230000,0.0,0.0,0.0,0.0,0.0,0.0,1.0,4,0.0,0.0,,,589352
2023-02-22 00:00:00,00000001250,20230222000000,0.0,0.0,0.0,0.0,0.0,0.0,1.0,4,0.0,0.0,,,589352
2023-02-22 01:00:00,00000001250,20230222010000,0.0,0.0,0.0,0.0,0.0,0.0,1.0,4,0.0,0.0,,,589352
2023-02-22 02:00:00,00000001250,20230222020000,0.0,0.0,0.0,0.0,0.0,0.0,1.0,4,0.0,0.0,,,589352
2023-02-22 03:00:00,00000001250,20230222030000,0.0,0.0,0.0,0.0,0.0,0.0,1.0,4,0.0,0.0,,,589352
2023-02-22 04:00:00,00000001250,20230222040000,0.0,0.0,0.0,0.0,0.0,0.0,1.0,4,0.0,0.0,,,589352
2023-02-22 05:00:00,00000001250,20230222050000,0.0,0.0,0.0,0.0,0.0,0.0,1.0,4,0.0,0.0,,,589352
2023-02-22 06:00:00,00000001250,20230222060000,0.0,0.0,0.0,0.0,0.0,0.0,1.0,4,0.0,0.0,,,589352
2023-02-22 07:00:00,00000001250,20230222070000,0.0,0.0,0.0,0.0,0.0,0.0,1.0,4,0.0,0.0,,,589352
2023-02-22 08:00:00,00000001250,20230222080000,0.0,0.0,0.0,0.0,0.0,0.0,1.0,4,0.0,0.0,,,589352
2023-02-22 09:00:00,00000001250,20230222090000,0.0,0.0,0.0,0.0,0.0,0.0,1.0,4,0.0,0.0,,,589352
2023-02-22 10:00:00,00000001250,20230222100000,0.0,0.0,0.0,0.0,0.0,0.0,1.0,4,0.0,0.0,,,589352
2023-02-22 11:00:00,00000001250,20230222110000,0.0,0.0,0.0,0.0,0.0,0.0,1.0,4,0.0,0.0,,,589352
2023-02-22 12:00:00,00000001250,20230222120000,0.0,0.0,0.0,0.0,0.0,0.0,1.0,4,0.0,0.0,,,589352
2023-02-22 13:00:00,00000001250,20230222130000,0.0,0.0,0.0,0.0,0.0,0.0,1.0,4,0.0,0.0,,,589352
2023-02-22 14:00:00,00000001250,20230222140000,0.0,0.0,0.0,0.0,0.0,0.0,1.0,4,0.0,0.0,,,589352
2023-02-22 15:00:00,00000001250,20230222150000,0.0,0.0,0.0,0.0,0.0,0.0,1.0,4,0.0,0.0,,,589352
2023-02-22 16:00:00,00000001250,20230222160000,0.0,0.0,0.0,0.0,0.0,0.0,1.0,4,0.0,0.0,,,589352
2023-02-22 17:00:00,00000001250,20230222170000,0.0,0.0,0.0,0.0,0.0,0.0,1.0,4,0.0,0.0,,,589352
2023-02-22 18:00:00,00000001250,20230222180000,0.0,0.0,0.0,0.0,0.0,0.0,1.0,4,0.0,0.0,,,589352
2023-02-22 19:00:00,00000001250,20230222190000,0.0,0.0,0.0,0.0,0.0,0.0,1.0,4,0.0,0.0,,,589352
2023-02-22 20:00:00,00000001250,20230222200000,0.0,0.0,0.0,0.0,0.0,0.0,1.0,4,0.0,0.0,,,589352
2023-02-22 21:00:00,00000001250,20230222210000,0.0,0.0,0.0,0.0,0.0,0.0,1.0,4,0.0,0.0,,,589352
2023-02-22 22:00:00,00000001250,20230222220000,0.0,0.0,0.0,0.0,0.0,0.0,1.0,4,0.0,0.0,,,589352
2023-02-22 23:00:00,00000001250,20230222230000,0.0,0.0,0.0,0.0,0.0,0.0,1.0,4,0.0,0.0,,,589352
2023-02-23 00:00:00,00000001250,20230223000000,0.0,0.0,0.0,0.0,0.0,0.0,1.0,4,0.0,0.0,,,589352
2023-02-23 01:00:00,00000001250,20230223010000,0.0,0.0,0.0,0.0,0.0,0.0,1.0,4,0.0,0.0,,,589352
2023-02-23 02:00:00,00000001250,20230223020000,0.0,0.0,0.0,0.0,0.0,0.0,1.0,4,0.0,0.0,,,589352
2023-02-23 03:00:00,00000001250,20230223030000,0.0,0.0,0.0,0.0,0.0,0.0,1.0,4,0.0,0.0,,,589352
2023-02-23 04:00:00,00000001250,20230223040000,0.0,0.0,0.0,0.0,0.0,0.0,1.0,4,0.0,0.0,,,589352
2023-02-23 05:00:00,00000001250,20230223050000,0.0,0.0,0.0,0.0,0.0,0.0,1.0,4,0.0,0.0,,,589352
2023-02-23 06:00:00,00000001250,20230223060000,0.0,0.0,0.0,0.0,0.0,0.0,1.0,4,0.0,0.0,,,589352
2023-02-23 07:00:00,00000001250,20230223070000,0.0,0.0,0.0,0.0,0.0,0.0,1.0,4,0.0,0.0,,,589352
2023-02-23 08:00:00,00000001250,20230223080000,0.0,0.0,0.0,0.0,0.0,0.0,1.0,4,0.0,0.0,,,589352
2023-02-23 09:00:00,00000001250,20230223090000,0.0,0.0,0.0,0.0,0.0,0.0,1.0,4,0.0,0.0,,,589352
2023-02-23 10:00:00,00000001250,20230223100000,0.0,0.0,0.0,0.0,0.0,0.0,1.0,4,0.0,0.0,,,589352
2023-02-23 11:00:00,00000001250,20230223110000,0.0,0.0,0.0,0.0,0.0,0.0,1.0,4,0.0,0.0,,,589352
2023-02-23 12:00:00,00000001250,20230223120000,0.0,0.0,0.0,0.0,0.0,0.0,1.0,4,0.0,0.0,,,589352
2023-02-23 13:00:00,00000001250,20230223130000,0.0,0.0,0.0,0.0,0.0,0.0,1.0,4,0.0,0.0,,,589352
2023-02-23 14:00:00,00000001250,20230223140000,0.0,0.0,0.0,0.0,0.0,0.0,1.0,4,0.0,0.0,,,589352
2023-02-23 15:00:00,00000001250,20230223150000,0.0,0.0,0.0,0.0,0.0,0.0,1.0,4,0.0,0.0,,,589352
2023-02-23 16:00:00,00000001250,20230223160000,0.0,0.0,0.0,0.0,0.0,0.0,1.0,4,0.0,0.0,,,589352
2023-02-23 17:00:00,00000001250,20230223170000,0.0,0.0,0.0,0.0,0.0,0.0,1.0,4,0.0,0.0,,,589352
2023-02-23 18:00:00,00000001250,20230223180000,0.0,0.0,0.0,0.0,0.0,0.0,1.0,4,0.0,0.0,,,589352
2023-02-23 19:00:00,00000001250,20230223190000,0.0,0.0,0.0,0.0,0.0,0.0,1.0,4,0.0,0.0,,,589352
2023-02-23 20:00:00,00000001250,20230223200000,0.0,0.0,0.0,0.0,0.0,0.0,1.0,4,0.0,0.0,,,589352
2023-02-23 21:00:00,00000001250,20230223210000,0.0,0.0,0.0,0.0,0.0,0.0,1.0,4,0.0,0.0,,,589352
2023-02-23 22:00:00,00000001250,20230223220000,0.0,0.0,0.0,0.0,0.0,0.0,1.0,4,0.0,0.0,,,589352
2023-02-23 23:00:00,00000001250,20230223230000,0.0,0.0,0.0,0.0,0.0,0.0,1.0,4,0.0,0.0,,,589352
2023-02-24 00:00:00,00000001250,20230224000000,0.0,0.0,0.0,0.0,0.0,0.0,1.0,4,0.0,0.0,,,589352
2023-02-24 01:00:00,00000001250,20230224010000,0.0,0.0,0.0,0.0,0.0,0.0,1.0,4,0.0,0.0,,,589352
2023-02-24 02:00:00,00000001250,20230224020000,0.0,0.0,0.0,0.0,0.0,0.0,1.0,4,0.0,0.0,,,589352
2023-02-24 03:00:00,00000001250,20230224030000,0.0,0.0,0.0,0.0,0.0,0.0,1.0,4,0.0,0.0,,,589352
2023-02-24 04:00:00,00000001250,20230224040000,0.0,0.0,0.0,0.0,0.0,0.0,1.0,4,0.0,0.0,,,589352
2023-02-24 05:00:00,00000001250,20230224050000,0.0,0.0,0.0,0.0,0.0,0.0,1.0,4,0.0,0.0,,,589352
2023-02-24 06:00:00,00000001250,20230224060000,0.0,0.0,0.0,0.0,0.0,0.0,1.0,4,0.0,0.0,,,589352
2023-02-24 07:00:00,00000001250,20230224070000,0.0,0.0,0.0,0.0,0.0,0.0,1.0,4,0.0,0.0,,,589352
2023-02-24 08:00:00,00000001250,20230224080000,0.0,0.0,0.0,0.0,0.0,0.0,1.0,4,0.0,0.0,,,589352
2023-02-24 09:00:00,00000001250,20230224090000,0.0,0.0,0.0,0.0,0.0,0.0,1.0,4,0.0,0.0,,,589352
2023-02-24 10:00:00,00000001250,20230224100000,0.0,0.0,0.0,0.0,0.0,0.0,1.0,4,0.0,0.0,,,589352
2023-02-24 11:00:00,00000001250,20230224110000,0.0,0.0,0.0,0.0,0.0,0.0,1.0,4,0.0,0.0,,,589352
2023-02-24 12:00:00,00000001250,20230224120000,0.0,0.0,0.0,0.0,0.0,0.0,1.0,4,0.0,0.0,,,589352
2023-02-24 13:00:00,00000001250,20230224130000,0.0,0.0,0.0,0.0,0.0,0.0,1.0,4,0.0,0.0,,,589352
2023-02-24 14:00:00,00000001250,20230224140000,0.0,0.0,0.0,0.0,0.0,0.0,1.0,4,0.0,0.0,,,589352
2023-02-24 15:00:00,00000001250,20230224150000,0.0,0.0,0.0,0.0,0.0,0.0,1.0,4,0.0,0.0,,,589352
2023-02-24 16:00:00,00000001250,20230224160000,0.0,0.0,0.0,0.0,0.0,0.0,1.0,4,0.0,0.0,,,589352
2023-02-24 17:00:00,00000001250,20230224170000,0.0,0.0,0.0,0.0,0.0,0.0,1.0,4,0.0,0.0,,,589352
2023-02-24 18:00:00,00000001250,20230224180000,0.0,0.0,0.0,0.0,0.0,0.0,1.0,4,0.0,0.0,,,589352
2023-02-24 19:00:00,00000001250,20230224190000,0.0,0.0,0.0,0.0,0.0,0.0,1.0,4,0.0,0.0,,,589352
2023-02-24 20:00:00,00000001250,20230224200000,0.0,0.0,0.0,0.0,0.0,0.0,1.0,4,0.0,0.0,,,589352
2023-02-24 21:00:00,00000001250,20230224210000,0.0,0.0,0.0,0.0,0.0,0.0,1.0,4,0.0,0.0,,,589352
2023-02-24 22:00:00,00000001250,20230224220000,0.0,0.0,0.0,0.0,0.0,0.0,1.0,4,0.0,0.0,,,589352
2023-02-24 23:00:00,00000001250,20230224230000,0.0,0.0,0.0,0.0,0.0,0.0,1.0,4,0.0,0.0,,,589352
2023-02-25 00:00:00,00000001250,20230225000000,0.0,0.0,0.0,0.0,0.0,0.0,1.0,4,0.0,0.0,,,589352
2023-02-25 01:00:00,00000001250,20230225010000,0.0,0.0,0.0,0.0,0.0,0.0,1.0,4,0.0,0.0,,,589352
2023-02-25 02:00:00,00000001250,20230225020000,0.0,0.0,0.0,0.0,0.0,0.0,1.0,4,0.0,0.0,,,589352
2023-02-25 03:00:00,00000001250,20230225030000,0.0,0.0,0.0,0.0,0.0,0.0,1.0,4,0.0,0.0,,,589352
2023-02-25 04:00:00,00000001250,20230225040000,0.0,0.0,0.0,0.0,0.0,0.0,1.0,4,0.0,0.0,,,589352
2023-02-25 05:00:00,00000001250,20230225050000,0.0,0.0,0.0,0.0,0.0,0.0,1.0,4,0.0,0.0,,,589352
2023-02-25 06:00:00,00000001250,20230225060000,0.0,0.0,0.0,0.0,0.0,0.0,1.0,4,0.0,0.0,,,589352
2023-02-25 07:00:00,00000001250,20230225070000,0.0,0.0,0.0,0.0,0.0,0.0,1.0,4,0.0,0.0,,,589352
2023-02-25 08:00:00,00000001250,20230225080000,0.0,0.0,0.0,0.0,0.0,0.0,1.0,4,0.0,0.0,,,589352
2023-02-25 09:00:00,00000001250,20230225090000,0.0,0.0,0.0,0.0,0.0,0.0,1.0,4,0.0,0.0,,,589352
2023-02-25 10:00:00,00000001250,20230225100000,0.0,0.0,0.0,0.0,0.0,0.0,1.0,4,0.0,0.0,,,589352
2023-02-25 11:00:00,00000001250,20230225110000,0.0,0.0,0.0,0.0,0.0,0.0,1.0,4,0.0,0.0,,,589352
2023-02-25 12:00:00,00000001250,20230225120000,0.0,0.0,0.0,0.0,0.0,0.0,1.0,4,0.0,0.0,,,589352
2023-02-25 13:00:00,00000001250,20230225130000,0.0,0.0,0.0,0.0,0.0,0.0,1.0,4,0.0,0.0,,,589352
2023-02-25 14:00:00,00000001250,20230225140000,0.0,0.0,0.0,0.0,0.0,0.0,1.0,4,0.0,0.0,,,589352
2023-02-25 15:00:00,00000001250,20230225150000,0.0,0.0,0.0,0.0,0.0,0.0,1.0,4,0.0,0.0,,,589352
2023-02-25 16:00:00,00000001250,20230225160000,0.0,0.0,0.0,0.0,0.0,0.0,1.0,4,0.0,0.0,,,589352
2023-02-25 17:00:00,00000001250,20230225170000,0.0,0.0,0.0,0.0,0.0,0.0,1.0,4,0.0,0.0,,,589352
2023-02-25 18:00:00,00000001250,20230225180000,0.0,0.0,0.0,0.0,0.0,0.0,1.0,4,0.0,0.0,,,589352
2023-02-25 19:00:00,00000001250,20230225190000,0.0,0.0,0.0,0.0,0.0,0.0,1.0,4,0.0,0.0,,,589352
2023-02-25 20:00:00,00000001250,20230225200000,0.0,0.0,0.0,0.0,0.0,0.0,1.0,4,0.0,0.0,,,589352
2023-02-25 21:00:00,00000001250,20230225210000,0.0,0.0,0.0,0.0,0.0,0.0,1.0,4,0.0,0.0,,,589352
2023-02-25 22:00:00,00000001250,20230225220000,0.0,0.0,0.0,0.0,0.0,0.0,1.0,4,0.0,0.0,,,589352
2023-02-25 23:00:00,00000001250,20230225230000,0.0,0.0,0.0,0.0,0.0,0.0,1.0,4,0.0,0.0,,,589352
2023-02-26 00:00:00,00000001250,20230226000000,0.0,0.0,0.0,0.0,0.0,0.0,1.0,4,0.0,0.0,,,589352
2023-02-26 01:00:00,00000001250,20230226010000,0.0,0.0,0.0,0.0,0.0,0.0,1.0,4,0.0,0.0,,,589352
2023-02-26 02:00:00,00000001250,20230226020000,0.0,0.0,0.0,0.0,0.0,0.0,1.0,4,0.0,0.0,,,589352
2023-02-26 03:00:00,00000001250,20230226030000,0.0,0.0,0.0,0.0,0.0,0.0,1.0,4,0.0,0.0,,,589352
2023-02-26 04:00:00,00000001250,20230226040000,0.0,0.0,0.0,0.0,0.0,0.0,1.0,4,0.0,0.0,,,589352
2023-02-26 05:00:00,00000001250,20230226050000,0.0,0.0,0.0,0.0,0.0,0.0,1.0,4,0.0,0.0,,,589352
2023-02-26 06:00:00,00000001250,20230226060000,0.0,0.0,0.0,0.0,0.0,0.0,1.0,4,0.0,0.0,,,589352
2023-02-26 07:00:00,00000001250,20230226070000,0.0,0.0,0.0,0.0,0.0,0.0,1.0,4,0.0,0.0,,,589352
2023-02-26 08:00:00,00000001250,20230226080000,0.0,0.0,0.0,0.0,0.0,0.0,1.0,4,0.0,0.0,,,589352
2023-02-26 09:00:00,00000001250,20230226090000,0.0,0.0,0.0,0.0,0.0,0.0,1.0,4,0.0,0.0,,,589352
2023-02-26 10:00:00,00000001250,20230226100000,0.0,0.0,0.0,0.0,0.0,0.0,1.0,4,0.0,0.0,,,589352
2023-02-26 11:00:00,00000001250,20230226110000,0.0,0.0,0.0,0.0,0.0,0.0,1.0,4,0.0,0.0,,,589352
2023-02-26 12:00:00,00000001250,20230226120000,0.0,0.0,0.0,0.0,0.0,0.0,1.0,4,0.0,0.0,,,589352
2023-02-26 13:00:00,00000001250,20230226130000,0.0,0.0,0.0,0.0,0.0,0.0,1.0,4,0.0,0.0,,,589352
2023-02-26 14:00:00,00000001250,20230226140000,0.0,0.0,0.0,0.0,0.0,0.0,1.0,4,0.0,0.0,,,589352
2023-02-26 15:00:00,00000001250,20230226150000,0.0,0.0,0.0,0.0,0.0,0.0,1.0,4,0.0,0.0,,,589352
2023-02-26 16:00:00,00000001250,20230226160000,0.0,0.0,0.0,0.0,0.0,0.0,1.0,4,0.0,0.0,,,589352
2023-02-26 17:00:00,00000001250,20230226170000,0.0,0.0,0.0,0.0,0.0,0.0,1.0,4,0.0,0.0,,,589352
2023-02-26 18:00:00,00000001250,20230226180000,0.0,0.0,0.0,0.0,0.0,0.0,1.0,4,0.0,0.0,,,589352
2023-02-26 19:00:00,00000001250,20230226190000,0.0,0.0,0.0,0.0,0.0,0.0,1.0,4,0.0,0.0,,,589352
2023-02-26 20:00:00,00000001250,20230226200000,0.0,0.0,0.0,0.0,0.0,0.0,1.0,4,0.0,0.0,,,589352
2023-02-26 21:00:00,00000001250,20230226210000,0.0,0.0,0.0,0.0,0.0,0.0,1.0,4,0.0,0.0,,,589352
2023-02-26 22:00:00,00000001250,20230226220000,0.0,0.0,0.0,0.0,0.0,0.0,1.0,4,0.0,0.0,,,589352
2023-02-26 23:00:00,00000001250,20230226230000,0.0,0.0,0.0,0.0,0.0,0.0,1.0,4,0.0,0.0,,,589352
2023-02-27 00:00:00,00000001250,20230227000000,0.0,0.0,0.0,0.0,0.0,0.0,1.0,4,0.0,0.0,,,589352
2023-02-27 01:00:00,00000001250,20230227010000,0.0,0.0,0.0,0.0,0.0,0.0,1.0,4,0.0,0.0,,,589352
2023-02-27 02:00:00,00000001250,20230227020000,0.0,0.0,0.0,0.0,0.0,0.0,1.0,4,0.0,0.0,,,589352
2023-02-27 03:00:00,00000001250,20230227030000,0.0,0.0,0.0,0.0,0.0,0.0,1.0,4,0.0,0.0,,,589352
2023-02-27 04:00:00,00000001250,20230227040000,0.0,0.0,0.0,0.0,0.0,0.0,1.0,4,0.0,0.0,,,589352
2023-02-27 05:00:00,00000001250,20230227050000,0.0,0.0,0.0,0.0,0.0,0.0,1.0,4,0.0,0.0,,,589352
2023-02-27 06:00:00,00000001250,20230227060000,0.0,0.0,0.0,0.0,0.0,0.0,1.0,4,0.0,0.0,,,589352
2023-02-27 07:00:00,00000001250,20230227070000,0.0,0.0,0.0,0.0,0.0,0.0,1.0,4,0.0,0.0,,,589352
2023-02-27 08:00:00,00000001250,20230227080000,0.0,0.0,0.0,0.0,0.0,0.0,1.0,4,0.0,0.0,,,589352
2023-02-27 09:00:00,00000001250,20230227090000,0.0,0.0,0.0,0.0,0.0,0.0,1.0,4,0.0,0.0,,,589352
2023-02-27 10:00:00,00000001250,20230227100000,0.0,0.0,0.0,0.0,0.0,0.0,1.0,4,0.0,0.0,,,589352
2023-02-27 11:00:00,00000001250,20230227110000,0.0,0.0,0.0,0.0,0.0,0.0,1.0,4,0.0,0.0,,,589352
2023-02-27 12:00:00,00000001250,20230227120000,0.0,0.0,0.0,0.0,0.0,0.0,1.0,4,0.0,0.0,,,589352
2023-02-27 13:00:00,00000001250,20230227130000,0.0,0.0,0.0,0.0,0.0,0.0,1.0,4,0.0,0.0,,,589352
2023-02-27 14:00:00,00000001250,20230227140000,0.0,0.0,0.0,0.0,0.0,0.0,1.0,4,0.0,0.0,,,589352
2023-02-27 15:00:00,00000001250,20230227150000,0.0,0.0,0.0,0.0,0.0,0.0,1.0,4,0.0,0.0,,,589352
2023-02-27 16:00:00,00000001250,20230227160000,0.0,0.0,0.0,0.0,0.0,0.0,1.0,4,0.0,0.0,,,589352
2023-02-27 17:00:00,00000001250,20230227170000,0.0,0.0,0.0,0.0,0.0,0.0,1.0,4,0.0,0.0,,,589352
2023-02-27 18:00:00,00000001250,20230227180000,0.0,0.0,0.0,0.0,0.0,0.0,1.0,4,0.0,0.0,,,589352
2023-02-27 19:00:00,00000001250,20230227190000,0.0,0.0,0.0,0.0,0.0,0.0,1.0,4,0.0,0.0,,,589352
2023-02-27 20:00:00,00000001250,20230227200000,0.0,0.0,0.0,0.0,0.0,0.0,1.0,4,0.0,0.0,,,589352
2023-02-27 21:00:00,00000001250,20230227210000,0.0,0.0,0.0,0.0,0.0,0.0,1.0,4,0.0,0.0,,,589352
2023-02-27 22:00:00,00000001250,20230227220000,0.0,0.0,0.0,0.0,0.0,0.0,1.0,4,0.0,0.0,,,589352
2023-02-27 23:00:00,00000001250,20230227230000,0.0,0.0,0.0,0.0,0.0,0.0,1.0,4,0.0,0.0,,,589352
2023-02-28 00:00:00,00000001250,20230228000000,0.0,0.0,0.0,0.0,0.0,0.0,1.0,4,0.0,0.0,,,589352
2023-02-28 01:00:00,00000001250,20230228010000,0.0,0.0,0.0,0.0,0.0,0.0,1.0,4,0.0,0.0,,,589352
2023-02-28 02:00:00,00000001250,20230228020000,0.0,0.0,0.0,0.0,0.0,0.0,1.0,4,0.0,0.0,,,589352
2023-02-28 03:00:00,00000001250,20230228030000,0.0,0.0,0.0,0.0,0.0,0.0,1.0,4,0.0,0.0,,,589352
2023-02-28 04:00:00,00000001250,20230228040000,0.0,0.0,0.0,0.0,0.0,0.0,1.0,4,0.0,0.0,,,589352
2023-02-28 05:00:00,00000001250,20230228050000,0.0,0.0,0.0,0.0,0.0,0.0,1.0,4,0.0,0.0,,,589352
2023-02-28 06:00:00,00000001250,20230228060000,0.0,0.0,0.0,0.0,0.0,0.0,1.0,4,0.0,0.0,,,589352
2023-02-28 07:00:00,00000001250,20230228070000,0.0,0.0,0.0,0.0,0.0,0.0,1.0,4,0.0,0.0,,,589352
2023-02-28 08:00:00,00000001250,20230228080000,0.0,0.0,0.0,0.0,0.0,0.0,1.0,4,0.0,0.0,,,589352
2023-02-28 09:00:00,00000001250,20230228090000,0.0,0.0,0.0,0.0,0.0,0.0,1.0,4,0.0,0.0,,,589352
2023-02-28 10:00:00,00000001250,20230228100000,0.0,0.0,0.0,0.0,0.0,0.0,1.0,4,0.0,0.0,,,589352
2023-02-28 11:00:00,00000001250,20230228110000,0.0,0.0,0.0,0.0,0.0,0.0,1.0,4,0.0,0.0,,,589352
2023-02-28 12:00:00,00000001250,20230228120000,0.0,0.0,0.0,0.0,0.0,0.0,1.0,4,0.0,0.0,,,589352
2023-02-28 13:00:00,00000001250,20230228130000,0.0,0.0,0.0,0.0,0.0,0.0,1.0,4,0.0,0.0,,,589352
2023-02-28 14:00:00,00000001250,20230228140000,0.0,0.0,0.0,0.0,0.0,0.0,1.0,4,0.0,0.0,,,589352
2023-02-28 15:00:00,00000001250,20230228150000,0.0,0.0,0.0,0.0,0.0,0.0,1.0,4,0.0,0.0,,,589352
2023-02-28 16:00:00,00000001250,20230228160000,0.0,0.0,0.0,0.0,0.0,0.0,1.0,4,0.0,0.0,,,589352
2023-02-28 17:00:00,00000001250,20230228170000,0.0,0.0,0.0,0.0,0.0,0.0,1.0,4,0.0,0.0,,,589352
2023-02-28 18:00:00,00000001250,20230228180000,0.0,0.0,0.0,0.0,0.0,0.0,1.0,4,0.0,0.0,,,589352
2023-02-28 19:00:00,00000001250,20230228190000,0.0,0.0,0.0,0.0,0.0,0.0,1.0,4,0.0,0.0,,,589352
2023-02-28 20:00:00,00000001250,20230228200000,0.0,0.0,0.0,0.0,0.0,0.0,1.0,4,0.0,0.0,,,589352
2023-02-28 21:00:00,00000001250,20230228210000,0.0,0.0,0.0,0.0,0.0,0.0,1.0,4,0.0,0.0,,,589352
2023-02-28 22:00:00,00000001250,20230228220000,0.0,0.0,0.0,0.0,0.0,0.0,1.0,4,0.0,0.0,,,589352
2023-02-28 23:00:00,00000001250,20230228230000,0.0,0.0,0.0,0.0,0.0,0.0,1.0,4,0.0,0.0,,,589352
2023-03-01 00:00:00,00000001250,20230301000000,0.0,0.0,0.0,0.0,0.0,0.0,1.0,4,0.0,0.0,,,589352
2023-03-01 01:00:00,00000001250,20230301010000,0.0,0.0,0.0,0.0,0.0,0.0,1.0,4,0.0,0.0,,,589352
2023-03-01 02:00:00,00000001250,20230301020000,0.0,0.0,0.0,0.0,0.0,0.0,1.0,4,0.0,0.0,,,589352
2023-03-01 03:00:00,00000001250,20230301030000,0.0,0.0,0.0,0.0,0.0,0.0,1.0,4,0.0,0.0,,,589352
2023-03-01 04:00:00,00000001250,20230301040000,0.0,0.0,0.0,0.0,0.0,0.0,1.0,4,0.0,0.0,,,589352
2023-03-01 05:00:00,00000001250,20230301050000,0.0,0.0,0.0,0.0,0.0,0.0,1.0,4,0.0,0.0,,,589352
2023-03-01 06:00:00,00000001250,20230301060000,0.0,0.0,0.0,0.0,0.0,0.0,1.0,4,0.0,0.0,,,589352
2023-03-01 07:00:00,00000001250,20230301070000,0.0,0.0,0.0,0.0,0.0,0.0,1.0,4,0.0,0.0,,,589352
2023-03-01 08:00:00,00000001250,20230301080000,0.0,0.0,0.0,0.0,0.0,0.0,1.0,4,0.0,0.0,,,589352
2023-03-01 09:00:00,00000001250,20230301090000,0.0,0.0,0.0,0.0,0.0,0.0,1.0,4,0.0,0.0,,,589352
2023-03-01 10:00:00,00000001250,20230301100000,0.0,0.0,0.0,0.0,0.0,0.0,1.0,4,0.0,0.0,,,589352
2023-03-01 11:00:00,00000001250,20230301110000,0.0,0.0,0.0,0.0,0.0,0.0,1.0,4,0.0,0.0,,,589352
2023-03-01 12:00:00,00000001250,20230301120000,0.0,0.0,0.0,0.0,0.0,0.0,1.0,4,0.0,0.0,,,589352
2023-03-01 13:00:00,00000001250,20230301130000,0.0,0.0,0.0,0.0,0.0,0.0,1.0,4,0.0,0.0,,,589352
2023-03-01 14:00:00,00000001250,20230301140000,0.0,0.0,0.0,0.0,0.0,0.0,1.0,4,0.0,0.0,,,589352
2023-03-01 15:00:00,00000001250,20230301150000,0.0,0.0,0.0,0.0,0.0,0.0,1.0,4,0.0,0.0,,,589352
2023-03-01 16:00:00,00000001250,20230301160000,0.0,0.0,0.0,0.0,0.0,0.0,1.0,4,0.0,0.0,,,589352
2023-03-01 17:00:00,00000001250,20230301170000,0.0,0.0,0.0,0.0,0.0,0.0,1.0,4,0.0,0.0,,,589352
2023-03-01 18:00:00,00000001250,20230301180000,0.0,0.0,0.0,0.0,0.0,0.0,1.0,4,0.0,0.0,,,589352
2023-03-01 19:00:00,00000001250,20230301190000,0.0,0.0,0.0,0.0,0.0,0.0,1.0,4,0.0,0.0,,,589352
2023-03-01 20:00:00,00000001250,20230301200000,0.0,0.0,0.0,0.0,0.0,0.0,1.0,4,0.0,0.0,,,589352
2023-03-01 21:00:00,00000001250,20230301210000,0.0,0.0,0.0,0.0,0.0,0.0,1.0,4,0.0,0.0,,,589352
2023-03-01 22:00:00,00000001250,20230301220000,0.0,0.0,0.0,0.0,0.0,0.0,1.0,4,0.0,0.0,,,589352
2023-03-01 23:00:00,00000001250,20230301230000,0.0,0.0,0.0,0.0,0.0,0.0,1.0,4,0.0,0.0,,,589352
2023-03-02 00:00:00,00000001250,20230302000000,0.0,0.0,0.0,0.0,0.0,0.0,1.0,4,0.0,0.0,,,589352
2023-03-02 01:00:00,00000001250,20230302010000,0.0,0.0,0.0,0.0,0.0,0.0,1.0,4,0.0,0.0,,,589352
2023-03-02 02:00:00,00000001250,20230302020000,0.0,0.0,0.0,0.0,0.0,0.0,1.0,4,0.0,0.0,,,589352
2023-03-02 03:00:00,00000001250,20230302030000,0.0,0.0,0.0,0.0,0.0,0.0,1.0,4,0.0,0.0,,,589352
2023-03-02 04:00:00,00000001250,20230302040000,0.0,0.0,0.0,0.0,0.0,0.0,1.0,4,0.0,0.0,,,589352
2023-03-02 05:00:00,00000001250,20230302050000,0.0,0.0,0.0,0.0,0.0,0.0,1.0,4,0.0,0.0,,,589352
2023-03-02 06:00:00,00000001250,20230302060000,0.0,0.0,0.0,0.0,0.0,0.0,1.0,4,0.0,0.0,,,589352
2023-03-02 07:00:00,00000001250,20230302070000,0.0,0.0,0.0,0.0,0.0,0.0,1.0,4,0.0,0.0,,,589352
2023-03-02 08:00:00,00000001250,20230302080000,0.0,0.0,0.0,0.0,0.0,0.0,1.0,4,0.0,0.0,,,589352
2023-03-02 09:00:00,00000001250,20230302090000,0.0,0.0,0.0,0.0,0.0,0.0,1.0,4,0.0,0.0,,,589352
2023-03-02 10:00:00,00000001250,20230302100000,0.0,0.0,0.0,0.0,0.0,0.0,1.0,4,0.0,0.0,,,589352
2023-03-02 11:00:00,00000001250,20230302110000,0.0,0.0,0.0,0.0,0.0,0.0,1.0,4,0.0,0.0,,,589352
2023-03-02 12:00:00,00000001250,20230302120000,0.0,0.0,0.0,0.0,0.0,0.0,1.0,4,0.0,0.0,,,589352
2023-03-02 13:00:00,00000001250,20230302130000,0.0,0.0,0.0,0.0,0.0,0.0,1.0,4,0.0,0.0,,,589352
2023-03-02 14:00:00,00000001250,20230302140000,0.0,0.0,0.0,0.0,0.0,0.0,1.0,4,0.0,0.0,,,589352
2023-03-02 15:00:00,00000001250,20230302150000,0.0,0.0,0.0,0.0,0.0,0.0,1.0,4,0.0,0.0,,,589352
2023-03-02 16:00:00,00000001250,20230302160000,0.0,0.0,0.0,0.0,0.0,0.0,1.0,4,0.0,0.0,,,589352
2023-03-02 17:00:00,00000001250,20230302170000,0.0,0.0,0.0,0.0,0.0,0.0,1.0,4,0.0,0.0,,,589352
2023-03-02 18:00:00,00000001250,20230302180000,0.0,0.0,0.0,0.0,0.0,0.0,1.0,4,0.0,0.0,,,589352
2023-03-02 19:00:00,00000001250,20230302190000,0.0,0.0,0.0,0.0,0.0,0.0,1.0,4,0.0,0.0,,,589352
2023-03-02 20:00:00,00000001250,20230302200000,0.0,0.0,0.0,0.0,0.0,0.0,1.0,4,0.0,0.0,,,589352
2023-03-02 21:00:00,00000001250,20230302210000,0.0,0.0,0.0,0.0,0.0,0.0,1.0,4,0.0,0.0,,,589352
2023-03-02 22:00:00,00000001250,20230302220000,0.0,0.0,0.0,0.0,0.0,0.0,1.0,4,0.0,0.0,,,589352
2023-03-02 23:00:00,00000001250,20230302230000,0.0,0.0,0.0,0.0,0.0,0.0,1.0,4,0.0,0.0,,,589352
2023-03-03 00:00:00,00000001250,20230303000000,0.0,0.0,0.0,0.0,0.0,0.0,1.0,4,0.0,0.0,,,589352
2023-03-03 01:00:00,00000001250,20230303010000,0.0,0.0,0.0,0.0,0.0,0.0,1.0,4,0.0,0.0,,,589352
2023-03-03 02:00:00,00000001250,20230303020000,0.0,0.0,0.0,0.0,0.0,0.0,1.0,4,0.0,0.0,,,589352
2023-03-03 03:00:00,00000001250,20230303030000,0.0,0.0,0.0,0.0,0.0,0.0,1.0,4,0.0,0.0,,,589352
2023-03-03 04:00:00,00000001250,20230303040000,0.0,0.0,0.0,0.0,0.0,0.0,1.0,4,0.0,0.0,,,589352
2023-03-03 05:00:00,00000001250,20230303050000,0.0,0.0,0.0,0.0,0.0,0.0,1.0,4,0.0,0.0,,,589352
2023-03-03 06:00:00,00000001250,20230303060000,0.0,0.0,0.0,0.0,0.0,0.0,1.0,4,0.0,0.0,,,589352
2023-03-03 07:00:00,00000001250,20230303070000,0.0,0.0,0.0,0.0,0.0,0.0,1.0,4,0.0,0.0,,,589352
2023-03-03 08:00:00,00000001250,20230303080000,0.0,0.0,0.0,0.0,0.0,0.0,1.0,4,0.0,0.0,,,589352
2023-03-03 09:00:00,00000001250,20230303090000,0.0,0.0,0.0,0.0,0.0,0.0,1.0,4,0.0,0.0,,,589352
2023-03-03 10:00:00,00000001250,20230303100000,0.0,0.0,0.0,0.0,0.0,0.0,1.0,4,0.0,0.0,,,589352
2023-03-03 11:00:00,00000001250,20230303110000,0.0,0.0,0.0,0.0,0.0,0.0,1.0,4,0.0,0.0,,,589352
2023-03-03 12:00:00,00000001250,20230303120000,0.0,0.0,0.0,0.0,0.0,0.0,1.0,4,0.0,0.0,,,589352
2023-03-03 13:00:00,00000001250,20230303130000,0.0,0.0,0.0,0.0,0.0,0.0,1.0,4,0.0,0.0,,,589352
2023-03-03 14:00:00,00000001250,20230303140000,0.0,0.0,0.0,0.0,0.0,0.0,1.0,4,0.0,0.0,,,589352
2023-03-03 15:00:00,00000001250,20230303150000,0.0,0.0,0.0,0.0,0.0,0.0,1.0,4,0.0,0.0,,,589352
2023-03-03 16:00:00,00000001250,20230303160000,0.0,0.0,0.0,0.0,0.0,0.0,1.0,4,0.0,0.0,,,589352
2023-03-03 17:00:00,00000001250,20230303170000,0.0,0.0,0.0,0.0,0.0,0.0,1.0,4,0.0,0.0,,,589352
2023-03-03 18:00:00,00000001250,20230303180000,0.0,0.0,0.0,0.0,0.0,0.0,1.0,4,0.0,0.0,,,589352
2023-03-03 19:00:00,00000001250,20230303190000,0.0,0.0,0.0,0.0,0.0,0.0,1.0,4,0.0,0.0,,,589352
2023-03-03 20:00:00,00000001250,20230303200000,0.0,0.0,0.0,0.0,0.0,0.0,1.0,4,0.0,0.0,,,589352
2023-03-03 21:00:00,00000001250,20230303210000,0.0,0.0,0.0,0.0,0.0,0.0,1.0,4,0.0,0.0,,,589352
2023-03-03 22:00:00,00000001250,20230303220000,0.0,0.0,0.0,0.0,0.0,0.0,1.0,4,0.0,0.0,,,589352
2023-03-03 23:00:00,00000001250,20230303230000,0.0,0.0,0.0,0.0,0.0,0.0,1.0,4,0.0,0.0,,,589352
2023-03-04 00:00:00,00000001250,20230304000000,0.0,0.0,0.0,0.0,0.0,0.0,1.0,4,0.0,0.0,,,589352
2023-03-04 01:00:00,00000001250,20230304010000,0.0,0.0,0.0,0.0,0.0,0.0,1.0,4,0.0,0.0,,,589352
2023-03-04 02:00:00,00000001250,20230304020000,0.0,0.0,0.0,0.0,0.0,0.0,1.0,4,0.0,0.0,,,589352
2023-03-04 03:00:00,00000001250,20230304030000,0.0,0.0,0.0,0.0,0.0,0.0,1.0,4,0.0,0.0,,,589352
2023-03-04 04:00:00,00000001250,20230304040000,0.0,0.0,0.0,0.0,0.0,0.0,1.0,4,0.0,0.0,,,589352
2023-03-04 05:00:00,00000001250,20230304050000,0.0,0.0,0.0,0.0,0.0,0.0,1.0,4,0.0,0.0,,,589352
2023-03-04 06:00:00,00000001250,20230304060000,0.0,0.0,0.0,0.0,0.0,0.0,1.0,4,0.0,0.0,,,589352
2023-03-04 07:00:00,00000001250,20230304070000,0.0,0.0,0.0,0.0,0.0,0.0,1.0,4,0.0,0.0,,,589352
2023-03-04 08:00:00,00000001250,20230304080000,0.0,0.0,0.0,0.0,0.0,0.0,1.0,4,0.0,0.0,,,589352
2023-03-04 09:00:00,00000001250,20230304090000,0.0,0.0,0.0,0.0,0.0,0.0,1.0,4,0.0,0.0,,,589352
2023-03-04 10:00:00,00000001250,20230304100000,0.0,0.0,0.0,0.0,0.0,0.0,1.0,4,0.0,0.0,,,589352
2023-03-04 11:00:00,00000001250,20230304110000,0.0,0.0,0.0,0.0,0.0,0.0,1.0,4,0.0,0.0,,,589352
2023-03-04 12:00:00,00000001250,20230304120000,0.0,0.0,0.0,0.0,0.0,0.0,1.0,4,0.0,0.0,,,589352
2023-03-04 13:00:00,00000001250,20230304130000,0.0,0.0,0.0,0.0,0.0,0.0,1.0,4,0.0,0.0,,,589352
2023-03-04 14:00:00,00000001250,20230304140000,0.0,0.0,0.0,0.0,0.0,0.0,1.0,4,0.0,0.0,,,589352
2023-03-04 15:00:00,00000001250,20230304150000,0.0,0.0,0.0,0.0,0.0,0.0,1.0,4,0.0,0.0,,,589352
2023-03-04 16:00:00,00000001250,20230304160000,0.0,0.0,0.0,0.0,0.0,0.0,1.0,4,0.0,0.0,,,589352
2023-03-04 17:00:00,00000001250,20230304170000,0.0,0.0,0.0,0.0,0.0,0.0,1.0,4,0.0,0.0,,,589352
2023-03-04 18:00:00,00000001250,20230304180000,0.0,0.0,0.0,0.0,0.0,0.0,1.0,4,0.0,0.0,,,589352
2023-03-04 19:00:00,00000001250,20230304190000,0.0,0.0,0.0,0.0,0.0,0.0,1.0,4,0.0,0.0,,,589352
2023-03-04 20:00:00,00000001250,20230304200000,0.0,0.0,0.0,0.0,0.0,0.0,1.0,4,0.0,0.0,,,589352
2023-03-04 21:00:00,00000001250,20230304210000,0.0,0.0,0.0,0.0,0.0,0.0,1.0,4,0.0,0.0,,,589352
2023-03-04 22:00:00,00000001250,20230304220000,0.0,0.0,0.0,0.0,0.0,0.0,1.0,4,0.0,0.0,,,589352
2023-03-04 23:00:00,00000001250,20230304230000,0.0,0.0,0.0,0.0,0.0,0.0,1.0,4,0.0,0.0,,,589352
2023-03-05 00:00:00,00000001250,20230305000000,0.0,0.0,0.0,0.0,0.0,0.0,1.0,4,0.0,0.0,,,589352
2023-03-05 01:00:00,00000001250,20230305010000,0.0,0.0,0.0,0.0,0.0,0.0,1.0,4,0.0,0.0,,,589352
2023-03-05 02:00:00,00000001250,20230305020000,0.0,0.0,0.0,0.0,0.0,0.0,1.0,4,0.0,0.0,,,589352
2023-03-05 03:00:00,00000001250,20230305030000,0.0,0.0,0.0,0.0,0.0,0.0,1.0,4,0.0,0.0,,,589352
2023-03-05 04:00:00,00000001250,20230305040000,0.0,0.0,0.0,0.0,0.0,0.0,1.0,4,0.0,0.0,,,589352
2023-03-05 05:00:00,00000001250,20230305050000,0.0,0.0,0.0,0.0,0.0,0.0,1.0,4,0.0,0.0,,,589352
2023-03-05 06:00:00,00000001250,20230305060000,0.0,0.0,0.0,0.0,0.0,0.0,1.0,4,0.0,0.0,,,589352
2023-03-05 07:00:00,00000001250,20230305070000,0.0,0.0,0.0,0.0,0.0,0.0,1.0,4,0.0,0.0,,,589352
2023-03-05 08:00:00,00000001250,20230305080000,0.0,0.0,0.0,0.0,0.0,0.0,1.0,4,0.0,0.0,,,589352
2023-03-05 09:00:00,00000001250,20230305090000,0.0,0.0,0.0,0.0,0.0,0.0,1.0,4,0.0,0.0,,,589352
2023-03-05 10:00:00,00000001250,20230305100000,0.0,0.0,0.0,0.0,0.0,0.0,1.0,4,0.0,0.0,,,589352
2023-03-05 11:00:00,00000001250,20230305110000,0.0,0.0,0.0,0.0,0.0,0.0,1.0,4,0.0,0.0,,,589352
2023-03-05 12:00:00,00000001250,20230305120000,0.0,0.0,0.0,0.0,0.0,0.0,1.0,4,0.0,0.0,,,589352
2023-03-05 13:00:00,00000001250,20230305130000,0.0,0.0,0.0,0.0,0.0,0.0,1.0,4,0.0,0.0,,,589352
2023-03-05 14:00:00,00000001250,20230305140000,0.0,0.0,0.0,0.0,0.0,0.0,1.0,4,0.0,0.0,,,589352
2023-03-05 15:00:00,00000001250,20230305150000,0.0,0.0,0.0,0.0,0.0,0.0,1.0,4,0.0,0.0,,,589352
2023-03-05 16:00:00,00000001250,20230305160000,0.0,0.0,0.0,0.0,0.0,0.0,1.0,4,0.0,0.0,,,589352
2023-03-05 17:00:00,00000001250,20230305170000,0.0,0.0,0.0,0.0,0.0,0.0,1.0,4,0.0,0.0,,,589352
2023-03-05 18:00:00,00000001250,20230305180000,0.0,0.0,0.0,0.0,0.0,0.0,1.0,4,0.0,0.0,,,589352
2023-03-05 19:00:00,00000001250,20230305190000,0.0,0.0,0.0,0.0,0.0,0.0,1.0,4,0.0,0.0,,,589352
2023-03-05 20:00:00,00000001250,20230305200000,0.0,0.0,0.0,0.0,0.0,0.0,1.0,4,0.0,0.0,,,589352
2023-03-05 21:00:00,00000001250,20230305210000,0.001,0.0,0.0,0.0,0.0,0.0,1.0,4,0.0,0.0,0.0,0.0,589352
2023-03-05 22:00:00,00000001250,20230305220000,0.0,0.0,0.0,0.0,0.0,0.0,1.0,4,0.0,0.0,,,589352
2023-03-05 23:00:00,00000001250,20230305230000,0.0,0.0,0.0,0.0,0.0,0.0,1.0,4,0.0,0.0,,,589352
2023-03-06 00:00:00,00000001250,20230306000000,0.0,0.0,0.0,0.0,0.0,0.0,1.0,4,0.0,0.0,,,589352
2023-03-06 01:00:00,00000001250,20230306010000,0.0,0.0,0.0,0.0,0.0,0.0,1.0,4,0.0,0.0,,,589352
2023-03-06 02:00:00,00000001250,20230306020000,0.0,0.0,0.0,0.0,0.0,0.0,1.0,4,0.0,0.0,,,589352
2023-03-06 03:00:00,00000001250,20230306030000,0.0,0.0,0.0,0.0,0.0,0.0,1.0,4,0.0,0.0,,,589352
2023-03-06 04:00:00,00000001250,20230306040000,0.0,0.0,0.0,0.0,0.0,0.0,1.0,4,0.0,0.0,,,589352
2023-03-06 05:00:00,00000001250,20230306050000,0.0,0.0,0.0,0.0,0.0,0.0,1.0,4,0.0,0.0,,,589352
2023-03-06 06:00:00,00000001250,20230306060000,0.0,0.0,0.0,0.0,0.0,0.0,1.0,4,0.0,0.0,,,589352
2023-03-06 07:00:00,00000001250,20230306070000,0.0,0.0,0.0,0.0,0.0,0.0,1.0,4,0.0,0.0,,,589352
2023-03-06 08:00:00,00000001250,20230306080000,0.0,0.0,0.0,0.0,0.0,0.0,1.0,4,0.0,0.0,,,589352
2023-03-06 09:00:00,00000001250,20230306090000,0.0,0.0,0.0,0.0,0.0,0.0,1.0,4,0.0,0.0,,,589352
2023-03-06 10:00:00,00000001250,20230306100000,0.0,0.0,0.0,0.0,0.0,0.0,1.0,4,0.0,0.0,,,589352
2023-03-06 11:00:00,00000001250,20230306110000,0.0,0.0,0.0,0.0,0.0,0.0,1.0,4,0.0,0.0,,,589352
2023-03-06 12:00:00,00000001250,20230306120000,0.0,0.0,0.0,0.0,0.0,0.0,1.0,4,0.0,0.0,,,589352
2023-03-06 13:00:00,00000001250,20230306130000,0.0,0.0,0.0,0.0,0.0,0.0,1.0,4,0.0,0.0,,,589352
2023-03-06 14:00:00,00000001250,20230306140000,0.0,0.0,0.0,0.0,0.0,0.0,1.0,4,0.0,0.0,,,589352
2023-03-06 15:00:00,00000001250,20230306150000,0.0,0.0,0.0,0.0,0.0,0.0,1.0,4,0.0,0.0,,,589352
2023-03-06 16:00:00,00000001250,20230306160000,0.0,0.0,0.0,0.0,0.0,0.0,1.0,4,0.0,0.0,,,589352
2023-03-06 17:00:00,00000001250,20230306170000,0.0,0.0,0.0,0.0,0.0,0.0,1.0,4,0.0,0.0,,,589352
2023-03-06 18:00:00,00000001250,20230306180000,0.0,0.0,0.0,0.0,0.0,0.0,1.0,4,0.0,0.0,,,589352
2023-03-06 19:00:00,00000001250,20230306190000,0.0,0.0,0.0,0.0,0.0,0.0,1.0,4,0.0,0.0,,,589352
2023-03-06 20:00:00,00000001250,20230306200000,0.0,0.0,0.0,0.0,0.0,0.0,1.0,4,0.0,0.0,,,589352
2023-03-06 21:00:00,00000001250,20230306210000,0.0,0.0,0.0,0.0,0.0,0.0,1.0,4,0.0,0.0,,,589352
2023-03-06 22:00:00,00000001250,20230306220000,0.0,0.0,0.0,0.0,0.0,0.0,1.0,4,0.0,0.0,,,589352
2023-03-06 23:00:00,00000001250,20230306230000,0.0,0.0,0.0,0.0,0.0,0.0,1.0,4,0.0,0.0,,,589352
2023-03-07 00:00:00,00000001250,20230307000000,0.0,0.0,0.0,0.0,0.0,0.0,1.0,4,0.0,0.0,,,589352
2023-03-07 01:00:00,00000001250,20230307010000,0.0,0.0,0.0,0.0,0.0,0.0,1.0,4,0.0,0.0,,,589352
2023-03-07 02:00:00,00000001250,20230307020000,0.0,0.0,0.0,0.0,0.0,0.0,1.0,4,0.0,0.0,,,589352
2023-03-07 03:00:00,00000001250,20230307030000,0.0,0.0,0.0,0.0,0.0,0.0,1.0,4,0.0,0.0,,,589352
2023-03-07 04:00:00,00000001250,20230307040000,0.0,0.0,0.0,0.0,0.0,0.0,1.0,4,0.0,0.0,,,589352
2023-03-07 05:00:00,00000001250,20230307050000,0.0,0.0,0.0,0.0,0.0,0.0,1.0,4,0.0,0.0,,,589352
2023-03-07 06:00:00,00000001250,20230307060000,0.0,0.0,0.0,0.0,0.0,0.0,1.0,4,0.0,0.0,,,589352
2023-03-07 07:00:00,00000001250,20230307070000,0.0,0.0,0.0,0.0,0.0,0.0,1.0,4,0.0,0.0,,,589352
2023-03-07 08:00:00,00000001250,20230307080000,0.0,0.0,0.0,0.0,0.0,0.0,1.0,4,0.0,0.0,,,589352
2023-03-07 09:00:00,00000001250,20230307090000,0.0,0.0,0.0,0.0,0.0,0.0,1.0,4,0.0,0.0,,,589352
2023-03-07 10:00:00,00000001250,20230307100000,0.0,0.0,0.0,0.0,0.0,0.0,1.0,4,0.0,0.0,,,589352
2023-03-07 11:00:00,00000001250,20230307110000,0.0,0.0,0.0,0.0,0.0,0.0,1.0,4,0.0,0.0,,,589352
2023-03-07 12:00:00,00000001250,20230307120000,0.0,0.0,0.0,0.0,0.0,0.0,1.0,4,0.0,0.0,,,589352
2023-03-07 13:00:00,00000001250,20230307130000,0.0,0.0,0.0,0.0,0.0,0.0,1.0,4,0.0,0.0,,,589352
2023-03-07 14:00:00,00000001250,20230307140000,0.0,0.0,0.0,0.0,0.0,0.0,1.0,4,0.0,0.0,,,589352
2023-03-07 15:00:00,00000001250,20230307150000,0.0,0.0,0.0,0.0,0.0,0.0,1.0,4,0.0,0.0,,,589352
2023-03-07 16:00:00,00000001250,20230307160000,0.0,0.0,0.0,0.0,0.0,0.0,1.0,4,0.0,0.0,,,589352
2023-03-07 17:00:00,00000001250,20230307170000,0.0,0.0,0.0,0.0,0.0,0.0,1.0,4,0.0,0.0,,,589352
2023-03-07 18:00:00,00000001250,20230307180000,0.0,0.0,0.0,0.0,0.0,0.0,1.0,4,0.0,0.0,,,589352
2023-03-07 19:00:00,00000001250,20230307190000,0.0,0.0,0.0,0.0,0.0,0.0,1.0,4,0.0,0.0,,,589352
2023-03-07 20:00:00,00000001250,20230307200000,0.0,0.0,0.0,0.0,0.0,0.0,1.0,4,0.0,0.0,,,589352
2023-03-07 21:00:00,00000001250,20230307210000,0.0,0.0,0.0,0.0,0.0,0.0,1.0,4,0.0,0.0,,,589352
2023-03-07 22:00:00,00000001250,20230307220000,0.0,0.0,0.0,0.0,0.0,0.0,1.0,4,0.0,0.0,,,589352
2023-03-07 23:00:00,00000001250,20230307230000,0.0,0.0,0.0,0.0,0.0,0.0,1.0,4,0.0,0.0,,,589352
2023-03-08 00:00:00,00000001250,20230308000000,0.0,0.0,0.0,0.0,0.0,0.0,1.0,4,0.0,0.0,,,589352
2023-03-08 01:00:00,00000001250,20230308010000,0.0,0.0,0.0,0.0,0.0,0.0,1.0,4,0.0,0.0,,,589352
2023-03-08 02:00:00,00000001250,20230308020000,0.0,0.0,0.0,0.0,0.0,0.0,1.0,4,0.0,0.0,,,589352
2023-03-08 03:00:00,00000001250,20230308030000,0.0,0.0,0.0,0.0,0.0,0.0,1.0,4,0.0,0.0,,,589352
2023-03-08 04:00:00,00000001250,20230308040000,0.0,0.0,0.0,0.0,0.0,0.0,1.0,4,0.0,0.0,,,589352
2023-03-08 05:00:00,00000001250,20230308050000,0.0,0.0,0.0,0.0,0.0,0.0,1.0,4,0.0,0.0,,,589352
2023-03-08 06:00:00,00000001250,20230308060000,0.0,0.0,0.0,0.0,0.0,0.0,1.0,4,0.0,0.0,,,589352
2023-03-08 07:00:00,00000001250,20230308070000,0.0,0.0,0.0,0.0,0.0,0.0,1.0,4,0.0,0.0,,,589352
2023-03-08 08:00:00,00000001250,20230308080000,0.0,0.0,0.0,0.0,0.0,0.0,1.0,4,0.0,0.0,,,589352
2023-03-08 09:00:00,00000001250,20230308090000,0.0,0.0,0.0,0.0,0.0,0.0,1.0,4,0.0,0.0,,,589352
2023-03-08 10:00:00,00000001250,20230308100000,0.0,0.0,0.0,0.0,0.0,0.0,1.0,4,0.0,0.0,,,589352
2023-03-08 11:00:00,00000001250,20230308110000,0.0,0.0,0.0,0.0,0.0,0.0,1.0,4,0.0,0.0,,,589352
2023-03-08 12:00:00,00000001250,20230308120000,0.0,0.0,0.0,0.0,0.0,0.0,1.0,4,0.0,0.0,,,589352
2023-03-08 13:00:00,00000001250,20230308130000,0.0,0.0,0.0,0.0,0.0,0.0,1.0,4,0.0,0.0,,,589352
2023-03-08 14:00:00,00000001250,20230308140000,0.0,0.0,0.0,0.0,0.0,0.0,1.0,4,0.0,0.0,,,589352
2023-03-08 15:00:00,00000001250,20230308150000,0.0,0.0,0.0,0.0,0.0,0.0,1.0,4,0.0,0.0,,,589352
2023-03-08 16:00:00,00000001250,20230308160000,0.0,0.0,0.0,0.0,0.0,0.0,1.0,4,0.0,0.0,,,589352
2023-03-08 17:00:00,00000001250,20230308170000,0.0,0.0,0.0,0.0,0.0,0.0,1.0,4,0.0,0.0,,,589352
2023-03-08 18:00:00,00000001250,20230308180000,0.0,0.0,0.0,0.0,0.0,0.0,1.0,4,0.0,0.0,,,589352
2023-03-08 19:00:00,00000001250,20230308190000,0.0,0.0,0.0,0.0,0.0,0.0,1.0,4,0.0,0.0,,,589352
2023-03-08 20:00:00,00000001250,20230308200000,0.0,0.0,0.0,0.0,0.0,0.0,1.0,4,0.0,0.0,,,589352
2023-03-08 21:00:00,00000001250,20230308210000,0.0,0.0,0.0,0.0,0.0,0.0,1.0,4,0.0,0.0,,,589352
2023-03-08 22:00:00,00000001250,20230308220000,0.0,0.0,0.0,0.0,0.0,0.0,1.0,4,0.0,0.0,,,589352
2023-03-08 23:00:00,00000001250,20230308230000,0.0,0.0,0.0,0.0,0.0,0.0,1.0,4,0.0,0.0,,,589352
2023-03-09 00:00:00,00000001250,20230309000000,0.0,0.0,0.0,0.0,0.0,0.0,1.0,4,0.0,0.0,,,589352
2023-03-09 01:00:00,00000001250,20230309010000,0.0,0.0,0.0,0.0,0.0,0.0,1.0,4,0.0,0.0,,,589352
2023-03-09 02:00:00,00000001250,20230309020000,0.0,0.0,0.0,0.0,0.0,0.0,1.0,4,0.0,0.0,,,589352
2023-03-09 03:00:00,00000001250,20230309030000,0.0,0.0,0.0,0.0,0.0,0.0,1.0,4,0.0,0.0,,,589352
2023-03-09 04:00:00,00000001250,20230309040000,0.0,0.0,0.0,0.0,0.0,0.0,1.0,4,0.0,0.0,,,589352
2023-03-09 05:00:00,00000001250,20230309050000,0.0,0.0,0.0,0.0,0.0,0.0,1.0,4,0.0,0.0,,,589352
2023-03-09 06:00:00,00000001250,20230309060000,0.0,0.0,0.0,0.0,0.0,0.0,1.0,4,0.0,0.0,,,589352
2023-03-09 07:00:00,00000001250,20230309070000,0.0,0.0,0.0,0.0,0.0,0.0,1.0,4,0.0,0.0,,,589352
2023-03-09 08:00:00,00000001250,20230309080000,0.0,0.0,0.0,0.0,0.0,0.0,1.0,4,0.0,0.0,,,589352
2023-03-09 09:00:00,00000001250,20230309090000,0.0,0.0,0.0,0.0,0.0,0.0,1.0,4,0.0,0.0,,,589352
2023-03-09 10:00:00,00000001250,20230309100000,0.0,0.0,0.0,0.0,0.0,0.0,1.0,4,0.0,0.0,,,589352
2023-03-09 11:00:00,00000001250,20230309110000,0.0,0.0,0.0,0.0,0.0,0.0,1.0,4,0.0,0.0,,,589352
2023-03-09 12:00:00,00000001250,20230309120000,0.0,0.0,0.0,0.0,0.0,0.0,1.0,4,0.0,0.0,,,589352
2023-03-09 13:00:00,00000001250,20230309130000,0.0,0.0,0.0,0.0,0.0,0.0,1.0,4,0.0,0.0,,,589352
2023-03-09 14:00:00,00000001250,20230309140000,0.0,0.0,0.0,0.0,0.0,0.0,1.0,4,0.0,0.0,,,589352
2023-03-09 15:00:00,00000001250,20230309150000,0.0,0.0,0.0,0.0,0.0,0.0,1.0,4,0.0,0.0,,,589352
2023-03-09 16:00:00,00000001250,20230309160000,0.0,0.0,0.0,0.0,0.0,0.0,1.0,4,0.0,0.0,,,589352
2023-03-09 17:00:00,00000001250,20230309170000,0.0,0.0,0.0,0.0,0.0,0.0,1.0,4,0.0,0.0,,,589352
2023-03-09 18:00:00,00000001250,20230309180000,0.0,0.0,0.0,0.0,0.0,0.0,1.0,4,0.0,0.0,,,589352
2023-03-09 19:00:00,00000001250,20230309190000,0.0,0.0,0.0,0.0,0.0,0.0,1.0,4,0.0,0.0,,,589352
2023-03-09 20:00:00,00000001250,20230309200000,0.0,0.0,0.0,0.0,0.0,0.0,1.0,4,0.0,0.0,,,589352
2023-03-09 21:00:00,00000001250,20230309210000,0.0,0.0,0.0,0.0,0.0,0.0,1.0,4,0.0,0.0,,,589352
2023-03-09 22:00:00,00000001250,20230309220000,0.0,0.0,0.0,0.0,0.0,0.0,1.0,4,0.0,0.0,,,589352
2023-03-09 23:00:00,00000001250,20230309230000,0.0,0.0,0.0,0.0,0.0,0.0,1.0,4,0.0,0.0,,,589352
2023-03-10 00:00:00,00000001250,20230310000000,0.0,0.0,0.0,0.0,0.0,0.0,1.0,4,0.0,0.0,,,589352
2023-03-10 01:00:00,00000001250,20230310010000,0.0,0.0,0.0,0.0,0.0,0.0,1.0,4,0.0,0.0,,,589352
2023-03-10 02:00:00,00000001250,20230310020000,0.0,0.0,0.0,0.0,0.0,0.0,1.0,4,0.0,0.0,,,589352
2023-03-10 03:00:00,00000001250,20230310030000,0.0,0.0,0.0,0.0,0.0,0.0,1.0,4,0.0,0.0,,,589352
2023-03-10 04:00:00,00000001250,20230310040000,0.0,0.0,0.0,0.0,0.0,0.0,1.0,4,0.0,0.0,,,589352
2023-03-10 05:00:00,00000001250,20230310050000,0.0,0.0,0.0,0.0,0.0,0.0,1.0,4,0.0,0.0,,,589352
2023-03-10 06:00:00,00000001250,20230310060000,0.0,0.0,0.0,0.0,0.0,0.0,1.0,4,0.0,0.0,,,589352
2023-03-10 07:00:00,00000001250,20230310070000,0.0,0.0,0.0,0.0,0.0,0.0,1.0,4,0.0,0.0,,,589352
2023-03-10 08:00:00,00000001250,20230310080000,0.0,0.0,0.0,0.0,0.0,0.0,1.0,4,0.0,0.0,,,589352
2023-03-10 09:00:00,00000001250,20230310090000,0.0,0.0,0.0,0.0,0.0,0.0,1.0,4,0.0,0.0,,,589352
2023-03-10 10:00:00,00000001250,20230310100000,0.0,0.0,0.0,0.0,0.0,0.0,1.0,4,0.0,0.0,,,589352
2023-03-10 11:00:00,00000001250,20230310110000,0.0,0.0,0.0,0.0,0.0,0.0,1.0,4,0.0,0.0,,,589352
2023-03-10 12:00:00,00000001250,20230310120000,0.0,0.0,0.0,0.0,0.0,0.0,1.0,4,0.0,0.0,,,589352
2023-03-10 13:00:00,00000001250,20230310130000,0.0,0.0,0.0,0.0,0.0,0.0,1.0,4,0.0,0.0,,,589352
2023-03-10 14:00:00,00000001250,20230310140000,0.0,0.0,0.0,0.0,0.0,0.0,1.0,4,0.0,0.0,,,589352
2023-03-10 15:00:00,00000001250,20230310150000,0.0,0.0,0.0,0.0,0.0,0.0,1.0,4,0.0,0.0,,,589352
2023-03-10 16:00:00,00000001250,20230310160000,0.0,0.0,0.0,0.0,0.0,0.0,1.0,4,0.0,0.0,,,589352
2023-03-10 17:00:00,00000001250,20230310170000,0.0,0.0,0.0,0.0,0.0,0.0,1.0,4,0.0,0.0,,,589352
2023-03-10 18:00:00,00000001250,20230310180000,0.0,0.0,0.0,0.0,0.0,0.0,1.0,4,0.0,0.0,,,589352
2023-03-10 19:00:00,00000001250,20230310190000,0.0,0.0,0.0,0.0,0.0,0.0,1.0,4,0.0,0.0,,,589352
2023-03-10 20:00:00,00000001250,20230310200000,0.0,0.0,0.0,0.0,0.0,0.0,1.0,4,0.0,0.0,,,589352
2023-03-10 21:00:00,00000001250,20230310210000,0.0,0.0,0.0,0.0,0.0,0.0,1.0,4,0.0,0.0,,,589352
2023-03-10 22:00:00,00000001250,20230310220000,0.0,0.0,0.0,0.0,0.0,0.0,1.0,4,0.0,0.0,,,589352
2023-03-10 23:00:00,00000001250,20230310230000,0.0,0.0,0.0,0.0,0.0,0.0,1.0,4,0.0,0.0,,,589352
2023-03-11 00:00:00,00000001250,20230311000000,0.0,0.0,0.0,0.0,0.0,0.0,1.0,4,0.0,0.0,,,589352
2023-03-11 01:00:00,00000001250,20230311010000,0.0,0.0,0.0,0.0,0.0,0.0,1.0,4,0.0,0.0,,,589352
2023-03-11 02:00:00,00000001250,20230311020000,0.0,0.0,0.0,0.0,0.0,0.0,1.0,4,0.0,0.0,,,589352
2023-03-11 03:00:00,00000001250,20230311030000,0.0,0.0,0.0,0.0,0.0,0.0,1.0,4,0.0,0.0,,,589352
2023-03-11 04:00:00,00000001250,20230311040000,0.0,0.0,0.0,0.0,0.0,0.0,1.0,4,0.0,0.0,,,589352
2023-03-11 05:00:00,00000001250,20230311050000,0.0,0.0,0.0,0.0,0.0,0.0,1.0,4,0.0,0.0,,,589352
2023-03-11 06:00:00,00000001250,20230311060000,0.0,0.0,0.0,0.0,0.0,0.0,1.0,4,0.0,0.0,,,589352
2023-03-11 07:00:00,00000001250,20230311070000,0.001,0.0,0.0,0.0,0.0,0.0,1.0,4,0.0,0.0,0.0,0.0,589352
2023-03-11 08:00:00,00000001250,20230311080000,0.0,0.0,0.0,0.0,0.0,0.0,1.0,4,0.0,0.0,,,589352
2023-03-11 09:00:00,00000001250,20230311090000,0.0,0.0,0.0,0.0,0.0,0.0,1.0,4,0.0,0.0,,,589352
2023-03-11 10:00:00,00000001250,20230311100000,0.0,0.0,0.0,0.0,0.0,0.0,1.0,4,0.0,0.0,,,589352
2023-03-11 11:00:00,00000001250,20230311110000,0.0,0.0,0.0,0.0,0.0,0.0,1.0,4,0.0,0.0,,,589352
2023-03-11 12:00:00,00000001250,20230311120000,0.0,0.0,0.0,0.0,0.0,0.0,1.0,4,0.0,0.0,,,589352
2023-03-11 13:00:00,00000001250,20230311130000,0.0,0.0,0.0,0.0,0.0,0.0,1.0,4,0.0,0.0,,,589352
2023-03-11 14:00:00,00000001250,20230311140000,0.0,0.0,0.0,0.0,0.0,0.0,1.0,4,0.0,0.0,,,589352
2023-03-11 15:00:00,00000001250,20230311150000,0.0,0.0,0.0,0.0,0.0,0.0,1.0,4,0.0,0.0,,,589352
2023-03-11 16:00:00,00000001250,20230311160000,0.0,0.0,0.0,0.0,0.0,0.0,1.0,4,0.0,0.0,,,589352
2023-03-11 17:00:00,00000001250,20230311170000,0.0,0.0,0.0,0.0,0.0,0.0,1.0,4,0.0,0.0,,,589352
2023-03-11 18:00:00,00000001250,20230311180000,0.0,0.0,0.0,0.0,0.0,0.0,1.0,4,0.0,0.0,,,589352
2023-03-11 19:00:00,00000001250,20230311190000,0.0,0.0,0.0,0.0,0.0,0.0,1.0,4,0.0,0.0,,,589352
2023-03-11 20:00:00,00000001250,20230311200000,0.0,0.0,0.0,0.0,0.0,0.0,1.0,4,0.0,0.0,,,589352
2023-03-11 21:00:00,00000001250,20230311210000,0.0,0.0,0.0,0.0,0.0,0.0,1.0,4,0.0,0.0,,,589352
2023-03-11 22:00:00,00000001250,20230311220000,0.0,0.0,0.0,0.0,0.0,0.0,1.0,4,0.0,0.0,,,589352
2023-03-11 23:00:00,00000001250,20230311230000,0.0,0.0,0.0,0.0,0.0,0.0,1.0,4,0.0,0.0,,,589352
2023-03-12 00:00:00,00000001250,20230312000000,0.0,0.0,0.0,0.0,0.0,0.0,1.0,4,0.0,0.0,,,589352
2023-03-12 01:00:00,00000001250,20230312010000,0.0,0.0,0.0,0.0,0.0,0.0,1.0,4,0.0,0.0,,,589352
2023-03-12 02:00:00,00000001250,20230312020000,0.0,0.0,0.0,0.0,0.0,0.0,1.0,4,0.0,0.0,,,589352
2023-03-12 03:00:00,00000001250,20230312030000,0.0,0.0,0.0,0.0,0.0,0.0,1.0,4,0.0,0.0,,,589352
2023-03-12 04:00:00,00000001250,20230312040000,0.0,0.0,0.0,0.0,0.0,0.0,1.0,4,0.0,0.0,,,589352
2023-03-12 05:00:00,00000001250,20230312050000,0.0,0.0,0.0,0.0,0.0,0.0,1.0,4,0.0,0.0,,,589352
2023-03-12 06:00:00,00000001250,20230312060000,0.0,0.0,0.0,0.0,0.0,0.0,1.0,4,0.0,0.0,,,589352
2023-03-12 07:00:00,00000001250,20230312070000,0.0,0.0,0.0,0.0,0.0,0.0,1.0,4,0.0,0.0,,,589352
2023-03-12 08:00:00,00000001250,20230312080000,0.0,0.0,0.0,0.0,0.0,0.0,1.0,4,0.0,0.0,,,589352
2023-03-12 09:00:00,00000001250,20230312090000,0.0,0.0,0.0,0.0,0.0,0.0,1.0,4,0.0,0.0,,,589352
2023-03-12 10:00:00,00000001250,20230312100000,0.0,0.0,0.0,0.0,0.0,0.0,1.0,4,0.0,0.0,,,589352
2023-03-12 11:00:00,00000001250,20230312110000,0.0,0.0,0.0,0.0,0.0,0.0,1.0,4,0.0,0.0,,,589352
2023-03-12 12:00:00,00000001250,20230312120000,0.0,0.0,0.0,0.0,0.0,0.0,1.0,4,0.0,0.0,,,589352
2023-03-12 13:00:00,00000001250,20230312130000,0.0,0.0,0.0,0.0,0.0,0.0,1.0,4,0.0,0.0,,,589352
2023-03-12 14:00:00,00000001250,20230312140000,0.0,0.0,0.0,0.0,0.0,0.0,1.0,4,0.0,0.0,,,589352
2023-03-12 15:00:00,00000001250,20230312150000,0.0,0.0,0.0,0.0,0.0,0.0,1.0,4,0.0,0.0,,,589352
2023-03-12 16:00:00,00000001250,20230312160000,0.0,0.0,0.0,0.0,0.0,0.0,1.0,4,0.0,0.0,,,589352
2023-03-12 17:00:00,00000001250,20230312170000,0.0,0.0,0.0,0.0,0.0,0.0,1.0,4,0.0,0.0,,,589352
2023-03-12 18:00:00,00000001250,20230312180000,0.0,0.0,0.0,0.0,0.0,0.0,1.0,4,0.0,0.0,,,589352
2023-03-12 19:00:00,00000001250,20230312190000,0.0,0.0,0.0,0.0,0.0,0.0,1.0,4,0.0,0.0,,,589352
2023-03-12 20:00:00,00000001250,20230312200000,0.0,0.0,0.0,0.0,0.0,0.0,1.0,4,0.0,0.0,,,589352
2023-03-12 21:00:00,00000001250,20230312210000,0.0,0.0,0.0,0.0,0.0,0.0,1.0,4,0.0,0.0,,,589352
2023-03-12 22:00:00,00000001250,20230312220000,0.0,0.0,0.0,0.0,0.0,0.0,1.0,4,0.0,0.0,,,589352
2023-03-12 23:00:00,00000001250,20230312230000,0.0,0.0,0.0,0.0,0.0,0.0,1.0,4,0.0,0.0,,,589352
2023-03-13 00:00:00,00000001250,20230313000000,0.0,0.0,0.0,0.0,0.0,0.0,1.0,4,0.0,0.0,,,589352
2023-03-13 01:00:00,00000001250,20230313010000,0.0,0.0,0.0,0.0,0.0,0.0,1.0,4,0.0,0.0,,,589352
2023-03-13 02:00:00,00000001250,20230313020000,0.0,0.0,0.0,0.0,0.0,0.0,1.0,4,0.0,0.0,,,589352
2023-03-13 03:00:00,00000001250,20230313030000,0.0,0.0,0.0,0.0,0.0,0.0,1.0,4,0.0,0.0,,,589352
2023-03-13 04:00:00,00000001250,20230313040000,0.0,0.0,0.0,0.0,0.0,0.0,1.0,4,0.0,0.0,,,589352
2023-03-13 05:00:00,00000001250,20230313050000,0.0,0.0,0.0,0.0,0.0,0.0,1.0,4,0.0,0.0,,,589352
2023-03-13 06:00:00,00000001250,20230313060000,0.0,0.0,0.0,0.0,0.0,0.0,1.0,4,0.0,0.0,,,589352
2023-03-13 07:00:00,00000001250,20230313070000,0.0,0.0,0.0,0.0,0.0,0.0,1.0,4,0.0,0.0,,,589352
2023-03-13 08:00:00,00000001250,20230313080000,0.0,0.0,0.0,0.0,0.0,0.0,1.0,4,0.0,0.0,,,589352
2023-03-13 09:00:00,00000001250,20230313090000,0.0,0.0,0.0,0.0,0.0,0.0,1.0,4,0.0,0.0,,,589352
2023-03-13 10:00:00,00000001250,20230313100000,0.0,0.0,0.0,0.0,0.0,0.0,1.0,4,0.0,0.0,,,589352
2023-03-13 11:00:00,00000001250,20230313110000,0.0,0.0,0.0,0.0,0.0,0.0,1.0,4,0.0,0.0,,,589352
2023-03-13 12:00:00,00000001250,20230313120000,0.0,0.0,0.0,0.0,0.0,0.0,1.0,4,0.0,0.0,,,589352
2023-03-13 13:00:00,00000001250,20230313130000,0.0,0.0,0.0,0.0,0.0,0.0,1.0,4,0.0,0.0,,,589352
2023-03-13 14:00:00,00000001250,20230313140000,0.0,0.0,0.0,0.0,0.0,0.0,1.0,4,0.0,0.0,,,589352
2023-03-13 15:00:00,00000001250,20230313150000,0.0,0.0,0.0,0.0,0.0,0.0,1.0,4,0.0,0.0,,,589352
2023-03-13 16:00:00,00000001250,20230313160000,0.0,0.0,0.0,0.0,0.0,0.0,1.0,4,0.0,0.0,,,589352
2023-03-13 17:00:00,00000001250,20230313170000,0.0,0.0,0.0,0.0,0.0,0.0,1.0,4,0.0,0.0,,,589352
2023-03-13 18:00:00,00000001250,20230313180000,0.0,0.0,0.0,0.0,0.0,0.0,1.0,4,0.0,0.0,,,589352
2023-03-13 19:00:00,00000001250,20230313190000,0.0,0.0,0.0,0.0,0.0,0.0,1.0,4,0.0,0.0,,,589352
2023-03-13 20:00:00,00000001250,20230313200000,0.0,0.0,0.0,0.0,0.0,0.0,1.0,4,0.0,0.0,,,589352
2023-03-13 21:00:00,00000001250,20230313210000,0.0,0.0,0.0,0.0,0.0,0.0,1.0,4,0.0,0.0,,,589352
2023-03-13 22:00:00,00000001250,20230313220000,0.0,0.0,0.0,0.0,0.0,0.0,1.0,4,0.0,0.0,,,589352
2023-03-13 23:00:00,00000001250,20230313230000,0.0,0.0,0.0,0.0,0.0,0.0,1.0,4,0.0,0.0,,,589352
2023-03-14 00:00:00,00000001250,20230314000000,0.0,0.0,0.0,0.0,0.0,0.0,1.0,4,0.0,0.0,,,589352
2023-03-14 01:00:00,00000001250,20230314010000,0.0,0.0,0.0,0.0,0.0,0.0,1.0,4,0.0,0.0,,,589352
2023-03-14 02:00:00,00000001250,20230314020000,0.0,0.0,0.0,0.0,0.0,0.0,1.0,4,0.0,0.0,,,589352
2023-03-14 03:00:00,00000001250,20230314030000,0.0,0.0,0.0,0.0,0.0,0.0,1.0,4,0.0,0.0,,,589352
2023-03-14 04:00:00,00000001250,20230314040000,0.0,0.0,0.0,0.0,0.0,0.0,1.0,4,0.0,0.0,,,589352
2023-03-14 05:00:00,00000001250,20230314050000,0.0,0.0,0.0,0.0,0.0,0.0,1.0,4,0.0,0.0,,,589352
2023-03-14 06:00:00,00000001250,20230314060000,0.0,0.0,0.0,0.0,0.0,0.0,1.0,4,0.0,0.0,,,589352
2023-03-14 07:00:00,00000001250,20230314070000,0.0,0.0,0.0,0.0,0.0,0.0,1.0,4,0.0,0.0,,,589352
2023-03-14 08:00:00,00000001250,20230314080000,0.0,0.0,0.0,0.0,0.0,0.0,1.0,4,0.0,0.0,,,589352
2023-03-14 09:00:00,00000001250,20230314090000,0.0,0.0,0.0,0.0,0.0,0.0,1.0,4,0.0,0.0,,,589352
2023-03-14 10:00:00,00000001250,20230314100000,0.0,0.0,0.0,0.0,0.0,0.0,1.0,4,0.0,0.0,,,589352
2023-03-14 11:00:00,00000001250,20230314110000,0.0,0.0,0.0,0.0,0.0,0.0,1.0,4,0.0,0.0,,,589352
2023-03-14 12:00:00,00000001250,20230314120000,0.0,0.0,0.0,0.0,0.0,0.0,1.0,4,0.0,0.0,,,589352
2023-03-14 13:00:00,00000001250,20230314130000,0.0,0.0,0.0,0.0,0.0,0.0,1.0,4,0.0,0.0,,,589352
2023-03-14 14:00:00,00000001250,20230314140000,0.0,0.0,0.0,0.0,0.0,0.0,1.0,4,0.0,0.0,,,589352
2023-03-14 15:00:00,00000001250,20230314150000,0.0,0.0,0.0,0.0,0.0,0.0,1.0,4,0.0,0.0,,,589352
2023-03-14 16:00:00,00000001250,20230314160000,0.0,0.0,0.0,0.0,0.0,0.0,1.0,4,0.0,0.0,,,589352
2023-03-14 17:00:00,00000001250,20230314170000,0.0,0.0,0.0,0.0,0.0,0.0,1.0,4,0.0,0.0,,,589352
2023-03-14 18:00:00,00000001250,20230314180000,0.0,0.0,0.0,0.0,0.0,0.0,1.0,4,0.0,0.0,,,589352
2023-03-14 19:00:00,00000001250,20230314190000,0.0,0.0,0.0,0.0,0.0,0.0,1.0,4,0.0,0.0,,,589352
2023-03-14 20:00:00,00000001250,20230314200000,0.0,0.0,0.0,0.0,0.0,0.0,1.0,4,0.0,0.0,,,589352
2023-03-14 21:00:00,00000001250,20230314210000,0.0,0.0,0.0,0.0,0.0,0.0,1.0,4,0.0,0.0,,,589352
2023-03-14 22:00:00,00000001250,20230314220000,0.0,0.0,0.0,0.0,0.0,0.0,1.0,4,0.0,0.0,,,589352
2023-03-14 23:00:00,00000001250,20230314230000,0.0,0.0,0.0,0.0,0.0,0.0,1.0,4,0.0,0.0,,,589352
2023-03-15 00:00:00,00000001250,20230315000000,0.0,0.0,0.0,0.0,0.0,0.0,1.0,4,0.0,0.0,,,589352
2023-03-15 01:00:00,00000001250,20230315010000,0.0,0.0,0.0,0.0,0.0,0.0,1.0,4,0.0,0.0,,,589352
2023-03-15 02:00:00,00000001250,20230315020000,0.0,0.0,0.0,0.0,0.0,0.0,1.0,4,0.0,0.0,,,589352
2023-03-15 03:00:00,00000001250,20230315030000,0.0,0.0,0.0,0.0,0.0,0.0,1.0,4,0.0,0.0,,,589352
2023-03-15 04:00:00,00000001250,20230315040000,0.0,0.0,0.0,0.0,0.0,0.0,1.0,4,0.0,0.0,,,589352
2023-03-15 05:00:00,00000001250,20230315050000,0.0,0.0,0.0,0.0,0.0,0.0,1.0,4,0.0,0.0,,,589352
2023-03-15 06:00:00,00000001250,20230315060000,0.0,0.0,0.0,0.0,0.0,0.0,1.0,4,0.0,0.0,,,589352
2023-03-15 07:00:00,00000001250,20230315070000,0.0,0.0,0.0,0.0,0.0,0.0,1.0,4,0.0,0.0,,,589352
2023-03-15 08:00:00,00000001250,20230315080000,0.0,0.0,0.0,0.0,0.0,0.0,1.0,4,0.0,0.0,,,589352
2023-03-15 09:00:00,00000001250,20230315090000,0.0,0.0,0.0,0.0,0.0,0.0,1.0,4,0.0,0.0,,,589352
2023-03-15 10:00:00,00000001250,20230315100000,0.0,0.0,0.0,0.0,0.0,0.0,1.0,4,0.0,0.0,,,589352
2023-03-15 11:00:00,00000001250,20230315110000,0.0,0.0,0.0,0.0,0.0,0.0,1.0,4,0.0,0.0,,,589352
2023-03-15 12:00:00,00000001250,20230315120000,0.0,0.0,0.0,0.0,0.0,0.0,1.0,4,0.0,0.0,,,589352
2023-03-15 13:00:00,00000001250,20230315130000,0.0,0.0,0.0,0.0,0.0,0.0,1.0,4,0.0,0.0,,,589352
2023-03-15 14:00:00,00000001250,20230315140000,0.0,0.0,0.0,0.0,0.0,0.0,1.0,4,0.0,0.0,,,589352
2023-03-15 15:00:00,00000001250,20230315150000,0.0,0.0,0.0,0.0,0.0,0.0,1.0,4,0.0,0.0,,,589352
2023-03-15 16:00:00,00000001250,20230315160000,0.0,0.0,0.0,0.0,0.0,0.0,1.0,4,0.0,0.0,,,589352
2023-03-15 17:00:00,00000001250,20230315170000,0.0,0.0,0.0,0.0,0.0,0.0,1.0,4,0.0,0.0,,,589352
2023-03-15 18:00:00,00000001250,20230315180000,0.0,0.0,0.0,0.0,0.0,0.0,1.0,4,0.0,0.0,,,589352
2023-03-15 19:00:00,00000001250,20230315190000,0.0,0.0,0.0,0.0,0.0,0.0,1.0,4,0.0,0.0,,,589352
2023-03-15 20:00:00,00000001250,20230315200000,0.0,0.0,0.0,0.0,0.0,0.0,1.0,4,0.0,0.0,,,589352
2023-03-15 21:00:00,00000001250,20230315210000,0.0,0.0,0.0,0.0,0.0,0.0,1.0,4,0.0,0.0,,,589352
2023-03-15 22:00:00,00000001250,20230315220000,0.0,0.0,0.0,0.0,0.0,0.0,1.0,4,0.0,0.0,,,589352
2023-03-15 23:00:00,00000001250,20230315230000,0.0,0.0,0.0,0.0,0.0,0.0,1.0,4,0.0,0.0,,,589352
2023-03-16 00:00:00,00000001250,20230316000000,0.0,0.0,0.0,0.0,0.0,0.0,1.0,4,0.0,0.0,,,589352
2023-03-16 01:00:00,00000001250,20230316010000,0.0,0.0,0.0,0.0,0.0,0.0,1.0,4,0.0,0.0,,,589352
2023-03-16 02:00:00,00000001250,20230316020000,0.0,0.0,0.0,0.0,0.0,0.0,1.0,4,0.0,0.0,,,589352
2023-03-16 03:00:00,00000001250,20230316030000,0.0,0.0,0.0,0.0,0.0,0.0,1.0,4,0.0,0.0,,,589352
2023-03-16 04:00:00,00000001250,20230316040000,0.0,0.0,0.0,0.0,0.0,0.0,1.0,4,0.0,0.0,,,589352
2023-03-16 05:00:00,00000001250,20230316050000,0.0,0.0,0.0,0.0,0.0,0.0,1.0,4,0.0,0.0,,,589352
2023-03-16 06:00:00,00000001250,20230316060000,0.0,0.0,0.0,0.0,0.0,0.0,1.0,4,0.0,0.0,,,589352
2023-03-16 07:00:00,00000001250,20230316070000,0.0,0.0,0.0,0.0,0.0,0.0,1.0,4,0.0,0.0,,,589352
2023-03-16 08:00:00,00000001250,20230316080000,0.0,0.0,0.0,0.0,0.0,0.0,1.0,4,0.0,0.0,,,589352
2023-03-16 09:00:00,00000001250,20230316090000,0.0,0.0,0.0,0.0,0.0,0.0,1.0,4,0.0,0.0,,,589352
2023-03-16 10:00:00,00000001250,20230316100000,0.0,0.0,0.0,0.0,0.0,0.0,1.0,4,0.0,0.0,,,589352
2023-03-16 11:00:00,00000001250,20230316110000,0.0,0.0,0.0,0.0,0.0,0.0,1.0,4,0.0,0.0,,,589352
2023-03-16 12:00:00,00000001250,20230316120000,0.0,0.0,0.0,0.0,0.0,0.0,1.0,4,0.0,0.0,,,589352
2023-03-16 13:00:00,00000001250,20230316130000,0.0,0.0,0.0,0.0,0.0,0.0,1.0,4,0.0,0.0,,,589352
2023-03-16 14:00:00,00000001250,20230316140000,0.0,0.0,0.0,0.0,0.0,0.0,1.0,4,0.0,0.0,,,589352
2023-03-16 15:00:00,00000001250,20230316150000,0.0,0.0,0.0,0.0,0.0,0.0,1.0,4,0.0,0.0,,,589352
2023-03-16 16:00:00,00000001250,20230316160000,0.0,0.0,0.0,0.0,0.0,0.0,1.0,4,0.0,0.0,,,589352
2023-03-16 17:00:00,00000001250,20230316170000,0.0,0.0,0.0,0.0,0.0,0.0,1.0,4,0.0,0.0,,,589352
2023-03-16 18:00:00,00000001250,20230316180000,0.0,0.0,0.0,0.0,0.0,0.0,1.0,4,0.0,0.0,,,589352
2023-03-16 19:00:00,00000001250,20230316190000,0.0,0.0,0.0,0.0,0.0,0.0,1.0,4,0.0,0.0,,,589352
2023-03-16 20:00:00,00000001250,20230316200000,0.0,0.0,0.0,0.0,0.0,0.0,1.0,4,0.0,0.0,,,589352
2023-03-16 21:00:00,00000001250,20230316210000,0.0,0.0,0.0,0.0,0.0,0.0,1.0,4,0.0,0.0,,,589352
2023-03-16 22:00:00,00000001250,20230316220000,0.0,0.0,0.0,0.0,0.0,0.0,1.0,4,0.0,0.0,,,589352
2023-03-16 23:00:00,00000001250,20230316230000,0.0,0.0,0.0,0.0,0.0,0.0,1.0,4,0.0,0.0,,,589352
2023-03-17 00:00:00,00000001250,20230317000000,0.0,0.0,0.0,0.0,0.0,0.0,1.0,4,0.0,0.0,,,589352
2023-03-17 01:00:00,00000001250,20230317010000,0.0,0.0,0.0,0.0,0.0,0.0,1.0,4,0.0,0.0,,,589352
2023-03-17 02:00:00,00000001250,20230317020000,0.0,0.0,0.0,0.0,0.0,0.0,1.0,4,0.0,0.0,,,589352
2023-03-17 03:00:00,00000001250,20230317030000,0.0,0.0,0.0,0.0,0.0,0.0,1.0,4,0.0,0.0,,,589352
2023-03-17 04:00:00,00000001250,20230317040000,0.0,0.0,0.0,0.0,0.0,0.0,1.0,4,0.0,0.0,,,589352
2023-03-17 05:00:00,00000001250,20230317050000,0.0,0.0,0.0,0.0,0.0,0.0,1.0,4,0.0,0.0,,,589352
2023-03-17 06:00:00,00000001250,20230317060000,0.0,0.0,0.0,0.0,0.0,0.0,1.0,4,0.0,0.0,,,589352
2023-03-17 07:00:00,00000001250,20230317070000,0.0,0.0,0.0,0.0,0.0,0.0,1.0,4,0.0,0.0,,,589352
2023-03-17 08:00:00,00000001250,20230317080000,0.0,0.0,0.0,0.0,0.0,0.0,1.0,4,0.0,0.0,,,589352
2023-03-17 09:00:00,00000001250,20230317090000,0.0,0.0,0.0,0.0,0.0,0.0,1.0,4,0.0,0.0,,,589352
2023-03-17 10:00:00,00000001250,20230317100000,0.0,0.0,0.0,0.0,0.0,0.0,1.0,4,0.0,0.0,,,589352
2023-03-17 11:00:00,00000001250,20230317110000,0.0,0.0,0.0,0.0,0.0,0.0,1.0,4,0.0,0.0,,,589352
2023-03-17 12:00:00,00000001250,20230317120000,0.0,0.0,0.0,0.0,0.0,0.0,1.0,4,0.0,0.0,,,589352
2023-03-17 13:00:00,00000001250,20230317130000,0.0,0.0,0.0,0.0,0.0,0.0,1.0,4,0.0,0.0,,,589352
2023-03-17 14:00:00,00000001250,20230317140000,0.0,0.0,0.0,0.0,0.0,0.0,1.0,4,0.0,0.0,,,589352
2023-03-17 15:00:00,00000001250,20230317150000,0.0,0.0,0.0,0.0,0.0,0.0,1.0,4,0.0,0.0,,,589352
2023-03-17 16:00:00,00000001250,20230317160000,0.0,0.0,0.0,0.0,0.0,0.0,1.0,4,0.0,0.0,,,589352
2023-03-17 17:00:00,00000001250,20230317170000,0.0,0.0,0.0,0.0,0.0,0.0,1.0,4,0.0,0.0,,,589352
2023-03-17 18:00:00,00000001250,20230317180000,0.0,0.0,0.0,0.0,0.0,0.0,1.0,4,0.0,0.0,,,589352
2023-03-17 19:00:00,00000001250,20230317190000,0.0,0.0,0.0,0.0,0.0,0.0,1.0,4,0.0,0.0,,,589352
2023-03-17 20:00:00,00000001250,20230317200000,0.0,0.0,0.0,0.0,0.0,0.0,1.0,4,0.0,0.0,,,589352
2023-03-17 21:00:00,00000001250,20230317210000,0.0,0.0,0.0,0.0,0.0,0.0,1.0,4,0.0,0.0,,,589352
2023-03-17 22:00:00,00000001250,20230317220000,0.0,0.0,0.0,0.0,0.0,0.0,1.0,4,0.0,0.0,,,589352
2023-03-17 23:00:00,00000001250,20230317230000,0.0,0.0,0.0,0.0,0.0,0.0,1.0,4,0.0,0.0,,,589352
2023-03-18 00:00:00,00000001250,20230318000000,0.0,0.0,0.0,0.0,0.0,0.0,1.0,4,0.0,0.0,,,589352
2023-03-18 01:00:00,00000001250,20230318010000,0.0,0.0,0.0,0.0,0.0,0.0,1.0,4,0.0,0.0,,,589352
2023-03-18 02:00:00,00000001250,20230318020000,0.0,0.0,0.0,0.0,0.0,0.0,1.0,4,0.0,0.0,,,589352
2023-03-18 03:00:00,00000001250,20230318030000,0.0,0.0,0.0,0.0,0.0,0.0,1.0,4,0.0,0.0,,,589352
2023-03-18 04:00:00,00000001250,20230318040000,0.0,0.0,0.0,0.0,0.0,0.0,1.0,4,0.0,0.0,,,589352
2023-03-18 05:00:00,00000001250,20230318050000,0.0,0.0,0.0,0.0,0.0,0.0,1.0,4,0.0,0.0,,,589352
2023-03-18 06:00:00,00000001250,20230318060000,0.0,0.0,0.0,0.0,0.0,0.0,1.0,4,0.0,0.0,,,589352
2023-03-18 07:00:00,00000001250,20230318070000,0.0,0.0,0.0,0.0,0.0,0.0,1.0,4,0.0,0.0,,,589352
2023-03-18 08:00:00,00000001250,20230318080000,0.0,0.0,0.0,0.0,0.0,0.0,1.0,4,0.0,0.0,,,589352
2023-03-18 09:00:00,00000001250,20230318090000,0.0,0.0,0.0,0.0,0.0,0.0,1.0,4,0.0,0.0,,,589352
2023-03-18 10:00:00,00000001250,20230318100000,0.0,0.0,0.0,0.0,0.0,0.0,1.0,4,0.0,0.0,,,589352
2023-03-18 11:00:00,00000001250,20230318110000,0.0,0.0,0.0,0.0,0.0,0.0,1.0,4,0.0,0.0,,,589352
2023-03-18 12:00:00,00000001250,20230318120000,0.0,0.0,0.0,0.0,0.0,0.0,1.0,4,0.0,0.0,,,589352
2023-03-18 13:00:00,00000001250,20230318130000,0.0,0.0,0.0,0.0,0.0,0.0,1.0,4,0.0,0.0,,,589352
2023-03-18 14:00:00,00000001250,20230318140000,0.0,0.0,0.0,0.0,0.0,0.0,1.0,4,0.0,0.0,,,589352
2023-03-18 15:00:00,00000001250,20230318150000,0.0,0.0,0.0,0.0,0.0,0.0,1.0,4,0.0,0.0,,,589352
2023-03-18 16:00:00,00000001250,20230318160000,0.0,0.0,0.0,0.0,0.0,0.0,1.0,4,0.0,0.0,,,589352
2023-03-18 17:00:00,00000001250,20230318170000,0.0,0.0,0.0,0.0,0.0,0.0,1.0,4,0.0,0.0,,,589352
2023-03-18 18:00:00,00000001250,20230318180000,0.0,0.0,0.0,0.0,0.0,0.0,1.0,4,0.0,0.0,,,589352
2023-03-18 19:00:00,00000001250,20230318190000,0.0,0.0,0.0,0.0,0.0,0.0,1.0,4,0.0,0.0,,,589352
2023-03-18 20:00:00,00000001250,20230318200000,0.0,0.0,0.0,0.0,0.0,0.0,1.0,4,0.0,0.0,,,589352
2023-03-18 21:00:00,00000001250,20230318210000,0.0,0.0,0.0,0.0,0.0,0.0,1.0,4,0.0,0.0,,,589352
2023-03-18 22:00:00,00000001250,20230318220000,0.0,0.0,0.0,0.0,0.0,0.0,1.0,4,0.0,0.0,,,589352
2023-03-18 23:00:00,00000001250,20230318230000,0.0,0.0,0.0,0.0,0.0,0.0,1.0,4,0.0,0.0,,,589352
2023-03-19 00:00:00,00000001250,20230319000000,0.0,0.0,0.0,0.0,0.0,0.0,1.0,4,0.0,0.0,,,589352
2023-03-19 01:00:00,00000001250,20230319010000,0.0,0.0,0.0,0.0,0.0,0.0,1.0,4,0.0,0.0,,,589352
2023-03-19 02:00:00,00000001250,20230319020000,0.0,0.0,0.0,0.0,0.0,0.0,1.0,4,0.0,0.0,,,589352
2023-03-19 03:00:00,00000001250,20230319030000,0.0,0.0,0.0,0.0,0.0,0.0,1.0,4,0.0,0.0,,,589352
2023-03-19 04:00:00,00000001250,20230319040000,0.0,0.0,0.0,0.0,0.0,0.0,1.0,4,0.0,0.0,,,589352
2023-03-19 05:00:00,00000001250,20230319050000,0.0,0.0,0.0,0.0,0.0,0.0,1.0,4,0.0,0.0,,,589352
2023-03-19 06:00:00,00000001250,20230319060000,0.0,0.0,0.0,0.0,0.0,0.0,1.0,4,0.0,0.0,,,589352
2023-03-19 07:00:00,00000001250,20230319070000,0.0,0.0,0.0,0.0,0.0,0.0,1.0,4,0.0,0.0,,,589352
2023-03-19 08:00:00,00000001250,20230319080000,0.0,0.0,0.0,0.0,0.0,0.0,1.0,4,0.0,0.0,,,589352
2023-03-19 09:00:00,00000001250,20230319090000,0.0,0.0,0.0,0.0,0.0,0.0,1.0,4,0.0,0.0,,,589352
2023-03-19 10:00:00,00000001250,20230319100000,0.0,0.0,0.0,0.0,0.0,0.0,1.0,4,0.0,0.0,,,589352
2023-03-19 11:00:00,00000001250,20230319110000,0.0,0.0,0.0,0.0,0.0,0.0,1.0,4,0.0,0.0,,,589352
2023-03-19 12:00:00,00000001250,20230319120000,0.0,0.0,0.0,0.0,0.0,0.0,1.0,4,0.0,0.0,,,589352
2023-03-19 13:00:00,00000001250,20230319130000,0.0,0.0,0.0,0.0,0.0,0.0,1.0,4,0.0,0.0,,,589352
2023-03-19 14:00:00,00000001250,20230319140000,0.0,0.0,0.0,0.0,0.0,0.0,1.0,4,0.0,0.0,,,589352
2023-03-19 15:00:00,00000001250,20230319150000,0.0,0.0,0.0,0.0,0.0,0.0,1.0,4,0.0,0.0,,,589352
2023-03-19 16:00:00,00000001250,20230319160000,0.0,0.0,0.0,0.0,0.0,0.0,1.0,4,0.0,0.0,,,589352
2023-03-19 17:00:00,00000001250,20230319170000,0.0,0.0,0.0,0.0,0.0,0.0,1.0,4,0.0,0.0,,,589352
2023-03-19 18:00:00,00000001250,20230319180000,0.0,0.0,0.0,0.0,0.0,0.0,1.0,4,0.0,0.0,,,589352
2023-03-19 19:00:00,00000001250,20230319190000,0.0,0.0,0.0,0.0,0.0,0.0,1.0,4,0.0,0.0,,,589352
2023-03-19 20:00:00,00000001250,20230319200000,0.0,0.0,0.0,0.0,0.0,0.0,1.0,4,0.0,0.0,,,589352
2023-03-19 21:00:00,00000001250,20230319210000,0.0,0.0,0.0,0.0,0.0,0.0,1.0,4,0.0,0.0,,,589352
2023-03-19 22:00:00,00000001250,20230319220000,0.0,0.0,0.0,0.0,0.0,0.0,1.0,4,0.0,0.0,,,589352
2023-03-19 23:00:00,00000001250,20230319230000,0.0,0.0,0.0,0.0,0.0,0.0,1.0,4,0.0,0.0,,,589352
2023-03-20 00:00:00,00000001250,20230320000000,0.0,0.0,0.0,0.0,0.0,0.0,1.0,4,0.0,0.0,,,589352
2023-03-20 01:00:00,00000001250,20230320010000,0.0,0.0,0.0,0.0,0.0,0.0,1.0,4,0.0,0.0,,,589352
2023-03-20 02:00:00,00000001250,20230320020000,0.0,0.0,0.0,0.0,0.0,0.0,1.0,4,0.0,0.0,,,589352
2023-03-20 03:00:00,00000001250,20230320030000,0.0,0.0,0.0,0.0,0.0,0.0,1.0,4,0.0,0.0,,,589352
2023-03-20 04:00:00,00000001250,20230320040000,0.0,0.0,0.0,0.0,0.0,0.0,1.0,4,0.0,0.0,,,589352
2023-03-20 05:00:00,00000001250,20230320050000,0.0,0.0,0.0,0.0,0.0,0.0,1.0,4,0.0,0.0,,,589352
2023-03-20 06:00:00,00000001250,20230320060000,0.0,0.0,0.0,0.0,0.0,0.0,1.0,4,0.0,0.0,,,589352
2023-03-20 07:00:00,00000001250,20230320070000,0.0,0.0,0.0,0.0,0.0,0.0,1.0,4,0.0,0.0,,,589352
2023-03-20 08:00:00,00000001250,20230320080000,0.0,0.0,0.0,0.0,0.0,0.0,1.0,4,0.0,0.0,,,589352
2023-03-20 09:00:00,00000001250,20230320090000,0.0,0.0,0.0,0.0,0.0,0.0,1.0,4,0.0,0.0,,,589352
2023-03-20 10:00:00,00000001250,20230320100000,0.0,0.0,0.0,0.0,0.0,0.0,1.0,4,0.0,0.0,,,589352
2023-03-20 11:00:00,00000001250,20230320110000,0.0,0.0,0.0,0.0,0.0,0.0,1.0,4,0.0,0.0,,,589352
2023-03-20 12:00:00,00000001250,20230320120000,0.0,0.0,0.0,0.0,0.0,0.0,1.0,4,0.0,0.0,,,589352
2023-03-20 13:00:00,00000001250,20230320130000,0.0,0.0,0.0,0.0,0.0,0.0,1.0,4,0.0,0.0,,,589352
2023-03-20 14:00:00,00000001250,20230320140000,0.0,0.0,0.0,0.0,0.0,0.0,1.0,4,0.0,0.0,,,589352
2023-03-20 15:00:00,00000001250,20230320150000,0.0,0.0,0.0,0.0,0.0,0.0,1.0,4,0.0,0.0,,,589352
2023-03-20 16:00:00,00000001250,20230320160000,0.0,0.0,0.0,0.0,0.0,0.0,1.0,4,0.0,0.0,,,589352
2023-03-20 17:00:00,00000001250,20230320170000,0.0,0.0,0.0,0.0,0.0,0.0,1.0,4,0.0,0.0,,,589352
2023-03-20 18:00:00,00000001250,20230320180000,0.0,0.0,0.0,0.0,0.0,0.0,1.0,4,0.0,0.0,,,589352
2023-03-20 19:00:00,00000001250,20230320190000,0.0,0.0,0.0,0.0,0.0,0.0,1.0,4,0.0,0.0,,,589352
2023-03-20 20:00:00,00000001250,20230320200000,0.0,0.0,0.0,0.0,0.0,0.0,1.0,4,0.0,0.0,,,589352
2023-03-20 21:00:00,00000001250,20230320210000,0.0,0.0,0.0,0.0,0.0,0.0,1.0,4,0.0,0.0,,,589352
2023-03-20 22:00:00,00000001250,20230320220000,0.0,0.0,0.0,0.0,0.0,0.0,1.0,4,0.0,0.0,,,589352
2023-03-20 23:00:00,00000001250,20230320230000,0.0,0.0,0.0,0.0,0.0,0.0,1.0,4,0.0,0.0,,,589352
2023-03-21 00:00:00,00000001250,20230321000000,0.0,0.0,0.0,0.0,0.0,0.0,1.0,4,0.0,0.0,,,589352
2023-03-21 01:00:00,00000001250,20230321010000,0.0,0.0,0.0,0.0,0.0,0.0,1.0,4,0.0,0.0,,,589352
2023-03-21 02:00:00,00000001250,20230321020000,0.0,0.0,0.0,0.0,0.0,0.0,1.0,4,0.0,0.0,,,589352
2023-03-21 03:00:00,00000001250,20230321030000,0.0,0.0,0.0,0.0,0.0,0.0,1.0,4,0.0,0.0,,,589352
2023-03-21 04:00:00,00000001250,20230321040000,0.0,0.0,0.0,0.0,0.0,0.0,1.0,4,0.0,0.0,,,589352
2023-03-21 05:00:00,00000001250,20230321050000,0.0,0.0,0.0,0.0,0.0,0.0,1.0,4,0.0,0.0,,,589352
2023-03-21 06:00:00,00000001250,20230321060000,0.0,0.0,0.0,0.0,0.0,0.0,1.0,4,0.0,0.0,,,589352
2023-03-21 07:00:00,00000001250,20230321070000,0.0,0.0,0.0,0.0,0.0,0.0,1.0,4,0.0,0.0,,,589352
2023-03-21 08:00:00,00000001250,20230321080000,0.0,0.0,0.0,0.0,0.0,0.0,1.0,4,0.0,0.0,,,589352
2023-03-21 09:00:00,00000001250,20230321090000,0.0,0.0,0.0,0.0,0.0,0.0,1.0,4,0.0,0.0,,,589352
2023-03-21 10:00:00,00000001250,20230321100000,0.0,0.0,0.0,0.0,0.0,0.0,1.0,4,0.0,0.0,,,589352
2023-03-21 11:00:00,00000001250,20230321110000,0.0,0.0,0.0,0.0,0.0,0.0,1.0,4,0.0,0.0,,,589352
2023-03-21 12:00:00,00000001250,20230321120000,0.0,0.0,0.0,0.0,0.0,0.0,1.0,4,0.0,0.0,,,589352
2023-03-21 13:00:00,00000001250,20230321130000,0.0,0.0,0.0,0.0,0.0,0.0,1.0,4,0.0,0.0,,,589352
2023-03-21 14:00:00,00000001250,20230321140000,0.0,0.0,0.0,0.0,0.0,0.0,1.0,4,0.0,0.0,,,589352
2023-03-21 15:00:00,00000001250,20230321150000,0.0,0.0,0.0,0.0,0.0,0.0,1.0,4,0.0,0.0,,,589352
2023-03-21 16:00:00,00000001250,20230321160000,0.0,0.0,0.0,0.0,0.0,0.0,1.0,4,0.0,0.0,,,589352
2023-03-21 17:00:00,00000001250,20230321170000,0.0,0.0,0.0,0.0,0.0,0.0,1.0,4,0.0,0.0,,,589352
2023-03-21 18:00:00,00000001250,20230321180000,0.0,0.0,0.0,0.0,0.0,0.0,1.0,4,0.0,0.0,,,589352
2023-03-21 19:00:00,00000001250,20230321190000,0.0,0.0,0.0,0.0,0.0,0.0,1.0,4,0.0,0.0,,,589352
2023-03-21 20:00:00,00000001250,20230321200000,0.0,0.0,0.0,0.0,0.0,0.0,1.0,4,0.0,0.0,,,589352
2023-03-21 21:00:00,00000001250,20230321210000,0.0,0.0,0.0,0.0,0.0,0.0,1.0,4,0.0,0.0,,,589352
2023-03-21 22:00:00,00000001250,20230321220000,0.0,0.0,0.0,0.0,0.0,0.0,1.0,4,0.0,0.0,,,589352
2023-03-21 23:00:00,00000001250,20230321230000,0.0,0.0,0.0,0.0,0.0,0.0,1.0,4,0.0,0.0,,,589352
2023-03-22 00:00:00,00000001250,20230322000000,0.0,0.0,0.0,0.0,0.0,0.0,1.0,4,0.0,0.0,,,589352
2023-03-22 01:00:00,00000001250,20230322010000,0.0,0.0,0.0,0.0,0.0,0.0,1.0,4,0.0,0.0,,,589352
2023-03-22 02:00:00,00000001250,20230322020000,0.0,0.0,0.0,0.0,0.0,0.0,1.0,4,0.0,0.0,,,589352
2023-03-22 03:00:00,00000001250,20230322030000,0.0,0.0,0.0,0.0,0.0,0.0,1.0,4,0.0,0.0,,,589352
2023-03-22 04:00:00,00000001250,20230322040000,0.0,0.0,0.0,0.0,0.0,0.0,1.0,4,0.0,0.0,,,589352
2023-03-22 05:00:00,00000001250,20230322050000,0.0,0.0,0.0,0.0,0.0,0.0,1.0,4,0.0,0.0,,,589352
2023-03-22 06:00:00,00000001250,20230322060000,0.0,0.0,0.0,0.0,0.0,0.0,1.0,4,0.0,0.0,,,589352
2023-03-22 07:00:00,00000001250,20230322070000,0.0,0.0,0.0,0.0,0.0,0.0,1.0,4,0.0,0.0,,,589352
2023-03-22 08:00:00,00000001250,20230322080000,0.0,0.0,0.0,0.0,0.0,0.0,1.0,4,0.0,0.0,,,589352
2023-03-22 09:00:00,00000001250,20230322090000,0.0,0.0,0.0,0.0,0.0,0.0,1.0,4,0.0,0.0,,,589352
2023-03-22 10:00:00,00000001250,20230322100000,0.0,0.0,0.0,0.0,0.0,0.0,1.0,4,0.0,0.0,,,589352
2023-03-22 11:00:00,00000001250,20230322110000,0.0,0.0,0.0,0.0,0.0,0.0,1.0,4,0.0,0.0,,,589352
2023-03-22 12:00:00,00000001250,20230322120000,0.0,0.0,0.0,0.0,0.0,0.0,1.0,4,0.0,0.0,,,589352
2023-03-22 13:00:00,00000001250,20230322130000,0.0,0.0,0.0,0.0,0.0,0.0,1.0,4,0.0,0.0,,,589352
2023-03-22 14:00:00,00000001250,20230322140000,0.0,0.0,0.0,0.0,0.0,0.0,1.0,4,0.0,0.0,,,589352
2023-03-22 15:00:00,00000001250,20230322150000,0.0,0.0,0.0,0.0,0.0,0.0,1.0,4,0.0,0.0,,,589352
2023-03-22 16:00:00,00000001250,20230322160000,0.0,0.0,0.0,0.0,0.0,0.0,1.0,4,0.0,0.0,,,589352
2023-03-22 17:00:00,00000001250,20230322170000,0.0,0.0,0.0,0.0,0.0,0.0,1.0,4,0.0,0.0,,,589352
2023-03-22 18:00:00,00000001250,20230322180000,0.0,0.0,0.0,0.0,0.0,0.0,1.0,4,0.0,0.0,,,589352
2023-03-22 19:00:00,00000001250,20230322190000,0.0,0.0,0.0,0.0,0.0,0.0,1.0,4,0.0,0.0,,,589352
2023-03-22 20:00:00,00000001250,20230322200000,0.0,0.0,0.0,0.0,0.0,0.0,1.0,4,0.0,0.0,,,589352
2023-03-22 21:00:00,00000001250,20230322210000,0.0,0.0,0.0,0.0,0.0,0.0,1.0,4,0.0,0.0,,,589352
2023-03-22 22:00:00,00000001250,20230322220000,0.0,0.0,0.0,0.0,0.0,0.0,1.0,4,0.0,0.0,,,589352
2023-03-22 23:00:00,00000001250,20230322230000,0.0,0.0,0.0,0.0,0.0,0.0,1.0,4,0.0,0.0,,,589352
2023-03-23 00:00:00,00000001250,20230323000000,0.0,0.0,0.0,0.0,0.0,0.0,1.0,4,0.0,0.0,,,589352
2023-03-23 01:00:00,00000001250,20230323010000,0.0,0.0,0.0,0.0,0.0,0.0,1.0,4,0.0,0.0,,,589352
2023-03-23 02:00:00,00000001250,20230323020000,0.0,0.0,0.0,0.0,0.0,0.0,1.0,4,0.0,0.0,,,589352
2023-03-23 03:00:00,00000001250,20230323030000,0.0,0.0,0.0,0.0,0.0,0.0,1.0,4,0.0,0.0,,,589352
2023-03-23 04:00:00,00000001250,20230323040000,0.0,0.0,0.0,0.0,0.0,0.0,1.0,4,0.0,0.0,,,589352
2023-03-23 05:00:00,00000001250,20230323050000,0.0,0.0,0.0,0.0,0.0,0.0,1.0,4,0.0,0.0,,,589352
2023-03-23 06:00:00,00000001250,20230323060000,0.0,0.0,0.0,0.0,0.0,0.0,1.0,4,0.0,0.0,,,589352
2023-03-23 07:00:00,00000001250,20230323070000,0.0,0.0,0.0,0.0,0.0,0.0,1.0,4,0.0,0.0,,,589352
2023-03-23 08:00:00,00000001250,20230323080000,0.0,0.0,0.0,0.0,0.0,0.0,1.0,4,0.0,0.0,,,589352
2023-03-23 09:00:00,00000001250,20230323090000,0.0,0.0,0.0,0.0,0.0,0.0,1.0,4,0.0,0.0,,,589352
2023-03-23 10:00:00,00000001250,20230323100000,0.0,0.0,0.0,0.0,0.0,0.0,1.0,4,0.0,0.0,,,589352
2023-03-23 11:00:00,00000001250,20230323110000,0.0,0.0,0.0,0.0,0.0,0.0,1.0,4,0.0,0.0,,,589352
2023-03-23 12:00:00,00000001250,20230323120000,0.0,0.0,0.0,0.0,0.0,0.0,1.0,4,0.0,0.0,,,589352
2023-03-23 13:00:00,00000001250,20230323130000,0.0,0.0,0.0,0.0,0.0,0.0,1.0,4,0.0,0.0,,,589352
2023-03-23 14:00:00,00000001250,20230323140000,0.0,0.0,0.0,0.0,0.0,0.0,1.0,4,0.0,0.0,,,589352
2023-03-23 15:00:00,00000001250,20230323150000,0.0,0.0,0.0,0.0,0.0,0.0,1.0,4,0.0,0.0,,,589352
2023-03-23 16:00:00,00000001250,20230323160000,0.0,0.0,0.0,0.0,0.0,0.0,1.0,4,0.0,0.0,,,589352
2023-03-23 17:00:00,00000001250,20230323170000,0.0,0.0,0.0,0.0,0.0,0.0,1.0,4,0.0,0.0,,,589352
2023-03-23 18:00:00,00000001250,20230323180000,0.0,0.0,0.0,0.0,0.0,0.0,1.0,4,0.0,0.0,,,589352
2023-03-23 19:00:00,00000001250,20230323190000,0.0,0.0,0.0,0.0,0.0,0.0,1.0,4,0.0,0.0,,,589352
2023-03-23 20:00:00,00000001250,20230323200000,0.0,0.0,0.0,0.0,0.0,0.0,1.0,4,0.0,0.0,,,589352
2023-03-23 21:00:00,00000001250,20230323210000,0.0,0.0,0.0,0.0,0.0,0.0,1.0,4,0.0,0.0,,,589352
2023-03-23 22:00:00,00000001250,20230323220000,0.0,0.0,0.0,0.0,0.0,0.0,1.0,4,0.0,0.0,,,589352
2023-03-23 23:00:00,00000001250,20230323230000,0.0,0.0,0.0,0.0,0.0,0.0,1.0,4,0.0,0.0,,,589352
2023-03-24 00:00:00,00000001250,20230324000000,0.0,0.0,0.0,0.0,0.0,0.0,1.0,4,0.0,0.0,,,589352
2023-03-24 01:00:00,00000001250,20230324010000,0.0,0.0,0.0,0.0,0.0,0.0,1.0,4,0.0,0.0,,,589352
2023-03-24 02:00:00,00000001250,20230324020000,0.0,0.0,0.0,0.0,0.0,0.0,1.0,4,0.0,0.0,,,589352
2023-03-24 03:00:00,00000001250,20230324030000,0.0,0.0,0.0,0.0,0.0,0.0,1.0,4,0.0,0.0,,,589352
2023-03-24 04:00:00,00000001250,20230324040000,0.0,0.0,0.0,0.0,0.0,0.0,1.0,4,0.0,0.0,,,589352
2023-03-24 05:00:00,00000001250,20230324050000,0.0,0.0,0.0,0.0,0.0,0.0,1.0,4,0.0,0.0,,,589352
2023-03-24 06:00:00,00000001250,20230324060000,0.0,0.0,0.0,0.0,0.0,0.0,1.0,4,0.0,0.0,,,589352
2023-03-24 07:00:00,00000001250,20230324070000,0.0,0.0,0.0,0.0,0.0,0.0,1.0,4,0.0,0.0,,,589352
2023-03-24 08:00:00,00000001250,20230324080000,0.0,0.0,0.0,0.0,0.0,0.0,1.0,4,0.0,0.0,,,589352
2023-03-24 09:00:00,00000001250,20230324090000,0.0,0.0,0.0,0.0,0.0,0.0,1.0,4,0.0,0.0,,,589352
2023-03-24 10:00:00,00000001250,20230324100000,0.0,0.0,0.0,0.0,0.0,0.0,1.0,4,0.0,0.0,,,589352
2023-03-24 11:00:00,00000001250,20230324110000,0.0,0.0,0.0,0.0,0.0,0.0,1.0,4,0.0,0.0,,,589352
2023-03-24 12:00:00,00000001250,20230324120000,0.0,0.0,0.0,0.0,0.0,0.0,1.0,4,0.0,0.0,,,589352
2023-03-24 13:00:00,00000001250,20230324130000,0.0,0.0,0.0,0.0,0.0,0.0,1.0,4,0.0,0.0,,,589352
2023-03-24 14:00:00,00000001250,20230324140000,0.0,0.0,0.0,0.0,0.0,0.0,1.0,4,0.0,0.0,,,589352
2023-03-24 15:00:00,00000001250,20230324150000,0.0,0.0,0.0,0.0,0.0,0.0,1.0,4,0.0,0.0,,,589352
2023-03-24 16:00:00,00000001250,20230324160000,0.0,0.0,0.0,0.0,0.0,0.0,1.0,4,0.0,0.0,,,589352
2023-03-24 17:00:00,00000001250,20230324170000,0.0,0.0,0.0,0.0,0.0,0.0,1.0,4,0.0,0.0,,,589352
2023-03-24 18:00:00,00000001250,20230324180000,0.0,0.0,0.0,0.0,0.0,0.0,1.0,4,0.0,0.0,,,589352
2023-03-24 19:00:00,00000001250,20230324190000,0.0,0.0,0.0,0.0,0.0,0.0,1.0,4,0.0,0.0,,,589352
2023-03-24 20:00:00,00000001250,20230324200000,0.0,0.0,0.0,0.0,0.0,0.0,1.0,4,0.0,0.0,,,589352
2023-03-24 21:00:00,00000001250,20230324210000,0.0,0.0,0.0,0.0,0.0,0.0,1.0,4,0.0,0.0,,,589352
2023-03-24 22:00:00,00000001250,20230324220000,0.0,0.0,0.0,0.0,0.0,0.0,1.0,4,0.0,0.0,,,589352
2023-03-24 23:00:00,00000001250,20230324230000,0.0,0.0,0.0,0.0,0.0,0.0,1.0,4,0.0,0.0,,,589352
2023-03-25 00:00:00,00000001250,20230325000000,0.0,0.0,0.0,0.0,0.0,0.0,1.0,4,0.0,0.0,,,589352
2023-03-25 01:00:00,00000001250,20230325010000,0.0,0.0,0.0,0.0,0.0,0.0,1.0,4,0.0,0.0,,,589352
2023-03-25 02:00:00,00000001250,20230325020000,0.0,0.0,0.0,0.0,0.0,0.0,1.0,4,0.0,0.0,,,589352
2023-03-25 03:00:00,00000001250,20230325030000,0.0,0.0,0.0,0.0,0.0,0.0,1.0,4,0.0,0.0,,,589352
2023-03-25 04:00:00,00000001250,20230325040000,0.0,0.0,0.0,0.0,0.0,0.0,1.0,4,0.0,0.0,,,589352
2023-03-25 05:00:00,00000001250,20230325050000,0.0,0.0,0.0,0.0,0.0,0.0,1.0,4,0.0,0.0,,,589352
2023-03-25 06:00:00,00000001250,20230325060000,0.0,0.0,0.0,0.0,0.0,0.0,1.0,4,0.0,0.0,,,589352
2023-03-25 07:00:00,00000001250,20230325070000,0.0,0.0,0.0,0.0,0.0,0.0,1.0,4,0.0,0.0,,,589352
2023-03-25 08:00:00,00000001250,20230325080000,0.0,0.0,0.0,0.0,0.0,0.0,1.0,4,0.0,0.0,,,589352
2023-03-25 09:00:00,00000001250,20230325090000,0.0,0.0,0.0,0.0,0.0,0.0,1.0,4,0.0,0.0,,,589352
2023-03-25 10:00:00,00000001250,20230325100000,0.0,0.0,0.0,0.0,0.0,0.0,1.0,4,0.0,0.0,,,589352
2023-03-25 11:00:00,00000001250,20230325110000,0.0,0.0,0.0,0.0,0.0,0.0,1.0,4,0.0,0.0,,,589352
2023-03-25 12:00:00,00000001250,20230325120000,0.0,0.0,0.0,0.0,0.0,0.0,1.0,4,0.0,0.0,,,589352
2023-03-25 13:00:00,00000001250,20230325130000,0.0,0.0,0.0,0.0,0.0,0.0,1.0,4,0.0,0.0,,,589352
2023-03-25 14:00:00,00000001250,20230325140000,0.0,0.0,0.0,0.0,0.0,0.0,1.0,4,0.0,0.0,,,589352
2023-03-25 15:00:00,00000001250,20230325150000,0.0,0.0,0.0,0.0,0.0,0.0,1.0,4,0.0,0.0,,,589352
2023-03-25 16:00:00,00000001250,20230325160000,0.0,0.0,0.0,0.0,0.0,0.0,1.0,4,0.0,0.0,,,589352
2023-03-25 17:00:00,00000001250,20230325170000,0.0,0.0,0.0,0.0,0.0,0.0,1.0,4,0.0,0.0,,,589352
2023-03-25 18:00:00,00000001250,20230325180000,0.0,0.0,0.0,0.0,0.0,0.0,1.0,4,0.0,0.0,,,589352
2023-03-25 19:00:00,00000001250,20230325190000,0.0,0.0,0.0,0.0,0.0,0.0,1.0,4,0.0,0.0,,,589352
2023-03-25 20:00:00,00000001250,20230325200000,0.0,0.0,0.0,0.0,0.0,0.0,1.0,4,0.0,0.0,,,589352
2023-03-25 21:00:00,00000001250,20230325210000,0.0,0.0,0.0,0.0,0.0,0.0,1.0,4,0.0,0.0,,,589352
2023-03-25 22:00:00,00000001250,20230325220000,0.0,0.0,0.0,0.0,0.0,0.0,1.0,4,0.0,0.0,,,589352
2023-03-25 23:00:00,00000001250,20230325230000,0.0,0.0,0.0,0.0,0.0,0.0,1.0,4,0.0,0.0,,,589352
2023-03-26 00:00:00,00000001250,20230326000000,0.0,0.0,0.0,0.0,0.0,0.0,1.0,4,0.0,0.0,,,589352
2023-03-26 01:00:00,00000001250,20230326010000,0.0,0.0,0.0,0.0,0.0,0.0,1.0,4,0.0,0.0,,,589352
2023-03-26 02:00:00,00000001250,20230326020000,0.0,0.0,0.0,0.0,0.0,0.0,1.0,4,0.0,0.0,,,589352
2023-03-26 03:00:00,00000001250,20230326030000,0.0,0.0,0.0,0.0,0.0,0.0,1.0,3,0.0,0.0,,,589352
2023-03-26 04:00:00,00000001250,20230326040000,0.0,0.0,0.0,0.0,0.0,0.0,1.0,3,0.0,0.0,,,589352
2023-03-26 05:00:00,00000001250,20230326050000,0.0,0.0,0.0,0.0,0.0,0.0,1.0,4,0.0,0.0,,,589352
2023-03-26 06:00:00,00000001250,20230326060000,0.0,0.0,0.0,0.0,0.0,0.0,1.0,4,0.0,0.0,,,589352
2023-03-26 07:00:00,00000001250,20230326070000,0.0,0.0,0.0,0.0,0.0,0.0,1.0,4,0.0,0.0,,,589352
2023-03-26 08:00:00,00000001250,20230326080000,0.0,0.0,0.0,0.0,0.0,0.0,1.0,4,0.0,0.0,,,589352
2023-03-26 09:00:00,00000001250,20230326090000,0.0,0.0,0.0,0.0,0.0,0.0,1.0,4,0.0,0.0,,,589352
2023-03-26 10:00:00,00000001250,20230326100000,0.0,0.0,0.0,0.0,0.0,0.0,1.0,4,0.0,0.0,,,589352
2023-03-26 11:00:00,00000001250,20230326110000,0.0,0.0,0.0,0.0,0.0,0.0,1.0,4,0.0,0.0,,,589352
2023-03-26 12:00:00,00000001250,20230326120000,0.0,0.0,0.0,0.0,0.0,0.0,1.0,4,0.0,0.0,,,589352
2023-03-26 13:00:00,00000001250,20230326130000,0.0,0.0,0.0,0.0,0.0,0.0,1.0,4,0.0,0.0,,,589352
2023-03-26 14:00:00,00000001250,20230326140000,0.0,0.0,0.0,0.0,0.0,0.0,1.0,4,0.0,0.0,,,589352
2023-03-26 15:00:00,00000001250,20230326150000,0.0,0.0,0.0,0.0,0.0,0.0,1.0,4,0.0,0.0,,,589352
2023-03-26 16:00:00,00000001250,20230326160000,0.0,0.0,0.0,0.0,0.0,0.0,1.0,4,0.0,0.0,,,589352
2023-03-26 17:00:00,00000001250,20230326170000,0.0,0.0,0.0,0.0,0.0,0.0,1.0,4,0.0,0.0,,,589352
2023-03-26 18:00:00,00000001250,20230326180000,0.0,0.0,0.0,0.0,0.0,0.0,1.0,4,0.0,0.0,,,589352
2023-03-26 19:00:00,00000001250,20230326190000,0.0,0.0,0.0,0.0,0.0,0.0,1.0,4,0.0,0.0,,,589352
2023-03-26 20:00:00,00000001250,20230326200000,0.0,0.0,0.0,0.0,0.0,0.0,1.0,4,0.0,0.0,,,589352
2023-03-26 21:00:00,00000001250,20230326210000,0.0,0.0,0.0,0.0,0.0,0.0,1.0,4,0.0,0.0,,,589352
2023-03-26 22:00:00,00000001250,20230326220000,0.0,0.0,0.0,0.0,0.0,0.0,1.0,4,0.0,0.0,,,589352
2023-03-26 23:00:00,00000001250,20230326230000,0.0,0.0,0.0,0.0,0.0,0.0,1.0,4,0.0,0.0,,,589352
2023-03-27 00:00:00,00000001250,20230327000000,0.0,0.0,0.0,0.0,0.0,0.0,1.0,4,0.0,0.0,,,589352
2023-03-27 01:00:00,00000001250,20230327010000,0.0,0.0,0.0,0.0,0.0,0.0,1.0,4,0.0,0.0,,,589352
2023-03-27 02:00:00,00000001250,20230327020000,0.0,0.0,0.0,0.0,0.0,0.0,1.0,4,0.0,0.0,,,589352
2023-03-27 03:00:00,00000001250,20230327030000,0.0,0.0,0.0,0.0,0.0,0.0,1.0,4,0.0,0.0,,,589352
2023-03-27 04:00:00,00000001250,20230327040000,0.0,0.0,0.0,0.0,0.0,0.0,1.0,4,0.0,0.0,,,589352
2023-03-27 05:00:00,00000001250,20230327050000,0.0,0.0,0.0,0.0,0.0,0.0,1.0,4,0.0,0.0,,,589352
2023-03-27 06:00:00,00000001250,20230327060000,0.0,0.0,0.0,0.0,0.0,0.0,1.0,4,0.0,0.0,,,589352
2023-03-27 07:00:00,00000001250,20230327070000,0.0,0.0,0.0,0.0,0.0,0.0,1.0,4,0.0,0.0,,,589352
2023-03-27 08:00:00,00000001250,20230327080000,0.0,0.0,0.0,0.0,0.0,0.0,1.0,4,0.0,0.0,,,589352
2023-03-27 09:00:00,00000001250,20230327090000,0.0,0.0,0.0,0.0,0.0,0.0,1.0,4,0.0,0.0,,,589352
2023-03-27 10:00:00,00000001250,20230327100000,0.0,0.0,0.0,0.0,0.0,0.0,1.0,4,0.0,0.0,,,589352
2023-03-27 11:00:00,00000001250,20230327110000,0.0,0.0,0.0,0.0,0.0,0.0,1.0,4,0.0,0.0,,,589352
2023-03-27 12:00:00,00000001250,20230327120000,0.0,0.0,0.0,0.0,0.0,0.0,1.0,4,0.0,0.0,,,589352
2023-03-27 13:00:00,00000001250,20230327130000,0.0,0.0,0.0,0.0,0.0,0.0,1.0,4,0.0,0.0,,,589352
2023-03-27 14:00:00,00000001250,20230327140000,0.0,0.0,0.0,0.0,0.0,0.0,1.0,4,0.0,0.0,,,589352
2023-03-27 15:00:00,00000001250,20230327150000,0.0,0.0,0.0,0.0,0.0,0.0,1.0,4,0.0,0.0,,,589352
2023-03-27 16:00:00,00000001250,20230327160000,0.0,0.0,0.0,0.0,0.0,0.0,1.0,4,0.0,0.0,,,589352
2023-03-27 17:00:00,00000001250,20230327170000,0.0,0.0,0.0,0.0,0.0,0.0,1.0,4,0.0,0.0,,,589352
2023-03-27 18:00:00,00000001250,20230327180000,0.0,0.0,0.0,0.0,0.0,0.0,1.0,4,0.0,0.0,,,589352
2023-03-27 19:00:00,00000001250,20230327190000,0.0,0.0,0.0,0.0,0.0,0.0,1.0,4,0.0,0.0,,,589352
2023-03-27 20:00:00,00000001250,20230327200000,0.0,0.0,0.0,0.0,0.0,0.0,1.0,4,0.0,0.0,,,589352
2023-03-27 21:00:00,00000001250,20230327210000,0.0,0.0,0.0,0.0,0.0,0.0,1.0,4,0.0,0.0,,,589352
2023-03-27 22:00:00,00000001250,20230327220000,0.0,0.0,0.0,0.0,0.0,0.0,1.0,4,0.0,0.0,,,589352
2023-03-27 23:00:00,00000001250,20230327230000,0.0,0.0,0.0,0.0,0.0,0.0,1.0,4,0.0,0.0,,,589352
2023-03-28 00:00:00,00000001250,20230328000000,0.0,0.0,0.0,0.0,0.0,0.0,1.0,4,0.0,0.0,,,589352
2023-03-28 01:00:00,00000001250,20230328010000,0.0,0.0,0.0,0.0,0.0,0.0,1.0,4,0.0,0.0,,,589352
2023-03-28 02:00:00,00000001250,20230328020000,0.0,0.0,0.0,0.0,0.0,0.0,1.0,4,0.0,0.0,,,589352
2023-03-28 03:00:00,00000001250,20230328030000,0.0,0.0,0.0,0.0,0.0,0.0,1.0,4,0.0,0.0,,,589352
2023-03-28 04:00:00,00000001250,20230328040000,0.0,0.0,0.0,0.0,0.0,0.0,1.0,4,0.0,0.0,,,589352
2023-03-28 05:00:00,00000001250,20230328050000,0.0,0.0,0.0,0.0,0.0,0.0,1.0,4,0.0,0.0,,,589352
2023-03-28 06:00:00,00000001250,20230328060000,0.0,0.0,0.0,0.0,0.0,0.0,1.0,4,0.0,0.0,,,589352
2023-03-28 07:00:00,00000001250,20230328070000,0.0,0.0,0.0,0.0,0.0,0.0,1.0,4,0.0,0.0,,,589352
2023-03-28 08:00:00,00000001250,20230328080000,0.0,0.0,0.0,0.0,0.0,0.0,1.0,4,0.0,0.0,,,589352
2023-03-28 09:00:00,00000001250,20230328090000,0.0,0.0,0.0,0.0,0.0,0.0,1.0,4,0.0,0.0,,,589352
2023-03-28 10:00:00,00000001250,20230328100000,0.0,0.0,0.0,0.0,0.0,0.0,1.0,4,0.0,0.0,,,589352
2023-03-28 11:00:00,00000001250,20230328110000,0.0,0.0,0.0,0.0,0.0,0.0,1.0,4,0.0,0.0,,,589352
2023-03-28 12:00:00,00000001250,20230328120000,0.0,0.0,0.0,0.0,0.0,0.0,1.0,4,0.0,0.0,,,589352
2023-03-28 13:00:00,00000001250,20230328130000,0.0,0.0,0.0,0.0,0.0,0.0,1.0,4,0.0,0.0,,,589352
2023-03-28 14:00:00,00000001250,20230328140000,0.0,0.0,0.0,0.0,0.0,0.0,1.0,4,0.0,0.0,,,589352
2023-03-28 15:00:00,00000001250,20230328150000,0.0,0.0,0.0,0.0,0.0,0.0,1.0,4,0.0,0.0,,,589352
2023-03-28 16:00:00,00000001250,20230328160000,0.0,0.0,0.0,0.0,0.0,0.0,1.0,4,0.0,0.0,,,589352
2023-03-28 17:00:00,00000001250,20230328170000,0.0,0.0,0.0,0.0,0.0,0.0,1.0,4,0.0,0.0,,,589352
2023-03-28 18:00:00,00000001250,20230328180000,0.0,0.0,0.0,0.0,0.0,0.0,1.0,4,0.0,0.0,,,589352
2023-03-28 19:00:00,00000001250,20230328190000,0.0,0.0,0.0,0.0,0.0,0.0,1.0,4,0.0,0.0,,,589352
2023-03-28 20:00:00,00000001250,20230328200000,0.0,0.0,0.0,0.0,0.0,0.0,1.0,4,0.0,0.0,,,589352
2023-03-28 21:00:00,00000001250,20230328210000,0.0,0.0,0.0,0.0,0.0,0.0,1.0,4,0.0,0.0,,,589352
2023-03-28 22:00:00,00000001250,20230328220000,0.0,0.0,0.0,0.0,0.0,0.0,1.0,4,0.0,0.0,,,589352
2023-03-28 23:00:00,00000001250,20230328230000,0.0,0.0,0.0,0.0,0.0,0.0,1.0,4,0.0,0.0,,,589352
2023-03-29 00:00:00,00000001250,20230329000000,0.0,0.0,0.0,0.0,0.0,0.0,1.0,4,0.0,0.0,,,589352
2023-03-29 01:00:00,00000001250,20230329010000,0.0,0.0,0.0,0.0,0.0,0.0,1.0,4,0.0,0.0,,,589352
2023-03-29 02:00:00,00000001250,20230329020000,0.0,0.0,0.0,0.0,0.0,0.0,1.0,4,0.0,0.0,,,589352
2023-03-29 03:00:00,00000001250,20230329030000,0.0,0.0,0.0,0.0,0.0,0.0,1.0,4,0.0,0.0,,,589352
2023-03-29 04:00:00,00000001250,20230329040000,0.0,0.0,0.0,0.0,0.0,0.0,1.0,4,0.0,0.0,,,589352
2023-03-29 05:00:00,00000001250,20230329050000,0.0,0.0,0.0,0.0,0.0,0.0,1.0,4,0.0,0.0,,,589352
2023-03-29 06:00:00,00000001250,20230329060000,0.0,0.0,0.0,0.0,0.0,0.0,1.0,4,0.0,0.0,,,589352
2023-03-29 07:00:00,00000001250,20230329070000,0.0,0.0,0.0,0.0,0.0,0.0,1.0,4,0.0,0.0,,,589352
2023-03-29 08:00:00,00000001250,20230329080000,0.0,0.0,0.0,0.0,0.0,0.0,1.0,4,0.0,0.0,,,589352
2023-03-29 09:00:00,00000001250,20230329090000,0.0,0.0,0.0,0.0,0.0,0.0,1.0,4,0.0,0.0,,,589352
2023-03-29 10:00:00,00000001250,20230329100000,0.0,0.0,0.0,0.0,0.0,0.0,1.0,4,0.0,0.0,,,589352
2023-03-29 11:00:00,00000001250,20230329110000,0.0,0.0,0.0,0.0,0.0,0.0,1.0,4,0.0,0.0,,,589352
2023-03-29 12:00:00,00000001250,20230329120000,0.0,0.0,0.0,0.0,0.0,0.0,1.0,4,0.0,0.0,,,589352
2023-03-29 13:00:00,00000001250,20230329130000,0.0,0.0,0.0,0.0,0.0,0.0,1.0,4,0.0,0.0,,,589352
2023-03-29 14:00:00,00000001250,20230329140000,0.0,0.0,0.0,0.0,0.0,0.0,1.0,4,0.0,0.0,,,589352
2023-03-29 15:00:00,00000001250,20230329150000,0.0,0.0,0.0,0.0,0.0,0.0,1.0,4,0.0,0.0,,,589352
2023-03-29 16:00:00,00000001250,20230329160000,0.0,0.0,0.0,0.0,0.0,0.0,1.0,4,0.0,0.0,,,589352
2023-03-29 17:00:00,00000001250,20230329170000,0.0,0.0,0.0,0.0,0.0,0.0,1.0,4,0.0,0.0,,,589352
2023-03-29 18:00:00,00000001250,20230329180000,0.0,0.0,0.0,0.0,0.0,0.0,1.0,4,0.0,0.0,,,589352
2023-03-29 19:00:00,00000001250,20230329190000,0.0,0.0,0.0,0.0,0.0,0.0,1.0,4,0.0,0.0,,,589352
2023-03-29 20:00:00,00000001250,20230329200000,0.0,0.0,0.0,0.0,0.0,0.0,1.0,4,0.0,0.0,,,589352
2023-03-29 21:00:00,00000001250,20230329210000,0.0,0.0,0.0,0.0,0.0,0.0,1.0,4,0.0,0.0,,,589352
2023-03-29 22:00:00,00000001250,20230329220000,0.0,0.0,0.0,0.0,0.0,0.0,1.0,4,0.0,0.0,,,589352
2023-03-29 23:00:00,00000001250,20230329230000,0.0,0.0,0.0,0.0,0.0,0.0,1.0,4,0.0,0.0,,,589352
2023-03-30 00:00:00,00000001250,20230330000000,0.0,0.0,0.0,0.0,0.0,0.0,1.0,4,0.0,0.0,,,589352
2023-03-30 01:00:00,00000001250,20230330010000,0.0,0.0,0.0,0.0,0.0,0.0,1.0,4,0.0,0.0,,,589352
2023-03-30 02:00:00,00000001250,20230330020000,0.0,0.0,0.0,0.0,0.0,0.0,1.0,4,0.0,0.0,,,589352
2023-03-30 03:00:00,00000001250,20230330030000,0.0,0.0,0.0,0.0,0.0,0.0,1.0,4,0.0,0.0,,,589352
2023-03-30 04:00:00,00000001250,20230330040000,0.0,0.0,0.0,0.0,0.0,0.0,1.0,4,0.0,0.0,,,589352
2023-03-30 05:00:00,00000001250,20230330050000,0.0,0.0,0.0,0.0,0.0,0.0,1.0,4,0.0,0.0,,,589352
2023-03-30 06:00:00,00000001250,20230330060000,0.0,0.0,0.0,0.0,0.0,0.0,1.0,4,0.0,0.0,,,589352
2023-03-30 07:00:00,00000001250,20230330070000,0.0,0.0,0.0,0.0,0.0,0.0,1.0,4,0.0,0.0,,,589352
2023-03-30 08:00:00,00000001250,20230330080000,0.0,0.0,0.0,0.0,0.0,0.0,1.0,4,0.0,0.0,,,589352
2023-03-30 09:00:00,00000001250,20230330090000,0.0,0.0,0.0,0.0,0.0,0.0,1.0,4,0.0,0.0,,,589352
2023-03-30 10:00:00,00000001250,20230330100000,0.0,0.0,0.0,0.0,0.0,0.0,1.0,4,0.0,0.0,,,589352
2023-03-30 11:00:00,00000001250,20230330110000,0.0,0.0,0.0,0.0,0.0,0.0,1.0,4,0.0,0.0,,,589352
2023-03-30 12:00:00,00000001250,20230330120000,0.0,0.0,0.0,0.0,0.0,0.0,1.0,4,0.0,0.0,,,589352
2023-03-30 13:00:00,00000001250,20230330130000,0.0,0.0,0.0,0.0,0.0,0.0,1.0,4,0.0,0.0,,,589352
2023-03-30 14:00:00,00000001250,20230330140000,0.0,0.0,0.0,0.0,0.0,0.0,1.0,4,0.0,0.0,,,589352
2023-03-30 15:00:00,00000001250,20230330150000,0.0,0.0,0.0,0.0,0.0,0.0,1.0,4,0.0,0.0,,,589352
2023-03-30 16:00:00,00000001250,20230330160000,0.0,0.0,0.0,0.0,0.0,0.0,1.0,4,0.0,0.0,,,589352
2023-03-30 17:00:00,00000001250,20230330170000,0.0,0.0,0.0,0.0,0.0,0.0,1.0,4,0.0,0.0,,,589352
2023-03-30 18:00:00,00000001250,20230330180000,0.0,0.0,0.0,0.0,0.0,0.0,1.0,4,0.0,0.0,,,589352
2023-03-30 19:00:00,00000001250,20230330190000,0.0,0.0,0.0,0.0,0.0,0.0,1.0,4,0.0,0.0,,,589352
2023-03-30 20:00:00,00000001250,20230330200000,0.0,0.0,0.0,0.0,0.0,0.0,1.0,4,0.0,0.0,,,589352
2023-03-30 21:00:00,00000001250,20230330210000,0.0,0.0,0.0,0.0,0.0,0.0,1.0,4,0.0,0.0,,,589352
2023-03-30 22:00:00,00000001250,20230330220000,0.0,0.0,0.0,0.0,0.0,0.0,1.0,4,0.0,0.0,,,589352
2023-03-30 23:00:00,00000001250,20230330230000,0.0,0.0,0.0,0.0,0.0,0.0,1.0,4,0.0,0.0,,,589352
2023-03-31 00:00:00,00000001250,20230331000000,0.0,0.0,0.0,0.0,0.0,0.0,1.0,4,0.0,0.0,,,589352
2023-03-31 01:00:00,00000001250,20230331010000,0.0,0.0,0.0,0.0,0.0,0.0,1.0,4,0.0,0.0,,,589352
2023-03-31 02:00:00,00000001250,20230331020000,0.0,0.0,0.0,0.0,0.0,0.0,1.0,4,0.0,0.0,,,589352
2023-03-31 03:00:00,00000001250,20230331030000,0.0,0.0,0.0,0.0,0.0,0.0,1.0,4,0.0,0.0,,,589352
2023-03-31 04:00:00,00000001250,20230331040000,0.0,0.0,0.0,0.0,0.0,0.0,1.0,4,0.0,0.0,,,589352
2023-03-31 05:00:00,00000001250,20230331050000,0.0,0.0,0.0,0.0,0.0,0.0,1.0,4,0.0,0.0,,,589352
2023-03-31 06:00:00,00000001250,20230331060000,0.0,0.0,0.0,0.0,0.0,0.0,1.0,4,0.0,0.0,,,589352
2023-03-31 07:00:00,00000001250,20230331070000,0.0,0.0,0.0,0.0,0.0,0.0,1.0,4,0.0,0.0,,,589352
2023-03-31 08:00:00,00000001250,20230331080000,0.0,0.0,0.0,0.0,0.0,0.0,1.0,4,0.0,0.0,,,589352
2023-03-31 09:00:00,00000001250,20230331090000,0.0,0.0,0.0,0.0,0.0,0.0,1.0,4,0.0,0.0,,,589352
2023-03-31 10:00:00,00000001250,20230331100000,0.0,0.0,0.0,0.0,0.0,0.0,1.0,4,0.0,0.0,,,589352
2023-03-31 11:00:00,00000001250,20230331110000,0.0,0.0,0.0,0.0,0.0,0.0,1.0,4,0.0,0.0,,,589352
2023-03-31 12:00:00,00000001250,20230331120000,0.0,0.0,0.0,0.0,0.0,0.0,1.0,4,0.0,0.0,,,589352
2023-03-31 13:00:00,00000001250,20230331130000,0.0,0.0,0.0,0.0,0.0,0.0,1.0,4,0.0,0.0,,,589352
2023-03-31 14:00:00,00000001250,20230331140000,0.0,0.0,0.0,0.0,0.0,0.0,1.0,4,0.0,0.0,,,589352
2023-03-31 15:00:00,00000001250,20230331150000,0.0,0.0,0.0,0.0,0.0,0.0,1.0,4,0.0,0.0,,,589352
2023-03-31 16:00:00,00000001250,20230331160000,0.0,0.0,0.0,0.0,0.0,0.0,1.0,4,0.0,0.0,,,589352
2023-03-31 17:00:00,00000001250,20230331170000,0.0,0.0,0.0,0.0,0.0,0.0,1.0,4,0.0,0.0,,,589352
2023-03-31 18:00:00,00000001250,20230331180000,0.0,0.0,0.0,0.0,0.0,0.0,1.0,4,0.0,0.0,,,589352
2023-03-31 19:00:00,00000001250,20230331190000,0.0,0.0,0.0,0.0,0.0,0.0,1.0,4,0.0,0.0,,,589352
2023-03-31 20:00:00,00000001250,20230331200000,0.0,0.0,0.0,0.0,0.0,0.0,1.0,4,0.0,0.0,,,589352
2023-03-31 21:00:00,00000001250,20230331210000,0.0,0.0,0.0,0.0,0.0,0.0,1.0,4,0.0,0.0,,,589352
2023-03-31 22:00:00,00000001250,20230331220000,0.0,0.0,0.0,0.0,0.0,0.0,1.0,4,0.0,0.0,,,589352
2023-03-31 23:00:00,00000001250,20230331230000,0.0,0.0,0.0,0.0,0.0,0.0,1.0,4,0.0,0.0,,,589352
2023-04-01 00:00:00,00000001250,20230401000000,0.0,0.0,0.0,0.0,0.0,0.0,1.0,4,0.0,0.0,,,589352
2023-04-01 01:00:00,00000001250,20230401010000,0.0,0.0,0.0,0.0,0.0,0.0,1.0,4,0.0,0.0,,,589352
2023-04-01 02:00:00,00000001250,20230401020000,0.0,0.0,0.0,0.0,0.0,0.0,1.0,4,0.0,0.0,,,589352
2023-04-01 03:00:00,00000001250,20230401030000,0.0,0.0,0.0,0.0,0.0,0.0,1.0,4,0.0,0.0,,,589352
2023-04-01 04:00:00,00000001250,20230401040000,0.0,0.0,0.0,0.0,0.0,0.0,1.0,4,0.0,0.0,,,589352
2023-04-01 05:00:00,00000001250,20230401050000,0.0,0.0,0.0,0.0,0.0,0.0,1.0,4,0.0,0.0,,,589352
2023-04-01 06:00:00,00000001250,20230401060000,0.0,0.0,0.0,0.0,0.0,0.0,1.0,4,0.0,0.0,,,589352
2023-04-01 07:00:00,00000001250,20230401070000,0.0,0.0,0.0,0.0,0.0,0.0,1.0,4,0.0,0.0,,,589352
2023-04-01 08:00:00,00000001250,20230401080000,0.0,0.0,0.0,0.0,0.0,0.0,1.0,4,0.0,0.0,,,589352
2023-04-01 09:00:00,00000001250,20230401090000,0.0,0.0,0.0,0.0,0.0,0.0,1.0,4,0.0,0.0,,,589352
2023-04-01 10:00:00,00000001250,20230401100000,0.0,0.0,0.0,0.0,0.0,0.0,1.0,4,0.0,0.0,,,589352
2023-04-01 11:00:00,00000001250,20230401110000,0.0,0.0,0.0,0.0,0.0,0.0,1.0,4,0.0,0.0,,,589352
2023-04-01 12:00:00,00000001250,20230401120000,0.0,0.0,0.0,0.0,0.0,0.0,1.0,4,0.0,0.0,,,589352
2023-04-01 13:00:00,00000001250,20230401130000,0.0,0.0,0.0,0.0,0.0,0.0,1.0,4,0.0,0.0,,,589352
2023-04-01 14:00:00,00000001250,20230401140000,0.0,0.0,0.0,0.0,0.0,0.0,1.0,4,0.0,0.0,,,589352
2023-04-01 15:00:00,00000001250,20230401150000,0.0,0.0,0.0,0.0,0.0,0.0,1.0,4,0.0,0.0,,,589352
2023-04-01 16:00:00,00000001250,20230401160000,0.0,0.0,0.0,0.0,0.0,0.0,1.0,4,0.0,0.0,,,589352
2023-04-01 17:00:00,00000001250,20230401170000,0.0,0.0,0.0,0.0,0.0,0.0,1.0,4,0.0,0.0,,,589352
2023-04-01 18:00:00,00000001250,20230401180000,0.0,0.0,0.0,0.0,0.0,0.0,1.0,4,0.0,0.0,,,589352
2023-04-01 19:00:00,00000001250,20230401190000,0.0,0.0,0.0,0.0,0.0,0.0,1.0,4,0.0,0.0,,,589352
2023-04-01 20:00:00,00000001250,20230401200000,0.0,0.0,0.0,0.0,0.0,0.0,1.0,4,0.0,0.0,,,589352
2023-04-01 21:00:00,00000001250,20230401210000,0.0,0.0,0.0,0.0,0.0,0.0,1.0,4,0.0,0.0,,,589352
2023-04-01 22:00:00,00000001250,20230401220000,0.0,0.0,0.0,0.0,0.0,0.0,1.0,4,0.0,0.0,,,589352
2023-04-01 23:00:00,00000001250,20230401230000,0.0,0.0,0.0,0.0,0.0,0.0,1.0,4,0.0,0.0,,,589352
2023-04-02 00:00:00,00000001250,20230402000000,0.0,0.0,0.0,0.0,0.0,0.0,1.0,4,0.0,0.0,,,589352
2023-04-02 01:00:00,00000001250,20230402010000,0.0,0.0,0.0,0.0,0.0,0.0,1.0,4,0.0,0.0,,,589352
2023-04-02 02:00:00,00000001250,20230402020000,0.0,0.0,0.0,0.0,0.0,0.0,1.0,4,0.0,0.0,,,589352
2023-04-02 03:00:00,00000001250,20230402030000,0.0,0.0,0.0,0.0,0.0,0.0,1.0,4,0.0,0.0,,,589352
2023-04-02 04:00:00,00000001250,20230402040000,0.0,0.0,0.0,0.0,0.0,0.0,1.0,4,0.0,0.0,,,589352
2023-04-02 05:00:00,00000001250,20230402050000,0.0,0.0,0.0,0.0,0.0,0.0,1.0,4,0.0,0.0,,,589352
2023-04-02 06:00:00,00000001250,20230402060000,0.0,0.0,0.0,0.0,0.0,0.0,1.0,4,0.0,0.0,,,589352
2023-04-02 07:00:00,00000001250,20230402070000,0.0,0.0,0.0,0.0,0.0,0.0,1.0,4,0.0,0.0,,,589352
2023-04-02 08:00:00,00000001250,20230402080000,0.0,0.0,0.0,0.0,0.0,0.0,1.0,4,0.0,0.0,,,589352
2023-04-02 09:00:00,00000001250,20230402090000,0.0,0.0,0.0,0.0,0.0,0.0,1.0,4,0.0,0.0,,,589352
2023-04-02 10:00:00,00000001250,20230402100000,0.0,0.0,0.0,0.0,0.0,0.0,1.0,4,0.0,0.0,,,589352
2023-04-02 11:00:00,00000001250,20230402110000,0.0,0.0,0.0,0.0,0.0,0.0,1.0,4,0.0,0.0,,,589352
2023-04-02 12:00:00,00000001250,20230402120000,0.0,0.0,0.0,0.0,0.0,0.0,1.0,4,0.0,0.0,,,589352
2023-04-02 13:00:00,00000001250,20230402130000,0.0,0.0,0.0,0.0,0.0,0.0,1.0,4,0.0,0.0,,,589352
2023-04-02 14:00:00,00000001250,20230402140000,0.0,0.0,0.0,0.0,0.0,0.0,1.0,4,0.0,0.0,,,589352
2023-04-02 15:00:00,00000001250,20230402150000,0.0,0.0,0.0,0.0,0.0,0.0,1.0,4,0.0,0.0,,,589352
2023-04-02 16:00:00,00000001250,20230402160000,0.0,0.0,0.0,0.0,0.0,0.0,1.0,4,0.0,0.0,,,589352
2023-04-02 17:00:00,00000001250,20230402170000,0.0,0.0,0.0,0.0,0.0,0.0,1.0,4,0.0,0.0,,,589352
2023-04-02 18:00:00,00000001250,20230402180000,0.0,0.0,0.0,0.0,0.0,0.0,1.0,4,0.0,0.0,,,589352
2023-04-02 19:00:00,00000001250,20230402190000,0.0,0.0,0.0,0.0,0.0,0.0,1.0,4,0.0,0.0,,,589352
2023-04-02 20:00:00,00000001250,20230402200000,0.0,0.0,0.0,0.0,0.0,0.0,1.0,4,0.0,0.0,,,589352
2023-04-02 21:00:00,00000001250,20230402210000,0.0,0.0,0.0,0.0,0.0,0.0,1.0,4,0.0,0.0,,,589352
2023-04-02 22:00:00,00000001250,20230402220000,0.0,0.0,0.0,0.0,0.0,0.0,1.0,4,0.0,0.0,,,589352
2023-04-02 23:00:00,00000001250,20230402230000,0.0,0.0,0.0,0.0,0.0,0.0,1.0,4,0.0,0.0,,,589352
2023-04-03 00:00:00,00000001250,20230403000000,0.0,0.0,0.0,0.0,0.0,0.0,1.0,4,0.0,0.0,,,589352
2023-04-03 01:00:00,00000001250,20230403010000,0.0,0.0,0.0,0.0,0.0,0.0,1.0,4,0.0,0.0,,,589352
2023-04-03 02:00:00,00000001250,20230403020000,0.0,0.0,0.0,0.0,0.0,0.0,1.0,4,0.0,0.0,,,589352
2023-04-03 03:00:00,00000001250,20230403030000,0.0,0.0,0.0,0.0,0.0,0.0,1.0,4,0.0,0.0,,,589352
2023-04-03 04:00:00,00000001250,20230403040000,0.0,0.0,0.0,0.0,0.0,0.0,1.0,4,0.0,0.0,,,589352
2023-04-03 05:00:00,00000001250,20230403050000,0.0,0.0,0.0,0.0,0.0,0.0,1.0,4,0.0,0.0,,,589352
2023-04-03 06:00:00,00000001250,20230403060000,0.0,0.0,0.0,0.0,0.0,0.0,1.0,4,0.0,0.0,,,589352
2023-04-03 07:00:00,00000001250,20230403070000,0.0,0.0,0.0,0.0,0.0,0.0,1.0,4,0.0,0.0,,,589352
2023-04-03 08:00:00,00000001250,20230403080000,0.0,0.0,0.0,0.0,0.0,0.0,1.0,4,0.0,0.0,,,589352
2023-04-03 09:00:00,00000001250,20230403090000,0.0,0.0,0.0,0.0,0.0,0.0,1.0,4,0.0,0.0,,,589352
2023-04-03 10:00:00,00000001250,20230403100000,0.0,0.0,0.0,0.0,0.0,0.0,1.0,4,0.0,0.0,,,589352
2023-04-03 11:00:00,00000001250,20230403110000,0.0,0.0,0.0,0.0,0.0,0.0,1.0,4,0.0,0.0,,,589352
2023-04-03 12:00:00,00000001250,20230403120000,0.0,0.0,0.0,0.0,0.0,0.0,1.0,4,0.0,0.0,,,589352
2023-04-03 13:00:00,00000001250,20230403130000,0.0,0.0,0.0,0.0,0.0,0.0,1.0,4,0.0,0.0,,,589352
2023-04-03 14:00:00,00000001250,20230403140000,0.0,0.0,0.0,0.0,0.0,0.0,1.0,4,0.0,0.0,,,589352
2023-04-03 15:00:00,00000001250,20230403150000,0.0,0.0,0.0,0.0,0.0,0.0,1.0,4,0.0,0.0,,,589352
2023-04-03 16:00:00,00000001250,20230403160000,0.0,0.0,0.0,0.0,0.0,0.0,1.0,4,0.0,0.0,,,589352
2023-04-03 17:00:00,00000001250,20230403170000,0.0,0.0,0.0,0.0,0.0,0.0,1.0,4,0.0,0.0,,,589352
2023-04-03 18:00:00,00000001250,20230403180000,0.0,0.0,0.0,0.0,0.0,0.0,1.0,4,0.0,0.0,,,589352
2023-04-03 19:00:00,00000001250,20230403190000,0.0,0.0,0.0,0.0,0.0,0.0,1.0,4,0.0,0.0,,,589352
2023-04-03 20:00:00,00000001250,20230403200000,0.0,0.0,0.0,0.0,0.0,0.0,1.0,4,0.0,0.0,,,589352
2023-04-03 21:00:00,00000001250,20230403210000,0.0,0.0,0.0,0.0,0.0,0.0,1.0,4,0.0,0.0,,,589352
2023-04-03 22:00:00,00000001250,20230403220000,0.0,0.0,0.0,0.0,0.0,0.0,1.0,4,0.0,0.0,,,589352
2023-04-03 23:00:00,00000001250,20230403230000,0.0,0.0,0.0,0.0,0.0,0.0,1.0,4,0.0,0.0,,,589352
2023-04-04 00:00:00,00000001250,20230404000000,0.0,0.0,0.0,0.0,0.0,0.0,1.0,4,0.0,0.0,,,589352
2023-04-04 01:00:00,00000001250,20230404010000,0.0,0.0,0.0,0.0,0.0,0.0,1.0,4,0.0,0.0,,,589352
2023-04-04 02:00:00,00000001250,20230404020000,0.0,0.0,0.0,0.0,0.0,0.0,1.0,4,0.0,0.0,,,589352
2023-04-04 03:00:00,00000001250,20230404030000,0.0,0.0,0.0,0.0,0.0,0.0,1.0,4,0.0,0.0,,,589352
2023-04-04 04:00:00,00000001250,20230404040000,0.0,0.0,0.0,0.0,0.0,0.0,1.0,4,0.0,0.0,,,589352
2023-04-04 05:00:00,00000001250,20230404050000,0.0,0.0,0.0,0.0,0.0,0.0,1.0,4,0.0,0.0,,,589352
2023-04-04 06:00:00,00000001250,20230404060000,0.0,0.0,0.0,0.0,0.0,0.0,1.0,4,0.0,0.0,,,589352
2023-04-04 07:00:00,00000001250,20230404070000,0.0,0.0,0.0,0.0,0.0,0.0,1.0,4,0.0,0.0,,,589352
2023-04-04 08:00:00,00000001250,20230404080000,0.0,0.0,0.0,0.0,0.0,0.0,1.0,4,0.0,0.0,,,589352
2023-04-04 09:00:00,00000001250,20230404090000,0.0,0.0,0.0,0.0,0.0,0.0,1.0,4,0.0,0.0,,,589352
2023-04-04 10:00:00,00000001250,20230404100000,0.0,0.0,0.0,0.0,0.0,0.0,1.0,4,0.0,0.0,,,589352
2023-04-04 11:00:00,00000001250,20230404110000,0.0,0.0,0.0,0.0,0.0,0.0,1.0,4,0.0,0.0,,,589352
2023-04-04 12:00:00,00000001250,20230404120000,0.0,0.0,0.0,0.0,0.0,0.0,1.0,4,0.0,0.0,,,589352
2023-04-04 13:00:00,00000001250,20230404130000,0.0,0.0,0.0,0.0,0.0,0.0,1.0,4,0.0,0.0,,,589352
2023-04-04 14:00:00,00000001250,20230404140000,0.0,0.0,0.0,0.0,0.0,0.0,1.0,4,0.0,0.0,,,589352
2023-04-04 15:00:00,00000001250,20230404150000,0.0,0.0,0.0,0.0,0.0,0.0,1.0,4,0.0,0.0,,,589352
2023-04-04 16:00:00,00000001250,20230404160000,0.0,0.0,0.0,0.0,0.0,0.0,1.0,4,0.0,0.0,,,589352
2023-04-04 17:00:00,00000001250,20230404170000,0.0,0.0,0.0,0.0,0.0,0.0,1.0,4,0.0,0.0,,,589352
2023-04-04 18:00:00,00000001250,20230404180000,0.0,0.0,0.0,0.0,0.0,0.0,1.0,4,0.0,0.0,,,589352
2023-04-04 19:00:00,00000001250,20230404190000,0.0,0.0,0.0,0.0,0.0,0.0,1.0,4,0.0,0.0,,,589352
2023-04-04 20:00:00,00000001250,20230404200000,0.0,0.0,0.0,0.0,0.0,0.0,1.0,4,0.0,0.0,,,589352
2023-04-04 21:00:00,00000001250,20230404210000,0.0,0.0,0.0,0.0,0.0,0.0,1.0,4,0.0,0.0,,,589352
2023-04-04 22:00:00,00000001250,20230404220000,0.0,0.0,0.0,0.0,0.0,0.0,1.0,4,0.0,0.0,,,589352
2023-04-04 23:00:00,00000001250,20230404230000,0.0,0.0,0.0,0.0,0.0,0.0,1.0,4,0.0,0.0,,,589352
2023-04-05 00:00:00,00000001250,20230405000000,0.0,0.0,0.0,0.0,0.0,0.0,1.0,4,0.0,0.0,,,589352
2023-04-05 01:00:00,00000001250,20230405010000,0.0,0.0,0.0,0.0,0.0,0.0,1.0,4,0.0,0.0,,,589352
2023-04-05 02:00:00,00000001250,20230405020000,0.0,0.0,0.0,0.0,0.0,0.0,1.0,4,0.0,0.0,,,589352
2023-04-05 03:00:00,00000001250,20230405030000,0.0,0.0,0.0,0.0,0.0,0.0,1.0,4,0.0,0.0,,,589352
2023-04-05 04:00:00,00000001250,20230405040000,0.0,0.0,0.0,0.0,0.0,0.0,1.0,4,0.0,0.0,,,589352
2023-04-05 05:00:00,00000001250,20230405050000,0.0,0.0,0.0,0.0,0.0,0.0,1.0,4,0.0,0.0,,,589352
2023-04-05 06:00:00,00000001250,20230405060000,0.0,0.0,0.0,0.0,0.0,0.0,1.0,4,0.0,0.0,,,589352
2023-04-05 07:00:00,00000001250,20230405070000,0.0,0.0,0.0,0.0,0.0,0.0,1.0,4,0.0,0.0,,,589352
2023-04-05 08:00:00,00000001250,20230405080000,0.0,0.0,0.0,0.0,0.0,0.0,1.0,4,0.0,0.0,,,589352
2023-04-05 09:00:00,00000001250,20230405090000,0.0,0.0,0.0,0.0,0.0,0.0,1.0,4,0.0,0.0,,,589352
2023-04-05 10:00:00,00000001250,20230405100000,0.0,0.0,0.0,0.0,0.0,0.0,1.0,4,0.0,0.0,,,589352
2023-04-05 11:00:00,00000001250,20230405110000,0.0,0.0,0.0,0.0,0.0,0.0,1.0,4,0.0,0.0,,,589352
2023-04-05 12:00:00,00000001250,20230405120000,0.0,0.0,0.0,0.0,0.0,0.0,1.0,4,0.0,0.0,,,589352
2023-04-05 13:00:00,00000001250,20230405130000,0.0,0.0,0.0,0.0,0.0,0.0,1.0,4,0.0,0.0,,,589352
2023-04-05 14:00:00,00000001250,20230405140000,0.0,0.0,0.0,0.0,0.0,0.0,1.0,4,0.0,0.0,,,589352
2023-04-05 15:00:00,00000001250,20230405150000,0.0,0.0,0.0,0.0,0.0,0.0,1.0,4,0.0,0.0,,,589352
2023-04-05 16:00:00,00000001250,20230405160000,0.0,0.0,0.0,0.0,0.0,0.0,1.0,4,0.0,0.0,,,589352
2023-04-05 17:00:00,00000001250,20230405170000,0.0,0.0,0.0,0.0,0.0,0.0,1.0,4,0.0,0.0,,,589352
2023-04-05 18:00:00,00000001250,20230405180000,0.0,0.0,0.0,0.0,0.0,0.0,1.0,4,0.0,0.0,,,589352
2023-04-05 19:00:00,00000001250,20230405190000,0.0,0.0,0.0,0.0,0.0,0.0,1.0,4,0.0,0.0,,,589352
2023-04-05 20:00:00,00000001250,20230405200000,0.0,0.0,0.0,0.0,0.0,0.0,1.0,4,0.0,0.0,,,589352
2023-04-05 21:00:00,00000001250,20230405210000,0.0,0.0,0.0,0.0,0.0,0.0,1.0,4,0.0,0.0,,,589352
2023-04-05 22:00:00,00000001250,20230405220000,0.0,0.0,0.0,0.0,0.0,0.0,1.0,4,0.0,0.0,,,589352
2023-04-05 23:00:00,00000001250,20230405230000,0.0,0.0,0.0,0.0,0.0,0.0,1.0,4,0.0,0.0,,,589352
2023-04-06 00:00:00,00000001250,20230406000000,0.0,0.0,0.0,0.0,0.0,0.0,1.0,4,0.0,0.0,,,589352
2023-04-06 01:00:00,00000001250,20230406010000,0.0,0.0,0.0,0.0,0.0,0.0,1.0,4,0.0,0.0,,,589352
2023-04-06 02:00:00,00000001250,20230406020000,0.0,0.0,0.0,0.0,0.0,0.0,1.0,4,0.0,0.0,,,589352
2023-04-06 03:00:00,00000001250,20230406030000,0.0,0.0,0.0,0.0,0.0,0.0,1.0,4,0.0,0.0,,,589352
2023-04-06 04:00:00,00000001250,20230406040000,0.0,0.0,0.0,0.0,0.0,0.0,1.0,4,0.0,0.0,,,589352
2023-04-06 05:00:00,00000001250,20230406050000,0.0,0.0,0.0,0.0,0.0,0.0,1.0,4,0.0,0.0,,,589352
2023-04-06 06:00:00,00000001250,20230406060000,0.0,0.0,0.0,0.0,0.0,0.0,1.0,4,0.0,0.0,,,589352
2023-04-06 07:00:00,00000001250,20230406070000,0.0,0.0,0.0,0.0,0.0,0.0,1.0,4,0.0,0.0,,,589352
2023-04-06 08:00:00,00000001250,20230406080000,0.0,0.0,0.0,0.0,0.0,0.0,1.0,4,0.0,0.0,,,589352
2023-04-06 09:00:00,00000001250,20230406090000,0.0,0.0,0.0,0.0,0.0,0.0,1.0,4,0.0,0.0,,,589352
2023-04-06 10:00:00,00000001250,20230406100000,0.0,0.0,0.0,0.0,0.0,0.0,1.0,4,0.0,0.0,,,589352
2023-04-06 11:00:00,00000001250,20230406110000,0.0,0.0,0.0,0.0,0.0,0.0,1.0,4,0.0,0.0,,,589352
2023-04-06 12:00:00,00000001250,20230406120000,0.0,0.0,0.0,0.0,0.0,0.0,1.0,4,0.0,0.0,,,589352
2023-04-06 13:00:00,00000001250,20230406130000,0.0,0.0,0.0,0.0,0.0,0.0,1.0,4,0.0,0.0,,,589352
2023-04-06 14:00:00,00000001250,20230406140000,0.0,0.0,0.0,0.0,0.0,0.0,1.0,4,0.0,0.0,,,589352
2023-04-06 15:00:00,00000001250,20230406150000,0.0,0.0,0.0,0.0,0.0,0.0,1.0,4,0.0,0.0,,,589352
2023-04-06 16:00:00,00000001250,20230406160000,0.0,0.0,0.0,0.0,0.0,0.0,1.0,4,0.0,0.0,,,589352
2023-04-06 17:00:00,00000001250,20230406170000,0.0,0.0,0.0,0.0,0.0,0.0,1.0,4,0.0,0.0,,,589352
2023-04-06 18:00:00,00000001250,20230406180000,0.0,0.0,0.0,0.0,0.0,0.0,1.0,4,0.0,0.0,,,589352
2023-04-06 19:00:00,00000001250,20230406190000,0.0,0.0,0.0,0.0,0.0,0.0,1.0,4,0.0,0.0,,,589352
2023-04-06 20:00:00,00000001250,20230406200000,0.0,0.0,0.0,0.0,0.0,0.0,1.0,4,0.0,0.0,,,589352
2023-04-06 21:00:00,00000001250,20230406210000,0.0,0.0,0.0,0.0,0.0,0.0,1.0,4,0.0,0.0,,,589352
2023-04-06 22:00:00,00000001250,20230406220000,0.0,0.0,0.0,0.0,0.0,0.0,1.0,4,0.0,0.0,,,589352
2023-04-06 23:00:00,00000001250,20230406230000,0.0,0.0,0.0,0.0,0.0,0.0,1.0,4,0.0,0.0,,,589352
2023-04-07 00:00:00,00000001250,20230407000000,0.0,0.0,0.0,0.0,0.0,0.0,1.0,4,0.0,0.0,,,589352
2023-04-07 01:00:00,00000001250,20230407010000,0.0,0.0,0.0,0.0,0.0,0.0,1.0,4,0.0,0.0,,,589352
2023-04-07 02:00:00,00000001250,20230407020000,0.0,0.0,0.0,0.0,0.0,0.0,1.0,4,0.0,0.0,,,589352
2023-04-07 03:00:00,00000001250,20230407030000,0.0,0.0,0.0,0.0,0.0,0.0,1.0,4,0.0,0.0,,,589352
2023-04-07 04:00:00,00000001250,20230407040000,0.0,0.0,0.0,0.0,0.0,0.0,1.0,4,0.0,0.0,,,589352
2023-04-07 05:00:00,00000001250,20230407050000,0.0,0.0,0.0,0.0,0.0,0.0,1.0,4,0.0,0.0,,,589352
2023-04-07 06:00:00,00000001250,20230407060000,0.0,0.0,0.0,0.0,0.0,0.0,1.0,4,0.0,0.0,,,589352
2023-04-07 07:00:00,00000001250,20230407070000,0.0,0.0,0.0,0.0,0.0,0.0,1.0,4,0.0,0.0,,,589352
2023-04-07 08:00:00,00000001250,20230407080000,0.0,0.0,0.0,0.0,0.0,0.0,1.0,4,0.0,0.0,,,589352
2023-04-07 09:00:00,00000001250,20230407090000,0.0,0.0,0.0,0.0,0.0,0.0,1.0,4,0.0,0.0,,,589352
2023-04-07 10:00:00,00000001250,20230407100000,0.0,0.0,0.0,0.0,0.0,0.0,1.0,4,0.0,0.0,,,589352
2023-04-07 11:00:00,00000001250,20230407110000,0.0,0.0,0.0,0.0,0.0,0.0,1.0,4,0.0,0.0,,,589352
2023-04-07 12:00:00,00000001250,20230407120000,0.0,0.0,0.0,0.0,0.0,0.0,1.0,4,0.0,0.0,,,589352
2023-04-07 13:00:00,00000001250,20230407130000,0.0,0.0,0.0,0.0,0.0,0.0,1.0,4,0.0,0.0,,,589352
2023-04-07 14:00:00,00000001250,20230407140000,0.0,0.0,0.0,0.0,0.0,0.0,1.0,4,0.0,0.0,,,589352
2023-04-07 15:00:00,00000001250,20230407150000,0.0,0.0,0.0,0.0,0.0,0.0,1.0,4,0.0,0.0,,,589352
2023-04-07 16:00:00,00000001250,20230407160000,0.0,0.0,0.0,0.0,0.0,0.0,1.0,4,0.0,0.0,,,589352
2023-04-07 17:00:00,00000001250,20230407170000,0.0,0.0,0.0,0.0,0.0,0.0,1.0,4,0.0,0.0,,,589352
2023-04-07 18:00:00,00000001250,20230407180000,0.0,0.0,0.0,0.0,0.0,0.0,1.0,4,0.0,0.0,,,589352
2023-04-07 19:00:00,00000001250,20230407190000,0.0,0.0,0.0,0.0,0.0,0.0,1.0,4,0.0,0.0,,,589352
2023-04-07 20:00:00,00000001250,20230407200000,0.0,0.0,0.0,0.0,0.0,0.0,1.0,4,0.0,0.0,,,589352
2023-04-07 21:00:00,00000001250,20230407210000,0.0,0.0,0.0,0.0,0.0,0.0,1.0,4,0.0,0.0,,,589352
2023-04-07 22:00:00,00000001250,20230407220000,0.0,0.0,0.0,0.0,0.0,0.0,1.0,4,0.0,0.0,,,589352
2023-04-07 23:00:00,00000001250,20230407230000,0.0,0.0,0.0,0.0,0.0,0.0,1.0,4,0.0,0.0,,,589352
2023-04-08 00:00:00,00000001250,20230408000000,0.0,0.0,0.0,0.0,0.0,0.0,1.0,4,0.0,0.0,,,589352
2023-04-08 01:00:00,00000001250,20230408010000,0.0,0.0,0.0,0.0,0.0,0.0,1.0,4,0.0,0.0,,,589352
2023-04-08 02:00:00,00000001250,20230408020000,0.0,0.0,0.0,0.0,0.0,0.0,1.0,4,0.0,0.0,,,589352
2023-04-08 03:00:00,00000001250,20230408030000,0.0,0.0,0.0,0.0,0.0,0.0,1.0,4,0.0,0.0,,,589352
2023-04-08 04:00:00,00000001250,20230408040000,0.0,0.0,0.0,0.0,0.0,0.0,1.0,4,0.0,0.0,,,589352
2023-04-08 05:00:00,00000001250,20230408050000,0.0,0.0,0.0,0.0,0.0,0.0,1.0,4,0.0,0.0,,,589352
2023-04-08 06:00:00,00000001250,20230408060000,0.0,0.0,0.0,0.0,0.0,0.0,1.0,4,0.0,0.0,,,589352
2023-04-08 07:00:00,00000001250,20230408070000,0.0,0.0,0.0,0.0,0.0,0.0,1.0,4,0.0,0.0,,,589352
2023-04-08 08:00:00,00000001250,20230408080000,0.0,0.0,0.0,0.0,0.0,0.0,1.0,4,0.0,0.0,,,589352
2023-04-08 09:00:00,00000001250,20230408090000,0.0,0.0,0.0,0.0,0.0,0.0,1.0,4,0.0,0.0,,,589352
2023-04-08 10:00:00,00000001250,20230408100000,0.0,0.0,0.0,0.0,0.0,0.0,1.0,4,0.0,0.0,,,589352
2023-04-08 11:00:00,00000001250,20230408110000,0.0,0.0,0.0,0.0,0.0,0.0,1.0,4,0.0,0.0,,,589352
2023-04-08 12:00:00,00000001250,20230408120000,0.0,0.0,0.0,0.0,0.0,0.0,1.0,4,0.0,0.0,,,589352
2023-04-08 13:00:00,00000001250,20230408130000,0.0,0.0,0.0,0.0,0.0,0.0,1.0,4,0.0,0.0,,,589352
2023-04-08 14:00:00,00000001250,20230408140000,0.0,0.0,0.0,0.0,0.0,0.0,1.0,4,0.0,0.0,,,589352
2023-04-08 15:00:00,00000001250,20230408150000,0.0,0.0,0.0,0.0,0.0,0.0,1.0,4,0.0,0.0,,,589352
2023-04-08 16:00:00,00000001250,20230408160000,0.0,0.0,0.0,0.0,0.0,0.0,1.0,4,0.0,0.0,,,589352
2023-04-08 17:00:00,00000001250,20230408170000,0.0,0.0,0.0,0.0,0.0,0.0,1.0,4,0.0,0.0,,,589352
2023-04-08 18:00:00,00000001250,20230408180000,0.0,0.0,0.0,0.0,0.0,0.0,1.0,4,0.0,0.0,,,589352
2023-04-08 19:00:00,00000001250,20230408190000,0.0,0.0,0.0,0.0,0.0,0.0,1.0,4,0.0,0.0,,,589352
2023-04-08 20:00:00,00000001250,20230408200000,0.0,0.0,0.0,0.0,0.0,0.0,1.0,4,0.0,0.0,,,589352
2023-04-08 21:00:00,00000001250,20230408210000,0.0,0.0,0.0,0.0,0.0,0.0,1.0,4,0.0,0.0,,,589352
2023-04-08 22:00:00,00000001250,20230408220000,0.0,0.0,0.0,0.0,0.0,0.0,1.0,4,0.0,0.0,,,589352
2023-04-08 23:00:00,00000001250,20230408230000,0.0,0.0,0.0,0.0,0.0,0.0,1.0,4,0.0,0.0,,,589352
2023-04-09 00:00:00,00000001250,20230409000000,0.0,0.0,0.0,0.0,0.0,0.0,1.0,4,0.0,0.0,,,589352
2023-04-09 01:00:00,00000001250,20230409010000,0.0,0.0,0.0,0.0,0.0,0.0,1.0,4,0.0,0.0,,,589352
2023-04-09 02:00:00,00000001250,20230409020000,0.0,0.0,0.0,0.0,0.0,0.0,1.0,4,0.0,0.0,,,589352
2023-04-09 03:00:00,00000001250,20230409030000,0.0,0.0,0.0,0.0,0.0,0.0,1.0,4,0.0,0.0,,,589352
2023-04-09 04:00:00,00000001250,20230409040000,0.0,0.0,0.0,0.0,0.0,0.0,1.0,4,0.0,0.0,,,589352
2023-04-09 05:00:00,00000001250,20230409050000,0.0,0.0,0.0,0.0,0.0,0.0,1.0,4,0.0,0.0,,,589352
2023-04-09 06:00:00,00000001250,20230409060000,0.0,0.0,0.0,0.0,0.0,0.0,1.0,4,0.0,0.0,,,589352
2023-04-09 07:00:00,00000001250,20230409070000,0.0,0.0,0.0,0.0,0.0,0.0,1.0,4,0.0,0.0,,,589352
2023-04-09 08:00:00,00000001250,20230409080000,0.0,0.0,0.0,0.0,0.0,0.0,1.0,4,0.0,0.0,,,589352
2023-04-09 09:00:00,00000001250,20230409090000,0.0,0.0,0.0,0.0,0.0,0.0,1.0,4,0.0,0.0,,,589352
2023-04-09 10:00:00,00000001250,20230409100000,0.0,0.0,0.0,0.0,0.0,0.0,1.0,4,0.0,0.0,,,589352
2023-04-09 11:00:00,00000001250,20230409110000,0.0,0.0,0.0,0.0,0.0,0.0,1.0,4,0.0,0.0,,,589352
2023-04-09 12:00:00,00000001250,20230409120000,0.0,0.0,0.0,0.0,0.0,0.0,1.0,4,0.0,0.0,,,589352
2023-04-09 13:00:00,00000001250,20230409130000,0.0,0.0,0.0,0.0,0.0,0.0,1.0,4,0.0,0.0,,,589352
2023-04-09 14:00:00,00000001250,20230409140000,0.0,0.0,0.0,0.0,0.0,0.0,1.0,4,0.0,0.0,,,589352
2023-04-09 15:00:00,00000001250,20230409150000,0.0,0.0,0.0,0.0,0.0,0.0,1.0,4,0.0,0.0,,,589352
2023-04-09 16:00:00,00000001250,20230409160000,0.0,0.0,0.0,0.0,0.0,0.0,1.0,4,0.0,0.0,,,589352
2023-04-09 17:00:00,00000001250,20230409170000,0.0,0.0,0.0,0.0,0.0,0.0,1.0,4,0.0,0.0,,,589352
2023-04-09 18:00:00,00000001250,20230409180000,0.0,0.0,0.0,0.0,0.0,0.0,1.0,4,0.0,0.0,,,589352
2023-04-09 19:00:00,00000001250,20230409190000,0.0,0.0,0.0,0.0,0.0,0.0,1.0,4,0.0,0.0,,,589352
2023-04-09 20:00:00,00000001250,20230409200000,0.0,0.0,0.0,0.0,0.0,0.0,1.0,4,0.0,0.0,,,589352
2023-04-09 21:00:00,00000001250,20230409210000,0.0,0.0,0.0,0.0,0.0,0.0,1.0,4,0.0,0.0,,,589352
2023-04-09 22:00:00,00000001250,20230409220000,0.0,0.0,0.0,0.0,0.0,0.0,1.0,4,0.0,0.0,,,589352
2023-04-09 23:00:00,00000001250,20230409230000,0.0,0.0,0.0,0.0,0.0,0.0,1.0,4,0.0,0.0,,,589352
2023-04-10 00:00:00,00000001250,20230410000000,0.0,0.0,0.0,0.0,0.0,0.0,1.0,4,0.0,0.0,,,589352
2023-04-10 01:00:00,00000001250,20230410010000,0.0,0.0,0.0,0.0,0.0,0.0,1.0,4,0.0,0.0,,,589352
2023-04-10 02:00:00,00000001250,20230410020000,0.0,0.0,0.0,0.0,0.0,0.0,1.0,4,0.0,0.0,,,589352
2023-04-10 03:00:00,00000001250,20230410030000,0.0,0.0,0.0,0.0,0.0,0.0,1.0,4,0.0,0.0,,,589352
2023-04-10 04:00:00,00000001250,20230410040000,0.0,0.0,0.0,0.0,0.0,0.0,1.0,4,0.0,0.0,,,589352
2023-04-10 05:00:00,00000001250,20230410050000,0.0,0.0,0.0,0.0,0.0,0.0,1.0,4,0.0,0.0,,,589352
2023-04-10 06:00:00,00000001250,20230410060000,0.0,0.0,0.0,0.0,0.0,0.0,1.0,4,0.0,0.0,,,589352
2023-04-10 07:00:00,00000001250,20230410070000,0.0,0.0,0.0,0.0,0.0,0.0,1.0,4,0.0,0.0,,,589352
2023-04-10 08:00:00,00000001250,20230410080000,0.0,0.0,0.0,0.0,0.0,0.0,1.0,4,0.0,0.0,,,589352
2023-04-10 09:00:00,00000001250,20230410090000,0.0,0.0,0.0,0.0,0.0,0.0,1.0,4,0.0,0.0,,,589352
2023-04-10 10:00:00,00000001250,20230410100000,0.0,0.0,0.0,0.0,0.0,0.0,1.0,4,0.0,0.0,,,589352
2023-04-10 11:00:00,00000001250,20230410110000,0.0,0.0,0.0,0.0,0.0,0.0,1.0,4,0.0,0.0,,,589352
2023-04-10 12:00:00,00000001250,20230410120000,0.0,0.0,0.0,0.0,0.0,0.0,1.0,4,0.0,0.0,,,589352
2023-04-10 13:00:00,00000001250,20230410130000,0.0,0.0,0.0,0.0,0.0,0.0,1.0,4,0.0,0.0,,,589352
2023-04-10 14:00:00,00000001250,20230410140000,0.0,0.0,0.0,0.0,0.0,0.0,1.0,4,0.0,0.0,,,589352
2023-04-10 15:00:00,00000001250,20230410150000,0.0,0.0,0.0,0.0,0.0,0.0,1.0,4,0.0,0.0,,,589352
2023-04-10 16:00:00,00000001250,20230410160000,0.0,0.0,0.0,0.0,0.0,0.0,1.0,4,0.0,0.0,,,589352
2023-04-10 17:00:00,00000001250,20230410170000,0.0,0.0,0.0,0.0,0.0,0.0,1.0,4,0.0,0.0,,,589352
2023-04-10 18:00:00,00000001250,20230410180000,0.0,0.0,0.0,0.0,0.0,0.0,1.0,4,0.0,0.0,,,589352
2023-04-10 19:00:00,00000001250,20230410190000,0.0,0.0,0.0,0.0,0.0,0.0,1.0,4,0.0,0.0,,,589352
2023-04-10 20:00:00,00000001250,20230410200000,0.0,0.0,0.0,0.0,0.0,0.0,1.0,4,0.0,0.0,,,589352
2023-04-10 21:00:00,00000001250,20230410210000,0.0,0.0,0.0,0.0,0.0,0.0,1.0,4,0.0,0.0,,,589352
2023-04-10 22:00:00,00000001250,20230410220000,0.0,0.0,0.0,0.0,0.0,0.0,1.0,4,0.0,0.0,,,589352
2023-04-10 23:00:00,00000001250,20230410230000,0.0,0.0,0.0,0.0,0.0,0.0,1.0,4,0.0,0.0,,,589352
2023-04-11 00:00:00,00000001250,20230411000000,0.0,0.0,0.0,0.0,0.0,0.0,1.0,4,0.0,0.0,,,589352
2023-04-11 01:00:00,00000001250,20230411010000,0.0,0.0,0.0,0.0,0.0,0.0,1.0,4,0.0,0.0,,,589352
2023-04-11 02:00:00,00000001250,20230411020000,0.0,0.0,0.0,0.0,0.0,0.0,1.0,4,0.0,0.0,,,589352
2023-04-11 03:00:00,00000001250,20230411030000,0.0,0.0,0.0,0.0,0.0,0.0,1.0,4,0.0,0.0,,,589352
2023-04-11 04:00:00,00000001250,20230411040000,0.0,0.0,0.0,0.0,0.0,0.0,1.0,4,0.0,0.0,,,589352
2023-04-11 05:00:00,00000001250,20230411050000,0.0,0.0,0.0,0.0,0.0,0.0,1.0,4,0.0,0.0,,,589352
2023-04-11 06:00:00,00000001250,20230411060000,0.0,0.0,0.0,0.0,0.0,0.0,1.0,4,0.0,0.0,,,589352
2023-04-11 07:00:00,00000001250,20230411070000,0.0,0.0,0.0,0.0,0.0,0.0,1.0,4,0.0,0.0,,,589352
2023-04-11 08:00:00,00000001250,20230411080000,0.0,0.0,0.0,0.0,0.0,0.0,1.0,4,0.0,0.0,,,589352
2023-04-11 09:00:00,00000001250,20230411090000,0.0,0.0,0.0,0.0,0.0,0.0,1.0,4,0.0,0.0,,,589352
2023-04-11 10:00:00,00000001250,20230411100000,0.0,0.0,0.0,0.0,0.0,0.0,1.0,4,0.0,0.0,,,589352
2023-04-11 11:00:00,00000001250,20230411110000,0.0,0.0,0.0,0.0,0.0,0.0,1.0,4,0.0,0.0,,,589352
2023-04-11 12:00:00,00000001250,20230411120000,0.0,0.0,0.0,0.0,0.0,0.0,1.0,4,0.0,0.0,,,589352
2023-04-11 13:00:00,00000001250,20230411130000,0.0,0.0,0.0,0.0,0.0,0.0,1.0,4,0.0,0.0,,,589352
2023-04-11 14:00:00,00000001250,20230411140000,0.0,0.0,0.0,0.0,0.0,0.0,1.0,4,0.0,0.0,,,589352
2023-04-11 15:00:00,00000001250,20230411150000,0.0,0.0,0.0,0.0,0.0,0.0,1.0,4,0.0,0.0,,,589352
2023-04-11 16:00:00,00000001250,20230411160000,0.0,0.0,0.0,0.0,0.0,0.0,1.0,4,0.0,0.0,,,589352
2023-04-11 17:00:00,00000001250,20230411170000,0.0,0.0,0.0,0.0,0.0,0.0,1.0,4,0.0,0.0,,,589352
2023-04-11 18:00:00,00000001250,20230411180000,0.0,0.0,0.0,0.0,0.0,0.0,1.0,4,0.0,0.0,,,589352
2023-04-11 19:00:00,00000001250,20230411190000,0.0,0.0,0.0,0.0,0.0,0.0,1.0,4,0.0,0.0,,,589352
2023-04-11 20:00:00,00000001250,20230411200000,0.0,0.0,0.0,0.0,0.0,0.0,1.0,4,0.0,0.0,,,589352
2023-04-11 21:00:00,00000001250,20230411210000,0.0,0.0,0.0,0.0,0.0,0.0,1.0,4,0.0,0.0,,,589352
2023-04-11 22:00:00,00000001250,20230411220000,0.0,0.0,0.0,0.0,0.0,0.0,1.0,4,0.0,0.0,,,589352
2023-04-11 23:00:00,00000001250,20230411230000,0.0,0.0,0.0,0.0,0.0,0.0,1.0,4,0.0,0.0,,,589352
2023-04-12 00:00:00,00000001250,20230412000000,0.0,0.0,0.0,0.0,0.0,0.0,1.0,4,0.0,0.0,,,589352
2023-04-12 01:00:00,00000001250,20230412010000,0.0,0.0,0.0,0.0,0.0,0.0,1.0,4,0.0,0.0,,,589352
2023-04-12 02:00:00,00000001250,20230412020000,0.0,0.0,0.0,0.0,0.0,0.0,1.0,4,0.0,0.0,,,589352
2023-04-12 03:00:00,00000001250,20230412030000,0.0,0.0,0.0,0.0,0.0,0.0,1.0,4,0.0,0.0,,,589352
2023-04-12 04:00:00,00000001250,20230412040000,0.0,0.0,0.0,0.0,0.0,0.0,1.0,4,0.0,0.0,,,589352
2023-04-12 05:00:00,00000001250,20230412050000,0.0,0.0,0.0,0.0,0.0,0.0,1.0,4,0.0,0.0,,,589352
2023-04-12 06:00:00,00000001250,20230412060000,0.0,0.0,0.0,0.0,0.0,0.0,1.0,4,0.0,0.0,,,589352
2023-04-12 07:00:00,00000001250,20230412070000,0.0,0.0,0.0,0.0,0.0,0.0,1.0,4,0.0,0.0,,,589352
2023-04-12 08:00:00,00000001250,20230412080000,0.0,0.0,0.0,0.0,0.0,0.0,1.0,4,0.0,0.0,,,589352
2023-04-12 09:00:00,00000001250,20230412090000,0.0,0.0,0.0,0.0,0.0,0.0,1.0,4,0.0,0.0,,,589352
2023-04-12 10:00:00,00000001250,20230412100000,0.0,0.0,0.0,0.0,0.0,0.0,1.0,4,0.0,0.0,,,589352
2023-04-12 11:00:00,00000001250,20230412110000,0.0,0.0,0.0,0.0,0.0,0.0,1.0,4,0.0,0.0,,,589352
2023-04-12 12:00:00,00000001250,20230412120000,0.0,0.0,0.0,0.0,0.0,0.0,1.0,4,0.0,0.0,,,589352
2023-04-12 13:00:00,00000001250,20230412130000,0.0,0.0,0.0,0.0,0.0,0.0,1.0,4,0.0,0.0,,,589352
2023-04-12 14:00:00,00000001250,20230412140000,0.0,0.0,0.0,0.0,0.0,0.0,1.0,4,0.0,0.0,,,589352
2023-04-12 15:00:00,00000001250,20230412150000,0.0,0.0,0.0,0.0,0.0,0.0,1.0,4,0.0,0.0,,,589352
2023-04-12 16:00:00,00000001250,20230412160000,0.0,0.0,0.0,0.0,0.0,0.0,1.0,4,0.0,0.0,,,589352
2023-04-12 17:00:00,00000001250,20230412170000,0.0,0.0,0.0,0.0,0.0,0.0,1.0,4,0.0,0.0,,,589352
2023-04-12 18:00:00,00000001250,20230412180000,0.0,0.0,0.0,0.0,0.0,0.0,1.0,4,0.0,0.0,,,589352
2023-04-12 19:00:00,00000001250,20230412190000,0.0,0.0,0.0,0.0,0.0,0.0,1.0,4,0.0,0.0,,,589352
2023-04-12 20:00:00,00000001250,20230412200000,0.0,0.0,0.0,0.0,0.0,0.0,1.0,4,0.0,0.0,,,589352
2023-04-12 21:00:00,00000001250,20230412210000,0.0,0.0,0.0,0.0,0.0,0.0,1.0,4,0.0,0.0,,,589352
2023-04-12 22:00:00,00000001250,20230412220000,0.0,0.0,0.0,0.0,0.0,0.0,1.0,4,0.0,0.0,,,589352
2023-04-12 23:00:00,00000001250,20230412230000,0.0,0.0,0.0,0.0,0.0,0.0,1.0,4,0.0,0.0,,,589352
2023-04-13 00:00:00,00000001250,20230413000000,0.0,0.0,0.0,0.0,0.0,0.0,1.0,4,0.0,0.0,,,589352
2023-04-13 01:00:00,00000001250,20230413010000,0.0,0.0,0.0,0.0,0.0,0.0,1.0,4,0.0,0.0,,,589352
2023-04-13 02:00:00,00000001250,20230413020000,0.0,0.0,0.0,0.0,0.0,0.0,1.0,4,0.0,0.0,,,589352
2023-04-13 03:00:00,00000001250,20230413030000,0.0,0.0,0.0,0.0,0.0,0.0,1.0,4,0.0,0.0,,,589352
2023-04-13 04:00:00,00000001250,20230413040000,0.0,0.0,0.0,0.0,0.0,0.0,1.0,4,0.0,0.0,,,589352
2023-04-13 05:00:00,00000001250,20230413050000,0.0,0.0,0.0,0.0,0.0,0.0,1.0,4,0.0,0.0,,,589352
2023-04-13 06:00:00,00000001250,20230413060000,0.0,0.0,0.0,0.0,0.0,0.0,1.0,4,0.0,0.0,,,589352
2023-04-13 07:00:00,00000001250,20230413070000,0.0,0.0,0.0,0.0,0.0,0.0,1.0,4,0.0,0.0,,,589352
2023-04-13 08:00:00,00000001250,20230413080000,0.0,0.0,0.0,0.0,0.0,0.0,1.0,4,0.0,0.0,,,589352
2023-04-13 09:00:00,00000001250,20230413090000,0.0,0.0,0.0,0.0,0.0,0.0,1.0,4,0.0,0.0,,,589352
2023-04-13 10:00:00,00000001250,20230413100000,0.0,0.0,0.0,0.0,0.0,0.0,1.0,4,0.0,0.0,,,589352
2023-04-13 11:00:00,00000001250,20230413110000,0.0,0.0,0.0,0.0,0.0,0.0,1.0,4,0.0,0.0,,,589352
2023-04-13 12:00:00,00000001250,20230413120000,0.0,0.0,0.0,0.0,0.0,0.0,1.0,4,0.0,0.0,,,589352
2023-04-13 13:00:00,00000001250,20230413130000,0.0,0.0,0.0,0.0,0.0,0.0,1.0,4,0.0,0.0,,,589352
2023-04-13 14:00:00,00000001250,20230413140000,0.0,0.0,0.0,0.0,0.0,0.0,1.0,4,0.0,0.0,,,589352
2023-04-13 15:00:00,00000001250,20230413150000,0.0,0.0,0.0,0.0,0.0,0.0,1.0,4,0.0,0.0,,,589352
2023-04-13 16:00:00,00000001250,20230413160000,0.0,0.0,0.0,0.0,0.0,0.0,1.0,4,0.0,0.0,,,589352
2023-04-13 17:00:00,00000001250,20230413170000,0.0,0.0,0.0,0.0,0.0,0.0,1.0,4,0.0,0.0,,,589352
2023-04-13 18:00:00,00000001250,20230413180000,0.0,0.0,0.0,0.0,0.0,0.0,1.0,4,0.0,0.0,,,589352
2023-04-13 19:00:00,00000001250,20230413190000,0.0,0.0,0.0,0.0,0.0,0.0,1.0,4,0.0,0.0,,,589352
2023-04-13 20:00:00,00000001250,20230413200000,0.0,0.0,0.0,0.0,0.0,0.0,1.0,4,0.0,0.0,,,589352
2023-04-13 21:00:00,00000001250,20230413210000,0.0,0.0,0.0,0.0,0.0,0.0,1.0,4,0.0,0.0,,,589352
2023-04-13 22:00:00,00000001250,20230413220000,0.0,0.0,0.0,0.0,0.0,0.0,1.0,4,0.0,0.0,,,589352
2023-04-13 23:00:00,00000001250,20230413230000,0.0,0.0,0.0,0.0,0.0,0.0,1.0,4,0.0,0.0,,,589352
2023-04-14 00:00:00,00000001250,20230414000000,0.0,0.0,0.0,0.0,0.0,0.0,1.0,4,0.0,0.0,,,589352
2023-04-14 01:00:00,00000001250,20230414010000,0.0,0.0,0.0,0.0,0.0,0.0,1.0,4,0.0,0.0,,,589352
2023-04-14 02:00:00,00000001250,20230414020000,0.0,0.0,0.0,0.0,0.0,0.0,1.0,4,0.0,0.0,,,589352
2023-04-14 03:00:00,00000001250,20230414030000,0.0,0.0,0.0,0.0,0.0,0.0,1.0,4,0.0,0.0,,,589352
2023-04-14 04:00:00,00000001250,20230414040000,0.0,0.0,0.0,0.0,0.0,0.0,1.0,4,0.0,0.0,,,589352
2023-04-14 05:00:00,00000001250,20230414050000,0.0,0.0,0.0,0.0,0.0,0.0,1.0,4,0.0,0.0,,,589352
2023-04-14 06:00:00,00000001250,20230414060000,0.0,0.0,0.0,0.0,0.0,0.0,1.0,4,0.0,0.0,,,589352
2023-04-14 07:00:00,00000001250,20230414070000,0.0,0.0,0.0,0.0,0.0,0.0,1.0,4,0.0,0.0,,,589352
2023-04-14 08:00:00,00000001250,20230414080000,0.0,0.0,0.0,0.0,0.0,0.0,1.0,4,0.0,0.0,,,589352
2023-04-14 09:00:00,00000001250,20230414090000,0.0,0.0,0.0,0.0,0.0,0.0,1.0,4,0.0,0.0,,,589352
2023-04-14 10:00:00,00000001250,20230414100000,0.0,0.0,0.0,0.0,0.0,0.0,1.0,4,0.0,0.0,,,589352
2023-04-14 11:00:00,00000001250,20230414110000,0.0,0.0,0.0,0.0,0.0,0.0,1.0,4,0.0,0.0,,,589352
2023-04-14 12:00:00,00000001250,20230414120000,0.0,0.0,0.0,0.0,0.0,0.0,1.0,4,0.0,0.0,,,589352
2023-04-14 13:00:00,00000001250,20230414130000,0.0,0.0,0.0,0.0,0.0,0.0,1.0,4,0.0,0.0,,,589352
2023-04-14 14:00:00,00000001250,20230414140000,0.0,0.0,0.0,0.0,0.0,0.0,1.0,4,0.0,0.0,,,589352
2023-04-14 15:00:00,00000001250,20230414150000,0.0,0.0,0.0,0.0,0.0,0.0,1.0,4,0.0,0.0,,,589352
2023-04-14 16:00:00,00000001250,20230414160000,0.0,0.0,0.0,0.0,0.0,0.0,1.0,4,0.0,0.0,,,589352
2023-04-14 17:00:00,00000001250,20230414170000,0.0,0.0,0.0,0.0,0.0,0.0,1.0,4,0.0,0.0,,,589352
2023-04-14 18:00:00,00000001250,20230414180000,0.0,0.0,0.0,0.0,0.0,0.0,1.0,4,0.0,0.0,,,589352
2023-04-14 19:00:00,00000001250,20230414190000,0.0,0.0,0.0,0.0,0.0,0.0,1.0,4,0.0,0.0,,,589352
2023-04-14 20:00:00,00000001250,20230414200000,0.0,0.0,0.0,0.0,0.0,0.0,1.0,4,0.0,0.0,,,589352
2023-04-14 21:00:00,00000001250,20230414210000,0.0,0.0,0.0,0.0,0.0,0.0,1.0,4,0.0,0.0,,,589352
2023-04-14 22:00:00,00000001250,20230414220000,0.0,0.0,0.0,0.0,0.0,0.0,1.0,4,0.0,0.0,,,589352
2023-04-14 23:00:00,00000001250,20230414230000,0.0,0.0,0.0,0.0,0.0,0.0,1.0,4,0.0,0.0,,,589352
2023-04-15 00:00:00,00000001250,20230415000000,0.0,0.0,0.0,0.0,0.0,0.0,1.0,4,0.0,0.0,,,589352
2023-04-15 01:00:00,00000001250,20230415010000,0.0,0.0,0.0,0.0,0.0,0.0,1.0,4,0.0,0.0,,,589352
2023-04-15 02:00:00,00000001250,20230415020000,0.0,0.0,0.0,0.0,0.0,0.0,1.0,4,0.0,0.0,,,589352
2023-04-15 03:00:00,00000001250,20230415030000,0.0,0.0,0.0,0.0,0.0,0.0,1.0,4,0.0,0.0,,,589352
2023-04-15 04:00:00,00000001250,20230415040000,0.0,0.0,0.0,0.0,0.0,0.0,1.0,4,0.0,0.0,,,589352
2023-04-15 05:00:00,00000001250,20230415050000,0.0,0.0,0.0,0.0,0.0,0.0,1.0,4,0.0,0.0,,,589352
2023-04-15 06:00:00,00000001250,20230415060000,0.0,0.0,0.0,0.0,0.0,0.0,1.0,4,0.0,0.0,,,589352
2023-04-15 07:00:00,00000001250,20230415070000,0.0,0.0,0.0,0.0,0.0,0.0,1.0,4,0.0,0.0,,,589352
2023-04-15 08:00:00,00000001250,20230415080000,0.0,0.0,0.0,0.0,0.0,0.0,1.0,4,0.0,0.0,,,589352
2023-04-15 09:00:00,00000001250,20230415090000,0.0,0.0,0.0,0.0,0.0,0.0,1.0,4,0.0,0.0,,,589352
2023-04-15 10:00:00,00000001250,20230415100000,0.0,0.0,0.0,0.0,0.0,0.0,1.0,4,0.0,0.0,,,589352
2023-04-15 11:00:00,00000001250,20230415110000,0.0,0.0,0.0,0.0,0.0,0.0,1.0,4,0.0,0.0,,,589352
2023-04-15 12:00:00,00000001250,20230415120000,0.0,0.0,0.0,0.0,0.0,0.0,1.0,4,0.0,0.0,,,589352
2023-04-15 13:00:00,00000001250,20230415130000,0.0,0.0,0.0,0.0,0.0,0.0,1.0,4,0.0,0.0,,,589352
2023-04-15 14:00:00,00000001250,20230415140000,0.0,0.0,0.0,0.0,0.0,0.0,1.0,4,0.0,0.0,,,589352
2023-04-15 15:00:00,00000001250,20230415150000,0.0,0.0,0.0,0.0,0.0,0.0,1.0,4,0.0,0.0,,,589352
2023-04-15 16:00:00,00000001250,20230415160000,0.0,0.0,0.0,0.0,0.0,0.0,1.0,4,0.0,0.0,,,589352
2023-04-15 17:00:00,00000001250,20230415170000,0.0,0.0,0.0,0.0,0.0,0.0,1.0,4,0.0,0.0,,,589352
2023-04-15 18:00:00,00000001250,20230415180000,0.0,0.0,0.0,0.0,0.0,0.0,1.0,4,0.0,0.0,,,589352
2023-04-15 19:00:00,00000001250,20230415190000,0.0,0.0,0.0,0.0,0.0,0.0,1.0,4,0.0,0.0,,,589352
2023-04-15 20:00:00,00000001250,20230415200000,0.0,0.0,0.0,0.0,0.0,0.0,1.0,4,0.0,0.0,,,589352
2023-04-15 21:00:00,00000001250,20230415210000,0.0,0.0,0.0,0.0,0.0,0.0,1.0,4,0.0,0.0,,,589352
2023-04-15 22:00:00,00000001250,20230415220000,0.0,0.0,0.0,0.0,0.0,0.0,1.0,4,0.0,0.0,,,589352
2023-04-15 23:00:00,00000001250,20230415230000,0.0,0.0,0.0,0.0,0.0,0.0,1.0,4,0.0,0.0,,,589352
2023-04-16 00:00:00,00000001250,20230416000000,0.0,0.0,0.0,0.0,0.0,0.0,1.0,4,0.0,0.0,,,589352
2023-04-16 01:00:00,00000001250,20230416010000,0.0,0.0,0.0,0.0,0.0,0.0,1.0,4,0.0,0.0,,,589352
2023-04-16 02:00:00,00000001250,20230416020000,0.0,0.0,0.0,0.0,0.0,0.0,1.0,4,0.0,0.0,,,589352
2023-04-16 03:00:00,00000001250,20230416030000,0.0,0.0,0.0,0.0,0.0,0.0,1.0,4,0.0,0.0,,,589352
2023-04-16 04:00:00,00000001250,20230416040000,0.0,0.0,0.0,0.0,0.0,0.0,1.0,4,0.0,0.0,,,589352
2023-04-16 05:00:00,00000001250,20230416050000,0.0,0.0,0.0,0.0,0.0,0.0,1.0,4,0.0,0.0,,,589352
2023-04-16 06:00:00,00000001250,20230416060000,0.0,0.0,0.0,0.0,0.0,0.0,1.0,4,0.0,0.0,,,589352
2023-04-16 07:00:00,00000001250,20230416070000,0.0,0.0,0.0,0.0,0.0,0.0,1.0,4,0.0,0.0,,,589352
2023-04-16 08:00:00,00000001250,20230416080000,0.0,0.0,0.0,0.0,0.0,0.0,1.0,4,0.0,0.0,,,589352
2023-04-16 09:00:00,00000001250,20230416090000,0.0,0.0,0.0,0.0,0.0,0.0,1.0,4,0.0,0.0,,,589352
2023-04-16 10:00:00,00000001250,20230416100000,0.0,0.0,0.0,0.0,0.0,0.0,1.0,4,0.0,0.0,,,589352
2023-04-16 11:00:00,00000001250,20230416110000,0.0,0.0,0.0,0.0,0.0,0.0,1.0,4,0.0,0.0,,,589352
2023-04-16 12:00:00,00000001250,20230416120000,0.0,0.0,0.0,0.0,0.0,0.0,1.0,4,0.0,0.0,,,589352
2023-04-16 13:00:00,00000001250,20230416130000,0.0,0.0,0.0,0.0,0.0,0.0,1.0,4,0.0,0.0,,,589352
2023-04-16 14:00:00,00000001250,20230416140000,0.0,0.0,0.0,0.0,0.0,0.0,1.0,4,0.0,0.0,,,589352
2023-04-16 15:00:00,00000001250,20230416150000,0.0,0.0,0.0,0.0,0.0,0.0,1.0,4,0.0,0.0,,,589352
2023-04-16 16:00:00,00000001250,20230416160000,0.0,0.0,0.0,0.0,0.0,0.0,1.0,4,0.0,0.0,,,589352
2023-04-16 17:00:00,00000001250,20230416170000,0.0,0.0,0.0,0.0,0.0,0.0,1.0,4,0.0,0.0,,,589352
2023-04-16 18:00:00,00000001250,20230416180000,0.0,0.0,0.0,0.0,0.0,0.0,1.0,4,0.0,0.0,,,589352
2023-04-16 19:00:00,00000001250,20230416190000,0.0,0.0,0.0,0.0,0.0,0.0,1.0,4,0.0,0.0,,,589352
2023-04-16 20:00:00,00000001250,20230416200000,0.0,0.0,0.0,0.0,0.0,0.0,1.0,4,0.0,0.0,,,589352
2023-04-16 21:00:00,00000001250,20230416210000,0.0,0.0,0.0,0.0,0.0,0.0,1.0,4,0.0,0.0,,,589352
2023-04-16 22:00:00,00000001250,20230416220000,0.0,0.0,0.0,0.0,0.0,0.0,1.0,4,0.0,0.0,,,589352
2023-04-16 23:00:00,00000001250,20230416230000,0.0,0.0,0.0,0.0,0.0,0.0,1.0,4,0.0,0.0,,,589352
2023-04-17 00:00:00,00000001250,20230417000000,0.0,0.0,0.0,0.0,0.0,0.0,1.0,4,0.0,0.0,,,589352
2023-04-17 01:00:00,00000001250,20230417010000,0.0,0.0,0.0,0.0,0.0,0.0,1.0,4,0.0,0.0,,,589352
2023-04-17 02:00:00,00000001250,20230417020000,0.0,0.0,0.0,0.0,0.0,0.0,1.0,4,0.0,0.0,,,589352
2023-04-17 03:00:00,00000001250,20230417030000,0.0,0.0,0.0,0.0,0.0,0.0,1.0,4,0.0,0.0,,,589352
2023-04-17 04:00:00,00000001250,20230417040000,0.0,0.0,0.0,0.0,0.0,0.0,1.0,4,0.0,0.0,,,589352
2023-04-17 05:00:00,00000001250,20230417050000,0.0,0.0,0.0,0.0,0.0,0.0,1.0,4,0.0,0.0,,,589352
2023-04-17 06:00:00,00000001250,20230417060000,0.0,0.0,0.0,0.0,0.0,0.0,1.0,4,0.0,0.0,,,589352
2023-04-17 07:00:00,00000001250,20230417070000,0.0,0.0,0.0,0.0,0.0,0.0,1.0,4,0.0,0.0,,,589352
2023-04-17 08:00:00,00000001250,20230417080000,0.0,0.0,0.0,0.0,0.0,0.0,1.0,4,0.0,0.0,,,589352
2023-04-17 09:00:00,00000001250,20230417090000,0.0,0.0,0.0,0.0,0.0,0.0,1.0,4,0.0,0.0,,,589352
2023-04-17 10:00:00,00000001250,20230417100000,0.0,0.0,0.0,0.0,0.0,0.0,1.0,4,0.0,0.0,,,589352
2023-04-17 11:00:00,00000001250,20230417110000,0.0,0.0,0.0,0.0,0.0,0.0,1.0,4,0.0,0.0,,,589352
2023-04-17 12:00:00,00000001250,20230417120000,0.0,0.0,0.0,0.0,0.0,0.0,1.0,4,0.0,0.0,,,589352
2023-04-17 13:00:00,00000001250,20230417130000,0.0,0.0,0.0,0.0,0.0,0.0,1.0,4,0.0,0.0,,,589352
2023-04-17 14:00:00,00000001250,20230417140000,0.0,0.0,0.0,0.0,0.0,0.0,1.0,4,0.0,0.0,,,589352
2023-04-17 15:00:00,00000001250,20230417150000,0.0,0.0,0.0,0.0,0.0,0.0,1.0,4,0.0,0.0,,,589352
2023-04-17 16:00:00,00000001250,20230417160000,0.0,0.0,0.0,0.0,0.0,0.0,1.0,4,0.0,0.0,,,589352
2023-04-17 17:00:00,00000001250,20230417170000,0.0,0.0,0.0,0.0,0.0,0.0,1.0,4,0.0,0.0,,,589352
2023-04-17 18:00:00,00000001250,20230417180000,0.0,0.0,0.0,0.0,0.0,0.0,1.0,4,0.0,0.0,,,589352
2023-04-17 19:00:00,00000001250,20230417190000,0.0,0.0,0.0,0.0,0.0,0.0,1.0,4,0.0,0.0,,,589352
2023-04-17 20:00:00,00000001250,20230417200000,0.0,0.0,0.0,0.0,0.0,0.0,1.0,4,0.0,0.0,,,589352
2023-04-17 21:00:00,00000001250,20230417210000,0.0,0.0,0.0,0.0,0.0,0.0,1.0,4,0.0,0.0,,,589352
2023-04-17 22:00:00,00000001250,20230417220000,0.0,0.0,0.0,0.0,0.0,0.0,1.0,4,0.0,0.0,,,589352
2023-04-17 23:00:00,00000001250,20230417230000,0.0,0.0,0.0,0.0,0.0,0.0,1.0,4,0.0,0.0,,,589352
2023-04-18 00:00:00,00000001250,20230418000000,0.0,0.0,0.0,0.0,0.0,0.0,1.0,4,0.0,0.0,,,589352
2023-04-18 01:00:00,00000001250,20230418010000,0.0,0.0,0.0,0.0,0.0,0.0,1.0,4,0.0,0.0,,,589352
2023-04-18 02:00:00,00000001250,20230418020000,0.0,0.0,0.0,0.0,0.0,0.0,1.0,4,0.0,0.0,,,589352
2023-04-18 03:00:00,00000001250,20230418030000,0.0,0.0,0.0,0.0,0.0,0.0,1.0,4,0.0,0.0,,,589352
2023-04-18 04:00:00,00000001250,20230418040000,0.0,0.0,0.0,0.0,0.0,0.0,1.0,4,0.0,0.0,,,589352
2023-04-18 05:00:00,00000001250,20230418050000,0.0,0.0,0.0,0.0,0.0,0.0,1.0,4,0.0,0.0,,,589352
2023-04-18 06:00:00,00000001250,20230418060000,0.0,0.0,0.0,0.0,0.0,0.0,1.0,4,0.0,0.0,,,589352
2023-04-18 07:00:00,00000001250,20230418070000,0.0,0.0,0.0,0.0,0.0,0.0,1.0,4,0.0,0.0,,,589352
2023-04-18 08:00:00,00000001250,20230418080000,0.0,0.0,0.0,0.0,0.0,0.0,1.0,4,0.0,0.0,,,589352
2023-04-18 09:00:00,00000001250,20230418090000,0.0,0.0,0.0,0.0,0.0,0.0,1.0,4,0.0,0.0,,,589352
2023-04-18 10:00:00,00000001250,20230418100000,0.0,0.0,0.0,0.0,0.0,0.0,1.0,4,0.0,0.0,,,589352
2023-04-18 11:00:00,00000001250,20230418110000,0.0,0.0,0.0,0.0,0.0,0.0,1.0,4,0.0,0.0,,,589352
2023-04-18 12:00:00,00000001250,20230418120000,0.0,0.0,0.0,0.0,0.0,0.0,1.0,4,0.0,0.0,,,589352
2023-04-18 13:00:00,00000001250,20230418130000,0.0,0.0,0.0,0.0,0.0,0.0,1.0,4,0.0,0.0,,,589352
2023-04-18 14:00:00,00000001250,20230418140000,0.0,0.0,0.0,0.0,0.0,0.0,1.0,4,0.0,0.0,,,589352
2023-04-18 15:00:00,00000001250,20230418150000,0.0,0.0,0.0,0.0,0.0,0.0,1.0,4,0.0,0.0,,,589352
2023-04-18 16:00:00,00000001250,20230418160000,0.0,0.0,0.0,0.0,0.0,0.0,1.0,4,0.0,0.0,,,589352
2023-04-18 17:00:00,00000001250,20230418170000,0.0,0.0,0.0,0.0,0.0,0.0,1.0,4,0.0,0.0,,,589352
2023-04-18 18:00:00,00000001250,20230418180000,0.0,0.0,0.0,0.0,0.0,0.0,1.0,4,0.0,0.0,,,589352
2023-04-18 19:00:00,00000001250,20230418190000,0.0,0.0,0.0,0.0,0.0,0.0,1.0,4,0.0,0.0,,,589352
2023-04-18 20:00:00,00000001250,20230418200000,0.0,0.0,0.0,0.0,0.0,0.0,1.0,4,0.0,0.0,,,589352
2023-04-18 21:00:00,00000001250,20230418210000,0.0,0.0,0.0,0.0,0.0,0.0,1.0,4,0.0,0.0,,,589352
2023-04-18 22:00:00,00000001250,20230418220000,0.0,0.0,0.0,0.0,0.0,0.0,1.0,4,0.0,0.0,,,589352
2023-04-18 23:00:00,00000001250,20230418230000,0.0,0.0,0.0,0.0,0.0,0.0,1.0,4,0.0,0.0,,,589352
2023-04-19 00:00:00,00000001250,20230419000000,0.0,0.0,0.0,0.0,0.0,0.0,1.0,4,0.0,0.0,,,589352
2023-04-19 01:00:00,00000001250,20230419010000,0.0,0.0,0.0,0.0,0.0,0.0,1.0,4,0.0,0.0,,,589352
2023-04-19 02:00:00,00000001250,20230419020000,0.0,0.0,0.0,0.0,0.0,0.0,1.0,4,0.0,0.0,,,589352
2023-04-19 03:00:00,00000001250,20230419030000,0.0,0.0,0.0,0.0,0.0,0.0,1.0,4,0.0,0.0,,,589352
2023-04-19 04:00:00,00000001250,20230419040000,0.0,0.0,0.0,0.0,0.0,0.0,1.0,4,0.0,0.0,,,589352
2023-04-19 05:00:00,00000001250,20230419050000,0.0,0.0,0.0,0.0,0.0,0.0,1.0,4,0.0,0.0,,,589352
2023-04-19 06:00:00,00000001250,20230419060000,0.0,0.0,0.0,0.0,0.0,0.0,1.0,4,0.0,0.0,,,589352
2023-04-19 07:00:00,00000001250,20230419070000,0.0,0.0,0.0,0.0,0.0,0.0,1.0,4,0.0,0.0,,,589352
2023-04-19 08:00:00,00000001250,20230419080000,0.0,0.0,0.0,0.0,0.0,0.0,1.0,4,0.0,0.0,,,589352
2023-04-19 09:00:00,00000001250,20230419090000,0.0,0.0,0.0,0.0,0.0,0.0,1.0,4,0.0,0.0,,,589352
2023-04-19 10:00:00,00000001250,20230419100000,0.0,0.0,0.0,0.0,0.0,0.0,1.0,4,0.0,0.0,,,589352
2023-04-19 11:00:00,00000001250,20230419110000,0.0,0.0,0.0,0.0,0.0,0.0,1.0,4,0.0,0.0,,,589352
2023-04-19 12:00:00,00000001250,20230419120000,0.0,0.0,0.0,0.0,0.0,0.0,1.0,4,0.0,0.0,,,589352
2023-04-19 13:00:00,00000001250,20230419130000,0.0,0.0,0.0,0.0,0.0,0.0,1.0,4,0.0,0.0,,,589352
2023-04-19 14:00:00,00000001250,20230419140000,0.0,0.0,0.0,0.0,0.0,0.0,1.0,4,0.0,0.0,,,589352
2023-04-19 15:00:00,00000001250,20230419150000,0.0,0.0,0.0,0.0,0.0,0.0,1.0,4,0.0,0.0,,,589352
2023-04-19 16:00:00,00000001250,20230419160000,0.0,0.0,0.0,0.0,0.0,0.0,1.0,4,0.0,0.0,,,589352
2023-04-19 17:00:00,00000001250,20230419170000,0.0,0.0,0.0,0.0,0.0,0.0,1.0,4,0.0,0.0,,,589352
2023-04-19 18:00:00,00000001250,20230419180000,0.0,0.0,0.0,0.0,0.0,0.0,1.0,4,0.0,0.0,,,589352
2023-04-19 19:00:00,00000001250,20230419190000,0.0,0.0,0.0,0.0,0.0,0.0,1.0,4,0.0,0.0,,,589352
2023-04-19 20:00:00,00000001250,20230419200000,0.0,0.0,0.0,0.0,0.0,0.0,1.0,4,0.0,0.0,,,589352
2023-04-19 21:00:00,00000001250,20230419210000,0.0,0.0,0.0,0.0,0.0,0.0,1.0,4,0.0,0.0,,,589352
2023-04-19 22:00:00,00000001250,20230419220000,0.0,0.0,0.0,0.0,0.0,0.0,1.0,4,0.0,0.0,,,589352
2023-04-19 23:00:00,00000001250,20230419230000,0.0,0.0,0.0,0.0,0.0,0.0,1.0,4,0.0,0.0,,,589352
2023-04-20 00:00:00,00000001250,20230420000000,0.0,0.0,0.0,0.0,0.0,0.0,1.0,4,0.0,0.0,,,589352
2023-04-20 01:00:00,00000001250,20230420010000,0.0,0.0,0.0,0.0,0.0,0.0,1.0,4,0.0,0.0,,,589352
2023-04-20 02:00:00,00000001250,20230420020000,0.0,0.0,0.0,0.0,0.0,0.0,1.0,4,0.0,0.0,,,589352
2023-04-20 03:00:00,00000001250,20230420030000,0.0,0.0,0.0,0.0,0.0,0.0,1.0,4,0.0,0.0,,,589352
2023-04-20 04:00:00,00000001250,20230420040000,0.0,0.0,0.0,0.0,0.0,0.0,1.0,4,0.0,0.0,,,589352
2023-04-20 05:00:00,00000001250,20230420050000,0.0,0.0,0.0,0.0,0.0,0.0,1.0,4,0.0,0.0,,,589352
2023-04-20 06:00:00,00000001250,20230420060000,0.0,0.0,0.0,0.0,0.0,0.0,1.0,4,0.0,0.0,,,589352
2023-04-20 07:00:00,00000001250,20230420070000,0.0,0.0,0.0,0.0,0.0,0.0,1.0,4,0.0,0.0,,,589352
2023-04-20 08:00:00,00000001250,20230420080000,0.0,0.0,0.0,0.0,0.0,0.0,1.0,4,0.0,0.0,,,589352
2023-04-20 09:00:00,00000001250,20230420090000,0.0,0.0,0.0,0.0,0.0,0.0,1.0,4,0.0,0.0,,,589352
2023-04-20 10:00:00,00000001250,20230420100000,0.0,0.0,0.0,0.0,0.0,0.0,1.0,4,0.0,0.0,,,589352
2023-04-20 11:00:00,00000001250,20230420110000,0.0,0.0,0.0,0.0,0.0,0.0,1.0,4,0.0,0.0,,,589352
2023-04-20 12:00:00,00000001250,20230420120000,0.0,0.0,0.0,0.0,0.0,0.0,1.0,4,0.0,0.0,,,589352
2023-04-20 13:00:00,00000001250,20230420130000,0.0,0.0,0.0,0.0,0.0,0.0,1.0,4,0.0,0.0,,,589352
2023-04-20 14:00:00,00000001250,20230420140000,0.0,0.0,0.0,0.0,0.0,0.0,1.0,4,0.0,0.0,,,589352
2023-04-20 15:00:00,00000001250,20230420150000,0.0,0.0,0.0,0.0,0.0,0.0,1.0,4,0.0,0.0,,,589352
2023-04-20 16:00:00,00000001250,20230420160000,0.0,0.0,0.0,0.0,0.0,0.0,1.0,4,0.0,0.0,,,589352
2023-04-20 17:00:00,00000001250,20230420170000,0.0,0.0,0.0,0.0,0.0,0.0,1.0,4,0.0,0.0,,,589352
2023-04-20 18:00:00,00000001250,20230420180000,0.0,0.0,0.0,0.0,0.0,0.0,1.0,4,0.0,0.0,,,589352
2023-04-20 19:00:00,00000001250,20230420190000,0.0,0.0,0.0,0.0,0.0,0.0,1.0,4,0.0,0.0,,,589352
2023-04-20 20:00:00,00000001250,20230420200000,0.0,0.0,0.0,0.0,0.0,0.0,1.0,4,0.0,0.0,,,589352
2023-04-20 21:00:00,00000001250,20230420210000,0.0,0.0,0.0,0.0,0.0,0.0,1.0,4,0.0,0.0,,,589352
2023-04-20 22:00:00,00000001250,20230420220000,0.0,0.0,0.0,0.0,0.0,0.0,1.0,4,0.0,0.0,,,589352
2023-04-20 23:00:00,00000001250,20230420230000,0.0,0.0,0.0,0.0,0.0,0.0,1.0,4,0.0,0.0,,,589352
2023-04-21 00:00:00,00000001250,20230421000000,0.0,0.0,0.0,0.0,0.0,0.0,1.0,4,0.0,0.0,,,589352
2023-04-21 01:00:00,00000001250,20230421010000,0.0,0.0,0.0,0.0,0.0,0.0,1.0,4,0.0,0.0,,,589352
2023-04-21 02:00:00,00000001250,20230421020000,0.0,0.0,0.0,0.0,0.0,0.0,1.0,4,0.0,0.0,,,589352
2023-04-21 03:00:00,00000001250,20230421030000,0.0,0.0,0.0,0.0,0.0,0.0,1.0,4,0.0,0.0,,,589352
2023-04-21 04:00:00,00000001250,20230421040000,0.0,0.0,0.0,0.0,0.0,0.0,1.0,4,0.0,0.0,,,589352
2023-04-21 05:00:00,00000001250,20230421050000,0.0,0.0,0.0,0.0,0.0,0.0,1.0,4,0.0,0.0,,,589352
2023-04-21 06:00:00,00000001250,20230421060000,0.0,0.0,0.0,0.0,0.0,0.0,1.0,4,0.0,0.0,,,589352
2023-04-21 07:00:00,00000001250,20230421070000,0.0,0.0,0.0,0.0,0.0,0.0,1.0,4,0.0,0.0,,,589352
2023-04-21 08:00:00,00000001250,20230421080000,0.0,0.0,0.0,0.0,0.0,0.0,1.0,4,0.0,0.0,,,589352
2023-04-21 09:00:00,00000001250,20230421090000,0.0,0.0,0.0,0.0,0.0,0.0,1.0,4,0.0,0.0,,,589352
2023-04-21 10:00:00,00000001250,20230421100000,0.0,0.0,0.0,0.0,0.0,0.0,1.0,4,0.0,0.0,,,589352
2023-04-21 11:00:00,00000001250,20230421110000,0.0,0.0,0.0,0.0,0.0,0.0,1.0,4,0.0,0.0,,,589352
2023-04-21 12:00:00,00000001250,20230421120000,0.0,0.0,0.0,0.0,0.0,0.0,1.0,4,0.0,0.0,,,589352
2023-04-21 13:00:00,00000001250,20230421130000,0.0,0.0,0.0,0.0,0.0,0.0,1.0,4,0.0,0.0,,,589352
2023-04-21 14:00:00,00000001250,20230421140000,0.0,0.0,0.0,0.0,0.0,0.0,1.0,4,0.0,0.0,,,589352
2023-04-21 15:00:00,00000001250,20230421150000,0.0,0.0,0.0,0.0,0.0,0.0,1.0,4,0.0,0.0,,,589352
2023-04-21 16:00:00,00000001250,20230421160000,0.0,0.0,0.0,0.0,0.0,0.0,1.0,4,0.0,0.0,,,589352
2023-04-21 17:00:00,00000001250,20230421170000,0.0,0.0,0.0,0.0,0.0,0.0,1.0,4,0.0,0.0,,,589352
2023-04-21 18:00:00,00000001250,20230421180000,0.0,0.0,0.0,0.0,0.0,0.0,1.0,4,0.0,0.0,,,589352
2023-04-21 19:00:00,00000001250,20230421190000,0.0,0.0,0.0,0.0,0.0,0.0,1.0,4,0.0,0.0,,,589352
2023-04-21 20:00:00,00000001250,20230421200000,0.0,0.0,0.0,0.0,0.0,0.0,1.0,4,0.0,0.0,,,589352
2023-04-21 21:00:00,00000001250,20230421210000,0.0,0.0,0.0,0.0,0.0,0.0,1.0,4,0.0,0.0,,,589352
2023-04-21 22:00:00,00000001250,20230421220000,0.0,0.0,0.0,0.0,0.0,0.0,1.0,4,0.0,0.0,,,589352
2023-04-21 23:00:00,00000001250,20230421230000,0.0,0.0,0.0,0.0,0.0,0.0,1.0,4,0.0,0.0,,,589352
2023-04-22 00:00:00,00000001250,20230422000000,0.0,0.0,0.0,0.0,0.0,0.0,1.0,4,0.0,0.0,,,589352
2023-04-22 01:00:00,00000001250,20230422010000,0.0,0.0,0.0,0.0,0.0,0.0,1.0,4,0.0,0.0,,,589352
2023-04-22 02:00:00,00000001250,20230422020000,0.0,0.0,0.0,0.0,0.0,0.0,1.0,4,0.0,0.0,,,589352
2023-04-22 03:00:00,00000001250,20230422030000,0.0,0.0,0.0,0.0,0.0,0.0,1.0,4,0.0,0.0,,,589352
2023-04-22 04:00:00,00000001250,20230422040000,0.0,0.0,0.0,0.0,0.0,0.0,1.0,4,0.0,0.0,,,589352
2023-04-22 05:00:00,00000001250,20230422050000,0.0,0.0,0.0,0.0,0.0,0.0,1.0,4,0.0,0.0,,,589352
2023-04-22 06:00:00,00000001250,20230422060000,0.0,0.0,0.0,0.0,0.0,0.0,1.0,4,0.0,0.0,,,589352
2023-04-22 07:00:00,00000001250,20230422070000,0.0,0.0,0.0,0.0,0.0,0.0,1.0,4,0.0,0.0,,,589352
2023-04-22 08:00:00,00000001250,20230422080000,0.0,0.0,0.0,0.0,0.0,0.0,1.0,4,0.0,0.0,,,589352
2023-04-22 09:00:00,00000001250,20230422090000,0.0,0.0,0.0,0.0,0.0,0.0,1.0,4,0.0,0.0,,,589352
2023-04-22 10:00:00,00000001250,20230422100000,0.0,0.0,0.0,0.0,0.0,0.0,1.0,4,0.0,0.0,,,589352
2023-04-22 11:00:00,00000001250,20230422110000,0.0,0.0,0.0,0.0,0.0,0.0,1.0,4,0.0,0.0,,,589352
2023-04-22 12:00:00,00000001250,20230422120000,0.0,0.0,0.0,0.0,0.0,0.0,1.0,4,0.0,0.0,,,589352
2023-04-22 13:00:00,00000001250,20230422130000,0.0,0.0,0.0,0.0,0.0,0.0,1.0,4,0.0,0.0,,,589352
2023-04-22 14:00:00,00000001250,20230422140000,0.0,0.0,0.0,0.0,0.0,0.0,1.0,4,0.0,0.0,,,589352
2023-04-22 15:00:00,00000001250,20230422150000,0.0,0.0,0.0,0.0,0.0,0.0,1.0,4,0.0,0.0,,,589352
2023-04-22 16:00:00,00000001250,20230422160000,0.0,0.0,0.0,0.0,0.0,0.0,1.0,4,0.0,0.0,,,589352
2023-04-22 17:00:00,00000001250,20230422170000,0.0,0.0,0.0,0.0,0.0,0.0,1.0,4,0.0,0.0,,,589352
2023-04-22 18:00:00,00000001250,20230422180000,0.0,0.0,0.0,0.0,0.0,0.0,1.0,4,0.0,0.0,,,589352
2023-04-22 19:00:00,00000001250,20230422190000,0.0,0.0,0.0,0.0,0.0,0.0,1.0,4,0.0,0.0,,,589352
2023-04-22 20:00:00,00000001250,20230422200000,0.0,0.0,0.0,0.0,0.0,0.0,1.0,4,0.0,0.0,,,589352
2023-04-22 21:00:00,00000001250,20230422210000,0.0,0.0,0.0,0.0,0.0,0.0,1.0,4,0.0,0.0,,,589352
2023-04-22 22:00:00,00000001250,20230422220000,0.0,0.0,0.0,0.0,0.0,0.0,1.0,4,0.0,0.0,,,589352
2023-04-22 23:00:00,00000001250,20230422230000,0.0,0.0,0.0,0.0,0.0,0.0,1.0,4,0.0,0.0,,,589352
2023-04-23 00:00:00,00000001250,20230423000000,0.0,0.0,0.0,0.0,0.0,0.0,1.0,4,0.0,0.0,,,589352
2023-04-23 01:00:00,00000001250,20230423010000,0.0,0.0,0.0,0.0,0.0,0.0,1.0,4,0.0,0.0,,,589352
2023-04-23 02:00:00,00000001250,20230423020000,0.0,0.0,0.0,0.0,0.0,0.0,1.0,4,0.0,0.0,,,589352
2023-04-23 03:00:00,00000001250,20230423030000,0.0,0.0,0.0,0.0,0.0,0.0,1.0,4,0.0,0.0,,,589352
2023-04-23 04:00:00,00000001250,20230423040000,0.0,0.0,0.0,0.0,0.0,0.0,1.0,4,0.0,0.0,,,589352
2023-04-23 05:00:00,00000001250,20230423050000,0.0,0.0,0.0,0.0,0.0,0.0,1.0,4,0.0,0.0,,,589352
2023-04-23 06:00:00,00000001250,20230423060000,0.0,0.0,0.0,0.0,0.0,0.0,1.0,4,0.0,0.0,,,589352
2023-04-23 07:00:00,00000001250,20230423070000,0.0,0.0,0.0,0.0,0.0,0.0,1.0,4,0.0,0.0,,,589352
2023-04-23 08:00:00,00000001250,20230423080000,0.0,0.0,0.0,0.0,0.0,0.0,1.0,4,0.0,0.0,,,589352
2023-04-23 09:00:00,00000001250,20230423090000,0.0,0.0,0.0,0.0,0.0,0.0,1.0,4,0.0,0.0,,,589352
2023-04-23 10:00:00,00000001250,20230423100000,0.0,0.0,0.0,0.0,0.0,0.0,1.0,4,0.0,0.0,,,589352
2023-04-23 11:00:00,00000001250,20230423110000,0.0,0.0,0.0,0.0,0.0,0.0,1.0,4,0.0,0.0,,,589352
2023-04-23 12:00:00,00000001250,20230423120000,0.0,0.0,0.0,0.0,0.0,0.0,1.0,4,0.0,0.0,,,589352
2023-04-23 13:00:00,00000001250,20230423130000,0.0,0.0,0.0,0.0,0.0,0.0,1.0,4,0.0,0.0,,,589352
2023-04-23 14:00:00,00000001250,20230423140000,0.0,0.0,0.0,0.0,0.0,0.0,1.0,4,0.0,0.0,,,589352
2023-04-23 15:00:00,00000001250,20230423150000,0.0,0.0,0.0,0.0,0.0,0.0,1.0,4,0.0,0.0,,,589352
2023-04-23 16:00:00,00000001250,20230423160000,0.0,0.0,0.0,0.0,0.0,0.0,1.0,4,0.0,0.0,,,589352
2023-04-23 17:00:00,00000001250,20230423170000,0.0,0.0,0.0,0.0,0.0,0.0,1.0,4,0.0,0.0,,,589352
2023-04-23 18:00:00,00000001250,20230423180000,0.0,0.0,0.0,0.0,0.0,0.0,1.0,4,0.0,0.0,,,589352
2023-04-23 19:00:00,00000001250,20230423190000,0.0,0.0,0.0,0.0,0.0,0.0,1.0,4,0.0,0.0,,,589352
2023-04-23 20:00:00,00000001250,20230423200000,0.0,0.0,0.0,0.0,0.0,0.0,1.0,4,0.0,0.0,,,589352
2023-04-23 21:00:00,00000001250,20230423210000,0.0,0.0,0.0,0.0,0.0,0.0,1.0,4,0.0,0.0,,,589352
2023-04-23 22:00:00,00000001250,20230423220000,0.0,0.0,0.0,0.0,0.0,0.0,1.0,4,0.0,0.0,,,589352
2023-04-23 23:00:00,00000001250,20230423230000,0.0,0.0,0.0,0.0,0.0,0.0,1.0,4,0.0,0.0,,,589352
2023-04-24 00:00:00,00000001250,20230424000000,0.0,0.0,0.0,0.0,0.0,0.0,1.0,4,0.0,0.0,,,589352
2023-04-24 01:00:00,00000001250,20230424010000,0.0,0.0,0.0,0.0,0.0,0.0,1.0,4,0.0,0.0,,,589352
2023-04-24 02:00:00,00000001250,20230424020000,0.0,0.0,0.0,0.0,0.0,0.0,1.0,4,0.0,0.0,,,589352
2023-04-24 03:00:00,00000001250,20230424030000,0.0,0.0,0.0,0.0,0.0,0.0,1.0,4,0.0,0.0,,,589352
2023-04-24 04:00:00,00000001250,20230424040000,0.0,0.0,0.0,0.0,0.0,0.0,1.0,4,0.0,0.0,,,589352
2023-04-24 05:00:00,00000001250,20230424050000,0.0,0.0,0.0,0.0,0.0,0.0,1.0,4,0.0,0.0,,,589352
2023-04-24 06:00:00,00000001250,20230424060000,0.0,0.0,0.0,0.0,0.0,0.0,1.0,4,0.0,0.0,,,589352
2023-04-24 07:00:00,00000001250,20230424070000,0.0,0.0,0.0,0.0,0.0,0.0,1.0,4,0.0,0.0,,,589352
2023-04-24 08:00:00,00000001250,20230424080000,0.0,0.0,0.0,0.0,0.0,0.0,1.0,4,0.0,0.0,,,589352
2023-04-24 09:00:00,00000001250,20230424090000,0.0,0.0,0.0,0.0,0.0,0.0,1.0,4,0.0,0.0,,,589352
2023-04-24 10:00:00,00000001250,20230424100000,0.0,0.0,0.0,0.0,0.0,0.0,1.0,4,0.0,0.0,,,589352
2023-04-24 11:00:00,00000001250,20230424110000,0.0,0.0,0.0,0.0,0.0,0.0,1.0,4,0.0,0.0,,,589352
2023-04-24 12:00:00,00000001250,20230424120000,0.0,0.0,0.0,0.0,0.0,0.0,1.0,4,0.0,0.0,,,589352
2023-04-24 13:00:00,00000001250,20230424130000,0.0,0.0,0.0,0.0,0.0,0.0,1.0,4,0.0,0.0,,,589352
2023-04-24 14:00:00,00000001250,20230424140000,0.0,0.0,0.0,0.0,0.0,0.0,1.0,4,0.0,0.0,,,589352
2023-04-24 15:00:00,00000001250,20230424150000,0.0,0.0,0.0,0.0,0.0,0.0,1.0,4,0.0,0.0,,,589352
2023-04-24 16:00:00,00000001250,20230424160000,0.0,0.0,0.0,0.0,0.0,0.0,1.0,4,0.0,0.0,,,589352
2023-04-24 17:00:00,00000001250,20230424170000,0.0,0.0,0.0,0.0,0.0,0.0,1.0,4,0.0,0.0,,,589352
2023-04-24 18:00:00,00000001250,20230424180000,0.0,0.0,0.0,0.0,0.0,0.0,1.0,4,0.0,0.0,,,589352
2023-04-24 19:00:00,00000001250,20230424190000,0.0,0.0,0.0,0.0,0.0,0.0,1.0,4,0.0,0.0,,,589352
2023-04-24 20:00:00,00000001250,20230424200000,0.0,0.0,0.0,0.0,0.0,0.0,1.0,4,0.0,0.0,,,589352
2023-04-24 21:00:00,00000001250,20230424210000,0.0,0.0,0.0,0.0,0.0,0.0,1.0,4,0.0,0.0,,,589352
2023-04-24 22:00:00,00000001250,20230424220000,0.0,0.0,0.0,0.0,0.0,0.0,1.0,4,0.0,0.0,,,589352
2023-04-24 23:00:00,00000001250,20230424230000,0.0,0.0,0.0,0.0,0.0,0.0,1.0,4,0.0,0.0,,,589352
2023-04-25 00:00:00,00000001250,20230425000000,0.0,0.0,0.0,0.0,0.0,0.0,1.0,4,0.0,0.0,,,589352
2023-04-25 01:00:00,00000001250,20230425010000,0.0,0.0,0.0,0.0,0.0,0.0,1.0,4,0.0,0.0,,,589352
2023-04-25 02:00:00,00000001250,20230425020000,0.0,0.0,0.0,0.0,0.0,0.0,1.0,4,0.0,0.0,,,589352
2023-04-25 03:00:00,00000001250,20230425030000,0.0,0.0,0.0,0.0,0.0,0.0,1.0,4,0.0,0.0,,,589352
2023-04-25 04:00:00,00000001250,20230425040000,0.0,0.0,0.0,0.0,0.0,0.0,1.0,4,0.0,0.0,,,589352
2023-04-25 05:00:00,00000001250,20230425050000,0.0,0.0,0.0,0.0,0.0,0.0,1.0,4,0.0,0.0,,,589352
2023-04-25 06:00:00,00000001250,20230425060000,0.0,0.0,0.0,0.0,0.0,0.0,1.0,4,0.0,0.0,,,589352
2023-04-25 07:00:00,00000001250,20230425070000,0.0,0.0,0.0,0.0,0.0,0.0,1.0,4,0.0,0.0,,,589352
2023-04-25 08:00:00,00000001250,20230425080000,0.0,0.0,0.0,0.0,0.0,0.0,1.0,4,0.0,0.0,,,589352
2023-04-25 09:00:00,00000001250,20230425090000,0.0,0.0,0.0,0.0,0.0,0.0,1.0,4,0.0,0.0,,,589352
2023-04-25 10:00:00,00000001250,20230425100000,0.0,0.0,0.0,0.0,0.0,0.0,1.0,4,0.0,0.0,,,589352
2023-04-25 11:00:00,00000001250,20230425110000,0.0,0.0,0.0,0.0,0.0,0.0,1.0,4,0.0,0.0,,,589352
2023-04-25 12:00:00,00000001250,20230425120000,0.0,0.0,0.0,0.0,0.0,0.0,1.0,4,0.0,0.0,,,589352
2023-04-25 13:00:00,00000001250,20230425130000,0.0,0.0,0.0,0.0,0.0,0.0,1.0,4,0.0,0.0,,,589352
2023-04-25 14:00:00,00000001250,20230425140000,0.0,0.0,0.0,0.0,0.0,0.0,1.0,4,0.0,0.0,,,589352
2023-04-25 15:00:00,00000001250,20230425150000,0.0,0.0,0.0,0.0,0.0,0.0,1.0,4,0.0,0.0,,,589352
2023-04-25 16:00:00,00000001250,20230425160000,0.0,0.0,0.0,0.0,0.0,0.0,1.0,4,0.0,0.0,,,589352
2023-04-25 17:00:00,00000001250,20230425170000,0.0,0.0,0.0,0.0,0.0,0.0,1.0,4,0.0,0.0,,,589352
2023-04-25 18:00:00,00000001250,20230425180000,0.0,0.0,0.0,0.0,0.0,0.0,1.0,4,0.0,0.0,,,589352
2023-04-25 19:00:00,00000001250,20230425190000,0.0,0.0,0.0,0.0,0.0,0.0,1.0,4,0.0,0.0,,,589352
2023-04-25 20:00:00,00000001250,20230425200000,0.0,0.0,0.0,0.0,0.0,0.0,1.0,4,0.0,0.0,,,589352
2023-04-25 21:00:00,00000001250,20230425210000,0.0,0.0,0.0,0.0,0.0,0.0,1.0,4,0.0,0.0,,,589352
2023-04-25 22:00:00,00000001250,20230425220000,0.0,0.0,0.0,0.0,0.0,0.0,1.0,4,0.0,0.0,,,589352
2023-04-25 23:00:00,00000001250,20230425230000,0.0,0.0,0.0,0.0,0.0,0.0,1.0,4,0.0,0.0,,,589352
2023-04-26 00:00:00,00000001250,20230426000000,0.0,0.0,0.0,0.0,0.0,0.0,1.0,4,0.0,0.0,,,589352
2023-04-26 01:00:00,00000001250,20230426010000,0.0,0.0,0.0,0.0,0.0,0.0,1.0,4,0.0,0.0,,,589352
2023-04-26 02:00:00,00000001250,20230426020000,0.0,0.0,0.0,0.0,0.0,0.0,1.0,4,0.0,0.0,,,589352
2023-04-26 03:00:00,00000001250,20230426030000,0.0,0.0,0.0,0.0,0.0,0.0,1.0,4,0.0,0.0,,,589352
2023-04-26 04:00:00,00000001250,20230426040000,0.0,0.0,0.0,0.0,0.0,0.0,1.0,4,0.0,0.0,,,589352
2023-04-26 05:00:00,00000001250,20230426050000,0.0,0.0,0.0,0.0,0.0,0.0,1.0,4,0.0,0.0,,,589352
2023-04-26 06:00:00,00000001250,20230426060000,0.0,0.0,0.0,0.0,0.0,0.0,1.0,4,0.0,0.0,,,589352
2023-04-26 07:00:00,00000001250,20230426070000,0.0,0.0,0.0,0.0,0.0,0.0,1.0,4,0.0,0.0,,,589352
2023-04-26 08:00:00,00000001250,20230426080000,0.0,0.0,0.0,0.0,0.0,0.0,1.0,4,0.0,0.0,,,589352
2023-04-26 09:00:00,00000001250,20230426090000,0.0,0.0,0.0,0.0,0.0,0.0,1.0,4,0.0,0.0,,,589352
2023-04-26 10:00:00,00000001250,20230426100000,0.0,0.0,0.0,0.0,0.0,0.0,1.0,4,0.0,0.0,,,589352
2023-04-26 11:00:00,00000001250,20230426110000,0.0,0.0,0.0,0.0,0.0,0.0,1.0,4,0.0,0.0,,,589352
2023-04-26 12:00:00,00000001250,20230426120000,0.0,0.0,0.0,0.0,0.0,0.0,1.0,4,0.0,0.0,,,589352
2023-04-26 13:00:00,00000001250,20230426130000,0.0,0.0,0.0,0.0,0.0,0.0,1.0,4,0.0,0.0,,,589352
2023-04-26 14:00:00,00000001250,20230426140000,0.0,0.0,0.0,0.0,0.0,0.0,1.0,4,0.0,0.0,,,589352
2023-04-26 15:00:00,00000001250,20230426150000,0.0,0.0,0.0,0.0,0.0,0.0,1.0,4,0.0,0.0,,,589352
2023-04-26 16:00:00,00000001250,20230426160000,0.0,0.0,0.0,0.0,0.0,0.0,1.0,4,0.0,0.0,,,589352
2023-04-26 17:00:00,00000001250,20230426170000,0.0,0.0,0.0,0.0,0.0,0.0,1.0,4,0.0,0.0,,,589352
2023-04-26 18:00:00,00000001250,20230426180000,0.0,0.0,0.0,0.0,0.0,0.0,1.0,4,0.0,0.0,,,589352
2023-04-26 19:00:00,00000001250,20230426190000,0.0,0.0,0.0,0.0,0.0,0.0,1.0,4,0.0,0.0,,,589352
2023-04-26 20:00:00,00000001250,20230426200000,0.0,0.0,0.0,0.0,0.0,0.0,1.0,4,0.0,0.0,,,589352
2023-04-26 21:00:00,00000001250,20230426210000,0.0,0.0,0.0,0.0,0.0,0.0,1.0,4,0.0,0.0,,,589352
2023-04-26 22:00:00,00000001250,20230426220000,0.0,0.0,0.0,0.0,0.0,0.0,1.0,4,0.0,0.0,,,589352
2023-04-26 23:00:00,00000001250,20230426230000,0.0,0.0,0.0,0.0,0.0,0.0,1.0,4,0.0,0.0,,,589352
2023-04-27 00:00:00,00000001250,20230427000000,0.0,0.0,0.0,0.0,0.0,0.0,1.0,4,0.0,0.0,,,589352
2023-04-27 01:00:00,00000001250,20230427010000,0.0,0.0,0.0,0.0,0.0,0.0,1.0,4,0.0,0.0,,,589352
2023-04-27 02:00:00,00000001250,20230427020000,0.0,0.0,0.0,0.0,0.0,0.0,1.0,4,0.0,0.0,,,589352
2023-04-27 03:00:00,00000001250,20230427030000,0.0,0.0,0.0,0.0,0.0,0.0,1.0,4,0.0,0.0,,,589352
2023-04-27 04:00:00,00000001250,20230427040000,0.0,0.0,0.0,0.0,0.0,0.0,1.0,4,0.0,0.0,,,589352
2023-04-27 05:00:00,00000001250,20230427050000,0.0,0.0,0.0,0.0,0.0,0.0,1.0,4,0.0,0.0,,,589352
2023-04-27 06:00:00,00000001250,20230427060000,0.0,0.0,0.0,0.0,0.0,0.0,1.0,4,0.0,0.0,,,589352
2023-04-27 07:00:00,00000001250,20230427070000,0.0,0.0,0.0,0.0,0.0,0.0,1.0,4,0.0,0.0,,,589352
2023-04-27 08:00:00,00000001250,20230427080000,0.0,0.0,0.0,0.0,0.0,0.0,1.0,4,0.0,0.0,,,589352
2023-04-27 09:00:00,00000001250,20230427090000,0.0,0.0,0.0,0.0,0.0,0.0,1.0,4,0.0,0.0,,,589352
2023-04-27 10:00:00,00000001250,20230427100000,0.0,0.0,0.0,0.0,0.0,0.0,1.0,4,0.0,0.0,,,589352
2023-04-27 11:00:00,00000001250,20230427110000,0.0,0.0,0.0,0.0,0.0,0.0,1.0,4,0.0,0.0,,,589352
2023-04-27 12:00:00,00000001250,20230427120000,0.0,0.0,0.0,0.0,0.0,0.0,1.0,4,0.0,0.0,,,589352
2023-04-27 13:00:00,00000001250,20230427130000,0.0,0.0,0.0,0.0,0.0,0.0,1.0,4,0.0,0.0,,,589352
2023-04-27 14:00:00,00000001250,20230427140000,0.0,0.0,0.0,0.0,0.0,0.0,1.0,4,0.0,0.0,,,589352
2023-04-27 15:00:00,00000001250,20230427150000,0.0,0.0,0.0,0.0,0.0,0.0,1.0,4,0.0,0.0,,,589352
2023-04-27 16:00:00,00000001250,20230427160000,0.0,0.0,0.0,0.0,0.0,0.0,1.0,4,0.0,0.0,,,589352
2023-04-27 17:00:00,00000001250,20230427170000,0.0,0.0,0.0,0.0,0.0,0.0,1.0,4,0.0,0.0,,,589352
2023-04-27 18:00:00,00000001250,20230427180000,0.0,0.0,0.0,0.0,0.0,0.0,1.0,4,0.0,0.0,,,589352
2023-04-27 19:00:00,00000001250,20230427190000,0.0,0.0,0.0,0.0,0.0,0.0,1.0,4,0.0,0.0,,,589352
2023-04-27 20:00:00,00000001250,20230427200000,0.0,0.0,0.0,0.0,0.0,0.0,1.0,4,0.0,0.0,,,589352
2023-04-27 21:00:00,00000001250,20230427210000,0.0,0.0,0.0,0.0,0.0,0.0,1.0,4,0.0,0.0,,,589352
2023-04-27 22:00:00,00000001250,20230427220000,0.0,0.0,0.0,0.0,0.0,0.0,1.0,4,0.0,0.0,,,589352
2023-04-27 23:00:00,00000001250,20230427230000,0.0,0.0,0.0,0.0,0.0,0.0,1.0,4,0.0,0.0,,,589352
2023-04-28 00:00:00,00000001250,20230428000000,0.0,0.0,0.0,0.0,0.0,0.0,1.0,4,0.0,0.0,,,589352
2023-04-28 01:00:00,00000001250,20230428010000,0.0,0.0,0.0,0.0,0.0,0.0,1.0,4,0.0,0.0,,,589352
2023-04-28 02:00:00,00000001250,20230428020000,0.0,0.0,0.0,0.0,0.0,0.0,1.0,4,0.0,0.0,,,589352
2023-04-28 03:00:00,00000001250,20230428030000,0.0,0.0,0.0,0.0,0.0,0.0,1.0,4,0.0,0.0,,,589352
2023-04-28 04:00:00,00000001250,20230428040000,0.0,0.0,0.0,0.0,0.0,0.0,1.0,4,0.0,0.0,,,589352
2023-04-28 05:00:00,00000001250,20230428050000,0.0,0.0,0.0,0.0,0.0,0.0,1.0,4,0.0,0.0,,,589352
2023-04-28 06:00:00,00000001250,20230428060000,0.0,0.0,0.0,0.0,0.0,0.0,1.0,4,0.0,0.0,,,589352
2023-04-28 07:00:00,00000001250,20230428070000,0.0,0.0,0.0,0.0,0.0,0.0,1.0,4,0.0,0.0,,,589352
2023-04-28 08:00:00,00000001250,20230428080000,0.0,0.0,0.0,0.0,0.0,0.0,1.0,4,0.0,0.0,,,589352
2023-04-28 09:00:00,00000001250,20230428090000,0.0,0.0,0.0,0.0,0.0,0.0,1.0,4,0.0,0.0,,,589352
2023-04-28 10:00:00,00000001250,20230428100000,0.0,0.0,0.0,0.0,0.0,0.0,1.0,4,0.0,0.0,,,589352
2023-04-28 11:00:00,00000001250,20230428110000,0.0,0.0,0.0,0.0,0.0,0.0,1.0,4,0.0,0.0,,,589352
2023-04-28 12:00:00,00000001250,20230428120000,0.0,0.0,0.0,0.0,0.0,0.0,1.0,4,0.0,0.0,,,589352
2023-04-28 13:00:00,00000001250,20230428130000,0.0,0.0,0.0,0.0,0.0,0.0,1.0,4,0.0,0.0,,,589352
2023-04-28 14:00:00,00000001250,20230428140000,0.0,0.0,0.0,0.0,0.0,0.0,1.0,4,0.0,0.0,,,589352
2023-04-28 15:00:00,00000001250,20230428150000,0.0,0.0,0.0,0.0,0.0,0.0,1.0,4,0.0,0.0,,,589352
2023-04-28 16:00:00,00000001250,20230428160000,0.0,0.0,0.0,0.0,0.0,0.0,1.0,4,0.0,0.0,,,589352
2023-04-28 17:00:00,00000001250,20230428170000,0.0,0.0,0.0,0.0,0.0,0.0,1.0,4,0.0,0.0,,,589352
2023-04-28 18:00:00,00000001250,20230428180000,0.0,0.0,0.0,0.0,0.0,0.0,1.0,4,0.0,0.0,,,589352
2023-04-28 19:00:00,00000001250,20230428190000,0.0,0.0,0.0,0.0,0.0,0.0,1.0,4,0.0,0.0,,,589352
2023-04-28 20:00:00,00000001250,20230428200000,0.0,0.0,0.0,0.0,0.0,0.0,1.0,4,0.0,0.0,,,589352
2023-04-28 21:00:00,00000001250,20230428210000,0.0,0.0,0.0,0.0,0.0,0.0,1.0,4,0.0,0.0,,,589352
2023-04-28 22:00:00,00000001250,20230428220000,0.0,0.0,0.0,0.0,0.0,0.0,1.0,4,0.0,0.0,,,589352
2023-04-28 23:00:00,00000001250,20230428230000,0.0,0.0,0.0,0.0,0.0,0.0,1.0,4,0.0,0.0,,,589352
2023-04-29 00:00:00,00000001250,20230429000000,0.0,0.0,0.0,0.0,0.0,0.0,1.0,4,0.0,0.0,,,589352
2023-04-29 01:00:00,00000001250,20230429010000,0.0,0.0,0.0,0.0,0.0,0.0,1.0,4,0.0,0.0,,,589352
2023-04-29 02:00:00,00000001250,20230429020000,0.0,0.0,0.0,0.0,0.0,0.0,1.0,4,0.0,0.0,,,589352
2023-04-29 03:00:00,00000001250,20230429030000,0.0,0.0,0.0,0.0,0.0,0.0,1.0,4,0.0,0.0,,,589352
2023-04-29 04:00:00,00000001250,20230429040000,0.0,0.0,0.0,0.0,0.0,0.0,1.0,4,0.0,0.0,,,589352
2023-04-29 05:00:00,00000001250,20230429050000,0.0,0.0,0.0,0.0,0.0,0.0,1.0,4,0.0,0.0,,,589352
2023-04-29 06:00:00,00000001250,20230429060000,0.0,0.0,0.0,0.0,0.0,0.0,1.0,4,0.0,0.0,,,589352
2023-04-29 07:00:00,00000001250,20230429070000,0.0,0.0,0.0,0.0,0.0,0.0,1.0,4,0.0,0.0,,,589352
2023-04-29 08:00:00,00000001250,20230429080000,0.0,0.0,0.0,0.0,0.0,0.0,1.0,4,0.0,0.0,,,589352
2023-04-29 09:00:00,00000001250,20230429090000,0.0,0.0,0.0,0.0,0.0,0.0,1.0,4,0.0,0.0,,,589352
2023-04-29 10:00:00,00000001250,20230429100000,0.0,0.0,0.0,0.0,0.0,0.0,1.0,4,0.0,0.0,,,589352
2023-04-29 11:00:00,00000001250,20230429110000,0.0,0.0,0.0,0.0,0.0,0.0,1.0,4,0.0,0.0,,,589352
2023-04-29 12:00:00,00000001250,20230429120000,0.0,0.0,0.0,0.0,0.0,0.0,1.0,4,0.0,0.0,,,589352
2023-04-29 13:00:00,00000001250,20230429130000,0.0,0.0,0.0,0.0,0.0,0.0,1.0,4,0.0,0.0,,,589352
2023-04-29 14:00:00,00000001250,20230429140000,0.0,0.0,0.0,0.0,0.0,0.0,1.0,4,0.0,0.0,,,589352
2023-04-29 15:00:00,00000001250,20230429150000,0.0,0.0,0.0,0.0,0.0,0.0,1.0,4,0.0,0.0,,,589352
2023-04-29 16:00:00,00000001250,20230429160000,0.0,0.0,0.0,0.0,0.0,0.0,1.0,4,0.0,0.0,,,589352
2023-04-29 17:00:00,00000001250,20230429170000,0.0,0.0,0.0,0.0,0.0,0.0,1.0,4,0.0,0.0,,,589352
2023-04-29 18:00:00,00000001250,20230429180000,0.0,0.0,0.0,0.0,0.0,0.0,1.0,4,0.0,0.0,,,589352
2023-04-29 19:00:00,00000001250,20230429190000,0.0,0.0,0.0,0.0,0.0,0.0,1.0,4,0.0,0.0,,,589352
2023-04-29 20:00:00,00000001250,20230429200000,0.0,0.0,0.0,0.0,0.0,0.0,1.0,4,0.0,0.0,,,589352
2023-04-29 21:00:00,00000001250,20230429210000,0.0,0.0,0.0,0.0,0.0,0.0,1.0,4,0.0,0.0,,,589352
2023-04-29 22:00:00,00000001250,20230429220000,0.0,0.0,0.0,0.0,0.0,0.0,1.0,4,0.0,0.0,,,589352
2023-04-29 23:00:00,00000001250,20230429230000,0.0,0.0,0.0,0.0,0.0,0.0,1.0,4,0.0,0.0,,,589352
2023-04-30 00:00:00,00000001250,20230430000000,0.0,0.0,0.0,0.0,0.0,0.0,1.0,4,0.0,0.0,,,589352
2023-04-30 01:00:00,00000001250,20230430010000,0.0,0.0,0.0,0.0,0.0,0.0,1.0,4,0.0,0.0,,,589352
2023-04-30 02:00:00,00000001250,20230430020000,0.0,0.0,0.0,0.0,0.0,0.0,1.0,4,0.0,0.0,,,589352
2023-04-30 03:00:00,00000001250,20230430030000,0.0,0.0,0.0,0.0,0.0,0.0,1.0,4,0.0,0.0,,,589352
2023-04-30 04:00:00,00000001250,20230430040000,0.0,0.0,0.0,0.0,0.0,0.0,1.0,4,0.0,0.0,,,589352
2023-04-30 05:00:00,00000001250,20230430050000,0.0,0.0,0.0,0.0,0.0,0.0,1.0,4,0.0,0.0,,,589352
2023-04-30 06:00:00,00000001250,20230430060000,0.0,0.0,0.0,0.0,0.0,0.0,1.0,4,0.0,0.0,,,589352
2023-04-30 07:00:00,00000001250,20230430070000,0.0,0.0,0.0,0.0,0.0,0.0,1.0,4,0.0,0.0,,,589352
2023-04-30 08:00:00,00000001250,20230430080000,0.0,0.0,0.0,0.0,0.0,0.0,1.0,4,0.0,0.0,,,589352
2023-04-30 09:00:00,00000001250,20230430090000,0.0,0.0,0.0,0.0,0.0,0.0,1.0,4,0.0,0.0,,,589352
2023-04-30 10:00:00,00000001250,20230430100000,0.0,0.0,0.0,0.0,0.0,0.0,1.0,4,0.0,0.0,,,589352
2023-04-30 11:00:00,00000001250,20230430110000,0.0,0.0,0.0,0.0,0.0,0.0,1.0,4,0.0,0.0,,,589352
2023-04-30 12:00:00,00000001250,20230430120000,0.0,0.0,0.0,0.0,0.0,0.0,1.0,4,0.0,0.0,,,589352
2023-04-30 13:00:00,00000001250,20230430130000,0.0,0.0,0.0,0.0,0.0,0.0,1.0,4,0.0,0.0,,,589352
2023-04-30 14:00:00,00000001250,20230430140000,0.0,0.0,0.0,0.0,0.0,0.0,1.0,4,0.0,0.0,,,589352
2023-04-30 15:00:00,00000001250,20230430150000,0.0,0.0,0.0,0.0,0.0,0.0,1.0,4,0.0,0.0,,,589352
2023-04-30 16:00:00,00000001250,20230430160000,0.0,0.0,0.0,0.0,0.0,0.0,1.0,4,0.0,0.0,,,589352
2023-04-30 17:00:00,00000001250,20230430170000,0.0,0.0,0.0,0.0,0.0,0.0,1.0,4,0.0,0.0,,,589352
2023-04-30 18:00:00,00000001250,20230430180000,0.0,0.0,0.0,0.0,0.0,0.0,1.0,4,0.0,0.0,,,589352
2023-04-30 19:00:00,00000001250,20230430190000,0.0,0.0,0.0,0.0,0.0,0.0,1.0,4,0.0,0.0,,,589352
2023-04-30 20:00:00,00000001250,20230430200000,0.0,0.0,0.0,0.0,0.0,0.0,1.0,4,0.0,0.0,,,589352
2023-04-30 21:00:00,00000001250,20230430210000,0.0,0.0,0.0,0.0,0.0,0.0,1.0,4,0.0,0.0,,,589352
2023-04-30 22:00:00,00000001250,20230430220000,0.0,0.0,0.0,0.0,0.0,0.0,1.0,4,0.0,0.0,,,589352
2023-04-30 23:00:00,00000001250,20230430230000,0.0,0.0,0.0,0.0,0.0,0.0,1.0,4,0.0,0.0,,,589352
2023-05-01 00:00:00,00000001250,20230501000000,0.0,0.0,0.0,0.0,0.0,0.0,1.0,4,0.0,0.0,,,589352
2023-05-01 01:00:00,00000001250,20230501010000,0.0,0.0,0.0,0.0,0.0,0.0,1.0,4,0.0,0.0,,,589352
2023-05-01 02:00:00,00000001250,20230501020000,0.0,0.0,0.0,0.0,0.0,0.0,1.0,4,0.0,0.0,,,589352
2023-05-01 03:00:00,00000001250,20230501030000,0.0,0.0,0.0,0.0,0.0,0.0,1.0,4,0.0,0.0,,,589352
2023-05-01 04:00:00,00000001250,20230501040000,0.0,0.0,0.0,0.0,0.0,0.0,1.0,4,0.0,0.0,,,589352
2023-05-01 05:00:00,00000001250,20230501050000,0.0,0.0,0.0,0.0,0.0,0.0,1.0,4,0.0,0.0,,,589352
2023-05-01 06:00:00,00000001250,20230501060000,0.0,0.0,0.0,0.0,0.0,0.0,1.0,4,0.0,0.0,,,589352
2023-05-01 07:00:00,00000001250,20230501070000,0.0,0.0,0.0,0.0,0.0,0.0,1.0,4,0.0,0.0,,,589352
2023-05-01 08:00:00,00000001250,20230501080000,0.0,0.0,0.0,0.0,0.0,0.0,1.0,4,0.0,0.0,,,589352
2023-05-01 09:00:00,00000001250,20230501090000,0.0,0.0,0.0,0.0,0.0,0.0,1.0,4,0.0,0.0,,,589352
2023-05-01 10:00:00,00000001250,20230501100000,0.0,0.0,0.0,0.0,0.0,0.0,1.0,4,0.0,0.0,,,589352
2023-05-01 11:00:00,00000001250,20230501110000,0.0,0.0,0.0,0.0,0.0,0.0,1.0,4,0.0,0.0,,,589352
2023-05-01 12:00:00,00000001250,20230501120000,0.0,0.0,0.0,0.0,0.0,0.0,1.0,4,0.0,0.0,,,589352
2023-05-01 13:00:00,00000001250,20230501130000,0.0,0.0,0.0,0.0,0.0,0.0,1.0,4,0.0,0.0,,,589352
2023-05-01 14:00:00,00000001250,20230501140000,0.0,0.0,0.0,0.0,0.0,0.0,1.0,4,0.0,0.0,,,589352
2023-05-01 15:00:00,00000001250,20230501150000,0.0,0.0,0.0,0.0,0.0,0.0,1.0,4,0.0,0.0,,,589352
2023-05-01 16:00:00,00000001250,20230501160000,0.0,0.0,0.0,0.0,0.0,0.0,1.0,4,0.0,0.0,,,589352
2023-05-01 17:00:00,00000001250,20230501170000,0.0,0.0,0.0,0.0,0.0,0.0,1.0,4,0.0,0.0,,,589352
2023-05-01 18:00:00,00000001250,20230501180000,0.0,0.0,0.0,0.0,0.0,0.0,1.0,4,0.0,0.0,,,589352
2023-05-01 19:00:00,00000001250,20230501190000,0.0,0.0,0.0,0.0,0.0,0.0,1.0,4,0.0,0.0,,,589352
2023-05-01 20:00:00,00000001250,20230501200000,0.0,0.0,0.0,0.0,0.0,0.0,1.0,4,0.0,0.0,,,589352
2023-05-01 21:00:00,00000001250,20230501210000,0.0,0.0,0.0,0.0,0.0,0.0,1.0,4,0.0,0.0,,,589352
2023-05-01 22:00:00,00000001250,20230501220000,0.0,0.0,0.0,0.0,0.0,0.0,1.0,4,0.0,0.0,,,589352
2023-05-01 23:00:00,00000001250,20230501230000,0.0,0.0,0.0,0.0,0.0,0.0,1.0,4,0.0,0.0,,,589352
2023-05-02 00:00:00,00000001250,20230502000000,0.0,0.0,0.0,0.0,0.0,0.0,1.0,4,0.0,0.0,,,589352
2023-05-02 01:00:00,00000001250,20230502010000,0.0,0.0,0.0,0.0,0.0,0.0,1.0,4,0.0,0.0,,,589352
2023-05-02 02:00:00,00000001250,20230502020000,0.0,0.0,0.0,0.0,0.0,0.0,1.0,4,0.0,0.0,,,589352
2023-05-02 03:00:00,00000001250,20230502030000,0.0,0.0,0.0,0.0,0.0,0.0,1.0,4,0.0,0.0,,,589352
2023-05-02 04:00:00,00000001250,20230502040000,0.0,0.0,0.0,0.0,0.0,0.0,1.0,4,0.0,0.0,,,589352
2023-05-02 05:00:00,00000001250,20230502050000,0.0,0.0,0.0,0.0,0.0,0.0,1.0,4,0.0,0.0,,,589352
2023-05-02 06:00:00,00000001250,20230502060000,0.0,0.0,0.0,0.0,0.0,0.0,1.0,4,0.0,0.0,,,589352
2023-05-02 07:00:00,00000001250,20230502070000,0.0,0.0,0.0,0.0,0.0,0.0,1.0,4,0.0,0.0,,,589352
2023-05-02 08:00:00,00000001250,20230502080000,0.0,0.0,0.0,0.0,0.0,0.0,1.0,4,0.0,0.0,,,589352
2023-05-02 09:00:00,00000001250,20230502090000,0.0,0.0,0.0,0.0,0.0,0.0,1.0,4,0.0,0.0,,,589352
2023-05-02 10:00:00,00000001250,20230502100000,0.0,0.0,0.0,0.0,0.0,0.0,1.0,4,0.0,0.0,,,589352
2023-05-02 11:00:00,00000001250,20230502110000,0.0,0.0,0.0,0.0,0.0,0.0,1.0,4,0.0,0.0,,,589352
2023-05-02 12:00:00,00000001250,20230502120000,0.0,0.0,0.0,0.0,0.0,0.0,1.0,4,0.0,0.0,,,589352
2023-05-02 13:00:00,00000001250,20230502130000,0.0,0.0,0.0,0.0,0.0,0.0,1.0,4,0.0,0.0,,,589352
2023-05-02 14:00:00,00000001250,20230502140000,0.0,0.0,0.0,0.0,0.0,0.0,1.0,4,0.0,0.0,,,589352
2023-05-02 15:00:00,00000001250,20230502150000,0.0,0.0,0.0,0.0,0.0,0.0,1.0,4,0.0,0.0,,,589352
2023-05-02 16:00:00,00000001250,20230502160000,0.0,0.0,0.0,0.0,0.0,0.0,1.0,4,0.0,0.0,,,589352
2023-05-02 17:00:00,00000001250,20230502170000,0.0,0.0,0.0,0.0,0.0,0.0,1.0,4,0.0,0.0,,,589352
2023-05-02 18:00:00,00000001250,20230502180000,0.0,0.0,0.0,0.0,0.0,0.0,1.0,4,0.0,0.0,,,589352
2023-05-02 19:00:00,00000001250,20230502190000,0.0,0.0,0.0,0.0,0.0,0.0,1.0,4,0.0,0.0,,,589352
2023-05-02 20:00:00,00000001250,20230502200000,0.0,0.0,0.0,0.0,0.0,0.0,1.0,4,0.0,0.0,,,589352
2023-05-02 21:00:00,00000001250,20230502210000,0.0,0.0,0.0,0.0,0.0,0.0,1.0,4,0.0,0.0,,,589352
2023-05-02 22:00:00,00000001250,20230502220000,0.0,0.0,0.0,0.0,0.0,0.0,1.0,4,0.0,0.0,,,589352
2023-05-02 23:00:00,00000001250,20230502230000,0.0,0.0,0.0,0.0,0.0,0.0,1.0,4,0.0,0.0,,,589352
2023-05-03 00:00:00,00000001250,20230503000000,0.0,0.0,0.0,0.0,0.0,0.0,1.0,4,0.0,0.0,,,589352
2023-05-03 01:00:00,00000001250,20230503010000,0.0,0.0,0.0,0.0,0.0,0.0,1.0,4,0.0,0.0,,,589352
2023-05-03 02:00:00,00000001250,20230503020000,0.0,0.0,0.0,0.0,0.0,0.0,1.0,4,0.0,0.0,,,589352
2023-05-03 03:00:00,00000001250,20230503030000,0.0,0.0,0.0,0.0,0.0,0.0,1.0,4,0.0,0.0,,,589352
2023-05-03 04:00:00,00000001250,20230503040000,0.0,0.0,0.0,0.0,0.0,0.0,1.0,4,0.0,0.0,,,589352
2023-05-03 05:00:00,00000001250,20230503050000,0.0,0.0,0.0,0.0,0.0,0.0,1.0,4,0.0,0.0,,,589352
2023-05-03 06:00:00,00000001250,20230503060000,0.0,0.0,0.0,0.0,0.0,0.0,1.0,4,0.0,0.0,,,589352
2023-05-03 07:00:00,00000001250,20230503070000,0.0,0.0,0.0,0.0,0.0,0.0,1.0,4,0.0,0.0,,,589352
2023-05-03 08:00:00,00000001250,20230503080000,0.0,0.0,0.0,0.0,0.0,0.0,1.0,4,0.0,0.0,,,589352
2023-05-03 09:00:00,00000001250,20230503090000,0.0,0.0,0.0,0.0,0.0,0.0,1.0,4,0.0,0.0,,,589352
2023-05-03 10:00:00,00000001250,20230503100000,0.0,0.0,0.0,0.0,0.0,0.0,1.0,4,0.0,0.0,,,589352
2023-05-03 11:00:00,00000001250,20230503110000,0.0,0.0,0.0,0.0,0.0,0.0,1.0,4,0.0,0.0,,,589352
2023-05-03 12:00:00,00000001250,20230503120000,0.0,0.0,0.0,0.0,0.0,0.0,1.0,4,0.0,0.0,,,589352
2023-05-03 13:00:00,00000001250,20230503130000,0.0,0.0,0.0,0.0,0.0,0.0,1.0,4,0.0,0.0,,,589352
2023-05-03 14:00:00,00000001250,20230503140000,0.0,0.0,0.0,0.0,0.0,0.0,1.0,4,0.0,0.0,,,589352
2023-05-03 15:00:00,00000001250,20230503150000,0.0,0.0,0.0,0.0,0.0,0.0,1.0,4,0.0,0.0,,,589352
2023-05-03 16:00:00,00000001250,20230503160000,0.0,0.0,0.0,0.0,0.0,0.0,1.0,4,0.0,0.0,,,589352
2023-05-03 17:00:00,00000001250,20230503170000,0.0,0.0,0.0,0.0,0.0,0.0,1.0,4,0.0,0.0,,,589352
2023-05-03 18:00:00,00000001250,20230503180000,0.0,0.0,0.0,0.0,0.0,0.0,1.0,4,0.0,0.0,,,589352
2023-05-03 19:00:00,00000001250,20230503190000,0.0,0.0,0.0,0.0,0.0,0.0,1.0,4,0.0,0.0,,,589352
2023-05-03 20:00:00,00000001250,20230503200000,0.0,0.0,0.0,0.0,0.0,0.0,1.0,4,0.0,0.0,,,589352
2023-05-03 21:00:00,00000001250,20230503210000,0.0,0.0,0.0,0.0,0.0,0.0,1.0,4,0.0,0.0,,,589352
2023-05-03 22:00:00,00000001250,20230503220000,0.0,0.0,0.0,0.0,0.0,0.0,1.0,4,0.0,0.0,,,589352
2023-05-03 23:00:00,00000001250,20230503230000,0.0,0.0,0.0,0.0,0.0,0.0,1.0,4,0.0,0.0,,,589352
2023-05-04 00:00:00,00000001250,20230504000000,0.0,0.0,0.0,0.0,0.0,0.0,1.0,4,0.0,0.0,,,589352
2023-05-04 01:00:00,00000001250,20230504010000,0.0,0.0,0.0,0.0,0.0,0.0,1.0,4,0.0,0.0,,,589352
2023-05-04 02:00:00,00000001250,20230504020000,0.0,0.0,0.0,0.0,0.0,0.0,1.0,4,0.0,0.0,,,589352
2023-05-04 03:00:00,00000001250,20230504030000,0.0,0.0,0.0,0.0,0.0,0.0,1.0,4,0.0,0.0,,,589352
2023-05-04 04:00:00,00000001250,20230504040000,0.0,0.0,0.0,0.0,0.0,0.0,1.0,4,0.0,0.0,,,589352
2023-05-04 05:00:00,00000001250,20230504050000,0.0,0.0,0.0,0.0,0.0,0.0,1.0,4,0.0,0.0,,,589352
2023-05-04 06:00:00,00000001250,20230504060000,0.0,0.0,0.0,0.0,0.0,0.0,1.0,4,0.0,0.0,,,589352
2023-05-04 07:00:00,00000001250,20230504070000,0.0,0.0,0.0,0.0,0.0,0.0,1.0,4,0.0,0.0,,,589352
2023-05-04 08:00:00,00000001250,20230504080000,0.0,0.0,0.0,0.0,0.0,0.0,1.0,4,0.0,0.0,,,589352
2023-05-04 09:00:00,00000001250,20230504090000,0.0,0.0,0.0,0.0,0.0,0.0,1.0,4,0.0,0.0,,,589352
2023-05-04 10:00:00,00000001250,20230504100000,0.0,0.0,0.0,0.0,0.0,0.0,1.0,4,0.0,0.0,,,589352
2023-05-04 11:00:00,00000001250,20230504110000,0.0,0.0,0.0,0.0,0.0,0.0,1.0,4,0.0,0.0,,,589352
2023-05-04 12:00:00,00000001250,20230504120000,0.0,0.0,0.0,0.0,0.0,0.0,1.0,4,0.0,0.0,,,589352
2023-05-04 13:00:00,00000001250,20230504130000,0.0,0.0,0.0,0.0,0.0,0.0,1.0,4,0.0,0.0,,,589352
2023-05-04 14:00:00,00000001250,20230504140000,0.0,0.0,0.0,0.0,0.0,0.0,1.0,4,0.0,0.0,,,589352
2023-05-04 15:00:00,00000001250,20230504150000,0.0,0.0,0.0,0.0,0.0,0.0,1.0,4,0.0,0.0,,,589352
2023-05-04 16:00:00,00000001250,20230504160000,0.0,0.0,0.0,0.0,0.0,0.0,1.0,4,0.0,0.0,,,589352
2023-05-04 17:00:00,00000001250,20230504170000,0.0,0.0,0.0,0.0,0.0,0.0,1.0,4,0.0,0.0,,,589352
2023-05-04 18:00:00,00000001250,20230504180000,0.0,0.0,0.0,0.0,0.0,0.0,1.0,4,0.0,0.0,,,589352
2023-05-04 19:00:00,00000001250,20230504190000,0.0,0.0,0.0,0.0,0.0,0.0,1.0,4,0.0,0.0,,,589352
2023-05-04 20:00:00,00000001250,20230504200000,0.0,0.0,0.0,0.0,0.0,0.0,1.0,4,0.0,0.0,,,589352
2023-05-04 21:00:00,00000001250,20230504210000,0.0,0.0,0.0,0.0,0.0,0.0,1.0,4,0.0,0.0,,,589352
2023-05-04 22:00:00,00000001250,20230504220000,0.0,0.0,0.0,0.0,0.0,0.0,1.0,4,0.0,0.0,,,589352
2023-05-04 23:00:00,00000001250,20230504230000,0.0,0.0,0.0,0.0,0.0,0.0,1.0,4,0.0,0.0,,,589352
2023-05-05 00:00:00,00000001250,20230505000000,0.0,0.0,0.0,0.0,0.0,0.0,1.0,4,0.0,0.0,,,589352
2023-05-05 01:00:00,00000001250,20230505010000,0.0,0.0,0.0,0.0,0.0,0.0,1.0,4,0.0,0.0,,,589352
2023-05-05 02:00:00,00000001250,20230505020000,0.0,0.0,0.0,0.0,0.0,0.0,1.0,4,0.0,0.0,,,589352
2023-05-05 03:00:00,00000001250,20230505030000,0.0,0.0,0.0,0.0,0.0,0.0,1.0,4,0.0,0.0,,,589352
2023-05-05 04:00:00,00000001250,20230505040000,0.0,0.0,0.0,0.0,0.0,0.0,1.0,4,0.0,0.0,,,589352
2023-05-05 05:00:00,00000001250,20230505050000,0.0,0.0,0.0,0.0,0.0,0.0,1.0,4,0.0,0.0,,,589352
2023-05-05 06:00:00,00000001250,20230505060000,0.0,0.0,0.0,0.0,0.0,0.0,1.0,4,0.0,0.0,,,589352
2023-05-05 07:00:00,00000001250,20230505070000,0.0,0.0,0.0,0.0,0.0,0.0,1.0,4,0.0,0.0,,,589352
2023-05-05 08:00:00,00000001250,20230505080000,0.0,0.0,0.0,0.0,0.0,0.0,1.0,4,0.0,0.0,,,589352
2023-05-05 09:00:00,00000001250,20230505090000,0.0,0.0,0.0,0.0,0.0,0.0,1.0,4,0.0,0.0,,,589352
2023-05-05 10:00:00,00000001250,20230505100000,0.0,0.0,0.0,0.0,0.0,0.0,1.0,4,0.0,0.0,,,589352
2023-05-05 11:00:00,00000001250,20230505110000,0.0,0.0,0.0,0.0,0.0,0.0,1.0,4,0.0,0.0,,,589352
2023-05-05 12:00:00,00000001250,20230505120000,0.0,0.0,0.0,0.0,0.0,0.0,1.0,4,0.0,0.0,,,589352
2023-05-05 13:00:00,00000001250,20230505130000,0.0,0.0,0.0,0.0,0.0,0.0,1.0,4,0.0,0.0,,,589352
2023-05-05 14:00:00,00000001250,20230505140000,0.0,0.0,0.0,0.0,0.0,0.0,1.0,4,0.0,0.0,,,589352
2023-05-05 15:00:00,00000001250,20230505150000,0.0,0.0,0.0,0.0,0.0,0.0,1.0,4,0.0,0.0,,,589352
2023-05-05 16:00:00,00000001250,20230505160000,0.0,0.0,0.0,0.0,0.0,0.0,1.0,4,0.0,0.0,,,589352
2023-05-05 17:00:00,00000001250,20230505170000,0.0,0.0,0.0,0.0,0.0,0.0,1.0,4,0.0,0.0,,,589352
2023-05-05 18:00:00,00000001250,20230505180000,0.0,0.0,0.0,0.0,0.0,0.0,1.0,4,0.0,0.0,,,589352
2023-05-05 19:00:00,00000001250,20230505190000,0.0,0.0,0.0,0.0,0.0,0.0,1.0,4,0.0,0.0,,,589352
2023-05-05 20:00:00,00000001250,20230505200000,0.0,0.0,0.0,0.0,0.0,0.0,1.0,4,0.0,0.0,,,589352
2023-05-05 21:00:00,00000001250,20230505210000,0.0,0.0,0.0,0.0,0.0,0.0,1.0,4,0.0,0.0,,,589352
2023-05-05 22:00:00,00000001250,20230505220000,0.0,0.0,0.0,0.0,0.0,0.0,1.0,4,0.0,0.0,,,589352
2023-05-05 23:00:00,00000001250,20230505230000,0.0,0.0,0.0,0.0,0.0,0.0,1.0,4,0.0,0.0,,,589352
2023-05-06 00:00:00,00000001250,20230506000000,0.0,0.0,0.0,0.0,0.0,0.0,1.0,4,0.0,0.0,,,589352
2023-05-06 01:00:00,00000001250,20230506010000,0.0,0.0,0.0,0.0,0.0,0.0,1.0,4,0.0,0.0,,,589352
2023-05-06 02:00:00,00000001250,20230506020000,0.0,0.0,0.0,0.0,0.0,0.0,1.0,4,0.0,0.0,,,589352
2023-05-06 03:00:00,00000001250,20230506030000,0.0,0.0,0.0,0.0,0.0,0.0,1.0,4,0.0,0.0,,,589352
2023-05-06 04:00:00,00000001250,20230506040000,0.0,0.0,0.0,0.0,0.0,0.0,1.0,4,0.0,0.0,,,589352
2023-05-06 05:00:00,00000001250,20230506050000,0.0,0.0,0.0,0.0,0.0,0.0,1.0,4,0.0,0.0,,,589352
2023-05-06 06:00:00,00000001250,20230506060000,0.0,0.0,0.0,0.0,0.0,0.0,1.0,4,0.0,0.0,,,589352
2023-05-06 07:00:00,00000001250,20230506070000,0.0,0.0,0.0,0.0,0.0,0.0,1.0,4,0.0,0.0,,,589352
2023-05-06 08:00:00,00000001250,20230506080000,0.0,0.0,0.0,0.0,0.0,0.0,1.0,4,0.0,0.0,,,589352
2023-05-06 09:00:00,00000001250,20230506090000,0.0,0.0,0.0,0.0,0.0,0.0,1.0,4,0.0,0.0,,,589352
2023-05-06 10:00:00,00000001250,20230506100000,0.0,0.0,0.0,0.0,0.0,0.0,1.0,4,0.0,0.0,,,589352
2023-05-06 11:00:00,00000001250,20230506110000,0.0,0.0,0.0,0.0,0.0,0.0,1.0,4,0.0,0.0,,,589352
2023-05-06 12:00:00,00000001250,20230506120000,0.0,0.0,0.0,0.0,0.0,0.0,1.0,4,0.0,0.0,,,589352
2023-05-06 13:00:00,00000001250,20230506130000,0.0,0.0,0.0,0.0,0.0,0.0,1.0,4,0.0,0.0,,,589352
2023-05-06 14:00:00,00000001250,20230506140000,0.0,0.0,0.0,0.0,0.0,0.0,1.0,4,0.0,0.0,,,589352
2023-05-06 15:00:00,00000001250,20230506150000,0.0,0.0,0.0,0.0,0.0,0.0,1.0,4,0.0,0.0,,,589352
2023-05-06 16:00:00,00000001250,20230506160000,0.0,0.0,0.0,0.0,0.0,0.0,1.0,4,0.0,0.0,,,589352
2023-05-06 17:00:00,00000001250,20230506170000,0.0,0.0,0.0,0.0,0.0,0.0,1.0,4,0.0,0.0,,,589352
2023-05-06 18:00:00,00000001250,20230506180000,0.0,0.0,0.0,0.0,0.0,0.0,1.0,4,0.0,0.0,,,589352
2023-05-06 19:00:00,00000001250,20230506190000,0.0,0.0,0.0,0.0,0.0,0.0,1.0,4,0.0,0.0,,,589352
2023-05-06 20:00:00,00000001250,20230506200000,0.0,0.0,0.0,0.0,0.0,0.0,1.0,4,0.0,0.0,,,589352
2023-05-06 21:00:00,00000001250,20230506210000,0.0,0.0,0.0,0.0,0.0,0.0,1.0,4,0.0,0.0,,,589352
2023-05-06 22:00:00,00000001250,20230506220000,0.0,0.0,0.0,0.0,0.0,0.0,1.0,4,0.0,0.0,,,589352
2023-05-06 23:00:00,00000001250,20230506230000,0.0,0.0,0.0,0.0,0.0,0.0,1.0,4,0.0,0.0,,,589352
2023-05-07 00:00:00,00000001250,20230507000000,0.0,0.0,0.0,0.0,0.0,0.0,1.0,4,0.0,0.0,,,589352
2023-05-07 01:00:00,00000001250,20230507010000,0.0,0.0,0.0,0.0,0.0,0.0,1.0,4,0.0,0.0,,,589352
2023-05-07 02:00:00,00000001250,20230507020000,0.0,0.0,0.0,0.0,0.0,0.0,1.0,4,0.0,0.0,,,589352
2023-05-07 03:00:00,00000001250,20230507030000,0.0,0.0,0.0,0.0,0.0,0.0,1.0,4,0.0,0.0,,,589352
2023-05-07 04:00:00,00000001250,20230507040000,0.0,0.0,0.0,0.0,0.0,0.0,1.0,4,0.0,0.0,,,589352
2023-05-07 05:00:00,00000001250,20230507050000,0.0,0.0,0.0,0.0,0.0,0.0,1.0,4,0.0,0.0,,,589352
2023-05-07 06:00:00,00000001250,20230507060000,0.0,0.0,0.0,0.0,0.0,0.0,1.0,4,0.0,0.0,,,589352
2023-05-07 07:00:00,00000001250,20230507070000,0.0,0.0,0.0,0.0,0.0,0.0,1.0,4,0.0,0.0,,,589352
2023-05-07 08:00:00,00000001250,20230507080000,0.0,0.0,0.0,0.0,0.0,0.0,1.0,4,0.0,0.0,,,589352
2023-05-07 09:00:00,00000001250,20230507090000,0.0,0.0,0.0,0.0,0.0,0.0,1.0,4,0.0,0.0,,,589352
2023-05-07 10:00:00,00000001250,20230507100000,0.0,0.0,0.0,0.0,0.0,0.0,1.0,4,0.0,0.0,,,589352
2023-05-07 11:00:00,00000001250,20230507110000,0.0,0.0,0.0,0.0,0.0,0.0,1.0,4,0.0,0.0,,,589352
2023-05-07 12:00:00,00000001250,20230507120000,0.0,0.0,0.0,0.0,0.0,0.0,1.0,4,0.0,0.0,,,589352
2023-05-07 13:00:00,00000001250,20230507130000,0.0,0.0,0.0,0.0,0.0,0.0,1.0,4,0.0,0.0,,,589352
2023-05-07 14:00:00,00000001250,20230507140000,0.0,0.0,0.0,0.0,0.0,0.0,1.0,4,0.0,0.0,,,589352
2023-05-07 15:00:00,00000001250,20230507150000,0.0,0.0,0.0,0.0,0.0,0.0,1.0,4,0.0,0.0,,,589352
2023-05-07 16:00:00,00000001250,20230507160000,0.0,0.0,0.0,0.0,0.0,0.0,1.0,4,0.0,0.0,,,589352
2023-05-07 17:00:00,00000001250,20230507170000,0.0,0.0,0.0,0.0,0.0,0.0,1.0,4,0.0,0.0,,,589352
2023-05-07 18:00:00,00000001250,20230507180000,0.0,0.0,0.0,0.0,0.0,0.0,1.0,4,0.0,0.0,,,589352
2023-05-07 19:00:00,00000001250,20230507190000,0.0,0.0,0.0,0.0,0.0,0.0,1.0,4,0.0,0.0,,,589352
2023-05-07 20:00:00,00000001250,20230507200000,0.0,0.0,0.0,0.0,0.0,0.0,1.0,4,0.0,0.0,,,589352
2023-05-07 21:00:00,00000001250,20230507210000,0.0,0.0,0.0,0.0,0.0,0.0,1.0,4,0.0,0.0,,,589352
2023-05-07 22:00:00,00000001250,20230507220000,0.0,0.0,0.0,0.0,0.0,0.0,1.0,4,0.0,0.0,,,589352
2023-05-07 23:00:00,00000001250,20230507230000,0.0,0.0,0.0,0.0,0.0,0.0,1.0,4,0.0,0.0,,,589352
2023-05-08 00:00:00,00000001250,20230508000000,0.0,0.0,0.0,0.0,0.0,0.0,1.0,4,0.0,0.0,,,589352
2023-05-08 01:00:00,00000001250,20230508010000,0.0,0.0,0.0,0.0,0.0,0.0,1.0,4,0.0,0.0,,,589352
2023-05-08 02:00:00,00000001250,20230508020000,0.0,0.0,0.0,0.0,0.0,0.0,1.0,4,0.0,0.0,,,589352
2023-05-08 03:00:00,00000001250,20230508030000,0.0,0.0,0.0,0.0,0.0,0.0,1.0,4,0.0,0.0,,,589352
2023-05-08 04:00:00,00000001250,20230508040000,0.0,0.0,0.0,0.0,0.0,0.0,1.0,4,0.0,0.0,,,589352
2023-05-08 05:00:00,00000001250,20230508050000,0.0,0.0,0.0,0.0,0.0,0.0,1.0,4,0.0,0.0,,,589352
2023-05-08 06:00:00,00000001250,20230508060000,0.0,0.0,0.0,0.0,0.0,0.0,1.0,4,0.0,0.0,,,589352
2023-05-08 07:00:00,00000001250,20230508070000,0.0,0.0,0.0,0.0,0.0,0.0,1.0,4,0.0,0.0,,,589352
2023-05-08 08:00:00,00000001250,20230508080000,0.0,0.0,0.0,0.0,0.0,0.0,1.0,4,0.0,0.0,,,589352
2023-05-08 09:00:00,00000001250,20230508090000,0.0,0.0,0.0,0.0,0.0,0.0,1.0,4,0.0,0.0,,,589352
2023-05-08 10:00:00,00000001250,20230508100000,0.0,0.0,0.0,0.0,0.0,0.0,1.0,4,0.0,0.0,,,589352
2023-05-08 11:00:00,00000001250,20230508110000,0.0,0.0,0.0,0.0,0.0,0.0,1.0,4,0.0,0.0,,,589352
2023-05-08 12:00:00,00000001250,20230508120000,0.0,0.0,0.0,0.0,0.0,0.0,1.0,4,0.0,0.0,,,589352
2023-05-08 13:00:00,00000001250,20230508130000,0.0,0.0,0.0,0.0,0.0,0.0,1.0,4,0.0,0.0,,,589352
2023-05-08 14:00:00,00000001250,20230508140000,0.0,0.0,0.0,0.0,0.0,0.0,1.0,4,0.0,0.0,,,589352
2023-05-08 15:00:00,00000001250,20230508150000,0.0,0.0,0.0,0.0,0.0,0.0,1.0,4,0.0,0.0,,,589352
2023-05-08 16:00:00,00000001250,20230508160000,0.0,0.0,0.0,0.0,0.0,0.0,1.0,4,0.0,0.0,,,589352
2023-05-08 17:00:00,00000001250,20230508170000,0.0,0.0,0.0,0.0,0.0,0.0,1.0,4,0.0,0.0,,,589352
2023-05-08 18:00:00,00000001250,20230508180000,0.0,0.0,0.0,0.0,0.0,0.0,1.0,4,0.0,0.0,,,589352
2023-05-08 19:00:00,00000001250,20230508190000,0.0,0.0,0.0,0.0,0.0,0.0,1.0,4,0.0,0.0,,,589352
2023-05-08 20:00:00,00000001250,20230508200000,0.0,0.0,0.0,0.0,0.0,0.0,1.0,4,0.0,0.0,,,589352
2023-05-08 21:00:00,00000001250,20230508210000,0.0,0.0,0.0,0.0,0.0,0.0,1.0,4,0.0,0.0,,,589352
2023-05-08 22:00:00,00000001250,20230508220000,0.0,0.0,0.0,0.0,0.0,0.0,1.0,4,0.0,0.0,,,589352
2023-05-08 23:00:00,00000001250,20230508230000,0.0,0.0,0.0,0.0,0.0,0.0,1.0,4,0.0,0.0,,,589352
2023-05-09 00:00:00,00000001250,20230509000000,0.0,0.0,0.0,0.0,0.0,0.0,1.0,4,0.0,0.0,,,589352
2023-05-09 01:00:00,00000001250,20230509010000,0.0,0.0,0.0,0.0,0.0,0.0,1.0,4,0.0,0.0,,,589352
2023-05-09 02:00:00,00000001250,20230509020000,0.0,0.0,0.0,0.0,0.0,0.0,1.0,4,0.0,0.0,,,589352
2023-05-09 03:00:00,00000001250,20230509030000,0.0,0.0,0.0,0.0,0.0,0.0,1.0,4,0.0,0.0,,,589352
2023-05-09 04:00:00,00000001250,20230509040000,0.0,0.0,0.0,0.0,0.0,0.0,1.0,4,0.0,0.0,,,589352
2023-05-09 05:00:00,00000001250,20230509050000,0.0,0.0,0.0,0.0,0.0,0.0,1.0,4,0.0,0.0,,,589352
2023-05-09 06:00:00,00000001250,20230509060000,0.0,0.0,0.0,0.0,0.0,0.0,1.0,4,0.0,0.0,,,589352
2023-05-09 07:00:00,00000001250,20230509070000,0.0,0.0,0.0,0.0,0.0,0.0,1.0,4,0.0,0.0,,,589352
2023-05-09 08:00:00,00000001250,20230509080000,0.0,0.0,0.0,0.0,0.0,0.0,1.0,4,0.0,0.0,,,589352
2023-05-09 09:00:00,00000001250,20230509090000,0.0,0.0,0.0,0.0,0.0,0.0,1.0,4,0.0,0.0,,,589352
2023-05-09 10:00:00,00000001250,20230509100000,0.0,0.0,0.0,0.0,0.0,0.0,1.0,4,0.0,0.0,,,589352
2023-05-09 11:00:00,00000001250,20230509110000,0.0,0.0,0.0,0.0,0.0,0.0,1.0,4,0.0,0.0,,,589352
2023-05-09 12:00:00,00000001250,20230509120000,0.0,0.0,0.0,0.0,0.0,0.0,1.0,4,0.0,0.0,,,589352
2023-05-09 13:00:00,00000001250,20230509130000,0.0,0.0,0.0,0.0,0.0,0.0,1.0,4,0.0,0.0,,,589352
2023-05-09 14:00:00,00000001250,20230509140000,0.0,0.0,0.0,0.0,0.0,0.0,1.0,4,0.0,0.0,,,589352
2023-05-09 15:00:00,00000001250,20230509150000,0.0,0.0,0.0,0.0,0.0,0.0,1.0,4,0.0,0.0,,,589352
2023-05-09 16:00:00,00000001250,20230509160000,0.0,0.0,0.0,0.0,0.0,0.0,1.0,4,0.0,0.0,,,589352
2023-05-09 17:00:00,00000001250,20230509170000,0.0,0.0,0.0,0.0,0.0,0.0,1.0,4,0.0,0.0,,,589352
2023-05-09 18:00:00,00000001250,20230509180000,0.0,0.0,0.0,0.0,0.0,0.0,1.0,4,0.0,0.0,,,589352
2023-05-09 19:00:00,00000001250,20230509190000,0.0,0.0,0.0,0.0,0.0,0.0,1.0,4,0.0,0.0,,,589352
2023-05-09 20:00:00,00000001250,20230509200000,0.0,0.0,0.0,0.0,0.0,0.0,1.0,4,0.0,0.0,,,589352
2023-05-09 21:00:00,00000001250,20230509210000,0.0,0.0,0.0,0.0,0.0,0.0,1.0,4,0.0,0.0,,,589352
2023-05-09 22:00:00,00000001250,20230509220000,0.0,0.0,0.0,0.0,0.0,0.0,1.0,4,0.0,0.0,,,589352
2023-05-09 23:00:00,00000001250,20230509230000,0.0,0.0,0.0,0.0,0.0,0.0,1.0,4,0.0,0.0,,,589352
2023-05-10 00:00:00,00000001250,20230510000000,0.0,0.0,0.0,0.0,0.0,0.0,1.0,4,0.0,0.0,,,589352
2023-05-10 01:00:00,00000001250,20230510010000,0.0,0.0,0.0,0.0,0.0,0.0,1.0,4,0.0,0.0,,,589352
2023-05-10 02:00:00,00000001250,20230510020000,0.0,0.0,0.0,0.0,0.0,0.0,1.0,4,0.0,0.0,,,589352
2023-05-10 03:00:00,00000001250,20230510030000,0.0,0.0,0.0,0.0,0.0,0.0,1.0,4,0.0,0.0,,,589352
2023-05-10 04:00:00,00000001250,20230510040000,0.0,0.0,0.0,0.0,0.0,0.0,1.0,4,0.0,0.0,,,589352
2023-05-10 05:00:00,00000001250,20230510050000,0.0,0.0,0.0,0.0,0.0,0.0,1.0,4,0.0,0.0,,,589352
2023-05-10 06:00:00,00000001250,20230510060000,0.0,0.0,0.0,0.0,0.0,0.0,1.0,4,0.0,0.0,,,589352
2023-05-10 07:00:00,00000001250,20230510070000,0.0,0.0,0.0,0.0,0.0,0.0,1.0,4,0.0,0.0,,,589352
2023-05-10 08:00:00,00000001250,20230510080000,0.0,0.0,0.0,0.0,0.0,0.0,1.0,4,0.0,0.0,,,589352
2023-05-10 09:00:00,00000001250,20230510090000,0.0,0.0,0.0,0.0,0.0,0.0,1.0,4,0.0,0.0,,,589352
2023-05-10 10:00:00,00000001250,20230510100000,0.0,0.0,0.0,0.0,0.0,0.0,1.0,4,0.0,0.0,,,589352
2023-05-10 11:00:00,00000001250,20230510110000,0.0,0.0,0.0,0.0,0.0,0.0,1.0,4,0.0,0.0,,,589352
2023-05-10 12:00:00,00000001250,20230510120000,0.0,0.0,0.0,0.0,0.0,0.0,1.0,4,0.0,0.0,,,589352
2023-05-10 13:00:00,00000001250,20230510130000,0.0,0.0,0.0,0.0,0.0,0.0,1.0,4,0.0,0.0,,,589352
2023-05-10 14:00:00,00000001250,20230510140000,0.0,0.0,0.0,0.0,0.0,0.0,1.0,4,0.0,0.0,,,589352
2023-05-10 15:00:00,00000001250,20230510150000,0.0,0.0,0.0,0.0,0.0,0.0,1.0,4,0.0,0.0,,,589352
2023-05-10 16:00:00,00000001250,20230510160000,0.0,0.0,0.0,0.0,0.0,0.0,1.0,4,0.0,0.0,,,589352
2023-05-10 17:00:00,00000001250,20230510170000,0.0,0.0,0.0,0.0,0.0,0.0,1.0,4,0.0,0.0,,,589352
2023-05-10 18:00:00,00000001250,20230510180000,0.0,0.0,0.0,0.0,0.0,0.0,1.0,4,0.0,0.0,,,589352
2023-05-10 19:00:00,00000001250,20230510190000,0.0,0.0,0.0,0.0,0.0,0.0,1.0,4,0.0,0.0,,,589352
2023-05-10 20:00:00,00000001250,20230510200000,0.0,0.0,0.0,0.0,0.0,0.0,1.0,4,0.0,0.0,,,589352
2023-05-10 21:00:00,00000001250,20230510210000,0.0,0.0,0.0,0.0,0.0,0.0,1.0,4,0.0,0.0,,,589352
2023-05-10 22:00:00,00000001250,20230510220000,0.0,0.0,0.0,0.0,0.0,0.0,1.0,4,0.0,0.0,,,589352
2023-05-10 23:00:00,00000001250,20230510230000,0.0,0.0,0.0,0.0,0.0,0.0,1.0,4,0.0,0.0,,,589352
2023-05-11 00:00:00,00000001250,20230511000000,0.0,0.0,0.0,0.0,0.0,0.0,1.0,4,0.0,0.0,,,589352
2023-05-11 01:00:00,00000001250,20230511010000,0.0,0.0,0.0,0.0,0.0,0.0,1.0,4,0.0,0.0,,,589352
2023-05-11 02:00:00,00000001250,20230511020000,0.0,0.0,0.0,0.0,0.0,0.0,1.0,4,0.0,0.0,,,589352
2023-05-11 03:00:00,00000001250,20230511030000,0.0,0.0,0.0,0.0,0.0,0.0,1.0,4,0.0,0.0,,,589352
2023-05-11 04:00:00,00000001250,20230511040000,0.0,0.0,0.0,0.0,0.0,0.0,1.0,4,0.0,0.0,,,589352
2023-05-11 05:00:00,00000001250,20230511050000,0.0,0.0,0.0,0.0,0.0,0.0,1.0,4,0.0,0.0,,,589352
2023-05-11 06:00:00,00000001250,20230511060000,0.0,0.0,0.0,0.0,0.0,0.0,1.0,4,0.0,0.0,,,589352
2023-05-11 07:00:00,00000001250,20230511070000,0.0,0.0,0.0,0.0,0.0,0.0,1.0,4,0.0,0.0,,,589352
2023-05-11 08:00:00,00000001250,20230511080000,0.0,0.0,0.0,0.0,0.0,0.0,1.0,4,0.0,0.0,,,589352
2023-05-11 09:00:00,00000001250,20230511090000,0.0,0.0,0.0,0.0,0.0,0.0,1.0,4,0.0,0.0,,,589352
2023-05-11 10:00:00,00000001250,20230511100000,0.0,0.0,0.0,0.0,0.0,0.0,1.0,4,0.0,0.0,,,589352
2023-05-11 11:00:00,00000001250,20230511110000,0.0,0.0,0.0,0.0,0.0,0.0,1.0,4,0.0,0.0,,,589352
2023-05-11 12:00:00,00000001250,20230511120000,0.0,0.0,0.0,0.0,0.0,0.0,1.0,4,0.0,0.0,,,589352
2023-05-11 13:00:00,00000001250,20230511130000,0.0,0.0,0.0,0.0,0.0,0.0,1.0,4,0.0,0.0,,,589352
2023-05-11 14:00:00,00000001250,20230511140000,0.0,0.0,0.0,0.0,0.0,0.0,1.0,4,0.0,0.0,,,589352
2023-05-11 15:00:00,00000001250,20230511150000,0.0,0.0,0.0,0.0,0.0,0.0,1.0,4,0.0,0.0,,,589352
2023-05-11 16:00:00,00000001250,20230511160000,0.0,0.0,0.0,0.0,0.0,0.0,1.0,4,0.0,0.0,,,589352
2023-05-11 17:00:00,00000001250,20230511170000,0.0,0.0,0.0,0.0,0.0,0.0,1.0,4,0.0,0.0,,,589352
2023-05-11 18:00:00,00000001250,20230511180000,0.0,0.0,0.0,0.0,0.0,0.0,1.0,4,0.0,0.0,,,589352
2023-05-11 19:00:00,00000001250,20230511190000,0.0,0.0,0.0,0.0,0.0,0.0,1.0,4,0.0,0.0,,,589352
2023-05-11 20:00:00,00000001250,20230511200000,0.0,0.0,0.0,0.0,0.0,0.0,1.0,4,0.0,0.0,,,589352
2023-05-11 21:00:00,00000001250,20230511210000,0.0,0.0,0.0,0.0,0.0,0.0,1.0,4,0.0,0.0,,,589352
2023-05-11 22:00:00,00000001250,20230511220000,0.0,0.0,0.0,0.0,0.0,0.0,1.0,4,0.0,0.0,,,589352
2023-05-11 23:00:00,00000001250,20230511230000,0.0,0.0,0.0,0.0,0.0,0.0,1.0,4,0.0,0.0,,,589352
2023-05-12 00:00:00,00000001250,20230512000000,0.0,0.0,0.0,0.0,0.0,0.0,1.0,4,0.0,0.0,,,589352
2023-05-12 01:00:00,00000001250,20230512010000,0.0,0.0,0.0,0.0,0.0,0.0,1.0,4,0.0,0.0,,,589352
2023-05-12 02:00:00,00000001250,20230512020000,0.0,0.0,0.0,0.0,0.0,0.0,1.0,4,0.0,0.0,,,589352
2023-05-12 03:00:00,00000001250,20230512030000,0.0,0.0,0.0,0.0,0.0,0.0,1.0,4,0.0,0.0,,,589352
2023-05-12 04:00:00,00000001250,20230512040000,0.0,0.0,0.0,0.0,0.0,0.0,1.0,4,0.0,0.0,,,589352
2023-05-12 05:00:00,00000001250,20230512050000,0.0,0.0,0.0,0.0,0.0,0.0,1.0,4,0.0,0.0,,,589352
2023-05-12 06:00:00,00000001250,20230512060000,0.0,0.0,0.0,0.0,0.0,0.0,1.0,4,0.0,0.0,,,589352
2023-05-12 07:00:00,00000001250,20230512070000,0.0,0.0,0.0,0.0,0.0,0.0,1.0,4,0.0,0.0,,,589352
2023-05-12 08:00:00,00000001250,20230512080000,0.0,0.0,0.0,0.0,0.0,0.0,1.0,4,0.0,0.0,,,589352
2023-05-12 09:00:00,00000001250,20230512090000,0.0,0.0,0.0,0.0,0.0,0.0,1.0,4,0.0,0.0,,,589352
2023-05-12 10:00:00,00000001250,20230512100000,0.0,0.0,0.0,0.0,0.0,0.0,1.0,4,0.0,0.0,,,589352
2023-05-12 11:00:00,00000001250,20230512110000,0.0,0.0,0.0,0.0,0.0,0.0,1.0,4,0.0,0.0,,,589352
2023-05-12 12:00:00,00000001250,20230512120000,0.0,0.0,0.0,0.0,0.0,0.0,1.0,4,0.0,0.0,,,589352
2023-05-12 13:00:00,00000001250,20230512130000,0.0,0.0,0.0,0.0,0.0,0.0,1.0,4,0.0,0.0,,,589352
2023-05-12 14:00:00,00000001250,20230512140000,0.0,0.0,0.0,0.0,0.0,0.0,1.0,4,0.0,0.0,,,589352
2023-05-12 15:00:00,00000001250,20230512150000,0.0,0.0,0.0,0.0,0.0,0.0,1.0,4,0.0,0.0,,,589352
2023-05-12 16:00:00,00000001250,20230512160000,0.0,0.0,0.0,0.0,0.0,0.0,1.0,4,0.0,0.0,,,589352
2023-05-12 17:00:00,00000001250,20230512170000,0.0,0.0,0.0,0.0,0.0,0.0,1.0,4,0.0,0.0,,,589352
2023-05-12 18:00:00,00000001250,20230512180000,0.0,0.0,0.0,0.0,0.0,0.0,1.0,4,0.0,0.0,,,589352
2023-05-12 19:00:00,00000001250,20230512190000,0.0,0.0,0.0,0.0,0.0,0.0,1.0,4,0.0,0.0,,,589352
2023-05-12 20:00:00,00000001250,20230512200000,0.0,0.0,0.0,0.0,0.0,0.0,1.0,4,0.0,0.0,,,589352
2023-05-12 21:00:00,00000001250,20230512210000,0.0,0.0,0.0,0.0,0.0,0.0,1.0,4,0.0,0.0,,,589352
2023-05-12 22:00:00,00000001250,20230512220000,0.0,0.0,0.0,0.0,0.0,0.0,1.0,4,0.0,0.0,,,589352
2023-05-12 23:00:00,00000001250,20230512230000,0.0,0.0,0.0,0.0,0.0,0.0,1.0,4,0.0,0.0,,,589352
2023-05-13 00:00:00,00000001250,20230513000000,0.0,0.0,0.0,0.0,0.0,0.0,1.0,4,0.0,0.0,,,589352
2023-05-13 01:00:00,00000001250,20230513010000,0.0,0.0,0.0,0.0,0.0,0.0,1.0,4,0.0,0.0,,,589352
2023-05-13 02:00:00,00000001250,20230513020000,0.0,0.0,0.0,0.0,0.0,0.0,1.0,4,0.0,0.0,,,589352
2023-05-13 03:00:00,00000001250,20230513030000,0.0,0.0,0.0,0.0,0.0,0.0,1.0,4,0.0,0.0,,,589352
2023-05-13 04:00:00,00000001250,20230513040000,0.0,0.0,0.0,0.0,0.0,0.0,1.0,4,0.0,0.0,,,589352
2023-05-13 05:00:00,00000001250,20230513050000,0.0,0.0,0.0,0.0,0.0,0.0,1.0,4,0.0,0.0,,,589352
2023-05-13 06:00:00,00000001250,20230513060000,0.0,0.0,0.0,0.0,0.0,0.0,1.0,4,0.0,0.0,,,589352
2023-05-13 07:00:00,00000001250,20230513070000,0.0,0.0,0.0,0.0,0.0,0.0,1.0,4,0.0,0.0,,,589352
2023-05-13 08:00:00,00000001250,20230513080000,0.0,0.0,0.0,0.0,0.0,0.0,1.0,4,0.0,0.0,,,589352
2023-05-13 09:00:00,00000001250,20230513090000,0.0,0.0,0.0,0.0,0.0,0.0,1.0,4,0.0,0.0,,,589352
2023-05-13 10:00:00,00000001250,20230513100000,0.0,0.0,0.0,0.0,0.0,0.0,1.0,4,0.0,0.0,,,589352
2023-05-13 11:00:00,00000001250,20230513110000,0.0,0.0,0.0,0.0,0.0,0.0,1.0,4,0.0,0.0,,,589352
2023-05-13 12:00:00,00000001250,20230513120000,0.0,0.0,0.0,0.0,0.0,0.0,1.0,4,0.0,0.0,,,589352
2023-05-13 13:00:00,00000001250,20230513130000,0.0,0.0,0.0,0.0,0.0,0.0,1.0,4,0.0,0.0,,,589352
2023-05-13 14:00:00,00000001250,20230513140000,0.0,0.0,0.0,0.0,0.0,0.0,1.0,4,0.0,0.0,,,589352
2023-05-13 15:00:00,00000001250,20230513150000,0.0,0.0,0.0,0.0,0.0,0.0,1.0,4,0.0,0.0,,,589352
2023-05-13 16:00:00,00000001250,20230513160000,0.0,0.0,0.0,0.0,0.0,0.0,1.0,4,0.0,0.0,,,589352
2023-05-13 17:00:00,00000001250,20230513170000,0.0,0.0,0.0,0.0,0.0,0.0,1.0,4,0.0,0.0,,,589352
2023-05-13 18:00:00,00000001250,20230513180000,0.0,0.0,0.0,0.0,0.0,0.0,1.0,4,0.0,0.0,,,589352
2023-05-13 19:00:00,00000001250,20230513190000,0.0,0.0,0.0,0.0,0.0,0.0,1.0,4,0.0,0.0,,,589352
2023-05-13 20:00:00,00000001250,20230513200000,0.0,0.0,0.0,0.0,0.0,0.0,1.0,4,0.0,0.0,,,589352
2023-05-13 21:00:00,00000001250,20230513210000,0.0,0.0,0.0,0.0,0.0,0.0,1.0,4,0.0,0.0,,,589352
2023-05-13 22:00:00,00000001250,20230513220000,0.0,0.0,0.0,0.0,0.0,0.0,1.0,4,0.0,0.0,,,589352
2023-05-13 23:00:00,00000001250,20230513230000,0.0,0.0,0.0,0.0,0.0,0.0,1.0,4,0.0,0.0,,,589352
2023-05-14 00:00:00,00000001250,20230514000000,0.0,0.0,0.0,0.0,0.0,0.0,1.0,4,0.0,0.0,,,589352
2023-05-14 01:00:00,00000001250,20230514010000,0.0,0.0,0.0,0.0,0.0,0.0,1.0,4,0.0,0.0,,,589352
2023-05-14 02:00:00,00000001250,20230514020000,0.0,0.0,0.0,0.0,0.0,0.0,1.0,4,0.0,0.0,,,589352
2023-05-14 03:00:00,00000001250,20230514030000,0.0,0.0,0.0,0.0,0.0,0.0,1.0,4,0.0,0.0,,,589352
2023-05-14 04:00:00,00000001250,20230514040000,0.0,0.0,0.0,0.0,0.0,0.0,1.0,4,0.0,0.0,,,589352
2023-05-14 05:00:00,00000001250,20230514050000,0.0,0.0,0.0,0.0,0.0,0.0,1.0,4,0.0,0.0,,,589352
2023-05-14 06:00:00,00000001250,20230514060000,0.0,0.0,0.0,0.0,0.0,0.0,1.0,4,0.0,0.0,,,589352
2023-05-14 07:00:00,00000001250,20230514070000,0.0,0.0,0.0,0.0,0.0,0.0,1.0,4,0.0,0.0,,,589352
2023-05-14 08:00:00,00000001250,20230514080000,0.0,0.0,0.0,0.0,0.0,0.0,1.0,4,0.0,0.0,,,589352
2023-05-14 09:00:00,00000001250,20230514090000,0.0,0.0,0.0,0.0,0.0,0.0,1.0,4,0.0,0.0,,,589352
2023-05-14 10:00:00,00000001250,20230514100000,0.0,0.0,0.0,0.0,0.0,0.0,1.0,4,0.0,0.0,,,589352
2023-05-14 11:00:00,00000001250,20230514110000,0.0,0.0,0.0,0.0,0.0,0.0,1.0,4,0.0,0.0,,,589352
2023-05-14 12:00:00,00000001250,20230514120000,0.0,0.0,0.0,0.0,0.0,0.0,1.0,4,0.0,0.0,,,589352
2023-05-14 13:00:00,00000001250,20230514130000,0.0,0.0,0.0,0.0,0.0,0.0,1.0,4,0.0,0.0,,,589352
2023-05-14 14:00:00,00000001250,20230514140000,0.0,0.0,0.0,0.0,0.0,0.0,1.0,4,0.0,0.0,,,589352
2023-05-14 15:00:00,00000001250,20230514150000,0.0,0.0,0.0,0.0,0.0,0.0,1.0,4,0.0,0.0,,,589352
2023-05-14 16:00:00,00000001250,20230514160000,0.0,0.0,0.0,0.0,0.0,0.0,1.0,4,0.0,0.0,,,589352
2023-05-14 17:00:00,00000001250,20230514170000,0.0,0.0,0.0,0.0,0.0,0.0,1.0,4,0.0,0.0,,,589352
2023-05-14 18:00:00,00000001250,20230514180000,0.0,0.0,0.0,0.0,0.0,0.0,1.0,4,0.0,0.0,,,589352
2023-05-14 19:00:00,00000001250,20230514190000,0.0,0.0,0.0,0.0,0.0,0.0,1.0,4,0.0,0.0,,,589352
2023-05-14 20:00:00,00000001250,20230514200000,0.0,0.0,0.0,0.0,0.0,0.0,1.0,4,0.0,0.0,,,589352
2023-05-14 21:00:00,00000001250,20230514210000,0.0,0.0,0.0,0.0,0.0,0.0,1.0,4,0.0,0.0,,,589352
2023-05-14 22:00:00,00000001250,20230514220000,0.0,0.0,0.0,0.0,0.0,0.0,1.0,4,0.0,0.0,,,589352
2023-05-14 23:00:00,00000001250,20230514230000,0.0,0.0,0.0,0.0,0.0,0.0,1.0,4,0.0,0.0,,,589352
2023-05-15 00:00:00,00000001250,20230515000000,0.0,0.0,0.0,0.0,0.0,0.0,1.0,4,0.0,0.0,,,589352
2023-05-15 01:00:00,00000001250,20230515010000,0.0,0.0,0.0,0.0,0.0,0.0,1.0,4,0.0,0.0,,,589352
2023-05-15 02:00:00,00000001250,20230515020000,0.0,0.0,0.0,0.0,0.0,0.0,1.0,4,0.0,0.0,,,589352
2023-05-15 03:00:00,00000001250,20230515030000,0.0,0.0,0.0,0.0,0.0,0.0,1.0,4,0.0,0.0,,,589352
2023-05-15 04:00:00,00000001250,20230515040000,0.0,0.0,0.0,0.0,0.0,0.0,1.0,4,0.0,0.0,,,589352
2023-05-15 05:00:00,00000001250,20230515050000,0.0,0.0,0.0,0.0,0.0,0.0,1.0,4,0.0,0.0,,,589352
2023-05-15 06:00:00,00000001250,20230515060000,0.0,0.0,0.0,0.0,0.0,0.0,1.0,4,0.0,0.0,,,589352
2023-05-15 07:00:00,00000001250,20230515070000,0.0,0.0,0.0,0.0,0.0,0.0,1.0,4,0.0,0.0,,,589352
2023-05-15 08:00:00,00000001250,20230515080000,0.0,0.0,0.0,0.0,0.0,0.0,1.0,4,0.0,0.0,,,589352
2023-05-15 09:00:00,00000001250,20230515090000,0.0,0.0,0.0,0.0,0.0,0.0,1.0,4,0.0,0.0,,,589352
2023-05-15 10:00:00,00000001250,20230515100000,0.0,0.0,0.0,0.0,0.0,0.0,1.0,4,0.0,0.0,,,589352
2023-05-15 11:00:00,00000001250,20230515110000,0.0,0.0,0.0,0.0,0.0,0.0,1.0,4,0.0,0.0,,,589352
2023-05-15 12:00:00,00000001250,20230515120000,0.0,0.0,0.0,0.0,0.0,0.0,1.0,4,0.0,0.0,,,589352
2023-05-15 13:00:00,00000001250,20230515130000,0.0,0.0,0.0,0.0,0.0,0.0,1.0,4,0.0,0.0,,,589352
2023-05-15 14:00:00,00000001250,20230515140000,0.0,0.0,0.0,0.0,0.0,0.0,1.0,4,0.0,0.0,,,589352
2023-05-15 15:00:00,00000001250,20230515150000,0.0,0.0,0.0,0.0,0.0,0.0,1.0,4,0.0,0.0,,,589352
2023-05-15 16:00:00,00000001250,20230515160000,0.0,0.0,0.0,0.0,0.0,0.0,1.0,4,0.0,0.0,,,589352
2023-05-15 17:00:00,00000001250,20230515170000,0.0,0.0,0.0,0.0,0.0,0.0,1.0,4,0.0,0.0,,,589352
2023-05-15 18:00:00,00000001250,20230515180000,0.0,0.0,0.0,0.0,0.0,0.0,1.0,4,0.0,0.0,,,589352
2023-05-15 19:00:00,00000001250,20230515190000,0.0,0.0,0.0,0.0,0.0,0.0,1.0,4,0.0,0.0,,,589352
2023-05-15 20:00:00,00000001250,20230515200000,0.0,0.0,0.0,0.0,0.0,0.0,1.0,4,0.0,0.0,,,589352
2023-05-15 21:00:00,00000001250,20230515210000,0.0,0.0,0.0,0.0,0.0,0.0,1.0,4,0.0,0.0,,,589352
2023-05-15 22:00:00,00000001250,20230515220000,0.0,0.0,0.0,0.0,0.0,0.0,1.0,4,0.0,0.0,,,589352
2023-05-15 23:00:00,00000001250,20230515230000,0.0,0.0,0.0,0.0,0.0,0.0,1.0,4,0.0,0.0,,,589352
2023-05-16 00:00:00,00000001250,20230516000000,0.0,0.0,0.0,0.0,0.0,0.0,1.0,4,0.0,0.0,,,589352
2023-05-16 01:00:00,00000001250,20230516010000,0.0,0.0,0.0,0.0,0.0,0.0,1.0,4,0.0,0.0,,,589352
2023-05-16 02:00:00,00000001250,20230516020000,0.0,0.0,0.0,0.0,0.0,0.0,1.0,4,0.0,0.0,,,589352
2023-05-16 03:00:00,00000001250,20230516030000,0.0,0.0,0.0,0.0,0.0,0.0,1.0,4,0.0,0.0,,,589352
2023-05-16 04:00:00,00000001250,20230516040000,0.0,0.0,0.0,0.0,0.0,0.0,1.0,4,0.0,0.0,,,589352
2023-05-16 05:00:00,00000001250,20230516050000,0.0,0.0,0.0,0.0,0.0,0.0,1.0,4,0.0,0.0,,,589352
2023-05-16 06:00:00,00000001250,20230516060000,0.0,0.0,0.0,0.0,0.0,0.0,1.0,4,0.0,0.0,,,589352
2023-05-16 07:00:00,00000001250,20230516070000,0.0,0.0,0.0,0.0,0.0,0.0,1.0,4,0.0,0.0,,,589352
2023-05-16 08:00:00,00000001250,20230516080000,0.0,0.0,0.0,0.0,0.0,0.0,1.0,4,0.0,0.0,,,589352
2023-05-16 09:00:00,00000001250,20230516090000,0.0,0.0,0.0,0.0,0.0,0.0,1.0,4,0.0,0.0,,,589352
2023-05-16 10:00:00,00000001250,20230516100000,0.0,0.0,0.0,0.0,0.0,0.0,1.0,4,0.0,0.0,,,589352
2023-05-16 11:00:00,00000001250,20230516110000,0.0,0.0,0.0,0.0,0.0,0.0,1.0,4,0.0,0.0,,,589352
2023-05-16 12:00:00,00000001250,20230516120000,0.0,0.0,0.0,0.0,0.0,0.0,1.0,4,0.0,0.0,,,589352
2023-05-16 13:00:00,00000001250,20230516130000,0.0,0.0,0.0,0.0,0.0,0.0,1.0,4,0.0,0.0,,,589352
2023-05-16 14:00:00,00000001250,20230516140000,0.0,0.0,0.0,0.0,0.0,0.0,1.0,4,0.0,0.0,,,589352
2023-05-16 15:00:00,00000001250,20230516150000,0.0,0.0,0.0,0.0,0.0,0.0,1.0,4,0.0,0.0,,,589352
2023-05-16 16:00:00,00000001250,20230516160000,0.0,0.0,0.0,0.0,0.0,0.0,1.0,4,0.0,0.0,,,589352
2023-05-16 17:00:00,00000001250,20230516170000,0.0,0.0,0.0,0.0,0.0,0.0,1.0,4,0.0,0.0,,,589352
2023-05-16 18:00:00,00000001250,20230516180000,0.0,0.0,0.0,0.0,0.0,0.0,1.0,4,0.0,0.0,,,589352
2023-05-16 19:00:00,00000001250,20230516190000,0.0,0.0,0.0,0.0,0.0,0.0,1.0,4,0.0,0.0,,,589352
2023-05-16 20:00:00,00000001250,20230516200000,0.0,0.0,0.0,0.0,0.0,0.0,1.0,4,0.0,0.0,,,589352
2023-05-16 21:00:00,00000001250,20230516210000,0.0,0.0,0.0,0.0,0.0,0.0,1.0,4,0.0,0.0,,,589352
2023-05-16 22:00:00,00000001250,20230516220000,0.0,0.0,0.0,0.0,0.0,0.0,1.0,4,0.0,0.0,,,589352
2023-05-16 23:00:00,00000001250,20230516230000,0.0,0.0,0.0,0.0,0.0,0.0,1.0,4,0.0,0.0,,,589352
2023-05-17 00:00:00,00000001250,20230517000000,0.0,0.0,0.0,0.0,0.0,0.0,1.0,4,0.0,0.0,,,589352
2023-05-17 01:00:00,00000001250,20230517010000,0.0,0.0,0.0,0.0,0.0,0.0,1.0,4,0.0,0.0,,,589352
2023-05-17 02:00:00,00000001250,20230517020000,0.0,0.0,0.0,0.0,0.0,0.0,1.0,4,0.0,0.0,,,589352
2023-05-17 03:00:00,00000001250,20230517030000,0.0,0.0,0.0,0.0,0.0,0.0,1.0,4,0.0,0.0,,,589352
2023-05-17 04:00:00,00000001250,20230517040000,0.0,0.0,0.0,0.0,0.0,0.0,1.0,4,0.0,0.0,,,589352
2023-05-17 05:00:00,00000001250,20230517050000,0.0,0.0,0.0,0.0,0.0,0.0,1.0,4,0.0,0.0,,,589352
2023-05-17 06:00:00,00000001250,20230517060000,0.0,0.0,0.0,0.0,0.0,0.0,1.0,4,0.0,0.0,,,589352
2023-05-17 07:00:00,00000001250,20230517070000,0.0,0.0,0.0,0.0,0.0,0.0,1.0,4,0.0,0.0,,,589352
2023-05-17 08:00:00,00000001250,20230517080000,0.0,0.0,0.0,0.0,0.0,0.0,1.0,4,0.0,0.0,,,589352
2023-05-17 09:00:00,00000001250,20230517090000,0.0,0.0,0.0,0.0,0.0,0.0,1.0,4,0.0,0.0,,,589352
2023-05-17 10:00:00,00000001250,20230517100000,0.0,0.0,0.0,0.0,0.0,0.0,1.0,4,0.0,0.0,,,589352
2023-05-17 11:00:00,00000001250,20230517110000,0.0,0.0,0.0,0.0,0.0,0.0,1.0,4,0.0,0.0,,,589352
2023-05-17 12:00:00,00000001250,20230517120000,0.0,0.0,0.0,0.0,0.0,0.0,1.0,4,0.0,0.0,,,589352
2023-05-17 13:00:00,00000001250,20230517130000,0.0,0.0,0.0,0.0,0.0,0.0,1.0,4,0.0,0.0,,,589352
2023-05-17 14:00:00,00000001250,20230517140000,0.0,0.0,0.0,0.0,0.0,0.0,1.0,4,0.0,0.0,,,589352
2023-05-17 15:00:00,00000001250,20230517150000,0.0,0.0,0.0,0.0,0.0,0.0,1.0,4,0.0,0.0,,,589352
2023-05-17 16:00:00,00000001250,20230517160000,0.0,0.0,0.0,0.0,0.0,0.0,1.0,4,0.0,0.0,,,589352
2023-05-17 17:00:00,00000001250,20230517170000,0.0,0.0,0.0,0.0,0.0,0.0,1.0,4,0.0,0.0,,,589352
2023-05-17 18:00:00,00000001250,20230517180000,0.0,0.0,0.0,0.0,0.0,0.0,1.0,4,0.0,0.0,,,589352
2023-05-17 19:00:00,00000001250,20230517190000,0.0,0.0,0.0,0.0,0.0,0.0,1.0,4,0.0,0.0,,,589352
2023-05-17 20:00:00,00000001250,20230517200000,0.0,0.0,0.0,0.0,0.0,0.0,1.0,4,0.0,0.0,,,589352
2023-05-17 21:00:00,00000001250,20230517210000,0.0,0.0,0.0,0.0,0.0,0.0,1.0,4,0.0,0.0,,,589352
2023-05-17 22:00:00,00000001250,20230517220000,0.0,0.0,0.0,0.0,0.0,0.0,1.0,4,0.0,0.0,,,589352
2023-05-17 23:00:00,00000001250,20230517230000,0.0,0.0,0.0,0.0,0.0,0.0,1.0,4,0.0,0.0,,,589352
2023-05-18 00:00:00,00000001250,20230518000000,0.0,0.0,0.0,0.0,0.0,0.0,1.0,4,0.0,0.0,,,589352
2023-05-18 01:00:00,00000001250,20230518010000,0.0,0.0,0.0,0.0,0.0,0.0,1.0,4,0.0,0.0,,,589352
2023-05-18 02:00:00,00000001250,20230518020000,0.0,0.0,0.0,0.0,0.0,0.0,1.0,4,0.0,0.0,,,589352
2023-05-18 03:00:00,00000001250,20230518030000,0.0,0.0,0.0,0.0,0.0,0.0,1.0,4,0.0,0.0,,,589352
2023-05-18 04:00:00,00000001250,20230518040000,0.0,0.0,0.0,0.0,0.0,0.0,1.0,4,0.0,0.0,,,589352
2023-05-18 05:00:00,00000001250,20230518050000,0.0,0.0,0.0,0.0,0.0,0.0,1.0,4,0.0,0.0,,,589352
2023-05-18 06:00:00,00000001250,20230518060000,0.0,0.0,0.0,0.0,0.0,0.0,1.0,4,0.0,0.0,,,589352
2023-05-18 07:00:00,00000001250,20230518070000,0.0,0.0,0.0,0.0,0.0,0.0,1.0,4,0.0,0.0,,,589352
2023-05-18 08:00:00,00000001250,20230518080000,0.0,0.0,0.0,0.0,0.0,0.0,1.0,4,0.0,0.0,,,589352
2023-05-18 09:00:00,00000001250,20230518090000,0.0,0.0,0.0,0.0,0.0,0.0,1.0,4,0.0,0.0,,,589352
2023-05-18 10:00:00,00000001250,20230518100000,0.0,0.0,0.0,0.0,0.0,0.0,1.0,4,0.0,0.0,,,589352
2023-05-18 11:00:00,00000001250,20230518110000,0.0,0.0,0.0,0.0,0.0,0.0,1.0,4,0.0,0.0,,,589352
2023-05-18 12:00:00,00000001250,20230518120000,0.0,0.0,0.0,0.0,0.0,0.0,1.0,4,0.0,0.0,,,589352
2023-05-18 13:00:00,00000001250,20230518130000,0.0,0.0,0.0,0.0,0.0,0.0,1.0,4,0.0,0.0,,,589352
2023-05-18 14:00:00,00000001250,20230518140000,0.0,0.0,0.0,0.0,0.0,0.0,1.0,4,0.0,0.0,,,589352
2023-05-18 15:00:00,00000001250,20230518150000,0.0,0.0,0.0,0.0,0.0,0.0,1.0,4,0.0,0.0,,,589352
2023-05-18 16:00:00,00000001250,20230518160000,0.0,0.0,0.0,0.0,0.0,0.0,1.0,4,0.0,0.0,,,589352
2023-05-18 17:00:00,00000001250,20230518170000,0.0,0.0,0.0,0.0,0.0,0.0,1.0,4,0.0,0.0,,,589352
2023-05-18 18:00:00,00000001250,20230518180000,0.0,0.0,0.0,0.0,0.0,0.0,1.0,4,0.0,0.0,,,589352
2023-05-18 19:00:00,00000001250,20230518190000,0.0,0.0,0.0,0.0,0.0,0.0,1.0,4,0.0,0.0,,,589352
2023-05-18 20:00:00,00000001250,20230518200000,0.0,0.0,0.0,0.0,0.0,0.0,1.0,4,0.0,0.0,,,589352
2023-05-18 21:00:00,00000001250,20230518210000,0.0,0.0,0.0,0.0,0.0,0.0,1.0,4,0.0,0.0,,,589352
2023-05-18 22:00:00,00000001250,20230518220000,0.0,0.0,0.0,0.0,0.0,0.0,1.0,4,0.0,0.0,,,589352
2023-05-18 23:00:00,00000001250,20230518230000,0.0,0.0,0.0,0.0,0.0,0.0,1.0,4,0.0,0.0,,,589352
2023-05-19 00:00:00,00000001250,20230519000000,0.0,0.0,0.0,0.0,0.0,0.0,1.0,4,0.0,0.0,,,589352
2023-05-19 01:00:00,00000001250,20230519010000,0.0,0.0,0.0,0.0,0.0,0.0,1.0,4,0.0,0.0,,,589352
2023-05-19 02:00:00,00000001250,20230519020000,0.0,0.0,0.0,0.0,0.0,0.0,1.0,4,0.0,0.0,,,589352
2023-05-19 03:00:00,00000001250,20230519030000,0.0,0.0,0.0,0.0,0.0,0.0,1.0,4,0.0,0.0,,,589352
2023-05-19 04:00:00,00000001250,20230519040000,0.0,0.0,0.0,0.0,0.0,0.0,1.0,4,0.0,0.0,,,589352
2023-05-19 05:00:00,00000001250,20230519050000,0.0,0.0,0.0,0.0,0.0,0.0,1.0,4,0.0,0.0,,,589352
2023-05-19 06:00:00,00000001250,20230519060000,0.0,0.0,0.0,0.0,0.0,0.0,1.0,4,0.0,0.0,,,589352
2023-05-19 07:00:00,00000001250,20230519070000,0.0,0.0,0.0,0.0,0.0,0.0,1.0,4,0.0,0.0,,,589352
2023-05-19 08:00:00,00000001250,20230519080000,0.0,0.0,0.0,0.0,0.0,0.0,1.0,4,0.0,0.0,,,589352
2023-05-19 09:00:00,00000001250,20230519090000,0.0,0.0,0.0,0.0,0.0,0.0,1.0,4,0.0,0.0,,,589352
2023-05-19 10:00:00,00000001250,20230519100000,0.0,0.0,0.0,0.0,0.0,0.0,1.0,4,0.0,0.0,,,589352
2023-05-19 11:00:00,00000001250,20230519110000,0.0,0.0,0.0,0.0,0.0,0.0,1.0,4,0.0,0.0,,,589352
2023-05-19 12:00:00,00000001250,20230519120000,0.0,0.0,0.0,0.0,0.0,0.0,1.0,4,0.0,0.0,,,589352
2023-05-19 13:00:00,00000001250,20230519130000,0.013,0.0,0.0,0.0,0.0,0.0,1.0,4,0.0,0.0,0.0,0.0,589352
2023-05-19 14:00:00,00000001250,20230519140000,0.0,0.0,0.0,0.0,0.0,0.0,1.0,4,0.0,0.0,,,589352
2023-05-19 15:00:00,00000001250,20230519150000,0.0,0.0,0.0,0.0,0.0,0.0,1.0,4,0.0,0.0,,,589352
2023-05-19 16:00:00,00000001250,20230519160000,0.0,0.0,0.0,0.0,0.0,0.0,1.0,4,0.0,0.0,,,589352
2023-05-19 17:00:00,00000001250,20230519170000,0.0,0.0,0.0,0.0,0.0,0.0,1.0,4,0.0,0.0,,,589352
2023-05-19 18:00:00,00000001250,20230519180000,0.0,0.0,0.0,0.0,0.0,0.0,1.0,4,0.0,0.0,,,589352
2023-05-19 19:00:00,00000001250,20230519190000,0.0,0.0,0.0,0.0,0.0,0.0,1.0,4,0.0,0.0,,,589352
2023-05-19 20:00:00,00000001250,20230519200000,0.0,0.0,0.0,0.0,0.0,0.0,1.0,4,0.0,0.0,,,589352
2023-05-19 21:00:00,00000001250,20230519210000,0.0,0.0,0.0,0.0,0.0,0.0,1.0,4,0.0,0.0,,,589352
2023-05-19 22:00:00,00000001250,20230519220000,0.0,0.0,0.0,0.0,0.0,0.0,1.0,4,0.0,0.0,,,589352
2023-05-19 23:00:00,00000001250,20230519230000,0.0,0.0,0.0,0.0,0.0,0.0,1.0,4,0.0,0.0,,,589352
2023-05-20 00:00:00,00000001250,20230520000000,0.0,0.0,0.0,0.0,0.0,0.0,1.0,4,0.0,0.0,,,589352
2023-05-20 01:00:00,00000001250,20230520010000,0.0,0.0,0.0,0.0,0.0,0.0,1.0,4,0.0,0.0,,,589352
2023-05-20 02:00:00,00000001250,20230520020000,0.0,0.0,0.0,0.0,0.0,0.0,1.0,4,0.0,0.0,,,589352
2023-05-20 03:00:00,00000001250,20230520030000,0.0,0.0,0.0,0.0,0.0,0.0,1.0,4,0.0,0.0,,,589352
2023-05-20 04:00:00,00000001250,20230520040000,0.0,0.0,0.0,0.0,0.0,0.0,1.0,4,0.0,0.0,,,589352
2023-05-20 05:00:00,00000001250,20230520050000,0.0,0.0,0.0,0.0,0.0,0.0,1.0,4,0.0,0.0,,,589352
2023-05-20 06:00:00,00000001250,20230520060000,0.0,0.0,0.0,0.0,0.0,0.0,1.0,4,0.0,0.0,,,589352
2023-05-20 07:00:00,00000001250,20230520070000,0.0,0.0,0.0,0.0,0.0,0.0,1.0,4,0.0,0.0,,,589352
2023-05-20 08:00:00,00000001250,20230520080000,0.0,0.0,0.0,0.0,0.0,0.0,1.0,4,0.0,0.0,,,589352
2023-05-20 09:00:00,00000001250,20230520090000,0.0,0.0,0.0,0.0,0.0,0.0,1.0,4,0.0,0.0,,,589352
2023-05-20 10:00:00,00000001250,20230520100000,0.0,0.0,0.0,0.0,0.0,0.0,1.0,4,0.0,0.0,,,589352
2023-05-20 11:00:00,00000001250,20230520110000,0.0,0.0,0.0,0.0,0.0,0.0,1.0,4,0.0,0.0,,,589352
2023-05-20 12:00:00,00000001250,20230520120000,0.0,0.0,0.0,0.0,0.0,0.0,1.0,4,0.0,0.0,,,589352
2023-05-20 13:00:00,00000001250,20230520130000,0.0,0.0,0.0,0.0,0.0,0.0,1.0,4,0.0,0.0,,,589352
2023-05-20 14:00:00,00000001250,20230520140000,0.0,0.0,0.0,0.0,0.0,0.0,1.0,4,0.0,0.0,,,589352
2023-05-20 15:00:00,00000001250,20230520150000,0.0,0.0,0.0,0.0,0.0,0.0,1.0,4,0.0,0.0,,,589352
2023-05-20 16:00:00,00000001250,20230520160000,0.0,0.0,0.0,0.0,0.0,0.0,1.0,4,0.0,0.0,,,589352
2023-05-20 17:00:00,00000001250,20230520170000,0.0,0.0,0.0,0.0,0.0,0.0,1.0,4,0.0,0.0,,,589352
2023-05-20 18:00:00,00000001250,20230520180000,0.0,0.0,0.0,0.0,0.0,0.0,1.0,4,0.0,0.0,,,589352
2023-05-20 19:00:00,00000001250,20230520190000,0.0,0.0,0.0,0.0,0.0,0.0,1.0,4,0.0,0.0,,,589352
2023-05-20 20:00:00,00000001250,20230520200000,0.0,0.0,0.0,0.0,0.0,0.0,1.0,4,0.0,0.0,,,589352
2023-05-20 21:00:00,00000001250,20230520210000,0.0,0.0,0.0,0.0,0.0,0.0,1.0,4,0.0,0.0,,,589352
2023-05-20 22:00:00,00000001250,20230520220000,0.0,0.0,0.0,0.0,0.0,0.0,1.0,4,0.0,0.0,,,589352
2023-05-20 23:00:00,00000001250,20230520230000,0.0,0.0,0.0,0.0,0.0,0.0,1.0,4,0.0,0.0,,,589352
2023-05-21 00:00:00,00000001250,20230521000000,0.0,0.0,0.0,0.0,0.0,0.0,1.0,4,0.0,0.0,,,589352
2023-05-21 01:00:00,00000001250,20230521010000,0.0,0.0,0.0,0.0,0.0,0.0,1.0,4,0.0,0.0,,,589352
2023-05-21 02:00:00,00000001250,20230521020000,0.0,0.0,0.0,0.0,0.0,0.0,1.0,4,0.0,0.0,,,589352
2023-05-21 03:00:00,00000001250,20230521030000,0.0,0.0,0.0,0.0,0.0,0.0,1.0,4,0.0,0.0,,,589352
2023-05-21 04:00:00,00000001250,20230521040000,0.0,0.0,0.0,0.0,0.0,0.0,1.0,4,0.0,0.0,,,589352
2023-05-21 05:00:00,00000001250,20230521050000,0.0,0.0,0.0,0.0,0.0,0.0,1.0,4,0.0,0.0,,,589352
2023-05-21 06:00:00,00000001250,20230521060000,0.0,0.0,0.0,0.0,0.0,0.0,1.0,4,0.0,0.0,,,589352
2023-05-21 07:00:00,00000001250,20230521070000,0.0,0.0,0.0,0.0,0.0,0.0,1.0,4,0.0,0.0,,,589352
2023-05-21 08:00:00,00000001250,20230521080000,0.0,0.0,0.0,0.0,0.0,0.0,1.0,4,0.0,0.0,,,589352
2023-05-21 09:00:00,00000001250,20230521090000,0.0,0.0,0.0,0.0,0.0,0.0,1.0,4,0.0,0.0,,,589352
2023-05-21 10:00:00,00000001250,20230521100000,0.0,0.0,0.0,0.0,0.0,0.0,1.0,4,0.0,0.0,,,589352
2023-05-21 11:00:00,00000001250,20230521110000,0.0,0.0,0.0,0.0,0.0,0.0,1.0,4,0.0,0.0,,,589352
2023-05-21 12:00:00,00000001250,20230521120000,0.0,0.0,0.0,0.0,0.0,0.0,1.0,4,0.0,0.0,,,589352
2023-05-21 13:00:00,00000001250,20230521130000,0.0,0.0,0.0,0.0,0.0,0.0,1.0,4,0.0,0.0,,,589352
2023-05-21 14:00:00,00000001250,20230521140000,0.0,0.0,0.0,0.0,0.0,0.0,1.0,4,0.0,0.0,,,589352
2023-05-21 15:00:00,00000001250,20230521150000,0.0,0.0,0.0,0.0,0.0,0.0,1.0,4,0.0,0.0,,,589352
2023-05-21 16:00:00,00000001250,20230521160000,0.0,0.0,0.0,0.0,0.0,0.0,1.0,4,0.0,0.0,,,589352
2023-05-21 17:00:00,00000001250,20230521170000,0.0,0.0,0.0,0.0,0.0,0.0,1.0,4,0.0,0.0,,,589352
2023-05-21 18:00:00,00000001250,20230521180000,0.0,0.0,0.0,0.0,0.0,0.0,1.0,4,0.0,0.0,,,589352
2023-05-21 19:00:00,00000001250,20230521190000,0.0,0.0,0.0,0.0,0.0,0.0,1.0,4,0.0,0.0,,,589352
2023-05-21 20:00:00,00000001250,20230521200000,0.0,0.0,0.0,0.0,0.0,0.0,1.0,4,0.0,0.0,,,589352
2023-05-21 21:00:00,00000001250,20230521210000,0.0,0.0,0.0,0.0,0.0,0.0,1.0,4,0.0,0.0,,,589352
2023-05-21 22:00:00,00000001250,20230521220000,0.0,0.0,0.0,0.0,0.0,0.0,1.0,4,0.0,0.0,,,589352
2023-05-21 23:00:00,00000001250,20230521230000,0.0,0.0,0.0,0.0,0.0,0.0,1.0,4,0.0,0.0,,,589352
2023-05-22 00:00:00,00000001250,20230522000000,0.0,0.0,0.0,0.0,0.0,0.0,1.0,4,0.0,0.0,,,589352
2023-05-22 01:00:00,00000001250,20230522010000,0.0,0.0,0.0,0.0,0.0,0.0,1.0,4,0.0,0.0,,,589352
2023-05-22 02:00:00,00000001250,20230522020000,0.0,0.0,0.0,0.0,0.0,0.0,1.0,4,0.0,0.0,,,589352
2023-05-22 03:00:00,00000001250,20230522030000,0.0,0.0,0.0,0.0,0.0,0.0,1.0,4,0.0,0.0,,,589352
2023-05-22 04:00:00,00000001250,20230522040000,0.0,0.0,0.0,0.0,0.0,0.0,1.0,4,0.0,0.0,,,589352
2023-05-22 05:00:00,00000001250,20230522050000,0.0,0.0,0.0,0.0,0.0,0.0,1.0,4,0.0,0.0,,,589352
2023-05-22 06:00:00,00000001250,20230522060000,0.0,0.0,0.0,0.0,0.0,0.0,1.0,4,0.0,0.0,,,589352
2023-05-22 07:00:00,00000001250,20230522070000,0.0,0.0,0.0,0.0,0.0,0.0,1.0,4,0.0,0.0,,,589352
2023-05-22 08:00:00,00000001250,20230522080000,0.0,0.0,0.0,0.0,0.0,0.0,1.0,4,0.0,0.0,,,589352
2023-05-22 09:00:00,00000001250,20230522090000,0.0,0.0,0.0,0.0,0.0,0.0,1.0,4,0.0,0.0,,,589352
2023-05-22 10:00:00,00000001250,20230522100000,0.0,0.0,0.0,0.0,0.0,0.0,1.0,4,0.0,0.0,,,589352
2023-05-22 11:00:00,00000001250,20230522110000,0.0,0.0,0.0,0.0,0.0,0.0,1.0,4,0.0,0.0,,,589352
2023-05-22 12:00:00,00000001250,20230522120000,0.0,0.0,0.0,0.0,0.0,0.0,1.0,4,0.0,0.0,,,589352
2023-05-22 13:00:00,00000001250,20230522130000,0.0,0.0,0.0,0.0,0.0,0.0,1.0,4,0.0,0.0,,,589352
2023-05-22 14:00:00,00000001250,20230522140000,0.0,0.0,0.0,0.0,0.0,0.0,1.0,4,0.0,0.0,,,589352
2023-05-22 15:00:00,00000001250,20230522150000,0.0,0.0,0.0,0.0,0.0,0.0,1.0,4,0.0,0.0,,,589352
2023-05-22 16:00:00,00000001250,20230522160000,0.0,0.0,0.0,0.0,0.0,0.0,1.0,4,0.0,0.0,,,589352
2023-05-22 17:00:00,00000001250,20230522170000,0.0,0.0,0.0,0.0,0.0,0.0,1.0,4,0.0,0.0,,,589352
2023-05-22 18:00:00,00000001250,20230522180000,0.0,0.0,0.0,0.0,0.0,0.0,1.0,4,0.0,0.0,,,589352
2023-05-22 19:00:00,00000001250,20230522190000,0.0,0.0,0.0,0.0,0.0,0.0,1.0,4,0.0,0.0,,,589352
2023-05-22 20:00:00,00000001250,20230522200000,0.0,0.0,0.0,0.0,0.0,0.0,1.0,4,0.0,0.0,,,589352
2023-05-22 21:00:00,00000001250,20230522210000,0.0,0.0,0.0,0.0,0.0,0.0,1.0,4,0.0,0.0,,,589352
2023-05-22 22:00:00,00000001250,20230522220000,0.0,0.0,0.0,0.0,0.0,0.0,1.0,4,0.0,0.0,,,589352
2023-05-22 23:00:00,00000001250,20230522230000,0.0,0.0,0.0,0.0,0.0,0.0,1.0,4,0.0,0.0,,,589352
2023-05-23 00:00:00,00000001250,20230523000000,0.0,0.0,0.0,0.0,0.0,0.0,1.0,4,0.0,0.0,,,589352
2023-05-23 01:00:00,00000001250,20230523010000,0.0,0.0,0.0,0.0,0.0,0.0,1.0,4,0.0,0.0,,,589352
2023-05-23 02:00:00,00000001250,20230523020000,0.0,0.0,0.0,0.0,0.0,0.0,1.0,4,0.0,0.0,,,589352
2023-05-23 03:00:00,00000001250,20230523030000,0.0,0.0,0.0,0.0,0.0,0.0,1.0,4,0.0,0.0,,,589352
2023-05-23 04:00:00,00000001250,20230523040000,0.0,0.0,0.0,0.0,0.0,0.0,1.0,4,0.0,0.0,,,589352
2023-05-23 05:00:00,00000001250,20230523050000,0.0,0.0,0.0,0.0,0.0,0.0,1.0,4,0.0,0.0,,,589352
2023-05-23 06:00:00,00000001250,20230523060000,0.0,0.0,0.0,0.0,0.0,0.0,1.0,4,0.0,0.0,,,589352
2023-05-23 07:00:00,00000001250,20230523070000,0.0,0.0,0.0,0.0,0.0,0.0,1.0,4,0.0,0.0,,,589352
2023-05-23 08:00:00,00000001250,20230523080000,0.0,0.0,0.0,0.0,0.0,0.0,1.0,4,0.0,0.0,,,589352
2023-05-23 09:00:00,00000001250,20230523090000,0.0,0.0,0.0,0.0,0.0,0.0,1.0,4,0.0,0.0,,,589352
2023-05-23 10:00:00,00000001250,20230523100000,0.0,0.0,0.0,0.0,0.0,0.0,1.0,4,0.0,0.0,,,589352
2023-05-23 11:00:00,00000001250,20230523110000,0.0,0.0,0.0,0.0,0.0,0.0,1.0,4,0.0,0.0,,,589352
2023-05-23 12:00:00,00000001250,20230523120000,0.0,0.0,0.0,0.0,0.0,0.0,1.0,4,0.0,0.0,,,589352
2023-05-23 13:00:00,00000001250,20230523130000,0.0,0.0,0.0,0.0,0.0,0.0,1.0,4,0.0,0.0,,,589352
2023-05-23 14:00:00,00000001250,20230523140000,0.0,0.0,0.0,0.0,0.0,0.0,1.0,4,0.0,0.0,,,589352
2023-05-23 15:00:00,00000001250,20230523150000,0.0,0.0,0.0,0.0,0.0,0.0,1.0,4,0.0,0.0,,,589352
2023-05-23 16:00:00,00000001250,20230523160000,0.0,0.0,0.0,0.0,0.0,0.0,1.0,4,0.0,0.0,,,589352
2023-05-23 17:00:00,00000001250,20230523170000,0.0,0.0,0.0,0.0,0.0,0.0,1.0,4,0.0,0.0,,,589352
2023-05-23 18:00:00,00000001250,20230523180000,0.0,0.0,0.0,0.0,0.0,0.0,1.0,4,0.0,0.0,,,589352
2023-05-23 19:00:00,00000001250,20230523190000,0.0,0.0,0.0,0.0,0.0,0.0,1.0,4,0.0,0.0,,,589352
2023-05-23 20:00:00,00000001250,20230523200000,0.0,0.0,0.0,0.0,0.0,0.0,1.0,4,0.0,0.0,,,589352
2023-05-23 21:00:00,00000001250,20230523210000,0.0,0.0,0.0,0.0,0.0,0.0,1.0,4,0.0,0.0,,,589352
2023-05-23 22:00:00,00000001250,20230523220000,0.0,0.0,0.0,0.0,0.0,0.0,1.0,4,0.0,0.0,,,589352
2023-05-23 23:00:00,00000001250,20230523230000,0.0,0.0,0.0,0.0,0.0,0.0,1.0,4,0.0,0.0,,,589352
2023-05-24 00:00:00,00000001250,20230524000000,0.0,0.0,0.0,0.0,0.0,0.0,1.0,4,0.0,0.0,,,589352
2023-05-24 01:00:00,00000001250,20230524010000,0.0,0.0,0.0,0.0,0.0,0.0,1.0,4,0.0,0.0,,,589352
2023-05-24 02:00:00,00000001250,20230524020000,0.0,0.0,0.0,0.0,0.0,0.0,1.0,4,0.0,0.0,,,589352
2023-05-24 03:00:00,00000001250,20230524030000,0.0,0.0,0.0,0.0,0.0,0.0,1.0,4,0.0,0.0,,,589352
2023-05-24 04:00:00,00000001250,20230524040000,0.0,0.0,0.0,0.0,0.0,0.0,1.0,4,0.0,0.0,,,589352
2023-05-24 05:00:00,00000001250,20230524050000,0.0,0.0,0.0,0.0,0.0,0.0,1.0,4,0.0,0.0,,,589352
2023-05-24 06:00:00,00000001250,20230524060000,0.0,0.0,0.0,0.0,0.0,0.0,1.0,4,0.0,0.0,,,589352
2023-05-24 07:00:00,00000001250,20230524070000,0.0,0.0,0.0,0.0,0.0,0.0,1.0,4,0.0,0.0,,,589352
2023-05-24 08:00:00,00000001250,20230524080000,0.0,0.0,0.0,0.0,0.0,0.0,1.0,4,0.0,0.0,,,589352
2023-05-24 09:00:00,00000001250,20230524090000,0.0,0.0,0.0,0.0,0.0,0.0,1.0,4,0.0,0.0,,,589352
2023-05-24 10:00:00,00000001250,20230524100000,0.0,0.0,0.0,0.0,0.0,0.0,1.0,4,0.0,0.0,,,589352
2023-05-24 11:00:00,00000001250,20230524110000,0.0,0.0,0.0,0.0,0.0,0.0,1.0,4,0.0,0.0,,,589352
2023-05-24 12:00:00,00000001250,20230524120000,0.0,0.0,0.0,0.0,0.0,0.0,1.0,4,0.0,0.0,,,589352
2023-05-24 13:00:00,00000001250,20230524130000,0.0,0.0,0.0,0.0,0.0,0.0,1.0,4,0.0,0.0,,,589352
2023-05-24 14:00:00,00000001250,20230524140000,0.0,0.0,0.0,0.0,0.0,0.0,1.0,4,0.0,0.0,,,589352
2023-05-24 15:00:00,00000001250,20230524150000,0.0,0.0,0.0,0.0,0.0,0.0,1.0,4,0.0,0.0,,,589352
2023-05-24 16:00:00,00000001250,20230524160000,0.0,0.0,0.0,0.0,0.0,0.0,1.0,4,0.0,0.0,,,589352
2023-05-24 17:00:00,00000001250,20230524170000,0.0,0.0,0.0,0.0,0.0,0.0,1.0,4,0.0,0.0,,,589352
2023-05-24 18:00:00,00000001250,20230524180000,0.0,0.0,0.0,0.0,0.0,0.0,1.0,4,0.0,0.0,,,589352
2023-05-24 19:00:00,00000001250,20230524190000,0.0,0.0,0.0,0.0,0.0,0.0,1.0,4,0.0,0.0,,,589352
2023-05-24 20:00:00,00000001250,20230524200000,0.0,0.0,0.0,0.0,0.0,0.0,1.0,4,0.0,0.0,,,589352
2023-05-24 21:00:00,00000001250,20230524210000,0.0,0.0,0.0,0.0,0.0,0.0,1.0,4,0.0,0.0,,,589352
2023-05-24 22:00:00,00000001250,20230524220000,0.0,0.0,0.0,0.0,0.0,0.0,1.0,4,0.0,0.0,,,589352
2023-05-24 23:00:00,00000001250,20230524230000,0.0,0.0,0.0,0.0,0.0,0.0,1.0,4,0.0,0.0,,,589352
2023-05-25 00:00:00,00000001250,20230525000000,0.0,0.0,0.0,0.0,0.0,0.0,1.0,4,0.0,0.0,,,589352
2023-05-25 01:00:00,00000001250,20230525010000,0.0,0.0,0.0,0.0,0.0,0.0,1.0,4,0.0,0.0,,,589352
2023-05-25 02:00:00,00000001250,20230525020000,0.0,0.0,0.0,0.0,0.0,0.0,1.0,4,0.0,0.0,,,589352
2023-05-25 03:00:00,00000001250,20230525030000,0.0,0.0,0.0,0.0,0.0,0.0,1.0,4,0.0,0.0,,,589352
2023-05-25 04:00:00,00000001250,20230525040000,0.0,0.0,0.0,0.0,0.0,0.0,1.0,4,0.0,0.0,,,589352
2023-05-25 05:00:00,00000001250,20230525050000,0.0,0.0,0.0,0.0,0.0,0.0,1.0,4,0.0,0.0,,,589352
2023-05-25 06:00:00,00000001250,20230525060000,0.0,0.0,0.0,0.0,0.0,0.0,1.0,4,0.0,0.0,,,589352
2023-05-25 07:00:00,00000001250,20230525070000,0.0,0.0,0.0,0.0,0.0,0.0,1.0,4,0.0,0.0,,,589352
2023-05-25 08:00:00,00000001250,20230525080000,0.0,0.0,0.0,0.0,0.0,0.0,1.0,4,0.0,0.0,,,589352
2023-05-25 09:00:00,00000001250,20230525090000,0.0,0.0,0.0,0.0,0.0,0.0,1.0,4,0.0,0.0,,,589352
2023-05-25 10:00:00,00000001250,20230525100000,0.0,0.0,0.0,0.0,0.0,0.0,1.0,4,0.0,0.0,,,589352
2023-05-25 11:00:00,00000001250,20230525110000,0.0,0.0,0.0,0.0,0.0,0.0,1.0,4,0.0,0.0,,,589352
2023-05-25 12:00:00,00000001250,20230525120000,0.0,0.0,0.0,0.0,0.0,0.0,1.0,4,0.0,0.0,,,589352
2023-05-25 13:00:00,00000001250,20230525130000,0.0,0.0,0.0,0.0,0.0,0.0,1.0,4,0.0,0.0,,,589352
2023-05-25 14:00:00,00000001250,20230525140000,0.0,0.0,0.0,0.0,0.0,0.0,1.0,4,0.0,0.0,,,589352
2023-05-25 15:00:00,00000001250,20230525150000,0.0,0.0,0.0,0.0,0.0,0.0,1.0,4,0.0,0.0,,,589352
2023-05-25 16:00:00,00000001250,20230525160000,0.0,0.0,0.0,0.0,0.0,0.0,1.0,4,0.0,0.0,,,589352
2023-05-25 17:00:00,00000001250,20230525170000,0.0,0.0,0.0,0.0,0.0,0.0,1.0,4,0.0,0.0,,,589352
2023-05-25 18:00:00,00000001250,20230525180000,0.0,0.0,0.0,0.0,0.0,0.0,1.0,4,0.0,0.0,,,589352
2023-05-25 19:00:00,00000001250,20230525190000,0.0,0.0,0.0,0.0,0.0,0.0,1.0,4,0.0,0.0,,,589352
2023-05-25 20:00:00,00000001250,20230525200000,0.0,0.0,0.0,0.0,0.0,0.0,1.0,4,0.0,0.0,,,589352
2023-05-25 21:00:00,00000001250,20230525210000,0.0,0.0,0.0,0.0,0.0,0.0,1.0,4,0.0,0.0,,,589352
2023-05-25 22:00:00,00000001250,20230525220000,0.0,0.0,0.0,0.0,0.0,0.0,1.0,4,0.0,0.0,,,589352
2023-05-25 23:00:00,00000001250,20230525230000,0.0,0.0,0.0,0.0,0.0,0.0,1.0,4,0.0,0.0,,,589352
2023-05-26 00:00:00,00000001250,20230526000000,0.0,0.0,0.0,0.0,0.0,0.0,1.0,4,0.0,0.0,,,589352
2023-05-26 01:00:00,00000001250,20230526010000,0.0,0.0,0.0,0.0,0.0,0.0,1.0,4,0.0,0.0,,,589352
2023-05-26 02:00:00,00000001250,20230526020000,0.0,0.0,0.0,0.0,0.0,0.0,1.0,4,0.0,0.0,,,589352
2023-05-26 03:00:00,00000001250,20230526030000,0.0,0.0,0.0,0.0,0.0,0.0,1.0,4,0.0,0.0,,,589352
2023-05-26 04:00:00,00000001250,20230526040000,0.0,0.0,0.0,0.0,0.0,0.0,1.0,4,0.0,0.0,,,589352
2023-05-26 05:00:00,00000001250,20230526050000,0.0,0.0,0.0,0.0,0.0,0.0,1.0,4,0.0,0.0,,,589352
2023-05-26 06:00:00,00000001250,20230526060000,0.0,0.0,0.0,0.0,0.0,0.0,1.0,4,0.0,0.0,,,589352
2023-05-26 07:00:00,00000001250,20230526070000,0.0,0.0,0.0,0.0,0.0,0.0,1.0,4,0.0,0.0,,,589352
2023-05-26 08:00:00,00000001250,20230526080000,0.0,0.0,0.0,0.0,0.0,0.0,1.0,4,0.0,0.0,,,589352
2023-05-26 09:00:00,00000001250,20230526090000,0.0,0.0,0.0,0.0,0.0,0.0,1.0,4,0.0,0.0,,,589352
2023-05-26 10:00:00,00000001250,20230526100000,0.0,0.0,0.0,0.0,0.0,0.0,1.0,4,0.0,0.0,,,589352
2023-05-26 11:00:00,00000001250,20230526110000,0.0,0.0,0.0,0.0,0.0,0.0,1.0,4,0.0,0.0,,,589352
2023-05-26 12:00:00,00000001250,20230526120000,0.0,0.0,0.0,0.0,0.0,0.0,1.0,4,0.0,0.0,,,589352
2023-05-26 13:00:00,00000001250,20230526130000,0.0,0.0,0.0,0.0,0.0,0.0,1.0,4,0.0,0.0,,,589352
2023-05-26 14:00:00,00000001250,20230526140000,0.0,0.0,0.0,0.0,0.0,0.0,1.0,4,0.0,0.0,,,589352
2023-05-26 15:00:00,00000001250,20230526150000,0.0,0.0,0.0,0.0,0.0,0.0,1.0,4,0.0,0.0,,,589352
2023-05-26 16:00:00,00000001250,20230526160000,0.0,0.0,0.0,0.0,0.0,0.0,1.0,4,0.0,0.0,,,589352
2023-05-26 17:00:00,00000001250,20230526170000,0.0,0.0,0.0,0.0,0.0,0.0,1.0,4,0.0,0.0,,,589352
2023-05-26 18:00:00,00000001250,20230526180000,0.0,0.0,0.0,0.0,0.0,0.0,1.0,4,0.0,0.0,,,589352
2023-05-26 19:00:00,00000001250,20230526190000,0.0,0.0,0.0,0.0,0.0,0.0,1.0,4,0.0,0.0,,,589352
2023-05-26 20:00:00,00000001250,20230526200000,0.0,0.0,0.0,0.0,0.0,0.0,1.0,4,0.0,0.0,,,589352
2023-05-26 21:00:00,00000001250,20230526210000,0.0,0.0,0.0,0.0,0.0,0.0,1.0,4,0.0,0.0,,,589352
2023-05-26 22:00:00,00000001250,20230526220000,0.0,0.0,0.0,0.0,0.0,0.0,1.0,4,0.0,0.0,,,589352
2023-05-26 23:00:00,00000001250,20230526230000,0.0,0.0,0.0,0.0,0.0,0.0,1.0,4,0.0,0.0,,,589352
2023-05-27 00:00:00,00000001250,20230527000000,0.0,0.0,0.0,0.0,0.0,0.0,1.0,4,0.0,0.0,,,589352
2023-05-27 01:00:00,00000001250,20230527010000,0.0,0.0,0.0,0.0,0.0,0.0,1.0,4,0.0,0.0,,,589352
2023-05-27 02:00:00,00000001250,20230527020000,0.0,0.0,0.0,0.0,0.0,0.0,1.0,4,0.0,0.0,,,589352
2023-05-27 03:00:00,00000001250,20230527030000,0.0,0.0,0.0,0.0,0.0,0.0,1.0,4,0.0,0.0,,,589352
2023-05-27 04:00:00,00000001250,20230527040000,0.0,0.0,0.0,0.0,0.0,0.0,1.0,4,0.0,0.0,,,589352
2023-05-27 05:00:00,00000001250,20230527050000,0.0,0.0,0.0,0.0,0.0,0.0,1.0,4,0.0,0.0,,,589352
2023-05-27 06:00:00,00000001250,20230527060000,0.0,0.0,0.0,0.0,0.0,0.0,1.0,4,0.0,0.0,,,589352
2023-05-27 07:00:00,00000001250,20230527070000,0.0,0.0,0.0,0.0,0.0,0.0,1.0,4,0.0,0.0,,,589352
2023-05-27 08:00:00,00000001250,20230527080000,0.0,0.0,0.0,0.0,0.0,0.0,1.0,4,0.0,0.0,,,589352
2023-05-27 09:00:00,00000001250,20230527090000,0.0,0.0,0.0,0.0,0.0,0.0,1.0,4,0.0,0.0,,,589352
2023-05-27 10:00:00,00000001250,20230527100000,0.0,0.0,0.0,0.0,0.0,0.0,1.0,4,0.0,0.0,,,589352
2023-05-27 11:00:00,00000001250,20230527110000,0.0,0.0,0.0,0.0,0.0,0.0,1.0,4,0.0,0.0,,,589352
2023-05-27 12:00:00,00000001250,20230527120000,0.0,0.0,0.0,0.0,0.0,0.0,1.0,4,0.0,0.0,,,589352
2023-05-27 13:00:00,00000001250,20230527130000,0.0,0.0,0.0,0.0,0.0,0.0,1.0,4,0.0,0.0,,,589352
2023-05-27 14:00:00,00000001250,20230527140000,0.0,0.0,0.0,0.0,0.0,0.0,1.0,4,0.0,0.0,,,589352
2023-05-27 15:00:00,00000001250,20230527150000,0.0,0.0,0.0,0.0,0.0,0.0,1.0,4,0.0,0.0,,,589352
2023-05-27 16:00:00,00000001250,20230527160000,0.0,0.0,0.0,0.0,0.0,0.0,1.0,4,0.0,0.0,,,589352
2023-05-27 17:00:00,00000001250,20230527170000,0.0,0.0,0.0,0.0,0.0,0.0,1.0,4,0.0,0.0,,,589352
2023-05-27 18:00:00,00000001250,20230527180000,0.0,0.0,0.0,0.0,0.0,0.0,1.0,4,0.0,0.0,,,589352
2023-05-27 19:00:00,00000001250,20230527190000,0.0,0.0,0.0,0.0,0.0,0.0,1.0,4,0.0,0.0,,,589352
2023-05-27 20:00:00,00000001250,20230527200000,0.0,0.0,0.0,0.0,0.0,0.0,1.0,4,0.0,0.0,,,589352
2023-05-27 21:00:00,00000001250,20230527210000,0.0,0.0,0.0,0.0,0.0,0.0,1.0,4,0.0,0.0,,,589352
2023-05-27 22:00:00,00000001250,20230527220000,0.0,0.0,0.0,0.0,0.0,0.0,1.0,4,0.0,0.0,,,589352
2023-05-27 23:00:00,00000001250,20230527230000,0.0,0.0,0.0,0.0,0.0,0.0,1.0,4,0.0,0.0,,,589352
2023-05-28 00:00:00,00000001250,20230528000000,0.0,0.0,0.0,0.0,0.0,0.0,1.0,4,0.0,0.0,,,589352
2023-05-28 01:00:00,00000001250,20230528010000,0.0,0.0,0.0,0.0,0.0,0.0,1.0,4,0.0,0.0,,,589352
2023-05-28 02:00:00,00000001250,20230528020000,0.0,0.0,0.0,0.0,0.0,0.0,1.0,4,0.0,0.0,,,589352
2023-05-28 03:00:00,00000001250,20230528030000,0.0,0.0,0.0,0.0,0.0,0.0,1.0,4,0.0,0.0,,,589352
2023-05-28 04:00:00,00000001250,20230528040000,0.0,0.0,0.0,0.0,0.0,0.0,1.0,4,0.0,0.0,,,589352
2023-05-28 05:00:00,00000001250,20230528050000,0.0,0.0,0.0,0.0,0.0,0.0,1.0,4,0.0,0.0,,,589352
2023-05-28 06:00:00,00000001250,20230528060000,0.0,0.0,0.0,0.0,0.0,0.0,1.0,4,0.0,0.0,,,589352
2023-05-28 07:00:00,00000001250,20230528070000,0.0,0.0,0.0,0.0,0.0,0.0,1.0,4,0.0,0.0,,,589352
2023-05-28 08:00:00,00000001250,20230528080000,0.0,0.0,0.0,0.0,0.0,0.0,1.0,4,0.0,0.0,,,589352
2023-05-28 09:00:00,00000001250,20230528090000,0.0,0.0,0.0,0.0,0.0,0.0,1.0,4,0.0,0.0,,,589352
2023-05-28 10:00:00,00000001250,20230528100000,0.0,0.0,0.0,0.0,0.0,0.0,1.0,4,0.0,0.0,,,589352
2023-05-28 11:00:00,00000001250,20230528110000,0.0,0.0,0.0,0.0,0.0,0.0,1.0,4,0.0,0.0,,,589352
2023-05-28 12:00:00,00000001250,20230528120000,0.0,0.0,0.0,0.0,0.0,0.0,1.0,4,0.0,0.0,,,589352
2023-05-28 13:00:00,00000001250,20230528130000,0.0,0.0,0.0,0.0,0.0,0.0,1.0,4,0.0,0.0,,,589352
2023-05-28 14:00:00,00000001250,20230528140000,0.0,0.0,0.0,0.0,0.0,0.0,1.0,4,0.0,0.0,,,589352
2023-05-28 15:00:00,00000001250,20230528150000,0.0,0.0,0.0,0.0,0.0,0.0,1.0,4,0.0,0.0,,,589352
2023-05-28 16:00:00,00000001250,20230528160000,0.0,0.0,0.0,0.0,0.0,0.0,1.0,4,0.0,0.0,,,589352
2023-05-28 17:00:00,00000001250,20230528170000,0.0,0.0,0.0,0.0,0.0,0.0,1.0,4,0.0,0.0,,,589352
2023-05-28 18:00:00,00000001250,20230528180000,0.0,0.0,0.0,0.0,0.0,0.0,1.0,4,0.0,0.0,,,589352
2023-05-28 19:00:00,00000001250,20230528190000,0.0,0.0,0.0,0.0,0.0,0.0,1.0,4,0.0,0.0,,,589352
2023-05-28 20:00:00,00000001250,20230528200000,0.0,0.0,0.0,0.0,0.0,0.0,1.0,4,0.0,0.0,,,589352
2023-05-28 21:00:00,00000001250,20230528210000,0.0,0.0,0.0,0.0,0.0,0.0,1.0,4,0.0,0.0,,,589352
2023-05-28 22:00:00,00000001250,20230528220000,0.0,0.0,0.0,0.0,0.0,0.0,1.0,4,0.0,0.0,,,589352
2023-05-28 23:00:00,00000001250,20230528230000,0.0,0.0,0.0,0.0,0.0,0.0,1.0,4,0.0,0.0,,,589352
2023-05-29 00:00:00,00000001250,20230529000000,0.0,0.0,0.0,0.0,0.0,0.0,1.0,4,0.0,0.0,,,589352
2023-05-29 01:00:00,00000001250,20230529010000,0.0,0.0,0.0,0.0,0.0,0.0,1.0,4,0.0,0.0,,,589352
2023-05-29 02:00:00,00000001250,20230529020000,0.0,0.0,0.0,0.0,0.0,0.0,1.0,4,0.0,0.0,,,589352
2023-05-29 03:00:00,00000001250,20230529030000,0.0,0.0,0.0,0.0,0.0,0.0,1.0,4,0.0,0.0,,,589352
2023-05-29 04:00:00,00000001250,20230529040000,0.0,0.0,0.0,0.0,0.0,0.0,1.0,4,0.0,0.0,,,589352
2023-05-29 05:00:00,00000001250,20230529050000,0.0,0.0,0.0,0.0,0.0,0.0,1.0,4,0.0,0.0,,,589352
2023-05-29 06:00:00,00000001250,20230529060000,0.0,0.0,0.0,0.0,0.0,0.0,1.0,4,0.0,0.0,,,589352
2023-05-29 07:00:00,00000001250,20230529070000,0.0,0.0,0.0,0.0,0.0,0.0,1.0,4,0.0,0.0,,,589352
2023-05-29 08:00:00,00000001250,20230529080000,0.0,0.0,0.0,0.0,0.0,0.0,1.0,4,0.0,0.0,,,589352
2023-05-29 09:00:00,00000001250,20230529090000,0.0,0.0,0.0,0.0,0.0,0.0,1.0,4,0.0,0.0,,,589352
2023-05-29 10:00:00,00000001250,20230529100000,0.0,0.0,0.0,0.0,0.0,0.0,1.0,4,0.0,0.0,,,589352
2023-05-29 11:00:00,00000001250,20230529110000,0.0,0.0,0.0,0.0,0.0,0.0,1.0,4,0.0,0.0,,,589352
2023-05-29 12:00:00,00000001250,20230529120000,0.0,0.0,0.0,0.0,0.0,0.0,1.0,4,0.0,0.0,,,589352
2023-05-29 13:00:00,00000001250,20230529130000,0.0,0.0,0.0,0.0,0.0,0.0,1.0,4,0.0,0.0,,,589352
2023-05-29 14:00:00,00000001250,20230529140000,0.0,0.0,0.0,0.0,0.0,0.0,1.0,4,0.0,0.0,,,589352
2023-05-29 15:00:00,00000001250,20230529150000,0.0,0.0,0.0,0.0,0.0,0.0,1.0,4,0.0,0.0,,,589352
2023-05-29 16:00:00,00000001250,20230529160000,0.0,0.0,0.0,0.0,0.0,0.0,1.0,4,0.0,0.0,,,589352
2023-05-29 17:00:00,00000001250,20230529170000,0.0,0.0,0.0,0.0,0.0,0.0,1.0,4,0.0,0.0,,,589352
2023-05-29 18:00:00,00000001250,20230529180000,0.0,0.0,0.0,0.0,0.0,0.0,1.0,4,0.0,0.0,,,589352
2023-05-29 19:00:00,00000001250,20230529190000,0.0,0.0,0.0,0.0,0.0,0.0,1.0,4,0.0,0.0,,,589352
2023-05-29 20:00:00,00000001250,20230529200000,0.0,0.0,0.0,0.0,0.0,0.0,1.0,4,0.0,0.0,,,589352
2023-05-29 21:00:00,00000001250,20230529210000,0.0,0.0,0.0,0.0,0.0,0.0,1.0,4,0.0,0.0,,,589352
2023-05-29 22:00:00,00000001250,20230529220000,0.002,0.0,0.0,0.0,0.0,0.0,1.0,4,0.0,0.0,0.0,0.0,589352
2023-05-29 23:00:00,00000001250,20230529230000,0.004,0.0,0.0,0.0,0.0,0.0,1.0,4,0.0,0.0,0.0,0.0,589352
2023-05-30 00:00:00,00000001250,20230530000000,0.005,0.0,0.0,0.0,0.0,0.0,1.0,4,0.0,0.0,0.0,0.0,589352
2023-05-30 01:00:00,00000001250,20230530010000,0.004,0.0,0.0,0.0,0.0,0.0,1.0,4,0.0,0.0,0.0,0.0,589352
2023-05-30 02:00:00,00000001250,20230530020000,0.004,0.0,0.0,0.0,0.0,0.0,1.0,4,0.0,0.0,0.0,0.0,589352
2023-05-30 03:00:00,00000001250,20230530030000,0.001,0.0,0.0,0.0,0.0,0.0,1.0,4,0.0,0.0,0.0,0.0,589352
2023-05-30 04:00:00,00000001250,20230530040000,0.0,0.0,0.0,0.0,0.0,0.0,1.0,4,0.0,0.0,,,589352
2023-05-30 05:00:00,00000001250,20230530050000,0.0,0.0,0.0,0.0,0.0,0.0,1.0,4,0.0,0.0,,,589352
2023-05-30 06:00:00,00000001250,20230530060000,0.0,0.0,0.0,0.0,0.0,0.0,1.0,4,0.0,0.0,,,589352
2023-05-30 07:00:00,00000001250,20230530070000,0.0,0.0,0.0,0.0,0.0,0.0,1.0,4,0.0,0.0,,,589352
2023-05-30 08:00:00,00000001250,20230530080000,0.0,0.0,0.0,0.0,0.0,0.0,1.0,4,0.0,0.0,,,589352
2023-05-30 09:00:00,00000001250,20230530090000,0.0,0.0,0.0,0.0,0.0,0.0,1.0,4,0.0,0.0,,,589352
2023-05-30 10:00:00,00000001250,20230530100000,0.0,0.0,0.0,0.0,0.0,0.0,1.0,4,0.0,0.0,,,589352
2023-05-30 11:00:00,00000001250,20230530110000,0.0,0.0,0.0,0.0,0.0,0.0,1.0,4,0.0,0.0,,,589352
2023-05-30 12:00:00,00000001250,20230530120000,0.0,0.0,0.0,0.0,0.0,0.0,1.0,4,0.0,0.0,,,589352
2023-05-30 13:00:00,00000001250,20230530130000,0.0,0.0,0.0,0.0,0.0,0.0,1.0,4,0.0,0.0,,,589352
2023-05-30 14:00:00,00000001250,20230530140000,0.0,0.0,0.0,0.0,0.0,0.0,1.0,4,0.0,0.0,,,589352
2023-05-30 15:00:00,00000001250,20230530150000,0.0,0.0,0.0,0.0,0.0,0.0,1.0,4,0.0,0.0,,,589352
2023-05-30 16:00:00,00000001250,20230530160000,0.0,0.0,0.0,0.0,0.0,0.0,1.0,4,0.0,0.0,,,589352
2023-05-30 17:00:00,00000001250,20230530170000,0.0,0.0,0.0,0.0,0.0,0.0,1.0,4,0.0,0.0,,,589352
2023-05-30 18:00:00,00000001250,20230530180000,0.0,0.0,0.0,0.0,0.0,0.0,1.0,4,0.0,0.0,,,589352
2023-05-30 19:00:00,00000001250,20230530190000,0.0,0.0,0.0,0.0,0.0,0.0,1.0,4,0.0,0.0,,,589352
2023-05-30 20:00:00,00000001250,20230530200000,0.0,0.0,0.0,0.0,0.0,0.0,1.0,4,0.0,0.0,,,589352
2023-05-30 21:00:00,00000001250,20230530210000,0.0,0.0,0.0,0.0,0.0,0.0,1.0,4,0.0,0.0,,,589352
2023-05-30 22:00:00,00000001250,20230530220000,0.0,0.0,0.0,0.0,0.0,0.0,1.0,4,0.0,0.0,,,589352
2023-05-30 23:00:00,00000001250,20230530230000,0.0,0.0,0.0,0.0,0.0,0.0,1.0,4,0.0,0.0,,,589352
2023-05-31 00:00:00,00000001250,20230531000000,0.0,0.0,0.0,0.0,0.0,0.0,1.0,4,0.0,0.0,,,589352
2023-05-31 01:00:00,00000001250,20230531010000,0.0,0.0,0.0,0.0,0.0,0.0,1.0,4,0.0,0.0,,,589352
2023-05-31 02:00:00,00000001250,20230531020000,0.0,0.0,0.0,0.0,0.0,0.0,1.0,4,0.0,0.0,,,589352
2023-05-31 03:00:00,00000001250,20230531030000,0.0,0.0,0.0,0.0,0.0,0.0,1.0,4,0.0,0.0,,,589352
2023-05-31 04:00:00,00000001250,20230531040000,0.0,0.0,0.0,0.0,0.0,0.0,1.0,4,0.0,0.0,,,589352
2023-05-31 05:00:00,00000001250,20230531050000,0.0,0.0,0.0,0.0,0.0,0.0,1.0,4,0.0,0.0,,,589352
2023-05-31 06:00:00,00000001250,20230531060000,0.0,0.0,0.0,0.0,0.0,0.0,1.0,4,0.0,0.0,,,589352
2023-05-31 07:00:00,00000001250,20230531070000,0.0,0.0,0.0,0.0,0.0,0.0,1.0,4,0.0,0.0,,,589352
2023-05-31 08:00:00,00000001250,20230531080000,0.0,0.0,0.0,0.0,0.0,0.0,1.0,4,0.0,0.0,,,589352
2023-05-31 09:00:00,00000001250,20230531090000,0.0,0.0,0.0,0.0,0.0,0.0,1.0,4,0.0,0.0,,,589352
2023-05-31 10:00:00,00000001250,20230531100000,0.0,0.0,0.0,0.0,0.0,0.0,1.0,4,0.0,0.0,,,589352
2023-05-31 11:00:00,00000001250,20230531110000,0.0,0.0,0.0,0.0,0.0,0.0,1.0,4,0.0,0.0,,,589352
2023-05-31 12:00:00,00000001250,20230531120000,0.0,0.0,0.0,0.0,0.0,0.0,1.0,4,0.0,0.0,,,589352
2023-05-31 13:00:00,00000001250,20230531130000,0.0,0.0,0.0,0.0,0.0,0.0,1.0,4,0.0,0.0,,,589352
2023-05-31 14:00:00,00000001250,20230531140000,0.0,0.0,0.0,0.0,0.0,0.0,1.0,4,0.0,0.0,,,589352
2023-05-31 15:00:00,00000001250,20230531150000,0.0,0.0,0.0,0.0,0.0,0.0,1.0,4,0.0,0.0,,,589352
2023-05-31 16:00:00,00000001250,20230531160000,0.0,0.0,0.0,0.0,0.0,0.0,1.0,4,0.0,0.0,,,589352
2023-05-31 17:00:00,00000001250,20230531170000,0.0,0.0,0.0,0.0,0.0,0.0,1.0,4,0.0,0.0,,,589352
2023-05-31 18:00:00,00000001250,20230531180000,0.0,0.0,0.0,0.0,0.0,0.0,1.0,4,0.0,0.0,,,589352
2023-05-31 19:00:00,00000001250,20230531190000,0.0,0.0,0.0,0.0,0.0,0.0,1.0,4,0.0,0.0,,,589352
2023-05-31 20:00:00,00000001250,20230531200000,0.0,0.0,0.0,0.0,0.0,0.0,1.0,4,0.0,0.0,,,589352
2023-05-31 21:00:00,00000001250,20230531210000,0.0,0.0,0.0,0.0,0.0,0.0,1.0,4,0.0,0.0,,,589352
2023-05-31 22:00:00,00000001250,20230531220000,0.0,0.0,0.0,0.0,0.0,0.0,1.0,4,0.0,0.0,,,589352
2023-05-31 23:00:00,00000001250,20230531230000,0.0,0.0,0.0,0.0,0.0,0.0,1.0,4,0.0,0.0,,,589352
2023-06-01 00:00:00,00000001250,20230601000000,0.0,0.0,0.0,0.0,0.0,0.0,1.0,4,0.0,0.0,,,589352
2023-06-01 01:00:00,00000001250,20230601010000,0.0,0.0,0.0,0.0,0.0,0.0,1.0,4,0.0,0.0,,,589352
2023-06-01 02:00:00,00000001250,20230601020000,0.0,0.0,0.0,0.0,0.0,0.0,1.0,4,0.0,0.0,,,589352
2023-06-01 03:00:00,00000001250,20230601030000,0.0,0.0,0.0,0.0,0.0,0.0,1.0,4,0.0,0.0,,,589352
2023-06-01 04:00:00,00000001250,20230601040000,0.0,0.0,0.0,0.0,0.0,0.0,1.0,4,0.0,0.0,,,589352
2023-06-01 05:00:00,00000001250,20230601050000,0.0,0.0,0.0,0.0,0.0,0.0,1.0,4,0.0,0.0,,,589352
2023-06-01 06:00:00,00000001250,20230601060000,0.0,0.0,0.0,0.0,0.0,0.0,1.0,4,0.0,0.0,,,589352
2023-06-01 07:00:00,00000001250,20230601070000,0.0,0.0,0.0,0.0,0.0,0.0,1.0,4,0.0,0.0,,,589352
2023-06-01 08:00:00,00000001250,20230601080000,0.0,0.0,0.0,0.0,0.0,0.0,1.0,4,0.0,0.0,,,589352
2023-06-01 09:00:00,00000001250,20230601090000,0.0,0.0,0.0,0.0,0.0,0.0,1.0,4,0.0,0.0,,,589352
2023-06-01 10:00:00,00000001250,20230601100000,0.0,0.0,0.0,0.0,0.0,0.0,1.0,4,0.0,0.0,,,589352
2023-06-01 11:00:00,00000001250,20230601110000,0.0,0.0,0.0,0.0,0.0,0.0,1.0,4,0.0,0.0,,,589352
2023-06-01 12:00:00,00000001250,20230601120000,0.0,0.0,0.0,0.0,0.0,0.0,1.0,4,0.0,0.0,,,589352
2023-06-01 13:00:00,00000001250,20230601130000,0.0,0.0,0.0,0.0,0.0,0.0,1.0,4,0.0,0.0,,,589352
2023-06-01 14:00:00,00000001250,20230601140000,0.0,0.0,0.0,0.0,0.0,0.0,1.0,4,0.0,0.0,,,589352
2023-06-01 15:00:00,00000001250,20230601150000,0.0,0.0,0.0,0.0,0.0,0.0,1.0,4,0.0,0.0,,,589352
2023-06-01 16:00:00,00000001250,20230601160000,0.0,0.0,0.0,0.0,0.0,0.0,1.0,4,0.0,0.0,,,589352
2023-06-01 17:00:00,00000001250,20230601170000,0.0,0.0,0.0,0.0,0.0,0.0,1.0,4,0.0,0.0,,,589352
2023-06-01 18:00:00,00000001250,20230601180000,0.0,0.0,0.0,0.0,0.0,0.0,1.0,4,0.0,0.0,,,589352
2023-06-01 19:00:00,00000001250,20230601190000,0.0,0.0,0.0,0.0,0.0,0.0,1.0,4,0.0,0.0,,,589352
2023-06-01 20:00:00,00000001250,20230601200000,0.0,0.0,0.0,0.0,0.0,0.0,1.0,4,0.0,0.0,,,589352
2023-06-01 21:00:00,00000001250,20230601210000,0.0,0.0,0.0,0.0,0.0,0.0,1.0,4,0.0,0.0,,,589352
2023-06-01 22:00:00,00000001250,20230601220000,0.0,0.0,0.0,0.0,0.0,0.0,1.0,4,0.0,0.0,,,589352
2023-06-01 23:00:00,00000001250,20230601230000,0.0,0.0,0.0,0.0,0.0,0.0,1.0,4,0.0,0.0,,,589352
2023-06-02 00:00:00,00000001250,20230602000000,0.0,0.0,0.0,0.0,0.0,0.0,1.0,4,0.0,0.0,,,589352
2023-06-02 01:00:00,00000001250,20230602010000,0.0,0.0,0.0,0.0,0.0,0.0,1.0,4,0.0,0.0,,,589352
2023-06-02 02:00:00,00000001250,20230602020000,0.0,0.0,0.0,0.0,0.0,0.0,1.0,4,0.0,0.0,,,589352
2023-06-02 03:00:00,00000001250,20230602030000,0.0,0.0,0.0,0.0,0.0,0.0,1.0,4,0.0,0.0,,,589352
2023-06-02 04:00:00,00000001250,20230602040000,0.0,0.0,0.0,0.0,0.0,0.0,1.0,4,0.0,0.0,,,589352
2023-06-02 05:00:00,00000001250,20230602050000,0.0,0.0,0.0,0.0,0.0,0.0,1.0,4,0.0,0.0,,,589352
2023-06-02 06:00:00,00000001250,20230602060000,0.0,0.0,0.0,0.0,0.0,0.0,1.0,4,0.0,0.0,,,589352
2023-06-02 07:00:00,00000001250,20230602070000,0.0,0.0,0.0,0.0,0.0,0.0,1.0,4,0.0,0.0,,,589352
2023-06-02 08:00:00,00000001250,20230602080000,0.0,0.0,0.0,0.0,0.0,0.0,1.0,4,0.0,0.0,,,589352
2023-06-02 09:00:00,00000001250,20230602090000,0.0,0.0,0.0,0.0,0.0,0.0,1.0,4,0.0,0.0,,,589352
2023-06-02 10:00:00,00000001250,20230602100000,0.0,0.0,0.0,0.0,0.0,0.0,1.0,4,0.0,0.0,,,589352
2023-06-02 11:00:00,00000001250,20230602110000,0.0,0.0,0.0,0.0,0.0,0.0,1.0,4,0.0,0.0,,,589352
2023-06-02 12:00:00,00000001250,20230602120000,0.0,0.0,0.0,0.0,0.0,0.0,1.0,4,0.0,0.0,,,589352
2023-06-02 13:00:00,00000001250,20230602130000,0.0,0.0,0.0,0.0,0.0,0.0,1.0,4,0.0,0.0,,,589352
2023-06-02 14:00:00,00000001250,20230602140000,0.0,0.0,0.0,0.0,0.0,0.0,1.0,4,0.0,0.0,,,589352
2023-06-02 15:00:00,00000001250,20230602150000,0.0,0.0,0.0,0.0,0.0,0.0,1.0,4,0.0,0.0,,,589352
2023-06-02 16:00:00,00000001250,20230602160000,0.0,0.0,0.0,0.0,0.0,0.0,1.0,4,0.0,0.0,,,589352
2023-06-02 17:00:00,00000001250,20230602170000,0.0,0.0,0.0,0.0,0.0,0.0,1.0,4,0.0,0.0,,,589352
2023-06-02 18:00:00,00000001250,20230602180000,0.0,0.0,0.0,0.0,0.0,0.0,1.0,4,0.0,0.0,,,589352
2023-06-02 19:00:00,00000001250,20230602190000,0.0,0.0,0.0,0.0,0.0,0.0,1.0,4,0.0,0.0,,,589352
2023-06-02 20:00:00,00000001250,20230602200000,0.0,0.0,0.0,0.0,0.0,0.0,1.0,4,0.0,0.0,,,589352
2023-06-02 21:00:00,00000001250,20230602210000,0.0,0.0,0.0,0.0,0.0,0.0,1.0,4,0.0,0.0,,,589352
2023-06-02 22:00:00,00000001250,20230602220000,0.0,0.0,0.0,0.0,0.0,0.0,1.0,4,0.0,0.0,,,589352
2023-06-02 23:00:00,00000001250,20230602230000,0.0,0.0,0.0,0.0,0.0,0.0,1.0,4,0.0,0.0,,,589352
2023-06-03 00:00:00,00000001250,20230603000000,0.0,0.0,0.0,0.0,0.0,0.0,1.0,4,0.0,0.0,,,589352
2023-06-03 01:00:00,00000001250,20230603010000,0.0,0.0,0.0,0.0,0.0,0.0,1.0,4,0.0,0.0,,,589352
2023-06-03 02:00:00,00000001250,20230603020000,0.0,0.0,0.0,0.0,0.0,0.0,1.0,4,0.0,0.0,,,589352
2023-06-03 03:00:00,00000001250,20230603030000,0.0,0.0,0.0,0.0,0.0,0.0,1.0,4,0.0,0.0,,,589352
2023-06-03 04:00:00,00000001250,20230603040000,0.0,0.0,0.0,0.0,0.0,0.0,1.0,4,0.0,0.0,,,589352
2023-06-03 05:00:00,00000001250,20230603050000,0.0,0.0,0.0,0.0,0.0,0.0,1.0,4,0.0,0.0,,,589352
2023-06-03 06:00:00,00000001250,20230603060000,0.0,0.0,0.0,0.0,0.0,0.0,1.0,4,0.0,0.0,,,589352
2023-06-03 07:00:00,00000001250,20230603070000,0.0,0.0,0.0,0.0,0.0,0.0,1.0,4,0.0,0.0,,,589352
2023-06-03 08:00:00,00000001250,20230603080000,0.0,0.0,0.0,0.0,0.0,0.0,1.0,4,0.0,0.0,,,589352
2023-06-03 09:00:00,00000001250,20230603090000,0.0,0.0,0.0,0.0,0.0,0.0,1.0,4,0.0,0.0,,,589352
2023-06-03 10:00:00,00000001250,20230603100000,0.0,0.0,0.0,0.0,0.0,0.0,1.0,4,0.0,0.0,,,589352
2023-06-03 11:00:00,00000001250,20230603110000,0.0,0.0,0.0,0.0,0.0,0.0,1.0,4,0.0,0.0,,,589352
2023-06-03 12:00:00,00000001250,20230603120000,0.0,0.0,0.0,0.0,0.0,0.0,1.0,4,0.0,0.0,,,589352
2023-06-03 13:00:00,00000001250,20230603130000,0.0,0.0,0.0,0.0,0.0,0.0,1.0,4,0.0,0.0,,,589352
2023-06-03 14:00:00,00000001250,20230603140000,0.0,0.0,0.0,0.0,0.0,0.0,1.0,4,0.0,0.0,,,589352
2023-06-03 15:00:00,00000001250,20230603150000,0.0,0.0,0.0,0.0,0.0,0.0,1.0,4,0.0,0.0,,,589352
2023-06-03 16:00:00,00000001250,20230603160000,0.0,0.0,0.0,0.0,0.0,0.0,1.0,4,0.0,0.0,,,589352
2023-06-03 17:00:00,00000001250,20230603170000,0.0,0.0,0.0,0.0,0.0,0.0,1.0,4,0.0,0.0,,,589352
2023-06-03 18:00:00,00000001250,20230603180000,0.0,0.0,0.0,0.0,0.0,0.0,1.0,4,0.0,0.0,,,589352
2023-06-03 19:00:00,00000001250,20230603190000,0.0,0.0,0.0,0.0,0.0,0.0,1.0,4,0.0,0.0,,,589352
2023-06-03 20:00:00,00000001250,20230603200000,0.0,0.0,0.0,0.0,0.0,0.0,1.0,4,0.0,0.0,,,589352
2023-06-03 21:00:00,00000001250,20230603210000,0.0,0.0,0.0,0.0,0.0,0.0,1.0,4,0.0,0.0,,,589352
2023-06-03 22:00:00,00000001250,20230603220000,0.0,0.0,0.0,0.0,0.0,0.0,1.0,4,0.0,0.0,,,589352
2023-06-03 23:00:00,00000001250,20230603230000,0.0,0.0,0.0,0.0,0.0,0.0,1.0,4,0.0,0.0,,,589352
2023-06-04 00:00:00,00000001250,20230604000000,0.0,0.0,0.0,0.0,0.0,0.0,1.0,4,0.0,0.0,,,589352
2023-06-04 01:00:00,00000001250,20230604010000,0.0,0.0,0.0,0.0,0.0,0.0,1.0,4,0.0,0.0,,,589352
2023-06-04 02:00:00,00000001250,20230604020000,0.0,0.0,0.0,0.0,0.0,0.0,1.0,4,0.0,0.0,,,589352
2023-06-04 03:00:00,00000001250,20230604030000,0.0,0.0,0.0,0.0,0.0,0.0,1.0,4,0.0,0.0,,,589352
2023-06-04 04:00:00,00000001250,20230604040000,0.0,0.0,0.0,0.0,0.0,0.0,1.0,4,0.0,0.0,,,589352
2023-06-04 05:00:00,00000001250,20230604050000,0.0,0.0,0.0,0.0,0.0,0.0,1.0,4,0.0,0.0,,,589352
2023-06-04 06:00:00,00000001250,20230604060000,0.0,0.0,0.0,0.0,0.0,0.0,1.0,4,0.0,0.0,,,589352
2023-06-04 07:00:00,00000001250,20230604070000,0.0,0.0,0.0,0.0,0.0,0.0,1.0,4,0.0,0.0,,,589352
2023-06-04 08:00:00,00000001250,20230604080000,0.0,0.0,0.0,0.0,0.0,0.0,1.0,4,0.0,0.0,,,589352
2023-06-04 09:00:00,00000001250,20230604090000,0.0,0.0,0.0,0.0,0.0,0.0,1.0,4,0.0,0.0,,,589352
2023-06-04 10:00:00,00000001250,20230604100000,0.0,0.0,0.0,0.0,0.0,0.0,1.0,4,0.0,0.0,,,589352
2023-06-04 11:00:00,00000001250,20230604110000,0.0,0.0,0.0,0.0,0.0,0.0,1.0,4,0.0,0.0,,,589352
2023-06-04 12:00:00,00000001250,20230604120000,0.0,0.0,0.0,0.0,0.0,0.0,1.0,4,0.0,0.0,,,589352
2023-06-04 13:00:00,00000001250,20230604130000,0.0,0.0,0.0,0.0,0.0,0.0,1.0,4,0.0,0.0,,,589352
2023-06-04 14:00:00,00000001250,20230604140000,0.0,0.0,0.0,0.0,0.0,0.0,1.0,4,0.0,0.0,,,589352
2023-06-04 15:00:00,00000001250,20230604150000,0.0,0.0,0.0,0.0,0.0,0.0,1.0,4,0.0,0.0,,,589352
2023-06-04 16:00:00,00000001250,20230604160000,0.0,0.0,0.0,0.0,0.0,0.0,1.0,4,0.0,0.0,,,589352
2023-06-04 17:00:00,00000001250,20230604170000,0.0,0.0,0.0,0.0,0.0,0.0,1.0,4,0.0,0.0,,,589352
2023-06-04 18:00:00,00000001250,20230604180000,0.0,0.0,0.0,0.0,0.0,0.0,1.0,4,0.0,0.0,,,589352
2023-06-04 19:00:00,00000001250,20230604190000,0.0,0.0,0.0,0.0,0.0,0.0,1.0,4,0.0,0.0,,,589352
2023-06-04 20:00:00,00000001250,20230604200000,0.0,0.0,0.0,0.0,0.0,0.0,1.0,4,0.0,0.0,,,589352
2023-06-04 21:00:00,00000001250,20230604210000,0.0,0.0,0.0,0.0,0.0,0.0,1.0,4,0.0,0.0,,,589352
2023-06-04 22:00:00,00000001250,20230604220000,0.0,0.0,0.0,0.0,0.0,0.0,1.0,4,0.0,0.0,,,589352
2023-06-04 23:00:00,00000001250,20230604230000,0.0,0.0,0.0,0.0,0.0,0.0,1.0,4,0.0,0.0,,,589352
2023-06-05 00:00:00,00000001250,20230605000000,0.0,0.0,0.0,0.0,0.0,0.0,1.0,4,0.0,0.0,,,589352
2023-06-05 01:00:00,00000001250,20230605010000,0.0,0.0,0.0,0.0,0.0,0.0,1.0,4,0.0,0.0,,,589352
2023-06-05 02:00:00,00000001250,20230605020000,0.0,0.0,0.0,0.0,0.0,0.0,1.0,4,0.0,0.0,,,589352
2023-06-05 03:00:00,00000001250,20230605030000,0.0,0.0,0.0,0.0,0.0,0.0,1.0,4,0.0,0.0,,,589352
2023-06-05 04:00:00,00000001250,20230605040000,0.0,0.0,0.0,0.0,0.0,0.0,1.0,4,0.0,0.0,,,589352
2023-06-05 05:00:00,00000001250,20230605050000,0.0,0.0,0.0,0.0,0.0,0.0,1.0,4,0.0,0.0,,,589352
2023-06-05 06:00:00,00000001250,20230605060000,0.0,0.0,0.0,0.0,0.0,0.0,1.0,4,0.0,0.0,,,589352
2023-06-05 07:00:00,00000001250,20230605070000,0.0,0.0,0.0,0.0,0.0,0.0,1.0,4,0.0,0.0,,,589352
2023-06-05 08:00:00,00000001250,20230605080000,0.0,0.0,0.0,0.0,0.0,0.0,1.0,4,0.0,0.0,,,589352
2023-06-05 09:00:00,00000001250,20230605090000,0.0,0.0,0.0,0.0,0.0,0.0,1.0,4,0.0,0.0,,,589352
2023-06-05 10:00:00,00000001250,20230605100000,0.0,0.0,0.0,0.0,0.0,0.0,1.0,4,0.0,0.0,,,589352
2023-06-05 11:00:00,00000001250,20230605110000,0.0,0.0,0.0,0.0,0.0,0.0,1.0,4,0.0,0.0,,,589352
2023-06-05 12:00:00,00000001250,20230605120000,0.0,0.0,0.0,0.0,0.0,0.0,1.0,4,0.0,0.0,,,589352
2023-06-05 13:00:00,00000001250,20230605130000,0.0,0.0,0.0,0.0,0.0,0.0,1.0,4,0.0,0.0,,,589352
2023-06-05 14:00:00,00000001250,20230605140000,0.0,0.0,0.0,0.0,0.0,0.0,1.0,4,0.0,0.0,,,589352
2023-06-05 15:00:00,00000001250,20230605150000,0.0,0.0,0.0,0.0,0.0,0.0,1.0,4,0.0,0.0,,,589352
2023-06-05 16:00:00,00000001250,20230605160000,0.0,0.0,0.0,0.0,0.0,0.0,1.0,4,0.0,0.0,,,589352
2023-06-05 17:00:00,00000001250,20230605170000,0.0,0.0,0.0,0.0,0.0,0.0,1.0,4,0.0,0.0,,,589352
2023-06-05 18:00:00,00000001250,20230605180000,0.0,0.0,0.0,0.0,0.0,0.0,1.0,4,0.0,0.0,,,589352
2023-06-05 19:00:00,00000001250,20230605190000,0.0,0.0,0.0,0.0,0.0,0.0,1.0,4,0.0,0.0,,,589352
2023-06-05 20:00:00,00000001250,20230605200000,0.0,0.0,0.0,0.0,0.0,0.0,1.0,4,0.0,0.0,,,589352
2023-06-05 21:00:00,00000001250,20230605210000,0.0,0.0,0.0,0.0,0.0,0.0,1.0,4,0.0,0.0,,,589352
2023-06-05 22:00:00,00000001250,20230605220000,0.0,0.0,0.0,0.0,0.0,0.0,1.0,4,0.0,0.0,,,589352
2023-06-05 23:00:00,00000001250,20230605230000,0.0,0.0,0.0,0.0,0.0,0.0,1.0,4,0.0,0.0,,,589352
2023-06-06 00:00:00,00000001250,20230606000000,0.0,0.0,0.0,0.0,0.0,0.0,1.0,4,0.0,0.0,,,589352
2023-06-06 01:00:00,00000001250,20230606010000,0.0,0.0,0.0,0.0,0.0,0.0,1.0,4,0.0,0.0,,,589352
2023-06-06 02:00:00,00000001250,20230606020000,0.0,0.0,0.0,0.0,0.0,0.0,1.0,4,0.0,0.0,,,589352
2023-06-06 03:00:00,00000001250,20230606030000,0.0,0.0,0.0,0.0,0.0,0.0,1.0,4,0.0,0.0,,,589352
2023-06-06 04:00:00,00000001250,20230606040000,0.0,0.0,0.0,0.0,0.0,0.0,1.0,4,0.0,0.0,,,589352
2023-06-06 05:00:00,00000001250,20230606050000,0.0,0.0,0.0,0.0,0.0,0.0,1.0,4,0.0,0.0,,,589352
2023-06-06 06:00:00,00000001250,20230606060000,0.0,0.0,0.0,0.0,0.0,0.0,1.0,4,0.0,0.0,,,589352
2023-06-06 07:00:00,00000001250,20230606070000,0.0,0.0,0.0,0.0,0.0,0.0,1.0,4,0.0,0.0,,,589352
2023-06-06 08:00:00,00000001250,20230606080000,0.0,0.0,0.0,0.0,0.0,0.0,1.0,4,0.0,0.0,,,589352
2023-06-06 09:00:00,00000001250,20230606090000,0.0,0.0,0.0,0.0,0.0,0.0,1.0,4,0.0,0.0,,,589352
2023-06-06 10:00:00,00000001250,20230606100000,0.0,0.0,0.0,0.0,0.0,0.0,1.0,4,0.0,0.0,,,589352
2023-06-06 11:00:00,00000001250,20230606110000,0.0,0.0,0.0,0.0,0.0,0.0,1.0,4,0.0,0.0,,,589352
2023-06-06 12:00:00,00000001250,20230606120000,0.0,0.0,0.0,0.0,0.0,0.0,1.0,4,0.0,0.0,,,589352
2023-06-06 13:00:00,00000001250,20230606130000,0.0,0.0,0.0,0.0,0.0,0.0,1.0,4,0.0,0.0,,,589352
2023-06-06 14:00:00,00000001250,20230606140000,0.0,0.0,0.0,0.0,0.0,0.0,1.0,4,0.0,0.0,,,589352
2023-06-06 15:00:00,00000001250,20230606150000,0.0,0.0,0.0,0.0,0.0,0.0,1.0,4,0.0,0.0,,,589352
2023-06-06 16:00:00,00000001250,20230606160000,0.0,0.0,0.0,0.0,0.0,0.0,1.0,4,0.0,0.0,,,589352
2023-06-06 17:00:00,00000001250,20230606170000,0.0,0.0,0.0,0.0,0.0,0.0,1.0,4,0.0,0.0,,,589352
2023-06-06 18:00:00,00000001250,20230606180000,0.0,0.0,0.0,0.0,0.0,0.0,1.0,4,0.0,0.0,,,589352
2023-06-06 19:00:00,00000001250,20230606190000,0.0,0.0,0.0,0.0,0.0,0.0,1.0,4,0.0,0.0,,,589352
2023-06-06 20:00:00,00000001250,20230606200000,0.0,0.0,0.0,0.0,0.0,0.0,1.0,4,0.0,0.0,,,589352
2023-06-06 21:00:00,00000001250,20230606210000,0.0,0.0,0.0,0.0,0.0,0.0,1.0,4,0.0,0.0,,,589352
2023-06-06 22:00:00,00000001250,20230606220000,0.0,0.0,0.0,0.0,0.0,0.0,1.0,4,0.0,0.0,,,589352
2023-06-06 23:00:00,00000001250,20230606230000,0.0,0.0,0.0,0.0,0.0,0.0,1.0,4,0.0,0.0,,,589352
2023-06-07 00:00:00,00000001250,20230607000000,0.0,0.0,0.0,0.0,0.0,0.0,1.0,4,0.0,0.0,,,589352
2023-06-07 01:00:00,00000001250,20230607010000,0.0,0.0,0.0,0.0,0.0,0.0,1.0,4,0.0,0.0,,,589352
2023-06-07 02:00:00,00000001250,20230607020000,0.0,0.0,0.0,0.0,0.0,0.0,1.0,4,0.0,0.0,,,589352
2023-06-07 03:00:00,00000001250,20230607030000,0.0,0.0,0.0,0.0,0.0,0.0,1.0,4,0.0,0.0,,,589352
2023-06-07 04:00:00,00000001250,20230607040000,0.0,0.0,0.0,0.0,0.0,0.0,1.0,4,0.0,0.0,,,589352
2023-06-07 05:00:00,00000001250,20230607050000,0.0,0.0,0.0,0.0,0.0,0.0,1.0,4,0.0,0.0,,,589352
2023-06-07 06:00:00,00000001250,20230607060000,0.0,0.0,0.0,0.0,0.0,0.0,1.0,4,0.0,0.0,,,589352
2023-06-07 07:00:00,00000001250,20230607070000,0.0,0.0,0.0,0.0,0.0,0.0,1.0,4,0.0,0.0,,,589352
2023-06-07 08:00:00,00000001250,20230607080000,0.0,0.0,0.0,0.0,0.0,0.0,1.0,4,0.0,0.0,,,589352
2023-06-07 09:00:00,00000001250,20230607090000,0.0,0.0,0.0,0.0,0.0,0.0,1.0,4,0.0,0.0,,,589352
2023-06-07 10:00:00,00000001250,20230607100000,0.0,0.0,0.0,0.0,0.0,0.0,1.0,4,0.0,0.0,,,589352
2023-06-07 11:00:00,00000001250,20230607110000,0.0,0.0,0.0,0.0,0.0,0.0,1.0,4,0.0,0.0,,,589352
2023-06-07 12:00:00,00000001250,20230607120000,0.0,0.0,0.0,0.0,0.0,0.0,1.0,4,0.0,0.0,,,589352
2023-06-07 13:00:00,00000001250,20230607130000,0.0,0.0,0.0,0.0,0.0,0.0,1.0,4,0.0,0.0,,,589352
2023-06-07 14:00:00,00000001250,20230607140000,0.0,0.0,0.0,0.0,0.0,0.0,1.0,4,0.0,0.0,,,589352
2023-06-07 15:00:00,00000001250,20230607150000,0.024,0.0,0.0,0.0,0.0,0.0,1.0,4,0.0,0.0,0.0,0.0,589352
2023-06-07 16:00:00,00000001250,20230607160000,0.0,0.0,0.0,0.0,0.0,0.0,1.0,4,0.0,0.0,,,589352
2023-06-07 17:00:00,00000001250,20230607170000,0.0,0.0,0.0,0.0,0.0,0.0,1.0,4,0.0,0.0,,,589352
2023-06-07 18:00:00,00000001250,20230607180000,0.006,0.0,0.0,0.0,0.0,0.0,1.0,4,0.0,0.0,0.0,0.0,589352
2023-06-07 19:00:00,00000001250,20230607190000,0.001,0.0,0.0,0.0,0.0,0.0,1.0,4,0.0,0.0,0.0,0.0,589352
2023-06-07 20:00:00,00000001250,20230607200000,0.0,0.0,0.0,0.0,0.0,0.0,1.0,4,0.0,0.0,,,589352
2023-06-07 21:00:00,00000001250,20230607210000,0.0,0.0,0.0,0.0,0.0,0.0,1.0,4,0.0,0.0,,,589352
2023-06-07 22:00:00,00000001250,20230607220000,0.0,0.0,0.0,0.0,0.0,0.0,1.0,4,0.0,0.0,,,589352
2023-06-07 23:00:00,00000001250,20230607230000,0.0,0.0,0.0,0.0,0.0,0.0,1.0,4,0.0,0.0,,,589352
2023-06-08 00:00:00,00000001250,20230608000000,0.0,0.0,0.0,0.0,0.0,0.0,1.0,4,0.0,0.0,,,589352
2023-06-08 01:00:00,00000001250,20230608010000,0.0,0.0,0.0,0.0,0.0,0.0,1.0,4,0.0,0.0,,,589352
2023-06-08 02:00:00,00000001250,20230608020000,0.0,0.0,0.0,0.0,0.0,0.0,1.0,4,0.0,0.0,,,589352
2023-06-08 03:00:00,00000001250,20230608030000,0.0,0.0,0.0,0.0,0.0,0.0,1.0,4,0.0,0.0,,,589352
2023-06-08 04:00:00,00000001250,20230608040000,0.0,0.0,0.0,0.0,0.0,0.0,1.0,4,0.0,0.0,,,589352
2023-06-08 05:00:00,00000001250,20230608050000,0.0,0.0,0.0,0.0,0.0,0.0,1.0,4,0.0,0.0,,,589352
2023-06-08 06:00:00,00000001250,20230608060000,0.0,0.0,0.0,0.0,0.0,0.0,1.0,4,0.0,0.0,,,589352
2023-06-08 07:00:00,00000001250,20230608070000,0.0,0.0,0.0,0.0,0.0,0.0,1.0,4,0.0,0.0,,,589352
2023-06-08 08:00:00,00000001250,20230608080000,0.0,0.0,0.0,0.0,0.0,0.0,1.0,4,0.0,0.0,,,589352
2023-06-08 09:00:00,00000001250,20230608090000,0.0,0.0,0.0,0.0,0.0,0.0,1.0,4,0.0,0.0,,,589352
2023-06-08 10:00:00,00000001250,20230608100000,0.0,0.0,0.0,0.0,0.0,0.0,1.0,4,0.0,0.0,,,589352
2023-06-08 11:00:00,00000001250,20230608110000,0.0,0.0,0.0,0.0,0.0,0.0,1.0,4,0.0,0.0,,,589352
2023-06-08 12:00:00,00000001250,20230608120000,0.0,0.0,0.0,0.0,0.0,0.0,1.0,4,0.0,0.0,,,589352
2023-06-08 13:00:00,00000001250,20230608130000,0.0,0.0,0.0,0.0,0.0,0.0,1.0,4,0.0,0.0,,,589352
2023-06-08 14:00:00,00000001250,20230608140000,0.0,0.0,0.0,0.0,0.0,0.0,1.0,4,0.0,0.0,,,589352
2023-06-08 15:00:00,00000001250,20230608150000,0.0,0.0,0.0,0.0,0.0,0.0,1.0,4,0.0,0.0,,,589352
2023-06-08 16:00:00,00000001250,20230608160000,0.0,0.0,0.0,0.0,0.0,0.0,1.0,4,0.0,0.0,,,589352
2023-06-08 17:00:00,00000001250,20230608170000,0.0,0.0,0.0,0.0,0.0,0.0,1.0,4,0.0,0.0,,,589352
2023-06-08 18:00:00,00000001250,20230608180000,0.0,0.0,0.0,0.0,0.0,0.0,1.0,4,0.0,0.0,,,589352
2023-06-08 19:00:00,00000001250,20230608190000,0.0,0.0,0.0,0.0,0.0,0.0,1.0,4,0.0,0.0,,,589352
2023-06-08 20:00:00,00000001250,20230608200000,0.0,0.0,0.0,0.0,0.0,0.0,1.0,4,0.0,0.0,,,589352
2023-06-08 21:00:00,00000001250,20230608210000,0.0,0.0,0.0,0.0,0.0,0.0,1.0,4,0.0,0.0,,,589352
2023-06-08 22:00:00,00000001250,20230608220000,0.0,0.0,0.0,0.0,0.0,0.0,1.0,4,0.0,0.0,,,589352
2023-06-08 23:00:00,00000001250,20230608230000,0.0,0.0,0.0,0.0,0.0,0.0,1.0,4,0.0,0.0,,,589352
2023-06-09 00:00:00,00000001250,20230609000000,0.0,0.0,0.0,0.0,0.0,0.0,1.0,4,0.0,0.0,,,589352
2023-06-09 01:00:00,00000001250,20230609010000,0.0,0.0,0.0,0.0,0.0,0.0,1.0,4,0.0,0.0,,,589352
2023-06-09 02:00:00,00000001250,20230609020000,0.0,0.0,0.0,0.0,0.0,0.0,1.0,4,0.0,0.0,,,589352
2023-06-09 03:00:00,00000001250,20230609030000,0.0,0.0,0.0,0.0,0.0,0.0,1.0,4,0.0,0.0,,,589352
2023-06-09 04:00:00,00000001250,20230609040000,0.0,0.0,0.0,0.0,0.0,0.0,1.0,4,0.0,0.0,,,589352
2023-06-09 05:00:00,00000001250,20230609050000,0.0,0.0,0.0,0.0,0.0,0.0,1.0,4,0.0,0.0,,,589352
2023-06-09 06:00:00,00000001250,20230609060000,0.0,0.0,0.0,0.0,0.0,0.0,1.0,4,0.0,0.0,,,589352
2023-06-09 07:00:00,00000001250,20230609070000,0.0,0.0,0.0,0.0,0.0,0.0,1.0,4,0.0,0.0,,,589352
2023-06-09 08:00:00,00000001250,20230609080000,0.0,0.0,0.0,0.0,0.0,0.0,1.0,4,0.0,0.0,,,589352
2023-06-09 09:00:00,00000001250,20230609090000,0.0,0.0,0.0,0.0,0.0,0.0,1.0,4,0.0,0.0,,,589352
2023-06-09 10:00:00,00000001250,20230609100000,0.0,0.0,0.0,0.0,0.0,0.0,1.0,4,0.0,0.0,,,589352
2023-06-09 11:00:00,00000001250,20230609110000,0.0,0.0,0.0,0.0,0.0,0.0,1.0,4,0.0,0.0,,,589352
2023-06-09 12:00:00,00000001250,20230609120000,0.0,0.0,0.0,0.0,0.0,0.0,1.0,4,0.0,0.0,,,589352
2023-06-09 13:00:00,00000001250,20230609130000,0.0,0.0,0.0,0.0,0.0,0.0,1.0,4,0.0,0.0,,,589352
2023-06-09 14:00:00,00000001250,20230609140000,0.0,0.0,0.0,0.0,0.0,0.0,1.0,4,0.0,0.0,,,589352
2023-06-09 15:00:00,00000001250,20230609150000,0.0,0.0,0.0,0.0,0.0,0.0,1.0,4,0.0,0.0,,,589352
2023-06-09 16:00:00,00000001250,20230609160000,0.0,0.0,0.0,0.0,0.0,0.0,1.0,4,0.0,0.0,,,589352
2023-06-09 17:00:00,00000001250,20230609170000,0.0,0.0,0.0,0.0,0.0,0.0,1.0,4,0.0,0.0,,,589352
2023-06-09 18:00:00,00000001250,20230609180000,0.0,0.0,0.0,0.0,0.0,0.0,1.0,4,0.0,0.0,,,589352
2023-06-09 19:00:00,00000001250,20230609190000,0.0,0.0,0.0,0.0,0.0,0.0,1.0,4,0.0,0.0,,,589352
2023-06-09 20:00:00,00000001250,20230609200000,0.0,0.0,0.0,0.0,0.0,0.0,1.0,4,0.0,0.0,,,589352
2023-06-09 21:00:00,00000001250,20230609210000,0.0,0.0,0.0,0.0,0.0,0.0,1.0,4,0.0,0.0,,,589352
2023-06-09 22:00:00,00000001250,20230609220000,0.0,0.0,0.0,0.0,0.0,0.0,1.0,4,0.0,0.0,,,589352
2023-06-09 23:00:00,00000001250,20230609230000,0.0,0.0,0.0,0.0,0.0,0.0,1.0,4,0.0,0.0,,,589352
2023-06-10 00:00:00,00000001250,20230610000000,0.0,0.0,0.0,0.0,0.0,0.0,1.0,4,0.0,0.0,,,589352
2023-06-10 01:00:00,00000001250,20230610010000,0.0,0.0,0.0,0.0,0.0,0.0,1.0,4,0.0,0.0,,,589352
2023-06-10 02:00:00,00000001250,20230610020000,0.0,0.0,0.0,0.0,0.0,0.0,1.0,4,0.0,0.0,,,589352
2023-06-10 03:00:00,00000001250,20230610030000,0.0,0.0,0.0,0.0,0.0,0.0,1.0,4,0.0,0.0,,,589352
2023-06-10 04:00:00,00000001250,20230610040000,0.0,0.0,0.0,0.0,0.0,0.0,1.0,4,0.0,0.0,,,589352
2023-06-10 05:00:00,00000001250,20230610050000,0.0,0.0,0.0,0.0,0.0,0.0,1.0,4,0.0,0.0,,,589352
2023-06-10 06:00:00,00000001250,20230610060000,0.0,0.0,0.0,0.0,0.0,0.0,1.0,4,0.0,0.0,,,589352
2023-06-10 07:00:00,00000001250,20230610070000,0.0,0.0,0.0,0.0,0.0,0.0,1.0,4,0.0,0.0,,,589352
2023-06-10 08:00:00,00000001250,20230610080000,0.0,0.0,0.0,0.0,0.0,0.0,1.0,4,0.0,0.0,,,589352
2023-06-10 09:00:00,00000001250,20230610090000,0.0,0.0,0.0,0.0,0.0,0.0,1.0,4,0.0,0.0,,,589352
2023-06-10 10:00:00,00000001250,20230610100000,0.0,0.0,0.0,0.0,0.0,0.0,1.0,4,0.0,0.0,,,589352
2023-06-10 11:00:00,00000001250,20230610110000,0.0,0.0,0.0,0.0,0.0,0.0,1.0,4,0.0,0.0,,,589352
2023-06-10 12:00:00,00000001250,20230610120000,0.0,0.0,0.0,0.0,0.0,0.0,1.0,4,0.0,0.0,,,589352
2023-06-10 13:00:00,00000001250,20230610130000,0.0,0.0,0.0,0.0,0.0,0.0,1.0,4,0.0,0.0,,,589352
2023-06-10 14:00:00,00000001250,20230610140000,0.0,0.0,0.0,0.0,0.0,0.0,1.0,4,0.0,0.0,,,589352
2023-06-10 15:00:00,00000001250,20230610150000,0.0,0.0,0.0,0.0,0.0,0.0,1.0,4,0.0,0.0,,,589352
2023-06-10 16:00:00,00000001250,20230610160000,0.0,0.0,0.0,0.0,0.0,0.0,1.0,4,0.0,0.0,,,589352
2023-06-10 17:00:00,00000001250,20230610170000,0.0,0.0,0.0,0.0,0.0,0.0,1.0,4,0.0,0.0,,,589352
2023-06-10 18:00:00,00000001250,20230610180000,0.0,0.0,0.0,0.0,0.0,0.0,1.0,4,0.0,0.0,,,589352
2023-06-10 19:00:00,00000001250,20230610190000,0.0,0.0,0.0,0.0,0.0,0.0,1.0,4,0.0,0.0,,,589352
2023-06-10 20:00:00,00000001250,20230610200000,0.0,0.0,0.0,0.0,0.0,0.0,1.0,4,0.0,0.0,,,589352
2023-06-10 21:00:00,00000001250,20230610210000,0.0,0.0,0.0,0.0,0.0,0.0,1.0,4,0.0,0.0,,,589352
2023-06-10 22:00:00,00000001250,20230610220000,0.0,0.0,0.0,0.0,0.0,0.0,1.0,4,0.0,0.0,,,589352
2023-06-10 23:00:00,00000001250,20230610230000,0.0,0.0,0.0,0.0,0.0,0.0,1.0,4,0.0,0.0,,,589352
2023-06-11 00:00:00,00000001250,20230611000000,0.0,0.0,0.0,0.0,0.0,0.0,1.0,4,0.0,0.0,,,589352
2023-06-11 01:00:00,00000001250,20230611010000,0.0,0.0,0.0,0.0,0.0,0.0,1.0,4,0.0,0.0,,,589352
2023-06-11 02:00:00,00000001250,20230611020000,0.0,0.0,0.0,0.0,0.0,0.0,1.0,4,0.0,0.0,,,589352
2023-06-11 03:00:00,00000001250,20230611030000,0.0,0.0,0.0,0.0,0.0,0.0,1.0,4,0.0,0.0,,,589352
2023-06-11 04:00:00,00000001250,20230611040000,0.0,0.0,0.0,0.0,0.0,0.0,1.0,4,0.0,0.0,,,589352
2023-06-11 05:00:00,00000001250,20230611050000,0.0,0.0,0.0,0.0,0.0,0.0,1.0,4,0.0,0.0,,,589352
2023-06-11 06:00:00,00000001250,20230611060000,0.0,0.0,0.0,0.0,0.0,0.0,1.0,4,0.0,0.0,,,589352
2023-06-11 07:00:00,00000001250,20230611070000,0.0,0.0,0.0,0.0,0.0,0.0,1.0,4,0.0,0.0,,,589352
2023-06-11 08:00:00,00000001250,20230611080000,0.0,0.0,0.0,0.0,0.0,0.0,1.0,4,0.0,0.0,,,589352
2023-06-11 09:00:00,00000001250,20230611090000,0.0,0.0,0.0,0.0,0.0,0.0,1.0,4,0.0,0.0,,,589352
2023-06-11 10:00:00,00000001250,20230611100000,0.0,0.0,0.0,0.0,0.0,0.0,1.0,4,0.0,0.0,,,589352
2023-06-11 11:00:00,00000001250,20230611110000,0.0,0.0,0.0,0.0,0.0,0.0,1.0,4,0.0,0.0,,,589352
2023-06-11 12:00:00,00000001250,20230611120000,0.0,0.0,0.0,0.0,0.0,0.0,1.0,4,0.0,0.0,,,589352
2023-06-11 13:00:00,00000001250,20230611130000,0.0,0.0,0.0,0.0,0.0,0.0,1.0,4,0.0,0.0,,,589352
2023-06-11 14:00:00,00000001250,20230611140000,0.0,0.0,0.0,0.0,0.0,0.0,1.0,4,0.0,0.0,,,589352
2023-06-11 15:00:00,00000001250,20230611150000,0.0,0.0,0.0,0.0,0.0,0.0,1.0,4,0.0,0.0,,,589352
2023-06-11 16:00:00,00000001250,20230611160000,0.0,0.0,0.0,0.0,0.0,0.0,1.0,4,0.0,0.0,,,589352
2023-06-11 17:00:00,00000001250,20230611170000,0.0,0.0,0.0,0.0,0.0,0.0,1.0,4,0.0,0.0,,,589352
2023-06-11 18:00:00,00000001250,20230611180000,0.0,0.0,0.0,0.0,0.0,0.0,1.0,4,0.0,0.0,,,589352
2023-06-11 19:00:00,00000001250,20230611190000,0.0,0.0,0.0,0.0,0.0,0.0,1.0,4,0.0,0.0,,,589352
2023-06-11 20:00:00,00000001250,20230611200000,0.0,0.0,0.0,0.0,0.0,0.0,1.0,4,0.0,0.0,,,589352
2023-06-11 21:00:00,00000001250,20230611210000,0.0,0.0,0.0,0.0,0.0,0.0,1.0,4,0.0,0.0,,,589352
2023-06-11 22:00:00,00000001250,20230611220000,0.0,0.0,0.0,0.0,0.0,0.0,1.0,4,0.0,0.0,,,589352
2023-06-11 23:00:00,00000001250,20230611230000,0.0,0.0,0.0,0.0,0.0,0.0,1.0,4,0.0,0.0,,,589352
2023-06-12 00:00:00,00000001250,20230612000000,0.0,0.0,0.0,0.0,0.0,0.0,1.0,4,0.0,0.0,,,589352
2023-06-12 01:00:00,00000001250,20230612010000,0.0,0.0,0.0,0.0,0.0,0.0,1.0,4,0.0,0.0,,,589352
2023-06-12 02:00:00,00000001250,20230612020000,0.0,0.0,0.0,0.0,0.0,0.0,1.0,4,0.0,0.0,,,589352
2023-06-12 03:00:00,00000001250,20230612030000,0.0,0.0,0.0,0.0,0.0,0.0,1.0,4,0.0,0.0,,,589352
2023-06-12 04:00:00,00000001250,20230612040000,0.0,0.0,0.0,0.0,0.0,0.0,1.0,4,0.0,0.0,,,589352
2023-06-12 05:00:00,00000001250,20230612050000,0.0,0.0,0.0,0.0,0.0,0.0,1.0,4,0.0,0.0,,,589352
2023-06-12 06:00:00,00000001250,20230612060000,0.0,0.0,0.0,0.0,0.0,0.0,1.0,4,0.0,0.0,,,589352
2023-06-12 07:00:00,00000001250,20230612070000,0.0,0.0,0.0,0.0,0.0,0.0,1.0,4,0.0,0.0,,,589352
2023-06-12 08:00:00,00000001250,20230612080000,0.0,0.0,0.0,0.0,0.0,0.0,1.0,4,0.0,0.0,,,589352
2023-06-12 09:00:00,00000001250,20230612090000,0.0,0.0,0.0,0.0,0.0,0.0,1.0,4,0.0,0.0,,,589352
2023-06-12 10:00:00,00000001250,20230612100000,0.0,0.0,0.0,0.0,0.0,0.0,1.0,4,0.0,0.0,,,589352
2023-06-12 11:00:00,00000001250,20230612110000,0.0,0.0,0.0,0.0,0.0,0.0,1.0,4,0.0,0.0,,,589352
2023-06-12 12:00:00,00000001250,20230612120000,0.0,0.0,0.0,0.0,0.0,0.0,1.0,4,0.0,0.0,,,589352
2023-06-12 13:00:00,00000001250,20230612130000,0.0,0.0,0.0,0.0,0.0,0.0,1.0,4,0.0,0.0,,,589352
2023-06-12 14:00:00,00000001250,20230612140000,0.0,0.0,0.0,0.0,0.0,0.0,1.0,4,0.0,0.0,,,589352
2023-06-12 15:00:00,00000001250,20230612150000,0.0,0.0,0.0,0.0,0.0,0.0,1.0,4,0.0,0.0,,,589352
2023-06-12 16:00:00,00000001250,20230612160000,0.0,0.0,0.0,0.0,0.0,0.0,1.0,4,0.0,0.0,,,589352
2023-06-12 17:00:00,00000001250,20230612170000,0.0,0.0,0.0,0.0,0.0,0.0,1.0,4,0.0,0.0,,,589352
2023-06-12 18:00:00,00000001250,20230612180000,0.0,0.0,0.0,0.0,0.0,0.0,1.0,4,0.0,0.0,,,589352
2023-06-12 19:00:00,00000001250,20230612190000,0.0,0.0,0.0,0.0,0.0,0.0,1.0,4,0.0,0.0,,,589352
2023-06-12 20:00:00,00000001250,20230612200000,0.0,0.0,0.0,0.0,0.0,0.0,1.0,4,0.0,0.0,,,589352
2023-06-12 21:00:00,00000001250,20230612210000,0.0,0.0,0.0,0.0,0.0,0.0,1.0,4,0.0,0.0,,,589352
2023-06-12 22:00:00,00000001250,20230612220000,0.0,0.0,0.0,0.0,0.0,0.0,1.0,4,0.0,0.0,,,589352
2023-06-12 23:00:00,00000001250,20230612230000,0.0,0.0,0.0,0.0,0.0,0.0,1.0,4,0.0,0.0,,,589352
2023-06-13 00:00:00,00000001250,20230613000000,0.0,0.0,0.0,0.0,0.0,0.0,1.0,4,0.0,0.0,,,589352
2023-06-13 01:00:00,00000001250,20230613010000,0.0,0.0,0.0,0.0,0.0,0.0,1.0,4,0.0,0.0,,,589352
2023-06-13 02:00:00,00000001250,20230613020000,0.0,0.0,0.0,0.0,0.0,0.0,1.0,4,0.0,0.0,,,589352
2023-06-13 03:00:00,00000001250,20230613030000,0.0,0.0,0.0,0.0,0.0,0.0,1.0,4,0.0,0.0,,,589352
2023-06-13 04:00:00,00000001250,20230613040000,0.0,0.0,0.0,0.0,0.0,0.0,1.0,4,0.0,0.0,,,589352
2023-06-13 05:00:00,00000001250,20230613050000,0.0,0.0,0.0,0.0,0.0,0.0,1.0,4,0.0,0.0,,,589352
2023-06-13 06:00:00,00000001250,20230613060000,0.0,0.0,0.0,0.0,0.0,0.0,1.0,4,0.0,0.0,,,589352
2023-06-13 07:00:00,00000001250,20230613070000,0.0,0.0,0.0,0.0,0.0,0.0,1.0,4,0.0,0.0,,,589352
2023-06-13 08:00:00,00000001250,20230613080000,0.0,0.0,0.0,0.0,0.0,0.0,1.0,4,0.0,0.0,,,589352
2023-06-13 09:00:00,00000001250,20230613090000,0.0,0.0,0.0,0.0,0.0,0.0,1.0,4,0.0,0.0,,,589352
2023-06-13 10:00:00,00000001250,20230613100000,0.0,0.0,0.0,0.0,0.0,0.0,1.0,4,0.0,0.0,,,589352
2023-06-13 11:00:00,00000001250,20230613110000,0.0,0.0,0.0,0.0,0.0,0.0,1.0,4,0.0,0.0,,,589352
2023-06-13 12:00:00,00000001250,20230613120000,0.0,0.0,0.0,0.0,0.0,0.0,1.0,4,0.0,0.0,,,589352
2023-06-13 13:00:00,00000001250,20230613130000,0.0,0.0,0.0,0.0,0.0,0.0,1.0,4,0.0,0.0,,,589352
2023-06-13 14:00:00,00000001250,20230613140000,0.0,0.0,0.0,0.0,0.0,0.0,1.0,4,0.0,0.0,,,589352
2023-06-13 15:00:00,00000001250,20230613150000,0.0,0.0,0.0,0.0,0.0,0.0,1.0,4,0.0,0.0,,,589352
2023-06-13 16:00:00,00000001250,20230613160000,0.0,0.0,0.0,0.0,0.0,0.0,1.0,4,0.0,0.0,,,589352
2023-06-13 17:00:00,00000001250,20230613170000,0.0,0.0,0.0,0.0,0.0,0.0,1.0,4,0.0,0.0,,,589352
2023-06-13 18:00:00,00000001250,20230613180000,0.0,0.0,0.0,0.0,0.0,0.0,1.0,4,0.0,0.0,,,589352
2023-06-13 19:00:00,00000001250,20230613190000,0.0,0.0,0.0,0.0,0.0,0.0,1.0,4,0.0,0.0,,,589352
2023-06-13 20:00:00,00000001250,20230613200000,0.0,0.0,0.0,0.0,0.0,0.0,1.0,4,0.0,0.0,,,589352
2023-06-13 21:00:00,00000001250,20230613210000,0.0,0.0,0.0,0.0,0.0,0.0,1.0,4,0.0,0.0,,,589352
2023-06-13 22:00:00,00000001250,20230613220000,0.0,0.0,0.0,0.0,0.0,0.0,1.0,4,0.0,0.0,,,589352
2023-06-13 23:00:00,00000001250,20230613230000,0.0,0.0,0.0,0.0,0.0,0.0,1.0,4,0.0,0.0,,,589352
2023-06-14 00:00:00,00000001250,20230614000000,0.0,0.0,0.0,0.0,0.0,0.0,1.0,4,0.0,0.0,,,589352
2023-06-14 01:00:00,00000001250,20230614010000,0.0,0.0,0.0,0.0,0.0,0.0,1.0,4,0.0,0.0,,,589352
2023-06-14 02:00:00,00000001250,20230614020000,0.0,0.0,0.0,0.0,0.0,0.0,1.0,4,0.0,0.0,,,589352
2023-06-14 03:00:00,00000001250,20230614030000,0.0,0.0,0.0,0.0,0.0,0.0,1.0,4,0.0,0.0,,,589352
2023-06-14 04:00:00,00000001250,20230614040000,0.0,0.0,0.0,0.0,0.0,0.0,1.0,4,0.0,0.0,,,589352
2023-06-14 05:00:00,00000001250,20230614050000,0.0,0.0,0.0,0.0,0.0,0.0,1.0,4,0.0,0.0,,,589352
2023-06-14 06:00:00,00000001250,20230614060000,0.0,0.0,0.0,0.0,0.0,0.0,1.0,4,0.0,0.0,,,589352
2023-06-14 07:00:00,00000001250,20230614070000,0.0,0.0,0.0,0.0,0.0,0.0,1.0,4,0.0,0.0,,,589352
2023-06-14 08:00:00,00000001250,20230614080000,0.0,0.0,0.0,0.0,0.0,0.0,1.0,4,0.0,0.0,,,589352
2023-06-14 09:00:00,00000001250,20230614090000,0.0,0.0,0.0,0.0,0.0,0.0,1.0,4,0.0,0.0,,,589352
2023-06-14 10:00:00,00000001250,20230614100000,0.0,0.0,0.0,0.0,0.0,0.0,1.0,4,0.0,0.0,,,589352
2023-06-14 11:00:00,00000001250,20230614110000,0.0,0.0,0.0,0.0,0.0,0.0,1.0,4,0.0,0.0,,,589352
2023-06-14 12:00:00,00000001250,20230614120000,0.0,0.0,0.0,0.0,0.0,0.0,1.0,4,0.0,0.0,,,589352
2023-06-14 13:00:00,00000001250,20230614130000,0.0,0.0,0.0,0.0,0.0,0.0,1.0,4,0.0,0.0,,,589352
2023-06-14 14:00:00,00000001250,20230614140000,0.0,0.0,0.0,0.0,0.0,0.0,1.0,4,0.0,0.0,,,589352
2023-06-14 15:00:00,00000001250,20230614150000,0.0,0.0,0.0,0.0,0.0,0.0,1.0,4,0.0,0.0,,,589352
2023-06-14 16:00:00,00000001250,20230614160000,0.0,0.0,0.0,0.0,0.0,0.0,1.0,4,0.0,0.0,,,589352
2023-06-14 17:00:00,00000001250,20230614170000,0.0,0.0,0.0,0.0,0.0,0.0,1.0,4,0.0,0.0,,,589352
2023-06-14 18:00:00,00000001250,20230614180000,0.0,0.0,0.0,0.0,0.0,0.0,1.0,4,0.0,0.0,,,589352
2023-06-14 19:00:00,00000001250,20230614190000,0.0,0.0,0.0,0.0,0.0,0.0,1.0,4,0.0,0.0,,,589352
2023-06-14 20:00:00,00000001250,20230614200000,0.0,0.0,0.0,0.0,0.0,0.0,1.0,4,0.0,0.0,,,589352
2023-06-14 21:00:00,00000001250,20230614210000,0.0,0.0,0.0,0.0,0.0,0.0,1.0,4,0.0,0.0,,,589352
2023-06-14 22:00:00,00000001250,20230614220000,0.0,0.0,0.0,0.0,0.0,0.0,1.0,4,0.0,0.0,,,589352
2023-06-14 23:00:00,00000001250,20230614230000,0.0,0.0,0.0,0.0,0.0,0.0,1.0,4,0.0,0.0,,,589352
2023-06-15 00:00:00,00000001250,20230615000000,0.0,0.0,0.0,0.0,0.0,0.0,1.0,4,0.0,0.0,,,589352
2023-06-15 01:00:00,00000001250,20230615010000,0.0,0.0,0.0,0.0,0.0,0.0,1.0,4,0.0,0.0,,,589352
2023-06-15 02:00:00,00000001250,20230615020000,0.0,0.0,0.0,0.0,0.0,0.0,1.0,4,0.0,0.0,,,589352
2023-06-15 03:00:00,00000001250,20230615030000,0.0,0.0,0.0,0.0,0.0,0.0,1.0,4,0.0,0.0,,,589352
2023-06-15 04:00:00,00000001250,20230615040000,0.0,0.0,0.0,0.0,0.0,0.0,1.0,4,0.0,0.0,,,589352
2023-06-15 05:00:00,00000001250,20230615050000,0.0,0.0,0.0,0.0,0.0,0.0,1.0,4,0.0,0.0,,,589352
2023-06-15 06:00:00,00000001250,20230615060000,0.0,0.0,0.0,0.0,0.0,0.0,1.0,4,0.0,0.0,,,589352
2023-06-15 07:00:00,00000001250,20230615070000,0.0,0.0,0.0,0.0,0.0,0.0,1.0,4,0.0,0.0,,,589352
2023-06-15 08:00:00,00000001250,20230615080000,0.0,0.0,0.0,0.0,0.0,0.0,1.0,4,0.0,0.0,,,589352
2023-06-15 09:00:00,00000001250,20230615090000,0.0,0.0,0.0,0.0,0.0,0.0,1.0,4,0.0,0.0,,,589352
2023-06-15 10:00:00,00000001250,20230615100000,0.0,0.0,0.0,0.0,0.0,0.0,1.0,4,0.0,0.0,,,589352
2023-06-15 11:00:00,00000001250,20230615110000,0.0,0.0,0.0,0.0,0.0,0.0,1.0,4,0.0,0.0,,,589352
2023-06-15 12:00:00,00000001250,20230615120000,0.0,0.0,0.0,0.0,0.0,0.0,1.0,4,0.0,0.0,,,589352
2023-06-15 13:00:00,00000001250,20230615130000,0.0,0.0,0.0,0.0,0.0,0.0,1.0,4,0.0,0.0,,,589352
2023-06-15 14:00:00,00000001250,20230615140000,0.0,0.0,0.0,0.0,0.0,0.0,1.0,4,0.0,0.0,,,589352
2023-06-15 15:00:00,00000001250,20230615150000,0.0,0.0,0.0,0.0,0.0,0.0,1.0,4,0.0,0.0,,,589352
2023-06-15 16:00:00,00000001250,20230615160000,0.0,0.0,0.0,0.0,0.0,0.0,1.0,4,0.0,0.0,,,589352
2023-06-15 17:00:00,00000001250,20230615170000,0.0,0.0,0.0,0.0,0.0,0.0,1.0,4,0.0,0.0,,,589352
2023-06-15 18:00:00,00000001250,20230615180000,0.0,0.0,0.0,0.0,0.0,0.0,1.0,4,0.0,0.0,,,589352
2023-06-15 19:00:00,00000001250,20230615190000,0.0,0.0,0.0,0.0,0.0,0.0,1.0,4,0.0,0.0,,,589352
2023-06-15 20:00:00,00000001250,20230615200000,0.0,0.0,0.0,0.0,0.0,0.0,1.0,4,0.0,0.0,,,589352
2023-06-15 21:00:00,00000001250,20230615210000,0.0,0.0,0.0,0.0,0.0,0.0,1.0,4,0.0,0.0,,,589352
2023-06-15 22:00:00,00000001250,20230615220000,0.0,0.0,0.0,0.0,0.0,0.0,1.0,4,0.0,0.0,,,589352
2023-06-15 23:00:00,00000001250,20230615230000,0.0,0.0,0.0,0.0,0.0,0.0,1.0,4,0.0,0.0,,,589352
2023-06-16 00:00:00,00000001250,20230616000000,0.0,0.0,0.0,0.0,0.0,0.0,1.0,4,0.0,0.0,,,589352
2023-06-16 01:00:00,00000001250,20230616010000,0.0,0.0,0.0,0.0,0.0,0.0,1.0,4,0.0,0.0,,,589352
2023-06-16 02:00:00,00000001250,20230616020000,0.0,0.0,0.0,0.0,0.0,0.0,1.0,4,0.0,0.0,,,589352
2023-06-16 03:00:00,00000001250,20230616030000,0.0,0.0,0.0,0.0,0.0,0.0,1.0,4,0.0,0.0,,,589352
2023-06-16 04:00:00,00000001250,20230616040000,0.0,0.0,0.0,0.0,0.0,0.0,1.0,4,0.0,0.0,,,589352
2023-06-16 05:00:00,00000001250,20230616050000,0.0,0.0,0.0,0.0,0.0,0.0,1.0,4,0.0,0.0,,,589352
2023-06-16 06:00:00,00000001250,20230616060000,0.0,0.0,0.0,0.0,0.0,0.0,1.0,4,0.0,0.0,,,589352
2023-06-16 07:00:00,00000001250,20230616070000,0.0,0.0,0.0,0.0,0.0,0.0,1.0,4,0.0,0.0,,,589352
2023-06-16 08:00:00,00000001250,20230616080000,0.0,0.0,0.0,0.0,0.0,0.0,1.0,4,0.0,0.0,,,589352
2023-06-16 09:00:00,00000001250,20230616090000,0.0,0.0,0.0,0.0,0.0,0.0,1.0,4,0.0,0.0,,,589352
2023-06-16 10:00:00,00000001250,20230616100000,0.0,0.0,0.0,0.0,0.0,0.0,1.0,4,0.0,0.0,,,589352
2023-06-16 11:00:00,00000001250,20230616110000,0.0,0.0,0.0,0.0,0.0,0.0,1.0,4,0.0,0.0,,,589352
2023-06-16 12:00:00,00000001250,20230616120000,0.0,0.0,0.0,0.0,0.0,0.0,1.0,4,0.0,0.0,,,589352
2023-06-16 13:00:00,00000001250,20230616130000,0.0,0.0,0.0,0.0,0.0,0.0,1.0,4,0.0,0.0,,,589352
2023-06-16 14:00:00,00000001250,20230616140000,0.0,0.0,0.0,0.0,0.0,0.0,1.0,4,0.0,0.0,,,589352
2023-06-16 15:00:00,00000001250,20230616150000,0.0,0.0,0.0,0.0,0.0,0.0,1.0,4,0.0,0.0,,,589352
2023-06-16 16:00:00,00000001250,20230616160000,0.0,0.0,0.0,0.0,0.0,0.0,1.0,4,0.0,0.0,,,589352
2023-06-16 17:00:00,00000001250,20230616170000,0.0,0.0,0.0,0.0,0.0,0.0,1.0,4,0.0,0.0,,,589352
2023-06-16 18:00:00,00000001250,20230616180000,0.0,0.0,0.0,0.0,0.0,0.0,1.0,4,0.0,0.0,,,589352
2023-06-16 19:00:00,00000001250,20230616190000,0.0,0.0,0.0,0.0,0.0,0.0,1.0,4,0.0,0.0,,,589352
2023-06-16 20:00:00,00000001250,20230616200000,0.0,0.0,0.0,0.0,0.0,0.0,1.0,4,0.0,0.0,,,589352
2023-06-16 21:00:00,00000001250,20230616210000,0.0,0.0,0.0,0.0,0.0,0.0,1.0,4,0.0,0.0,,,589352
2023-06-16 22:00:00,00000001250,20230616220000,0.0,0.0,0.0,0.0,0.0,0.0,1.0,4,0.0,0.0,,,589352
2023-06-16 23:00:00,00000001250,20230616230000,0.0,0.0,0.0,0.0,0.0,0.0,1.0,4,0.0,0.0,,,589352
2023-06-17 00:00:00,00000001250,20230617000000,0.0,0.0,0.0,0.0,0.0,0.0,1.0,4,0.0,0.0,,,589352
2023-06-17 01:00:00,00000001250,20230617010000,0.0,0.0,0.0,0.0,0.0,0.0,1.0,4,0.0,0.0,,,589352
2023-06-17 02:00:00,00000001250,20230617020000,0.0,0.0,0.0,0.0,0.0,0.0,1.0,4,0.0,0.0,,,589352
2023-06-17 03:00:00,00000001250,20230617030000,0.0,0.0,0.0,0.0,0.0,0.0,1.0,4,0.0,0.0,,,589352
2023-06-17 04:00:00,00000001250,20230617040000,0.0,0.0,0.0,0.0,0.0,0.0,1.0,4,0.0,0.0,,,589352
2023-06-17 05:00:00,00000001250,20230617050000,0.0,0.0,0.0,0.0,0.0,0.0,1.0,4,0.0,0.0,,,589352
2023-06-17 06:00:00,00000001250,20230617060000,0.0,0.0,0.0,0.0,0.0,0.0,1.0,4,0.0,0.0,,,589352
2023-06-17 07:00:00,00000001250,20230617070000,0.0,0.0,0.0,0.0,0.0,0.0,1.0,4,0.0,0.0,,,589352
2023-06-17 08:00:00,00000001250,20230617080000,0.0,0.0,0.0,0.0,0.0,0.0,1.0,4,0.0,0.0,,,589352
2023-06-17 09:00:00,00000001250,20230617090000,0.0,0.0,0.0,0.0,0.0,0.0,1.0,4,0.0,0.0,,,589352
2023-06-17 10:00:00,00000001250,20230617100000,0.0,0.0,0.0,0.0,0.0,0.0,1.0,4,0.0,0.0,,,589352
2023-06-17 11:00:00,00000001250,20230617110000,0.0,0.0,0.0,0.0,0.0,0.0,1.0,4,0.0,0.0,,,589352
2023-06-17 12:00:00,00000001250,20230617120000,0.0,0.0,0.0,0.0,0.0,0.0,1.0,4,0.0,0.0,,,589352
2023-06-17 13:00:00,00000001250,20230617130000,0.0,0.0,0.0,0.0,0.0,0.0,1.0,4,0.0,0.0,,,589352
2023-06-17 14:00:00,00000001250,20230617140000,0.0,0.0,0.0,0.0,0.0,0.0,1.0,4,0.0,0.0,,,589352
2023-06-17 15:00:00,00000001250,20230617150000,0.0,0.0,0.0,0.0,0.0,0.0,1.0,4,0.0,0.0,,,589352
2023-06-17 16:00:00,00000001250,20230617160000,0.0,0.0,0.0,0.0,0.0,0.0,1.0,4,0.0,0.0,,,589352
2023-06-17 17:00:00,00000001250,20230617170000,0.0,0.0,0.0,0.0,0.0,0.0,1.0,4,0.0,0.0,,,589352
2023-06-17 18:00:00,00000001250,20230617180000,0.0,0.0,0.0,0.0,0.0,0.0,1.0,4,0.0,0.0,,,589352
2023-06-17 19:00:00,00000001250,20230617190000,0.0,0.0,0.0,0.0,0.0,0.0,1.0,4,0.0,0.0,,,589352
2023-06-17 20:00:00,00000001250,20230617200000,0.0,0.0,0.0,0.0,0.0,0.0,1.0,4,0.0,0.0,,,589352
2023-06-17 21:00:00,00000001250,20230617210000,0.0,0.0,0.0,0.0,0.0,0.0,1.0,4,0.0,0.0,,,589352
2023-06-17 22:00:00,00000001250,20230617220000,0.0,0.0,0.0,0.0,0.0,0.0,1.0,4,0.0,0.0,,,589352
2023-06-17 23:00:00,00000001250,20230617230000,0.0,0.0,0.0,0.0,0.0,0.0,1.0,4,0.0,0.0,,,589352
2023-06-18 00:00:00,00000001250,20230618000000,0.0,0.0,0.0,0.0,0.0,0.0,1.0,4,0.0,0.0,,,589352
2023-06-18 01:00:00,00000001250,20230618010000,0.0,0.0,0.0,0.0,0.0,0.0,1.0,4,0.0,0.0,,,589352
2023-06-18 02:00:00,00000001250,20230618020000,0.0,0.0,0.0,0.0,0.0,0.0,1.0,4,0.0,0.0,,,589352
2023-06-18 03:00:00,00000001250,20230618030000,0.0,0.0,0.0,0.0,0.0,0.0,1.0,4,0.0,0.0,,,589352
2023-06-18 04:00:00,00000001250,20230618040000,0.0,0.0,0.0,0.0,0.0,0.0,1.0,4,0.0,0.0,,,589352
2023-06-18 05:00:00,00000001250,20230618050000,0.0,0.0,0.0,0.0,0.0,0.0,1.0,4,0.0,0.0,,,589352
2023-06-18 06:00:00,00000001250,20230618060000,0.0,0.0,0.0,0.0,0.0,0.0,1.0,4,0.0,0.0,,,589352
2023-06-18 07:00:00,00000001250,20230618070000,0.0,0.0,0.0,0.0,0.0,0.0,1.0,4,0.0,0.0,,,589352
2023-06-18 08:00:00,00000001250,20230618080000,0.0,0.0,0.0,0.0,0.0,0.0,1.0,4,0.0,0.0,,,589352
2023-06-18 09:00:00,00000001250,20230618090000,0.0,0.0,0.0,0.0,0.0,0.0,1.0,4,0.0,0.0,,,589352
2023-06-18 10:00:00,00000001250,20230618100000,0.0,0.0,0.0,0.0,0.0,0.0,1.0,4,0.0,0.0,,,589352
2023-06-18 11:00:00,00000001250,20230618110000,0.0,0.0,0.0,0.0,0.0,0.0,1.0,4,0.0,0.0,,,589352
2023-06-18 12:00:00,00000001250,20230618120000,0.0,0.0,0.0,0.0,0.0,0.0,1.0,4,0.0,0.0,,,589352
2023-06-18 13:00:00,00000001250,20230618130000,0.0,0.0,0.0,0.0,0.0,0.0,1.0,4,0.0,0.0,,,589352
2023-06-18 14:00:00,00000001250,20230618140000,0.0,0.0,0.0,0.0,0.0,0.0,1.0,4,0.0,0.0,,,589352
2023-06-18 15:00:00,00000001250,20230618150000,0.0,0.0,0.0,0.0,0.0,0.0,1.0,4,0.0,0.0,,,589352
2023-06-18 16:00:00,00000001250,20230618160000,0.0,0.0,0.0,0.0,0.0,0.0,1.0,4,0.0,0.0,,,589352
2023-06-18 17:00:00,00000001250,20230618170000,0.0,0.0,0.0,0.0,0.0,0.0,1.0,4,0.0,0.0,,,589352
2023-06-18 18:00:00,00000001250,20230618180000,0.0,0.0,0.0,0.0,0.0,0.0,1.0,4,0.0,0.0,,,589352
2023-06-18 19:00:00,00000001250,20230618190000,0.0,0.0,0.0,0.0,0.0,0.0,1.0,4,0.0,0.0,,,589352
2023-06-18 20:00:00,00000001250,20230618200000,0.0,0.0,0.0,0.0,0.0,0.0,1.0,4,0.0,0.0,,,589352
2023-06-18 21:00:00,00000001250,20230618210000,0.0,0.0,0.0,0.0,0.0,0.0,1.0,4,0.0,0.0,,,589352
2023-06-18 22:00:00,00000001250,20230618220000,0.0,0.0,0.0,0.0,0.0,0.0,1.0,4,0.0,0.0,,,589352
2023-06-18 23:00:00,00000001250,20230618230000,0.0,0.0,0.0,0.0,0.0,0.0,1.0,4,0.0,0.0,,,589352
2023-06-19 00:00:00,00000001250,20230619000000,0.0,0.0,0.0,0.0,0.0,0.0,1.0,4,0.0,0.0,,,589352
2023-06-19 01:00:00,00000001250,20230619010000,0.0,0.0,0.0,0.0,0.0,0.0,1.0,4,0.0,0.0,,,589352
2023-06-19 02:00:00,00000001250,20230619020000,0.0,0.0,0.0,0.0,0.0,0.0,1.0,4,0.0,0.0,,,589352
2023-06-19 03:00:00,00000001250,20230619030000,0.0,0.0,0.0,0.0,0.0,0.0,1.0,4,0.0,0.0,,,589352
2023-06-19 04:00:00,00000001250,20230619040000,0.0,0.0,0.0,0.0,0.0,0.0,1.0,4,0.0,0.0,,,589352
2023-06-19 05:00:00,00000001250,20230619050000,0.0,0.0,0.0,0.0,0.0,0.0,1.0,4,0.0,0.0,,,589352
2023-06-19 06:00:00,00000001250,20230619060000,0.0,0.0,0.0,0.0,0.0,0.0,1.0,4,0.0,0.0,,,589352
2023-06-19 07:00:00,00000001250,20230619070000,0.0,0.0,0.0,0.0,0.0,0.0,1.0,4,0.0,0.0,,,589352
2023-06-19 08:00:00,00000001250,20230619080000,0.0,0.0,0.0,0.0,0.0,0.0,1.0,4,0.0,0.0,,,589352
2023-06-19 09:00:00,00000001250,20230619090000,0.0,0.0,0.0,0.0,0.0,0.0,1.0,4,0.0,0.0,,,589352
2023-06-19 10:00:00,00000001250,20230619100000,0.0,0.0,0.0,0.0,0.0,0.0,1.0,4,0.0,0.0,,,589352
2023-06-19 11:00:00,00000001250,20230619110000,0.0,0.0,0.0,0.0,0.0,0.0,1.0,4,0.0,0.0,,,589352
2023-06-19 12:00:00,00000001250,20230619120000,0.0,0.0,0.0,0.0,0.0,0.0,1.0,4,0.0,0.0,,,589352
2023-06-19 13:00:00,00000001250,20230619130000,0.0,0.0,0.0,0.0,0.0,0.0,1.0,4,0.0,0.0,,,589352
2023-06-19 14:00:00,00000001250,20230619140000,0.0,0.0,0.0,0.0,0.0,0.0,1.0,4,0.0,0.0,,,589352
2023-06-19 15:00:00,00000001250,20230619150000,0.0,0.0,0.0,0.0,0.0,0.0,1.0,4,0.0,0.0,,,589352
2023-06-19 16:00:00,00000001250,20230619160000,0.0,0.0,0.0,0.0,0.0,0.0,1.0,4,0.0,0.0,,,589352
2023-06-19 17:00:00,00000001250,20230619170000,0.0,0.0,0.0,0.0,0.0,0.0,1.0,4,0.0,0.0,,,589352
2023-06-19 18:00:00,00000001250,20230619180000,0.0,0.0,0.0,0.0,0.0,0.0,1.0,4,0.0,0.0,,,589352
2023-06-19 19:00:00,00000001250,20230619190000,0.0,0.0,0.0,0.0,0.0,0.0,1.0,4,0.0,0.0,,,589352
2023-06-19 20:00:00,00000001250,20230619200000,0.0,0.0,0.0,0.0,0.0,0.0,1.0,4,0.0,0.0,,,589352
2023-06-19 21:00:00,00000001250,20230619210000,0.0,0.0,0.0,0.0,0.0,0.0,1.0,4,0.0,0.0,,,589352
2023-06-19 22:00:00,00000001250,20230619220000,0.0,0.0,0.0,0.0,0.0,0.0,1.0,4,0.0,0.0,,,589352
2023-06-19 23:00:00,00000001250,20230619230000,0.0,0.0,0.0,0.0,0.0,0.0,1.0,4,0.0,0.0,,,589352
2023-06-20 00:00:00,00000001250,20230620000000,0.0,0.0,0.0,0.0,0.0,0.0,1.0,4,0.0,0.0,,,589352
2023-06-20 01:00:00,00000001250,20230620010000,0.0,0.0,0.0,0.0,0.0,0.0,1.0,4,0.0,0.0,,,589352
2023-06-20 02:00:00,00000001250,20230620020000,0.0,0.0,0.0,0.0,0.0,0.0,1.0,4,0.0,0.0,,,589352
2023-06-20 03:00:00,00000001250,20230620030000,0.0,0.0,0.0,0.0,0.0,0.0,1.0,4,0.0,0.0,,,589352
2023-06-20 04:00:00,00000001250,20230620040000,0.0,0.0,0.0,0.0,0.0,0.0,1.0,4,0.0,0.0,,,589352
2023-06-20 05:00:00,00000001250,20230620050000,0.0,0.0,0.0,0.0,0.0,0.0,1.0,4,0.0,0.0,,,589352
2023-06-20 06:00:00,00000001250,20230620060000,0.0,0.0,0.0,0.0,0.0,0.0,1.0,4,0.0,0.0,,,589352
2023-06-20 07:00:00,00000001250,20230620070000,0.0,0.0,0.0,0.0,0.0,0.0,1.0,4,0.0,0.0,,,589352
2023-06-20 08:00:00,00000001250,20230620080000,0.0,0.0,0.0,0.0,0.0,0.0,1.0,4,0.0,0.0,,,589352
2023-06-20 09:00:00,00000001250,20230620090000,0.0,0.0,0.0,0.0,0.0,0.0,1.0,4,0.0,0.0,,,589352
2023-06-20 10:00:00,00000001250,20230620100000,0.0,0.0,0.0,0.0,0.0,0.0,1.0,4,0.0,0.0,,,589352
2023-06-20 11:00:00,00000001250,20230620110000,0.0,0.0,0.0,0.0,0.0,0.0,1.0,4,0.0,0.0,,,589352
2023-06-20 12:00:00,00000001250,20230620120000,0.0,0.0,0.0,0.0,0.0,0.0,1.0,4,0.0,0.0,,,589352
2023-06-20 13:00:00,00000001250,20230620130000,0.0,0.0,0.0,0.0,0.0,0.0,1.0,4,0.0,0.0,,,589352
2023-06-20 14:00:00,00000001250,20230620140000,0.0,0.0,0.0,0.0,0.0,0.0,1.0,4,0.0,0.0,,,589352
2023-06-20 15:00:00,00000001250,20230620150000,0.0,0.0,0.0,0.0,0.0,0.0,1.0,4,0.0,0.0,,,589352
2023-06-20 16:00:00,00000001250,20230620160000,0.0,0.0,0.0,0.0,0.0,0.0,1.0,4,0.0,0.0,,,589352
2023-06-20 17:00:00,00000001250,20230620170000,0.0,0.0,0.0,0.0,0.0,0.0,1.0,4,0.0,0.0,,,589352
2023-06-20 18:00:00,00000001250,20230620180000,0.0,0.0,0.0,0.0,0.0,0.0,1.0,4,0.0,0.0,,,589352
2023-06-20 19:00:00,00000001250,20230620190000,0.0,0.0,0.0,0.0,0.0,0.0,1.0,4,0.0,0.0,,,589352
2023-06-20 20:00:00,00000001250,20230620200000,0.0,0.0,0.0,0.0,0.0,0.0,1.0,4,0.0,0.0,,,589352
2023-06-20 21:00:00,00000001250,20230620210000,0.0,0.0,0.0,0.0,0.0,0.0,1.0,4,0.0,0.0,,,589352
2023-06-20 22:00:00,00000001250,20230620220000,0.0,0.0,0.0,0.0,0.0,0.0,1.0,4,0.0,0.0,,,589352
2023-06-20 23:00:00,00000001250,20230620230000,0.0,0.0,0.0,0.0,0.0,0.0,1.0,4,0.0,0.0,,,589352
2023-06-21 00:00:00,00000001250,20230621000000,0.0,0.0,0.0,0.0,0.0,0.0,1.0,4,0.0,0.0,,,589352
2023-06-21 01:00:00,00000001250,20230621010000,0.0,0.0,0.0,0.0,0.0,0.0,1.0,4,0.0,0.0,,,589352
2023-06-21 02:00:00,00000001250,20230621020000,0.0,0.0,0.0,0.0,0.0,0.0,1.0,4,0.0,0.0,,,589352
2023-06-21 03:00:00,00000001250,20230621030000,0.0,0.0,0.0,0.0,0.0,0.0,1.0,4,0.0,0.0,,,589352
2023-06-21 04:00:00,00000001250,20230621040000,0.0,0.0,0.0,0.0,0.0,0.0,1.0,4,0.0,0.0,,,589352
2023-06-21 05:00:00,00000001250,20230621050000,0.0,0.0,0.0,0.0,0.0,0.0,1.0,4,0.0,0.0,,,589352
2023-06-21 06:00:00,00000001250,20230621060000,0.0,0.0,0.0,0.0,0.0,0.0,1.0,4,0.0,0.0,,,589352
2023-06-21 07:00:00,00000001250,20230621070000,0.0,0.0,0.0,0.0,0.0,0.0,1.0,4,0.0,0.0,,,589352
2023-06-21 08:00:00,00000001250,20230621080000,0.0,0.0,0.0,0.0,0.0,0.0,1.0,4,0.0,0.0,,,589352
2023-06-21 09:00:00,00000001250,20230621090000,0.0,0.0,0.0,0.0,0.0,0.0,1.0,4,0.0,0.0,,,589352
2023-06-21 10:00:00,00000001250,20230621100000,0.0,0.0,0.0,0.0,0.0,0.0,1.0,4,0.0,0.0,,,589352
2023-06-21 11:00:00,00000001250,20230621110000,0.0,0.0,0.0,0.0,0.0,0.0,1.0,4,0.0,0.0,,,589352
2023-06-21 12:00:00,00000001250,20230621120000,0.0,0.0,0.0,0.0,0.0,0.0,1.0,4,0.0,0.0,,,589352
2023-06-21 13:00:00,00000001250,20230621130000,0.0,0.0,0.0,0.0,0.0,0.0,1.0,4,0.0,0.0,,,589352
2023-06-21 14:00:00,00000001250,20230621140000,0.0,0.0,0.0,0.0,0.0,0.0,1.0,4,0.0,0.0,,,589352
2023-06-21 15:00:00,00000001250,20230621150000,0.0,0.0,0.0,0.0,0.0,0.0,1.0,4,0.0,0.0,,,589352
2023-06-21 16:00:00,00000001250,20230621160000,0.0,0.0,0.0,0.0,0.0,0.0,1.0,4,0.0,0.0,,,589352
2023-06-21 17:00:00,00000001250,20230621170000,0.0,0.0,0.0,0.0,0.0,0.0,1.0,4,0.0,0.0,,,589352
2023-06-21 18:00:00,00000001250,20230621180000,0.0,0.0,0.0,0.0,0.0,0.0,1.0,4,0.0,0.0,,,589352
2023-06-21 19:00:00,00000001250,20230621190000,0.0,0.0,0.0,0.0,0.0,0.0,1.0,4,0.0,0.0,,,589352
2023-06-21 20:00:00,00000001250,20230621200000,0.0,0.0,0.0,0.0,0.0,0.0,1.0,4,0.0,0.0,,,589352
2023-06-21 21:00:00,00000001250,20230621210000,0.0,0.0,0.0,0.0,0.0,0.0,1.0,4,0.0,0.0,,,589352
2023-06-21 22:00:00,00000001250,20230621220000,0.0,0.0,0.0,0.0,0.0,0.0,1.0,4,0.0,0.0,,,589352
2023-06-21 23:00:00,00000001250,20230621230000,0.0,0.0,0.0,0.0,0.0,0.0,1.0,4,0.0,0.0,,,589352
2023-06-22 00:00:00,00000001250,20230622000000,0.0,0.0,0.0,0.0,0.0,0.0,1.0,4,0.0,0.0,,,589352
2023-06-22 01:00:00,00000001250,20230622010000,0.0,0.0,0.0,0.0,0.0,0.0,1.0,4,0.0,0.0,,,589352
2023-06-22 02:00:00,00000001250,20230622020000,0.0,0.0,0.0,0.0,0.0,0.0,1.0,4,0.0,0.0,,,589352
2023-06-22 03:00:00,00000001250,20230622030000,0.0,0.0,0.0,0.0,0.0,0.0,1.0,4,0.0,0.0,,,589352
2023-06-22 04:00:00,00000001250,20230622040000,0.0,0.0,0.0,0.0,0.0,0.0,1.0,4,0.0,0.0,,,589352
2023-06-22 05:00:00,00000001250,20230622050000,0.0,0.0,0.0,0.0,0.0,0.0,1.0,4,0.0,0.0,,,589352
2023-06-22 06:00:00,00000001250,20230622060000,0.0,0.0,0.0,0.0,0.0,0.0,1.0,4,0.0,0.0,,,589352
2023-06-22 07:00:00,00000001250,20230622070000,0.0,0.0,0.0,0.0,0.0,0.0,1.0,4,0.0,0.0,,,589352
2023-06-22 08:00:00,00000001250,20230622080000,0.0,0.0,0.0,0.0,0.0,0.0,1.0,4,0.0,0.0,,,589352
2023-06-22 09:00:00,00000001250,20230622090000,0.0,0.0,0.0,0.0,0.0,0.0,1.0,4,0.0,0.0,,,589352
2023-06-22 10:00:00,00000001250,20230622100000,0.0,0.0,0.0,0.0,0.0,0.0,1.0,4,0.0,0.0,,,589352
2023-06-22 11:00:00,00000001250,20230622110000,0.0,0.0,0.0,0.0,0.0,0.0,1.0,4,0.0,0.0,,,589352
2023-06-22 12:00:00,00000001250,20230622120000,0.0,0.0,0.0,0.0,0.0,0.0,1.0,4,0.0,0.0,,,589352
2023-06-22 13:00:00,00000001250,20230622130000,0.0,0.0,0.0,0.0,0.0,0.0,1.0,4,0.0,0.0,,,589352
2023-06-22 14:00:00,00000001250,20230622140000,0.0,0.0,0.0,0.0,0.0,0.0,1.0,4,0.0,0.0,,,589352
2023-06-22 15:00:00,00000001250,20230622150000,0.0,0.0,0.0,0.0,0.0,0.0,1.0,4,0.0,0.0,,,589352
2023-06-22 16:00:00,00000001250,20230622160000,0.0,0.0,0.0,0.0,0.0,0.0,1.0,4,0.0,0.0,,,589352
2023-06-22 17:00:00,00000001250,20230622170000,0.0,0.0,0.0,0.0,0.0,0.0,1.0,4,0.0,0.0,,,589352
2023-06-22 18:00:00,00000001250,20230622180000,0.0,0.0,0.0,0.0,0.0,0.0,1.0,4,0.0,0.0,,,589352
2023-06-22 19:00:00,00000001250,20230622190000,0.0,0.0,0.0,0.0,0.0,0.0,1.0,4,0.0,0.0,,,589352
2023-06-22 20:00:00,00000001250,20230622200000,0.0,0.0,0.0,0.0,0.0,0.0,1.0,4,0.0,0.0,,,589352
2023-06-22 21:00:00,00000001250,20230622210000,0.0,0.0,0.0,0.0,0.0,0.0,1.0,4,0.0,0.0,,,589352
2023-06-22 22:00:00,00000001250,20230622220000,0.0,0.0,0.0,0.0,0.0,0.0,1.0,4,0.0,0.0,,,589352
2023-06-22 23:00:00,00000001250,20230622230000,0.0,0.0,0.0,0.0,0.0,0.0,1.0,4,0.0,0.0,,,589352
2023-06-23 00:00:00,00000001250,20230623000000,0.0,0.0,0.0,0.0,0.0,0.0,1.0,4,0.0,0.0,,,589352
2023-06-23 01:00:00,00000001250,20230623010000,0.0,0.0,0.0,0.0,0.0,0.0,1.0,4,0.0,0.0,,,589352
2023-06-23 02:00:00,00000001250,20230623020000,0.0,0.0,0.0,0.0,0.0,0.0,1.0,4,0.0,0.0,,,589352
2023-06-23 03:00:00,00000001250,20230623030000,0.0,0.0,0.0,0.0,0.0,0.0,1.0,4,0.0,0.0,,,589352
2023-06-23 04:00:00,00000001250,20230623040000,0.0,0.0,0.0,0.0,0.0,0.0,1.0,4,0.0,0.0,,,589352
2023-06-23 05:00:00,00000001250,20230623050000,0.0,0.0,0.0,0.0,0.0,0.0,1.0,4,0.0,0.0,,,589352
2023-06-23 06:00:00,00000001250,20230623060000,0.0,0.0,0.0,0.0,0.0,0.0,1.0,4,0.0,0.0,,,589352
2023-06-23 07:00:00,00000001250,20230623070000,0.0,0.0,0.0,0.0,0.0,0.0,1.0,4,0.0,0.0,,,589352
2023-06-23 08:00:00,00000001250,20230623080000,0.0,0.0,0.0,0.0,0.0,0.0,1.0,4,0.0,0.0,,,589352
2023-06-23 09:00:00,00000001250,20230623090000,0.0,0.0,0.0,0.0,0.0,0.0,1.0,4,0.0,0.0,,,589352
2023-06-23 10:00:00,00000001250,20230623100000,0.0,0.0,0.0,0.0,0.0,0.0,1.0,4,0.0,0.0,,,589352
2023-06-23 11:00:00,00000001250,20230623110000,0.0,0.0,0.0,0.0,0.0,0.0,1.0,4,0.0,0.0,,,589352
2023-06-23 12:00:00,00000001250,20230623120000,0.0,0.0,0.0,0.0,0.0,0.0,1.0,4,0.0,0.0,,,589352
2023-06-23 13:00:00,00000001250,20230623130000,0.0,0.0,0.0,0.0,0.0,0.0,1.0,4,0.0,0.0,,,589352
2023-06-23 14:00:00,00000001250,20230623140000,0.0,0.0,0.0,0.0,0.0,0.0,1.0,4,0.0,0.0,,,589352
2023-06-23 15:00:00,00000001250,20230623150000,0.0,0.0,0.0,0.0,0.0,0.0,1.0,4,0.0,0.0,,,589352
2023-06-23 16:00:00,00000001250,20230623160000,0.0,0.0,0.0,0.0,0.0,0.0,1.0,4,0.0,0.0,,,589352
2023-06-23 17:00:00,00000001250,20230623170000,0.0,0.0,0.0,0.0,0.0,0.0,1.0,4,0.0,0.0,,,589352
2023-06-23 18:00:00,00000001250,20230623180000,0.0,0.0,0.0,0.0,0.0,0.0,1.0,4,0.0,0.0,,,589352
2023-06-23 19:00:00,00000001250,20230623190000,0.0,0.0,0.0,0.0,0.0,0.0,1.0,4,0.0,0.0,,,589352
2023-06-23 20:00:00,00000001250,20230623200000,0.0,0.0,0.0,0.0,0.0,0.0,1.0,4,0.0,0.0,,,589352
2023-06-23 21:00:00,00000001250,20230623210000,0.0,0.0,0.0,0.0,0.0,0.0,1.0,4,0.0,0.0,,,589352
2023-06-23 22:00:00,00000001250,20230623220000,0.0,0.0,0.0,0.0,0.0,0.0,1.0,4,0.0,0.0,,,589352
2023-06-23 23:00:00,00000001250,20230623230000,0.0,0.0,0.0,0.0,0.0,0.0,1.0,4,0.0,0.0,,,589352
2023-06-24 00:00:00,00000001250,20230624000000,0.0,0.0,0.0,0.0,0.0,0.0,1.0,4,0.0,0.0,,,589352
2023-06-24 01:00:00,00000001250,20230624010000,0.0,0.0,0.0,0.0,0.0,0.0,1.0,4,0.0,0.0,,,589352
2023-06-24 02:00:00,00000001250,20230624020000,0.0,0.0,0.0,0.0,0.0,0.0,1.0,4,0.0,0.0,,,589352
2023-06-24 03:00:00,00000001250,20230624030000,0.0,0.0,0.0,0.0,0.0,0.0,1.0,4,0.0,0.0,,,589352
2023-06-24 04:00:00,00000001250,20230624040000,0.0,0.0,0.0,0.0,0.0,0.0,1.0,4,0.0,0.0,,,589352
2023-06-24 05:00:00,00000001250,20230624050000,0.0,0.0,0.0,0.0,0.0,0.0,1.0,4,0.0,0.0,,,589352
2023-06-24 06:00:00,00000001250,20230624060000,0.0,0.0,0.0,0.0,0.0,0.0,1.0,4,0.0,0.0,,,589352
2023-06-24 07:00:00,00000001250,20230624070000,0.0,0.0,0.0,0.0,0.0,0.0,1.0,4,0.0,0.0,,,589352
2023-06-24 08:00:00,00000001250,20230624080000,0.0,0.0,0.0,0.0,0.0,0.0,1.0,4,0.0,0.0,,,589352
2023-06-24 09:00:00,00000001250,20230624090000,0.0,0.0,0.0,0.0,0.0,0.0,1.0,4,0.0,0.0,,,589352
2023-06-24 10:00:00,00000001250,20230624100000,0.0,0.0,0.0,0.0,0.0,0.0,1.0,4,0.0,0.0,,,589352
2023-06-24 11:00:00,00000001250,20230624110000,0.0,0.0,0.0,0.0,0.0,0.0,1.0,4,0.0,0.0,,,589352
2023-06-24 12:00:00,00000001250,20230624120000,0.0,0.0,0.0,0.0,0.0,0.0,1.0,4,0.0,0.0,,,589352
2023-06-24 13:00:00,00000001250,20230624130000,0.0,0.0,0.0,0.0,0.0,0.0,1.0,4,0.0,0.0,,,589352
2023-06-24 14:00:00,00000001250,20230624140000,0.0,0.0,0.0,0.0,0.0,0.0,1.0,4,0.0,0.0,,,589352
2023-06-24 15:00:00,00000001250,20230624150000,0.0,0.0,0.0,0.0,0.0,0.0,1.0,4,0.0,0.0,,,589352
2023-06-24 16:00:00,00000001250,20230624160000,0.0,0.0,0.0,0.0,0.0,0.0,1.0,4,0.0,0.0,,,589352
2023-06-24 17:00:00,00000001250,20230624170000,0.0,0.0,0.0,0.0,0.0,0.0,1.0,4,0.0,0.0,,,589352
2023-06-24 18:00:00,00000001250,20230624180000,0.0,0.0,0.0,0.0,0.0,0.0,1.0,4,0.0,0.0,,,589352
2023-06-24 19:00:00,00000001250,20230624190000,0.0,0.0,0.0,0.0,0.0,0.0,1.0,4,0.0,0.0,,,589352
2023-06-24 20:00:00,00000001250,20230624200000,0.0,0.0,0.0,0.0,0.0,0.0,1.0,4,0.0,0.0,,,589352
2023-06-24 21:00:00,00000001250,20230624210000,0.0,0.0,0.0,0.0,0.0,0.0,1.0,4,0.0,0.0,,,589352
2023-06-24 22:00:00,00000001250,20230624220000,0.0,0.0,0.0,0.0,0.0,0.0,1.0,4,0.0,0.0,,,589352
2023-06-24 23:00:00,00000001250,20230624230000,0.0,0.0,0.0,0.0,0.0,0.0,1.0,4,0.0,0.0,,,589352
2023-06-25 00:00:00,00000001250,20230625000000,0.0,0.0,0.0,0.0,0.0,0.0,1.0,4,0.0,0.0,,,589352
2023-06-25 01:00:00,00000001250,20230625010000,0.0,0.0,0.0,0.0,0.0,0.0,1.0,4,0.0,0.0,,,589352
2023-06-25 02:00:00,00000001250,20230625020000,0.0,0.0,0.0,0.0,0.0,0.0,1.0,4,0.0,0.0,,,589352
2023-06-25 03:00:00,00000001250,20230625030000,0.0,0.0,0.0,0.0,0.0,0.0,1.0,4,0.0,0.0,,,589352
2023-06-25 04:00:00,00000001250,20230625040000,0.0,0.0,0.0,0.0,0.0,0.0,1.0,4,0.0,0.0,,,589352
2023-06-25 05:00:00,00000001250,20230625050000,0.0,0.0,0.0,0.0,0.0,0.0,1.0,4,0.0,0.0,,,589352
2023-06-25 06:00:00,00000001250,20230625060000,0.0,0.0,0.0,0.0,0.0,0.0,1.0,4,0.0,0.0,,,589352
2023-06-25 07:00:00,00000001250,20230625070000,0.0,0.0,0.0,0.0,0.0,0.0,1.0,4,0.0,0.0,,,589352
2023-06-25 08:00:00,00000001250,20230625080000,0.0,0.0,0.0,0.0,0.0,0.0,1.0,4,0.0,0.0,,,589352
2023-06-25 09:00:00,00000001250,20230625090000,0.0,0.0,0.0,0.0,0.0,0.0,1.0,4,0.0,0.0,,,589352
2023-06-25 10:00:00,00000001250,20230625100000,0.0,0.0,0.0,0.0,0.0,0.0,1.0,4,0.0,0.0,,,589352
2023-06-25 11:00:00,00000001250,20230625110000,0.0,0.0,0.0,0.0,0.0,0.0,1.0,4,0.0,0.0,,,589352
2023-06-25 12:00:00,00000001250,20230625120000,0.0,0.0,0.0,0.0,0.0,0.0,1.0,4,0.0,0.0,,,589352
2023-06-25 13:00:00,00000001250,20230625130000,0.0,0.0,0.0,0.0,0.0,0.0,1.0,4,0.0,0.0,,,589352
2023-06-25 14:00:00,00000001250,20230625140000,0.0,0.0,0.0,0.0,0.0,0.0,1.0,4,0.0,0.0,,,589352
2023-06-25 15:00:00,00000001250,20230625150000,0.0,0.0,0.0,0.0,0.0,0.0,1.0,4,0.0,0.0,,,589352
2023-06-25 16:00:00,00000001250,20230625160000,0.0,0.0,0.0,0.0,0.0,0.0,1.0,4,0.0,0.0,,,589352
2023-06-25 17:00:00,00000001250,20230625170000,0.0,0.0,0.0,0.0,0.0,0.0,1.0,4,0.0,0.0,,,589352
2023-06-25 18:00:00,00000001250,20230625180000,0.0,0.0,0.0,0.0,0.0,0.0,1.0,4,0.0,0.0,,,589352
2023-06-25 19:00:00,00000001250,20230625190000,0.0,0.0,0.0,0.0,0.0,0.0,1.0,4,0.0,0.0,,,589352
2023-06-25 20:00:00,00000001250,20230625200000,0.0,0.0,0.0,0.0,0.0,0.0,1.0,4,0.0,0.0,,,589352
2023-06-25 21:00:00,00000001250,20230625210000,0.0,0.0,0.0,0.0,0.0,0.0,1.0,4,0.0,0.0,,,589352
2023-06-25 22:00:00,00000001250,20230625220000,0.0,0.0,0.0,0.0,0.0,0.0,1.0,4,0.0,0.0,,,589352
2023-06-25 23:00:00,00000001250,20230625230000,0.0,0.0,0.0,0.0,0.0,0.0,1.0,4,0.0,0.0,,,589352
2023-06-26 00:00:00,00000001250,20230626000000,0.0,0.0,0.0,0.0,0.0,0.0,1.0,4,0.0,0.0,,,589352
2023-06-26 01:00:00,00000001250,20230626010000,0.0,0.0,0.0,0.0,0.0,0.0,1.0,4,0.0,0.0,,,589352
2023-06-26 02:00:00,00000001250,20230626020000,0.0,0.0,0.0,0.0,0.0,0.0,1.0,4,0.0,0.0,,,589352
2023-06-26 03:00:00,00000001250,20230626030000,0.0,0.0,0.0,0.0,0.0,0.0,1.0,4,0.0,0.0,,,589352
2023-06-26 04:00:00,00000001250,20230626040000,0.0,0.0,0.0,0.0,0.0,0.0,1.0,4,0.0,0.0,,,589352
2023-06-26 05:00:00,00000001250,20230626050000,0.0,0.0,0.0,0.0,0.0,0.0,1.0,4,0.0,0.0,,,589352
2023-06-26 06:00:00,00000001250,20230626060000,0.0,0.0,0.0,0.0,0.0,0.0,1.0,4,0.0,0.0,,,589352
2023-06-26 07:00:00,00000001250,20230626070000,0.0,0.0,0.0,0.0,0.0,0.0,1.0,4,0.0,0.0,,,589352
2023-06-26 08:00:00,00000001250,20230626080000,0.0,0.0,0.0,0.0,0.0,0.0,1.0,4,0.0,0.0,,,589352
2023-06-26 09:00:00,00000001250,20230626090000,0.0,0.0,0.0,0.0,0.0,0.0,1.0,4,0.0,0.0,,,589352
2023-06-26 10:00:00,00000001250,20230626100000,0.0,0.0,0.0,0.0,0.0,0.0,1.0,4,0.0,0.0,,,589352
2023-06-26 11:00:00,00000001250,20230626110000,0.0,0.0,0.0,0.0,0.0,0.0,1.0,4,0.0,0.0,,,589352
2023-06-26 12:00:00,00000001250,20230626120000,0.0,0.0,0.0,0.0,0.0,0.0,1.0,4,0.0,0.0,,,589352
2023-06-26 13:00:00,00000001250,20230626130000,0.0,0.0,0.0,0.0,0.0,0.0,1.0,4,0.0,0.0,,,589352
2023-06-26 14:00:00,00000001250,20230626140000,0.0,0.0,0.0,0.0,0.0,0.0,1.0,4,0.0,0.0,,,589352
2023-06-26 15:00:00,00000001250,20230626150000,0.0,0.0,0.0,0.0,0.0,0.0,1.0,4,0.0,0.0,,,589352
2023-06-26 16:00:00,00000001250,20230626160000,0.0,0.0,0.0,0.0,0.0,0.0,1.0,4,0.0,0.0,,,589352
2023-06-26 17:00:00,00000001250,20230626170000,0.0,0.0,0.0,0.0,0.0,0.0,1.0,4,0.0,0.0,,,589352
2023-06-26 18:00:00,00000001250,20230626180000,0.0,0.0,0.0,0.0,0.0,0.0,1.0,4,0.0,0.0,,,589352
2023-06-26 19:00:00,00000001250,20230626190000,0.0,0.0,0.0,0.0,0.0,0.0,1.0,4,0.0,0.0,,,589352
2023-06-26 20:00:00,00000001250,20230626200000,0.0,0.0,0.0,0.0,0.0,0.0,1.0,4,0.0,0.0,,,589352
2023-06-26 21:00:00,00000001250,20230626210000,0.0,0.0,0.0,0.0,0.0,0.0,1.0,4,0.0,0.0,,,589352
2023-06-26 22:00:00,00000001250,20230626220000,0.0,0.0,0.0,0.0,0.0,0.0,1.0,4,0.0,0.0,,,589352
2023-06-26 23:00:00,00000001250,20230626230000,0.0,0.0,0.0,0.0,0.0,0.0,1.0,4,0.0,0.0,,,589352
2023-06-27 00:00:00,00000001250,20230627000000,0.0,0.0,0.0,0.0,0.0,0.0,1.0,4,0.0,0.0,,,589352
2023-06-27 01:00:00,00000001250,20230627010000,0.0,0.0,0.0,0.0,0.0,0.0,1.0,4,0.0,0.0,,,589352
2023-06-27 02:00:00,00000001250,20230627020000,0.0,0.0,0.0,0.0,0.0,0.0,1.0,4,0.0,0.0,,,589352
2023-06-27 03:00:00,00000001250,20230627030000,0.0,0.0,0.0,0.0,0.0,0.0,1.0,4,0.0,0.0,,,589352
2023-06-27 04:00:00,00000001250,20230627040000,0.0,0.0,0.0,0.0,0.0,0.0,1.0,4,0.0,0.0,,,589352
2023-06-27 05:00:00,00000001250,20230627050000,0.0,0.0,0.0,0.0,0.0,0.0,1.0,4,0.0,0.0,,,589352
2023-06-27 06:00:00,00000001250,20230627060000,0.0,0.0,0.0,0.0,0.0,0.0,1.0,4,0.0,0.0,,,589352
2023-06-27 07:00:00,00000001250,20230627070000,0.0,0.0,0.0,0.0,0.0,0.0,1.0,4,0.0,0.0,,,589352
2023-06-27 08:00:00,00000001250,20230627080000,0.0,0.0,0.0,0.0,0.0,0.0,1.0,4,0.0,0.0,,,589352
2023-06-27 09:00:00,00000001250,20230627090000,0.0,0.0,0.0,0.0,0.0,0.0,1.0,4,0.0,0.0,,,589352
2023-06-27 10:00:00,00000001250,20230627100000,0.0,0.0,0.0,0.0,0.0,0.0,1.0,4,0.0,0.0,,,589352
2023-06-27 11:00:00,00000001250,20230627110000,0.0,0.0,0.0,0.0,0.0,0.0,1.0,4,0.0,0.0,,,589352
2023-06-27 12:00:00,00000001250,20230627120000,0.0,0.0,0.0,0.0,0.0,0.0,1.0,4,0.0,0.0,,,589352
2023-06-27 13:00:00,00000001250,20230627130000,0.0,0.0,0.0,0.0,0.0,0.0,1.0,4,0.0,0.0,,,589352
2023-06-27 14:00:00,00000001250,20230627140000,0.0,0.0,0.0,0.0,0.0,0.0,1.0,4,0.0,0.0,,,589352
2023-06-27 15:00:00,00000001250,20230627150000,0.0,0.0,0.0,0.0,0.0,0.0,1.0,4,0.0,0.0,,,589352
2023-06-27 16:00:00,00000001250,20230627160000,0.0,0.0,0.0,0.0,0.0,0.0,1.0,4,0.0,0.0,,,589352
2023-06-27 17:00:00,00000001250,20230627170000,0.0,0.0,0.0,0.0,0.0,0.0,1.0,4,0.0,0.0,,,589352
2023-06-27 18:00:00,00000001250,20230627180000,0.0,0.0,0.0,0.0,0.0,0.0,1.0,4,0.0,0.0,,,589352
2023-06-27 19:00:00,00000001250,20230627190000,0.0,0.0,0.0,0.0,0.0,0.0,1.0,4,0.0,0.0,,,589352
2023-06-27 20:00:00,00000001250,20230627200000,0.0,0.0,0.0,0.0,0.0,0.0,1.0,4,0.0,0.0,,,589352
2023-06-27 21:00:00,00000001250,20230627210000,0.0,0.0,0.0,0.0,0.0,0.0,1.0,4,0.0,0.0,,,589352
2023-06-27 22:00:00,00000001250,20230627220000,0.0,0.0,0.0,0.0,0.0,0.0,1.0,4,0.0,0.0,,,589352
2023-06-27 23:00:00,00000001250,20230627230000,0.0,0.0,0.0,0.0,0.0,0.0,1.0,4,0.0,0.0,,,589352
2023-06-28 00:00:00,00000001250,20230628000000,0.0,0.0,0.0,0.0,0.0,0.0,1.0,4,0.0,0.0,,,589352
2023-06-28 01:00:00,00000001250,20230628010000,0.0,0.0,0.0,0.0,0.0,0.0,1.0,4,0.0,0.0,,,589352
2023-06-28 02:00:00,00000001250,20230628020000,0.0,0.0,0.0,0.0,0.0,0.0,1.0,4,0.0,0.0,,,589352
2023-06-28 03:00:00,00000001250,20230628030000,0.0,0.0,0.0,0.0,0.0,0.0,1.0,4,0.0,0.0,,,589352
2023-06-28 04:00:00,00000001250,20230628040000,0.0,0.0,0.0,0.0,0.0,0.0,1.0,4,0.0,0.0,,,589352
2023-06-28 05:00:00,00000001250,20230628050000,0.0,0.0,0.0,0.0,0.0,0.0,1.0,4,0.0,0.0,,,589352
2023-06-28 06:00:00,00000001250,20230628060000,0.0,0.0,0.0,0.0,0.0,0.0,1.0,4,0.0,0.0,,,589352
2023-06-28 07:00:00,00000001250,20230628070000,0.0,0.0,0.0,0.0,0.0,0.0,1.0,4,0.0,0.0,,,589352
2023-06-28 08:00:00,00000001250,20230628080000,0.0,0.0,0.0,0.0,0.0,0.0,1.0,4,0.0,0.0,,,589352
2023-06-28 09:00:00,00000001250,20230628090000,0.0,0.0,0.0,0.0,0.0,0.0,1.0,4,0.0,0.0,,,589352
2023-06-28 10:00:00,00000001250,20230628100000,0.0,0.0,0.0,0.0,0.0,0.0,1.0,4,0.0,0.0,,,589352
2023-06-28 11:00:00,00000001250,20230628110000,0.0,0.0,0.0,0.0,0.0,0.0,1.0,4,0.0,0.0,,,589352
2023-06-28 12:00:00,00000001250,20230628120000,0.0,0.0,0.0,0.0,0.0,0.0,1.0,4,0.0,0.0,,,589352
2023-06-28 13:00:00,00000001250,20230628130000,0.0,0.0,0.0,0.0,0.0,0.0,1.0,4,0.0,0.0,,,589352
2023-06-28 14:00:00,00000001250,20230628140000,0.0,0.0,0.0,0.0,0.0,0.0,1.0,4,0.0,0.0,,,589352
2023-06-28 15:00:00,00000001250,20230628150000,0.0,0.0,0.0,0.0,0.0,0.0,1.0,4,0.0,0.0,,,589352
2023-06-28 16:00:00,00000001250,20230628160000,0.0,0.0,0.0,0.0,0.0,0.0,1.0,4,0.0,0.0,,,589352
2023-06-28 17:00:00,00000001250,20230628170000,0.0,0.0,0.0,0.0,0.0,0.0,1.0,4,0.0,0.0,,,589352
2023-06-28 18:00:00,00000001250,20230628180000,0.0,0.0,0.0,0.0,0.0,0.0,1.0,4,0.0,0.0,,,589352
2023-06-28 19:00:00,00000001250,20230628190000,0.0,0.0,0.0,0.0,0.0,0.0,1.0,4,0.0,0.0,,,589352
2023-06-28 20:00:00,00000001250,20230628200000,0.0,0.0,0.0,0.0,0.0,0.0,1.0,4,0.0,0.0,,,589352
2023-06-28 21:00:00,00000001250,20230628210000,0.0,0.0,0.0,0.0,0.0,0.0,1.0,4,0.0,0.0,,,589352
2023-06-28 22:00:00,00000001250,20230628220000,0.0,0.0,0.0,0.0,0.0,0.0,1.0,4,0.0,0.0,,,589352
2023-06-28 23:00:00,00000001250,20230628230000,0.0,0.0,0.0,0.0,0.0,0.0,1.0,4,0.0,0.0,,,589352
2023-06-29 00:00:00,00000001250,20230629000000,0.0,0.0,0.0,0.0,0.0,0.0,1.0,4,0.0,0.0,,,589352
2023-06-29 01:00:00,00000001250,20230629010000,0.0,0.0,0.0,0.0,0.0,0.0,1.0,4,0.0,0.0,,,589352
2023-06-29 02:00:00,00000001250,20230629020000,0.0,0.0,0.0,0.0,0.0,0.0,1.0,4,0.0,0.0,,,589352
2023-06-29 03:00:00,00000001250,20230629030000,0.0,0.0,0.0,0.0,0.0,0.0,1.0,4,0.0,0.0,,,589352
2023-06-29 04:00:00,00000001250,20230629040000,0.0,0.0,0.0,0.0,0.0,0.0,1.0,4,0.0,0.0,,,589352
2023-06-29 05:00:00,00000001250,20230629050000,0.0,0.0,0.0,0.0,0.0,0.0,1.0,4,0.0,0.0,,,589352
2023-06-29 06:00:00,00000001250,20230629060000,0.0,0.0,0.0,0.0,0.0,0.0,1.0,4,0.0,0.0,,,589352
2023-06-29 07:00:00,00000001250,20230629070000,0.0,0.0,0.0,0.0,0.0,0.0,1.0,4,0.0,0.0,,,589352
2023-06-29 08:00:00,00000001250,20230629080000,0.0,0.0,0.0,0.0,0.0,0.0,1.0,4,0.0,0.0,,,589352
2023-06-29 09:00:00,00000001250,20230629090000,0.0,0.0,0.0,0.0,0.0,0.0,1.0,4,0.0,0.0,,,589352
2023-06-29 10:00:00,00000001250,20230629100000,0.0,0.0,0.0,0.0,0.0,0.0,1.0,4,0.0,0.0,,,589352
2023-06-29 11:00:00,00000001250,20230629110000,0.0,0.0,0.0,0.0,0.0,0.0,1.0,4,0.0,0.0,,,589352
2023-06-29 12:00:00,00000001250,20230629120000,0.0,0.0,0.0,0.0,0.0,0.0,1.0,4,0.0,0.0,,,589352
2023-06-29 13:00:00,00000001250,20230629130000,0.0,0.0,0.0,0.0,0.0,0.0,1.0,4,0.0,0.0,,,589352
2023-06-29 14:00:00,00000001250,20230629140000,0.0,0.0,0.0,0.0,0.0,0.0,1.0,4,0.0,0.0,,,589352
2023-06-29 15:00:00,00000001250,20230629150000,0.0,0.0,0.0,0.0,0.0,0.0,1.0,4,0.0,0.0,,,589352
2023-06-29 16:00:00,00000001250,20230629160000,0.0,0.0,0.0,0.0,0.0,0.0,1.0,4,0.0,0.0,,,589352
2023-06-29 17:00:00,00000001250,20230629170000,0.0,0.0,0.0,0.0,0.0,0.0,1.0,4,0.0,0.0,,,589352
2023-06-29 18:00:00,00000001250,20230629180000,0.0,0.0,0.0,0.0,0.0,0.0,1.0,4,0.0,0.0,,,589352
2023-06-29 19:00:00,00000001250,20230629190000,0.0,0.0,0.0,0.0,0.0,0.0,1.0,4,0.0,0.0,,,589352
2023-06-29 20:00:00,00000001250,20230629200000,0.0,0.0,0.0,0.0,0.0,0.0,1.0,4,0.0,0.0,,,589352
2023-06-29 21:00:00,00000001250,20230629210000,0.0,0.0,0.0,0.0,0.0,0.0,1.0,4,0.0,0.0,,,589352
2023-06-29 22:00:00,00000001250,20230629220000,0.0,0.0,0.0,0.0,0.0,0.0,1.0,4,0.0,0.0,,,589352
2023-06-29 23:00:00,00000001250,20230629230000,0.0,0.0,0.0,0.0,0.0,0.0,1.0,4,0.0,0.0,,,589352
2023-06-30 00:00:00,00000001250,20230630000000,0.0,0.0,0.0,0.0,0.0,0.0,1.0,4,0.0,0.0,,,589352
2023-06-30 01:00:00,00000001250,20230630010000,0.0,0.0,0.0,0.0,0.0,0.0,1.0,4,0.0,0.0,,,589352
2023-06-30 02:00:00,00000001250,20230630020000,0.0,0.0,0.0,0.0,0.0,0.0,1.0,4,0.0,0.0,,,589352
2023-06-30 03:00:00,00000001250,20230630030000,0.0,0.0,0.0,0.0,0.0,0.0,1.0,4,0.0,0.0,,,589352
2023-06-30 04:00:00,00000001250,20230630040000,0.0,0.0,0.0,0.0,0.0,0.0,1.0,4,0.0,0.0,,,589352
2023-06-30 05:00:00,00000001250,20230630050000,0.0,0.0,0.0,0.0,0.0,0.0,1.0,4,0.0,0.0,,,589352
2023-06-30 06:00:00,00000001250,20230630060000,0.0,0.0,0.0,0.0,0.0,0.0,1.0,4,0.0,0.0,,,589352
2023-06-30 07:00:00,00000001250,20230630070000,0.0,0.0,0.0,0.0,0.0,0.0,1.0,4,0.0,0.0,,,589352
2023-06-30 08:00:00,00000001250,20230630080000,0.0,0.0,0.0,0.0,0.0,0.0,1.0,4,0.0,0.0,,,589352
2023-06-30 09:00:00,00000001250,20230630090000,0.0,0.0,0.0,0.0,0.0,0.0,1.0,4,0.0,0.0,,,589352
2023-06-30 10:00:00,00000001250,20230630100000,0.0,0.0,0.0,0.0,0.0,0.0,1.0,4,0.0,0.0,,,589352
2023-06-30 11:00:00,00000001250,20230630110000,0.0,0.0,0.0,0.0,0.0,0.0,1.0,4,0.0,0.0,,,589352
2023-06-30 12:00:00,00000001250,20230630120000,0.0,0.0,0.0,0.0,0.0,0.0,1.0,4,0.0,0.0,,,589352
2023-06-30 13:00:00,00000001250,20230630130000,0.0,0.0,0.0,0.0,0.0,0.0,1.0,4,0.0,0.0,,,589352
2023-06-30 14:00:00,00000001250,20230630140000,0.0,0.0,0.0,0.0,0.0,0.0,1.0,4,0.0,0.0,,,589352
2023-06-30 15:00:00,00000001250,20230630150000,0.0,0.0,0.0,0.0,0.0,0.0,1.0,4,0.0,0.0,,,589352
2023-06-30 16:00:00,00000001250,20230630160000,0.0,0.0,0.0,0.0,0.0,0.0,1.0,4,0.0,0.0,,,589352
2023-06-30 17:00:00,00000001250,20230630170000,0.0,0.0,0.0,0.0,0.0,0.0,1.0,4,0.0,0.0,,,589352
2023-06-30 18:00:00,00000001250,20230630180000,0.0,0.0,0.0,0.0,0.0,0.0,1.0,4,0.0,0.0,,,589352
2023-06-30 19:00:00,00000001250,20230630190000,0.0,0.0,0.0,0.0,0.0,0.0,1.0,4,0.0,0.0,,,589352
2023-06-30 20:00:00,00000001250,20230630200000,0.0,0.0,0.0,0.0,0.0,0.0,1.0,4,0.0,0.0,,,589352
2023-06-30 21:00:00,00000001250,20230630210000,0.0,0.0,0.0,0.0,0.0,0.0,1.0,4,0.0,0.0,,,589352
2023-06-30 22:00:00,00000001250,20230630220000,0.0,0.0,0.0,0.0,0.0,0.0,1.0,4,0.0,0.0,,,589352
2023-06-30 23:00:00,00000001250,20230630230000,0.0,0.0,0.0,0.0,0.0,0.0,1.0,4,0.0,0.0,,,589352
2023-07-01 00:00:00,00000001250,20230701000000,0.0,0.0,0.0,0.0,0.0,0.0,1.0,4,0.0,0.0,,,589352
2023-07-01 01:00:00,00000001250,20230701010000,0.0,0.0,0.0,0.0,0.0,0.0,1.0,4,0.0,0.0,,,589352
2023-07-01 02:00:00,00000001250,20230701020000,0.0,0.0,0.0,0.0,0.0,0.0,1.0,4,0.0,0.0,,,589352
2023-07-01 03:00:00,00000001250,20230701030000,0.0,0.0,0.0,0.0,0.0,0.0,1.0,4,0.0,0.0,,,589352
2023-07-01 04:00:00,00000001250,20230701040000,0.0,0.0,0.0,0.0,0.0,0.0,1.0,4,0.0,0.0,,,589352
2023-07-01 05:00:00,00000001250,20230701050000,0.0,0.0,0.0,0.0,0.0,0.0,1.0,4,0.0,0.0,,,589352
2023-07-01 06:00:00,00000001250,20230701060000,0.0,0.0,0.0,0.0,0.0,0.0,1.0,4,0.0,0.0,,,589352
2023-07-01 07:00:00,00000001250,20230701070000,0.0,0.0,0.0,0.0,0.0,0.0,1.0,4,0.0,0.0,,,589352
2023-07-01 08:00:00,00000001250,20230701080000,0.0,0.0,0.0,0.0,0.0,0.0,1.0,4,0.0,0.0,,,589352
2023-07-01 09:00:00,00000001250,20230701090000,0.0,0.0,0.0,0.0,0.0,0.0,1.0,4,0.0,0.0,,,589352
2023-07-01 10:00:00,00000001250,20230701100000,0.0,0.0,0.0,0.0,0.0,0.0,1.0,4,0.0,0.0,,,589352
2023-07-01 11:00:00,00000001250,20230701110000,0.0,0.0,0.0,0.0,0.0,0.0,1.0,4,0.0,0.0,,,589352
2023-07-01 12:00:00,00000001250,20230701120000,0.0,0.0,0.0,0.0,0.0,0.0,1.0,4,0.0,0.0,,,589352
2023-07-01 13:00:00,00000001250,20230701130000,0.0,0.0,0.0,0.0,0.0,0.0,1.0,4,0.0,0.0,,,589352
2023-07-01 14:00:00,00000001250,20230701140000,0.0,0.0,0.0,0.0,0.0,0.0,1.0,4,0.0,0.0,,,589352
2023-07-01 15:00:00,00000001250,20230701150000,0.0,0.0,0.0,0.0,0.0,0.0,1.0,4,0.0,0.0,,,589352
2023-07-01 16:00:00,00000001250,20230701160000,0.0,0.0,0.0,0.0,0.0,0.0,1.0,4,0.0,0.0,,,589352
2023-07-01 17:00:00,00000001250,20230701170000,0.0,0.0,0.0,0.0,0.0,0.0,1.0,4,0.0,0.0,,,589352
2023-07-01 18:00:00,00000001250,20230701180000,0.0,0.0,0.0,0.0,0.0,0.0,1.0,4,0.0,0.0,,,589352
2023-07-01 19:00:00,00000001250,20230701190000,0.0,0.0,0.0,0.0,0.0,0.0,1.0,4,0.0,0.0,,,589352
2023-07-01 20:00:00,00000001250,20230701200000,0.0,0.0,0.0,0.0,0.0,0.0,1.0,4,0.0,0.0,,,589352
2023-07-01 21:00:00,00000001250,20230701210000,0.0,0.0,0.0,0.0,0.0,0.0,1.0,4,0.0,0.0,,,589352
2023-07-01 22:00:00,00000001250,20230701220000,0.0,0.0,0.0,0.0,0.0,0.0,1.0,4,0.0,0.0,,,589352
2023-07-01 23:00:00,00000001250,20230701230000,0.0,0.0,0.0,0.0,0.0,0.0,1.0,4,0.0,0.0,,,589352
2023-07-02 00:00:00,00000001250,20230702000000,0.0,0.0,0.0,0.0,0.0,0.0,1.0,4,0.0,0.0,,,589352
2023-07-02 01:00:00,00000001250,20230702010000,0.0,0.0,0.0,0.0,0.0,0.0,1.0,4,0.0,0.0,,,589352
2023-07-02 02:00:00,00000001250,20230702020000,0.0,0.0,0.0,0.0,0.0,0.0,1.0,4,0.0,0.0,,,589352
2023-07-02 03:00:00,00000001250,20230702030000,0.0,0.0,0.0,0.0,0.0,0.0,1.0,4,0.0,0.0,,,589352
2023-07-02 04:00:00,00000001250,20230702040000,0.0,0.0,0.0,0.0,0.0,0.0,1.0,4,0.0,0.0,,,589352
2023-07-02 05:00:00,00000001250,20230702050000,0.0,0.0,0.0,0.0,0.0,0.0,1.0,4,0.0,0.0,,,589352
2023-07-02 06:00:00,00000001250,20230702060000,0.0,0.0,0.0,0.0,0.0,0.0,1.0,4,0.0,0.0,,,589352
2023-07-02 07:00:00,00000001250,20230702070000,0.0,0.0,0.0,0.0,0.0,0.0,1.0,4,0.0,0.0,,,589352
2023-07-02 08:00:00,00000001250,20230702080000,0.0,0.0,0.0,0.0,0.0,0.0,1.0,4,0.0,0.0,,,589352
2023-07-02 09:00:00,00000001250,20230702090000,0.0,0.0,0.0,0.0,0.0,0.0,1.0,4,0.0,0.0,,,589352
2023-07-02 10:00:00,00000001250,20230702100000,0.0,0.0,0.0,0.0,0.0,0.0,1.0,4,0.0,0.0,,,589352
2023-07-02 11:00:00,00000001250,20230702110000,0.0,0.0,0.0,0.0,0.0,0.0,1.0,4,0.0,0.0,,,589352
2023-07-02 12:00:00,00000001250,20230702120000,0.0,0.0,0.0,0.0,0.0,0.0,1.0,4,0.0,0.0,,,589352
2023-07-02 13:00:00,00000001250,20230702130000,0.0,0.0,0.0,0.0,0.0,0.0,1.0,4,0.0,0.0,,,589352
2023-07-02 14:00:00,00000001250,20230702140000,0.0,0.0,0.0,0.0,0.0,0.0,1.0,4,0.0,0.0,,,589352
2023-07-02 15:00:00,00000001250,20230702150000,0.0,0.0,0.0,0.0,0.0,0.0,1.0,4,0.0,0.0,,,589352
2023-07-02 16:00:00,00000001250,20230702160000,0.0,0.0,0.0,0.0,0.0,0.0,1.0,4,0.0,0.0,,,589352
2023-07-02 17:00:00,00000001250,20230702170000,0.0,0.0,0.0,0.0,0.0,0.0,1.0,4,0.0,0.0,,,589352
2023-07-02 18:00:00,00000001250,20230702180000,0.0,0.0,0.0,0.0,0.0,0.0,1.0,4,0.0,0.0,,,589352
2023-07-02 19:00:00,00000001250,20230702190000,0.0,0.0,0.0,0.0,0.0,0.0,1.0,4,0.0,0.0,,,589352
2023-07-02 20:00:00,00000001250,20230702200000,0.0,0.0,0.0,0.0,0.0,0.0,1.0,4,0.0,0.0,,,589352
2023-07-02 21:00:00,00000001250,20230702210000,0.0,0.0,0.0,0.0,0.0,0.0,1.0,4,0.0,0.0,,,589352
2023-07-02 22:00:00,00000001250,20230702220000,0.0,0.0,0.0,0.0,0.0,0.0,1.0,4,0.0,0.0,,,589352
2023-07-02 23:00:00,00000001250,20230702230000,0.0,0.0,0.0,0.0,0.0,0.0,1.0,4,0.0,0.0,,,589352
2023-07-03 00:00:00,00000001250,20230703000000,0.0,0.0,0.0,0.0,0.0,0.0,1.0,4,0.0,0.0,,,589352
2023-07-03 01:00:00,00000001250,20230703010000,0.0,0.0,0.0,0.0,0.0,0.0,1.0,4,0.0,0.0,,,589352
2023-07-03 02:00:00,00000001250,20230703020000,0.0,0.0,0.0,0.0,0.0,0.0,1.0,4,0.0,0.0,,,589352
2023-07-03 03:00:00,00000001250,20230703030000,0.0,0.0,0.0,0.0,0.0,0.0,1.0,4,0.0,0.0,,,589352
2023-07-03 04:00:00,00000001250,20230703040000,0.0,0.0,0.0,0.0,0.0,0.0,1.0,4,0.0,0.0,,,589352
2023-07-03 05:00:00,00000001250,20230703050000,0.0,0.0,0.0,0.0,0.0,0.0,1.0,4,0.0,0.0,,,589352
2023-07-03 06:00:00,00000001250,20230703060000,0.0,0.0,0.0,0.0,0.0,0.0,1.0,4,0.0,0.0,,,589352
2023-07-03 07:00:00,00000001250,20230703070000,0.0,0.0,0.0,0.0,0.0,0.0,1.0,4,0.0,0.0,,,589352
2023-07-03 08:00:00,00000001250,20230703080000,0.0,0.0,0.0,0.0,0.0,0.0,1.0,4,0.0,0.0,,,589352
2023-07-03 09:00:00,00000001250,20230703090000,0.0,0.0,0.0,0.0,0.0,0.0,1.0,4,0.0,0.0,,,589352
2023-07-03 10:00:00,00000001250,20230703100000,0.0,0.0,0.0,0.0,0.0,0.0,1.0,4,0.0,0.0,,,589352
2023-07-03 11:00:00,00000001250,20230703110000,0.0,0.0,0.0,0.0,0.0,0.0,1.0,4,0.0,0.0,,,589352
2023-07-03 12:00:00,00000001250,20230703120000,0.0,0.0,0.0,0.0,0.0,0.0,1.0,4,0.0,0.0,,,589352
2023-07-03 13:00:00,00000001250,20230703130000,0.0,0.0,0.0,0.0,0.0,0.0,1.0,4,0.0,0.0,,,589352
2023-07-03 14:00:00,00000001250,20230703140000,0.0,0.0,0.0,0.0,0.0,0.0,1.0,4,0.0,0.0,,,589352
2023-07-03 15:00:00,00000001250,20230703150000,0.0,0.0,0.0,0.0,0.0,0.0,1.0,4,0.0,0.0,,,589352
2023-07-03 16:00:00,00000001250,20230703160000,0.0,0.0,0.0,0.0,0.0,0.0,1.0,4,0.0,0.0,,,589352
2023-07-03 17:00:00,00000001250,20230703170000,0.0,0.0,0.0,0.0,0.0,0.0,1.0,4,0.0,0.0,,,589352
2023-07-03 18:00:00,00000001250,20230703180000,0.0,0.0,0.0,0.0,0.0,0.0,1.0,4,0.0,0.0,,,589352
2023-07-03 19:00:00,00000001250,20230703190000,0.0,0.0,0.0,0.0,0.0,0.0,1.0,4,0.0,0.0,,,589352
2023-07-03 20:00:00,00000001250,20230703200000,0.0,0.0,0.0,0.0,0.0,0.0,1.0,4,0.0,0.0,,,589352
2023-07-03 21:00:00,00000001250,20230703210000,0.0,0.0,0.0,0.0,0.0,0.0,1.0,4,0.0,0.0,,,589352
2023-07-03 22:00:00,00000001250,20230703220000,0.0,0.0,0.0,0.0,0.0,0.0,1.0,4,0.0,0.0,,,589352
2023-07-03 23:00:00,00000001250,20230703230000,0.0,0.0,0.0,0.0,0.0,0.0,1.0,4,0.0,0.0,,,589352
2023-07-04 00:00:00,00000001250,20230704000000,0.0,0.0,0.0,0.0,0.0,0.0,1.0,4,0.0,0.0,,,589352
2023-07-04 01:00:00,00000001250,20230704010000,0.0,0.0,0.0,0.0,0.0,0.0,1.0,4,0.0,0.0,,,589352
2023-07-04 02:00:00,00000001250,20230704020000,0.0,0.0,0.0,0.0,0.0,0.0,1.0,4,0.0,0.0,,,589352
2023-07-04 03:00:00,00000001250,20230704030000,0.0,0.0,0.0,0.0,0.0,0.0,1.0,4,0.0,0.0,,,589352
2023-07-04 04:00:00,00000001250,20230704040000,0.0,0.0,0.0,0.0,0.0,0.0,1.0,4,0.0,0.0,,,589352
2023-07-04 05:00:00,00000001250,20230704050000,0.0,0.0,0.0,0.0,0.0,0.0,1.0,4,0.0,0.0,,,589352
2023-07-04 06:00:00,00000001250,20230704060000,0.0,0.0,0.0,0.0,0.0,0.0,1.0,4,0.0,0.0,,,589352
2023-07-04 07:00:00,00000001250,20230704070000,0.0,0.0,0.0,0.0,0.0,0.0,1.0,4,0.0,0.0,,,589352
2023-07-04 08:00:00,00000001250,20230704080000,0.0,0.0,0.0,0.0,0.0,0.0,1.0,4,0.0,0.0,,,589352
2023-07-04 09:00:00,00000001250,20230704090000,0.0,0.0,0.0,0.0,0.0,0.0,1.0,4,0.0,0.0,,,589352
2023-07-04 10:00:00,00000001250,20230704100000,0.0,0.0,0.0,0.0,0.0,0.0,1.0,4,0.0,0.0,,,589352
2023-07-04 11:00:00,00000001250,20230704110000,0.0,0.0,0.0,0.0,0.0,0.0,1.0,4,0.0,0.0,,,589352
2023-07-04 12:00:00,00000001250,20230704120000,0.0,0.0,0.0,0.0,0.0,0.0,1.0,4,0.0,0.0,,,589352
2023-07-04 13:00:00,00000001250,20230704130000,0.0,0.0,0.0,0.0,0.0,0.0,1.0,4,0.0,0.0,,,589352
2023-07-04 14:00:00,00000001250,20230704140000,0.0,0.0,0.0,0.0,0.0,0.0,1.0,4,0.0,0.0,,,589352
2023-07-04 15:00:00,00000001250,20230704150000,0.0,0.0,0.0,0.0,0.0,0.0,1.0,4,0.0,0.0,,,589352
2023-07-04 16:00:00,00000001250,20230704160000,0.0,0.0,0.0,0.0,0.0,0.0,1.0,4,0.0,0.0,,,589352
2023-07-04 17:00:00,00000001250,20230704170000,0.0,0.0,0.0,0.0,0.0,0.0,1.0,4,0.0,0.0,,,589352
2023-07-04 18:00:00,00000001250,20230704180000,0.0,0.0,0.0,0.0,0.0,0.0,1.0,4,0.0,0.0,,,589352
2023-07-04 19:00:00,00000001250,20230704190000,0.0,0.0,0.0,0.0,0.0,0.0,1.0,4,0.0,0.0,,,589352
2023-07-04 20:00:00,00000001250,20230704200000,0.0,0.0,0.0,0.0,0.0,0.0,1.0,4,0.0,0.0,,,589352
2023-07-04 21:00:00,00000001250,20230704210000,0.0,0.0,0.0,0.0,0.0,0.0,1.0,4,0.0,0.0,,,589352
2023-07-04 22:00:00,00000001250,20230704220000,0.0,0.0,0.0,0.0,0.0,0.0,1.0,4,0.0,0.0,,,589352
2023-07-04 23:00:00,00000001250,20230704230000,0.0,0.0,0.0,0.0,0.0,0.0,1.0,4,0.0,0.0,,,589352
2023-07-05 00:00:00,00000001250,20230705000000,0.0,0.0,0.0,0.0,0.0,0.0,1.0,4,0.0,0.0,,,589352
2023-07-05 01:00:00,00000001250,20230705010000,0.0,0.0,0.0,0.0,0.0,0.0,1.0,4,0.0,0.0,,,589352
2023-07-05 02:00:00,00000001250,20230705020000,0.0,0.0,0.0,0.0,0.0,0.0,1.0,4,0.0,0.0,,,589352
2023-07-05 03:00:00,00000001250,20230705030000,0.0,0.0,0.0,0.0,0.0,0.0,1.0,4,0.0,0.0,,,589352
2023-07-05 04:00:00,00000001250,20230705040000,0.0,0.0,0.0,0.0,0.0,0.0,1.0,4,0.0,0.0,,,589352
2023-07-05 05:00:00,00000001250,20230705050000,0.0,0.0,0.0,0.0,0.0,0.0,1.0,4,0.0,0.0,,,589352
2023-07-05 06:00:00,00000001250,20230705060000,0.0,0.0,0.0,0.0,0.0,0.0,1.0,4,0.0,0.0,,,589352
2023-07-05 07:00:00,00000001250,20230705070000,0.0,0.0,0.0,0.0,0.0,0.0,1.0,4,0.0,0.0,,,589352
2023-07-05 08:00:00,00000001250,20230705080000,0.0,0.0,0.0,0.0,0.0,0.0,1.0,4,0.0,0.0,,,589352
2023-07-05 09:00:00,00000001250,20230705090000,0.0,0.0,0.0,0.0,0.0,0.0,1.0,4,0.0,0.0,,,589352
2023-07-05 10:00:00,00000001250,20230705100000,0.0,0.0,0.0,0.0,0.0,0.0,1.0,4,0.0,0.0,,,589352
2023-07-05 11:00:00,00000001250,20230705110000,0.0,0.0,0.0,0.0,0.0,0.0,1.0,4,0.0,0.0,,,589352
2023-07-05 12:00:00,00000001250,20230705120000,0.0,0.0,0.0,0.0,0.0,0.0,1.0,4,0.0,0.0,,,589352
2023-07-05 13:00:00,00000001250,20230705130000,0.0,0.0,0.0,0.0,0.0,0.0,1.0,4,0.0,0.0,,,589352
2023-07-05 14:00:00,00000001250,20230705140000,0.0,0.0,0.0,0.0,0.0,0.0,1.0,4,0.0,0.0,,,589352
2023-07-05 15:00:00,00000001250,20230705150000,0.0,0.0,0.0,0.0,0.0,0.0,1.0,4,0.0,0.0,,,589352
2023-07-05 16:00:00,00000001250,20230705160000,0.0,0.0,0.0,0.0,0.0,0.0,1.0,4,0.0,0.0,,,589352
2023-07-05 17:00:00,00000001250,20230705170000,0.0,0.0,0.0,0.0,0.0,0.0,1.0,4,0.0,0.0,,,589352
2023-07-05 18:00:00,00000001250,20230705180000,0.0,0.0,0.0,0.0,0.0,0.0,1.0,4,0.0,0.0,,,589352
2023-07-05 19:00:00,00000001250,20230705190000,0.0,0.0,0.0,0.0,0.0,0.0,1.0,4,0.0,0.0,,,589352
2023-07-05 20:00:00,00000001250,20230705200000,0.0,0.0,0.0,0.0,0.0,0.0,1.0,4,0.0,0.0,,,589352
2023-07-05 21:00:00,00000001250,20230705210000,0.0,0.0,0.0,0.0,0.0,0.0,1.0,4,0.0,0.0,,,589352
2023-07-05 22:00:00,00000001250,20230705220000,0.0,0.0,0.0,0.0,0.0,0.0,1.0,4,0.0,0.0,,,589352
2023-07-05 23:00:00,00000001250,20230705230000,0.0,0.0,0.0,0.0,0.0,0.0,1.0,4,0.0,0.0,,,589352
2023-07-06 00:00:00,00000001250,20230706000000,0.0,0.0,0.0,0.0,0.0,0.0,1.0,4,0.0,0.0,,,589352
2023-07-06 01:00:00,00000001250,20230706010000,0.0,0.0,0.0,0.0,0.0,0.0,1.0,4,0.0,0.0,,,589352
2023-07-06 02:00:00,00000001250,20230706020000,0.0,0.0,0.0,0.0,0.0,0.0,1.0,4,0.0,0.0,,,589352
2023-07-06 03:00:00,00000001250,20230706030000,0.0,0.0,0.0,0.0,0.0,0.0,1.0,4,0.0,0.0,,,589352
2023-07-06 04:00:00,00000001250,20230706040000,0.0,0.0,0.0,0.0,0.0,0.0,1.0,4,0.0,0.0,,,589352
2023-07-06 05:00:00,00000001250,20230706050000,0.0,0.0,0.0,0.0,0.0,0.0,1.0,4,0.0,0.0,,,589352
2023-07-06 06:00:00,00000001250,20230706060000,0.0,0.0,0.0,0.0,0.0,0.0,1.0,4,0.0,0.0,,,589352
2023-07-06 07:00:00,00000001250,20230706070000,0.0,0.0,0.0,0.0,0.0,0.0,1.0,4,0.0,0.0,,,589352
2023-07-06 08:00:00,00000001250,20230706080000,0.0,0.0,0.0,0.0,0.0,0.0,1.0,4,0.0,0.0,,,589352
2023-07-06 09:00:00,00000001250,20230706090000,0.0,0.0,0.0,0.0,0.0,0.0,1.0,4,0.0,0.0,,,589352
2023-07-06 10:00:00,00000001250,20230706100000,0.0,0.0,0.0,0.0,0.0,0.0,1.0,4,0.0,0.0,,,589352
2023-07-06 11:00:00,00000001250,20230706110000,0.0,0.0,0.0,0.0,0.0,0.0,1.0,4,0.0,0.0,,,589352
2023-07-06 12:00:00,00000001250,20230706120000,0.0,0.0,0.0,0.0,0.0,0.0,1.0,4,0.0,0.0,,,589352
2023-07-06 13:00:00,00000001250,20230706130000,0.0,0.0,0.0,0.0,0.0,0.0,1.0,4,0.0,0.0,,,589352
2023-07-06 14:00:00,00000001250,20230706140000,0.0,0.0,0.0,0.0,0.0,0.0,1.0,4,0.0,0.0,,,589352
2023-07-06 15:00:00,00000001250,20230706150000,0.0,0.0,0.0,0.0,0.0,0.0,1.0,4,0.0,0.0,,,589352
2023-07-06 16:00:00,00000001250,20230706160000,0.0,0.0,0.0,0.0,0.0,0.0,1.0,4,0.0,0.0,,,589352
2023-07-06 17:00:00,00000001250,20230706170000,0.0,0.0,0.0,0.0,0.0,0.0,1.0,4,0.0,0.0,,,589352
2023-07-06 18:00:00,00000001250,20230706180000,0.0,0.0,0.0,0.0,0.0,0.0,1.0,4,0.0,0.0,,,589352
2023-07-06 19:00:00,00000001250,20230706190000,0.0,0.0,0.0,0.0,0.0,0.0,1.0,4,0.0,0.0,,,589352
2023-07-06 20:00:00,00000001250,20230706200000,0.0,0.0,0.0,0.0,0.0,0.0,1.0,4,0.0,0.0,,,589352
2023-07-06 21:00:00,00000001250,20230706210000,0.0,0.0,0.0,0.0,0.0,0.0,1.0,4,0.0,0.0,,,589352
2023-07-06 22:00:00,00000001250,20230706220000,0.0,0.0,0.0,0.0,0.0,0.0,1.0,4,0.0,0.0,,,589352
2023-07-06 23:00:00,00000001250,20230706230000,0.0,0.0,0.0,0.0,0.0,0.0,1.0,4,0.0,0.0,,,589352
2023-07-07 00:00:00,00000001250,20230707000000,0.0,0.0,0.0,0.0,0.0,0.0,1.0,4,0.0,0.0,,,589352
2023-07-07 01:00:00,00000001250,20230707010000,0.0,0.0,0.0,0.0,0.0,0.0,1.0,4,0.0,0.0,,,589352
2023-07-07 02:00:00,00000001250,20230707020000,0.0,0.0,0.0,0.0,0.0,0.0,1.0,4,0.0,0.0,,,589352
2023-07-07 03:00:00,00000001250,20230707030000,0.0,0.0,0.0,0.0,0.0,0.0,1.0,4,0.0,0.0,,,589352
2023-07-07 04:00:00,00000001250,20230707040000,0.0,0.0,0.0,0.0,0.0,0.0,1.0,4,0.0,0.0,,,589352
2023-07-07 05:00:00,00000001250,20230707050000,0.0,0.0,0.0,0.0,0.0,0.0,1.0,4,0.0,0.0,,,589352
2023-07-07 06:00:00,00000001250,20230707060000,0.0,0.0,0.0,0.0,0.0,0.0,1.0,4,0.0,0.0,,,589352
2023-07-07 07:00:00,00000001250,20230707070000,0.0,0.0,0.0,0.0,0.0,0.0,1.0,4,0.0,0.0,,,589352
2023-07-07 08:00:00,00000001250,20230707080000,0.0,0.0,0.0,0.0,0.0,0.0,1.0,4,0.0,0.0,,,589352
2023-07-07 09:00:00,00000001250,20230707090000,0.0,0.0,0.0,0.0,0.0,0.0,1.0,4,0.0,0.0,,,589352
2023-07-07 10:00:00,00000001250,20230707100000,0.0,0.0,0.0,0.0,0.0,0.0,1.0,4,0.0,0.0,,,589352
2023-07-07 11:00:00,00000001250,20230707110000,0.0,0.0,0.0,0.0,0.0,0.0,1.0,4,0.0,0.0,,,589352
2023-07-07 12:00:00,00000001250,20230707120000,0.0,0.0,0.0,0.0,0.0,0.0,1.0,4,0.0,0.0,,,589352
2023-07-07 13:00:00,00000001250,20230707130000,0.0,0.0,0.0,0.0,0.0,0.0,1.0,4,0.0,0.0,,,589352
2023-07-07 14:00:00,00000001250,20230707140000,0.0,0.0,0.0,0.0,0.0,0.0,1.0,4,0.0,0.0,,,589352
2023-07-07 15:00:00,00000001250,20230707150000,0.0,0.0,0.0,0.0,0.0,0.0,1.0,4,0.0,0.0,,,589352
2023-07-07 16:00:00,00000001250,20230707160000,0.0,0.0,0.0,0.0,0.0,0.0,1.0,4,0.0,0.0,,,589352
2023-07-07 17:00:00,00000001250,20230707170000,0.0,0.0,0.0,0.0,0.0,0.0,1.0,4,0.0,0.0,,,589352
2023-07-07 18:00:00,00000001250,20230707180000,0.0,0.0,0.0,0.0,0.0,0.0,1.0,4,0.0,0.0,,,589352
2023-07-07 19:00:00,00000001250,20230707190000,0.0,0.0,0.0,0.0,0.0,0.0,1.0,4,0.0,0.0,,,589352
2023-07-07 20:00:00,00000001250,20230707200000,0.0,0.0,0.0,0.0,0.0,0.0,1.0,4,0.0,0.0,,,589352
2023-07-07 21:00:00,00000001250,20230707210000,0.0,0.0,0.0,0.0,0.0,0.0,1.0,4,0.0,0.0,,,589352
2023-07-07 22:00:00,00000001250,20230707220000,0.0,0.0,0.0,0.0,0.0,0.0,1.0,4,0.0,0.0,,,589352
2023-07-07 23:00:00,00000001250,20230707230000,0.0,0.0,0.0,0.0,0.0,0.0,1.0,4,0.0,0.0,,,589352
2023-07-08 00:00:00,00000001250,20230708000000,0.0,0.0,0.0,0.0,0.0,0.0,1.0,4,0.0,0.0,,,589352
2023-07-08 01:00:00,00000001250,20230708010000,0.0,0.0,0.0,0.0,0.0,0.0,1.0,4,0.0,0.0,,,589352
2023-07-08 02:00:00,00000001250,20230708020000,0.0,0.0,0.0,0.0,0.0,0.0,1.0,4,0.0,0.0,,,589352
2023-07-08 03:00:00,00000001250,20230708030000,0.0,0.0,0.0,0.0,0.0,0.0,1.0,4,0.0,0.0,,,589352
2023-07-08 04:00:00,00000001250,20230708040000,0.0,0.0,0.0,0.0,0.0,0.0,1.0,4,0.0,0.0,,,589352
2023-07-08 05:00:00,00000001250,20230708050000,0.0,0.0,0.0,0.0,0.0,0.0,1.0,4,0.0,0.0,,,589352
2023-07-08 06:00:00,00000001250,20230708060000,0.0,0.0,0.0,0.0,0.0,0.0,1.0,4,0.0,0.0,,,589352
2023-07-08 07:00:00,00000001250,20230708070000,0.0,0.0,0.0,0.0,0.0,0.0,1.0,4,0.0,0.0,,,589352
2023-07-08 08:00:00,00000001250,20230708080000,0.0,0.0,0.0,0.0,0.0,0.0,1.0,4,0.0,0.0,,,589352
2023-07-08 09:00:00,00000001250,20230708090000,0.0,0.0,0.0,0.0,0.0,0.0,1.0,4,0.0,0.0,,,589352
2023-07-08 10:00:00,00000001250,20230708100000,0.0,0.0,0.0,0.0,0.0,0.0,1.0,4,0.0,0.0,,,589352
2023-07-08 11:00:00,00000001250,20230708110000,0.0,0.0,0.0,0.0,0.0,0.0,1.0,4,0.0,0.0,,,589352
2023-07-08 12:00:00,00000001250,20230708120000,0.0,0.0,0.0,0.0,0.0,0.0,1.0,4,0.0,0.0,,,589352
2023-07-08 13:00:00,00000001250,20230708130000,0.0,0.0,0.0,0.0,0.0,0.0,1.0,4,0.0,0.0,,,589352
2023-07-08 14:00:00,00000001250,20230708140000,0.0,0.0,0.0,0.0,0.0,0.0,1.0,4,0.0,0.0,,,589352
2023-07-08 15:00:00,00000001250,20230708150000,0.0,0.0,0.0,0.0,0.0,0.0,1.0,4,0.0,0.0,,,589352
2023-07-08 16:00:00,00000001250,20230708160000,0.0,0.0,0.0,0.0,0.0,0.0,1.0,4,0.0,0.0,,,589352
2023-07-08 17:00:00,00000001250,20230708170000,0.0,0.0,0.0,0.0,0.0,0.0,1.0,4,0.0,0.0,,,589352
2023-07-08 18:00:00,00000001250,20230708180000,0.0,0.0,0.0,0.0,0.0,0.0,1.0,4,0.0,0.0,,,589352
2023-07-08 19:00:00,00000001250,20230708190000,0.0,0.0,0.0,0.0,0.0,0.0,1.0,4,0.0,0.0,,,589352
2023-07-08 20:00:00,00000001250,20230708200000,0.0,0.0,0.0,0.0,0.0,0.0,1.0,4,0.0,0.0,,,589352
2023-07-08 21:00:00,00000001250,20230708210000,0.0,0.0,0.0,0.0,0.0,0.0,1.0,4,0.0,0.0,,,589352
2023-07-08 22:00:00,00000001250,20230708220000,0.0,0.0,0.0,0.0,0.0,0.0,1.0,4,0.0,0.0,,,589352
2023-07-08 23:00:00,00000001250,20230708230000,0.0,0.0,0.0,0.0,0.0,0.0,1.0,4,0.0,0.0,,,589352
2023-07-09 00:00:00,00000001250,20230709000000,0.0,0.0,0.0,0.0,0.0,0.0,1.0,4,0.0,0.0,,,589352
2023-07-09 01:00:00,00000001250,20230709010000,0.0,0.0,0.0,0.0,0.0,0.0,1.0,4,0.0,0.0,,,589352
2023-07-09 02:00:00,00000001250,20230709020000,0.0,0.0,0.0,0.0,0.0,0.0,1.0,4,0.0,0.0,,,589352
2023-07-09 03:00:00,00000001250,20230709030000,0.0,0.0,0.0,0.0,0.0,0.0,1.0,4,0.0,0.0,,,589352
2023-07-09 04:00:00,00000001250,20230709040000,0.0,0.0,0.0,0.0,0.0,0.0,1.0,4,0.0,0.0,,,589352
2023-07-09 05:00:00,00000001250,20230709050000,0.0,0.0,0.0,0.0,0.0,0.0,1.0,4,0.0,0.0,,,589352
2023-07-09 06:00:00,00000001250,20230709060000,0.0,0.0,0.0,0.0,0.0,0.0,1.0,4,0.0,0.0,,,589352
2023-07-09 07:00:00,00000001250,20230709070000,0.0,0.0,0.0,0.0,0.0,0.0,1.0,4,0.0,0.0,,,589352
2023-07-09 08:00:00,00000001250,20230709080000,0.0,0.0,0.0,0.0,0.0,0.0,1.0,4,0.0,0.0,,,589352
2023-07-09 09:00:00,00000001250,20230709090000,0.0,0.0,0.0,0.0,0.0,0.0,1.0,4,0.0,0.0,,,589352
2023-07-09 10:00:00,00000001250,20230709100000,0.0,0.0,0.0,0.0,0.0,0.0,1.0,4,0.0,0.0,,,589352
2023-07-09 11:00:00,00000001250,20230709110000,0.0,0.0,0.0,0.0,0.0,0.0,1.0,4,0.0,0.0,,,589352
2023-07-09 12:00:00,00000001250,20230709120000,0.0,0.0,0.0,0.0,0.0,0.0,1.0,4,0.0,0.0,,,589352
2023-07-09 13:00:00,00000001250,20230709130000,0.0,0.0,0.0,0.0,0.0,0.0,1.0,4,0.0,0.0,,,589352
2023-07-09 14:00:00,00000001250,20230709140000,0.0,0.0,0.0,0.0,0.0,0.0,1.0,4,0.0,0.0,,,589352
2023-07-09 15:00:00,00000001250,20230709150000,0.0,0.0,0.0,0.0,0.0,0.0,1.0,4,0.0,0.0,,,589352
2023-07-09 16:00:00,00000001250,20230709160000,0.0,0.0,0.0,0.0,0.0,0.0,1.0,4,0.0,0.0,,,589352
2023-07-09 17:00:00,00000001250,20230709170000,0.0,0.0,0.0,0.0,0.0,0.0,1.0,4,0.0,0.0,,,589352
2023-07-09 18:00:00,00000001250,20230709180000,0.0,0.0,0.0,0.0,0.0,0.0,1.0,4,0.0,0.0,,,589352
2023-07-09 19:00:00,00000001250,20230709190000,0.0,0.0,0.0,0.0,0.0,0.0,1.0,4,0.0,0.0,,,589352
2023-07-09 20:00:00,00000001250,20230709200000,0.0,0.0,0.0,0.0,0.0,0.0,1.0,4,0.0,0.0,,,589352
2023-07-09 21:00:00,00000001250,20230709210000,0.0,0.0,0.0,0.0,0.0,0.0,1.0,4,0.0,0.0,,,589352
2023-07-09 22:00:00,00000001250,20230709220000,0.0,0.0,0.0,0.0,0.0,0.0,1.0,4,0.0,0.0,,,589352
2023-07-09 23:00:00,00000001250,20230709230000,0.0,0.0,0.0,0.0,0.0,0.0,1.0,4,0.0,0.0,,,589352
2023-07-10 00:00:00,00000001250,20230710000000,0.0,0.0,0.0,0.0,0.0,0.0,1.0,4,0.0,0.0,,,589352
2023-07-10 01:00:00,00000001250,20230710010000,0.0,0.0,0.0,0.0,0.0,0.0,1.0,4,0.0,0.0,,,589352
2023-07-10 02:00:00,00000001250,20230710020000,0.0,0.0,0.0,0.0,0.0,0.0,1.0,4,0.0,0.0,,,589352
2023-07-10 03:00:00,00000001250,20230710030000,0.0,0.0,0.0,0.0,0.0,0.0,1.0,4,0.0,0.0,,,589352
2023-07-10 04:00:00,00000001250,20230710040000,0.0,0.0,0.0,0.0,0.0,0.0,1.0,4,0.0,0.0,,,589352
2023-07-10 05:00:00,00000001250,20230710050000,0.0,0.0,0.0,0.0,0.0,0.0,1.0,4,0.0,0.0,,,589352
2023-07-10 06:00:00,00000001250,20230710060000,0.0,0.0,0.0,0.0,0.0,0.0,1.0,4,0.0,0.0,,,589352
2023-07-10 07:00:00,00000001250,20230710070000,0.0,0.0,0.0,0.0,0.0,0.0,1.0,4,0.0,0.0,,,589352
2023-07-10 08:00:00,00000001250,20230710080000,0.0,0.0,0.0,0.0,0.0,0.0,1.0,4,0.0,0.0,,,589352
2023-07-10 09:00:00,00000001250,20230710090000,0.0,0.0,0.0,0.0,0.0,0.0,1.0,4,0.0,0.0,,,589352
2023-07-10 10:00:00,00000001250,20230710100000,0.0,0.0,0.0,0.0,0.0,0.0,1.0,4,0.0,0.0,,,589352
2023-07-10 11:00:00,00000001250,20230710110000,0.0,0.0,0.0,0.0,0.0,0.0,1.0,4,0.0,0.0,,,589352
2023-07-10 12:00:00,00000001250,20230710120000,0.0,0.0,0.0,0.0,0.0,0.0,1.0,4,0.0,0.0,,,589352
2023-07-10 13:00:00,00000001250,20230710130000,0.0,0.0,0.0,0.0,0.0,0.0,1.0,4,0.0,0.0,,,589352
2023-07-10 14:00:00,00000001250,20230710140000,0.0,0.0,0.0,0.0,0.0,0.0,1.0,4,0.0,0.0,,,589352
2023-07-10 15:00:00,00000001250,20230710150000,0.0,0.0,0.0,0.0,0.0,0.0,1.0,4,0.0,0.0,,,589352
2023-07-10 16:00:00,00000001250,20230710160000,0.0,0.0,0.0,0.0,0.0,0.0,1.0,4,0.0,0.0,,,589352
2023-07-10 17:00:00,00000001250,20230710170000,0.0,0.0,0.0,0.0,0.0,0.0,1.0,4,0.0,0.0,,,589352
2023-07-10 18:00:00,00000001250,20230710180000,0.0,0.0,0.0,0.0,0.0,0.0,1.0,4,0.0,0.0,,,589352
2023-07-10 19:00:00,00000001250,20230710190000,0.0,0.0,0.0,0.0,0.0,0.0,1.0,4,0.0,0.0,,,589352
2023-07-10 20:00:00,00000001250,20230710200000,0.0,0.0,0.0,0.0,0.0,0.0,1.0,4,0.0,0.0,,,589352
2023-07-10 21:00:00,00000001250,20230710210000,0.0,0.0,0.0,0.0,0.0,0.0,1.0,4,0.0,0.0,,,589352
2023-07-10 22:00:00,00000001250,20230710220000,0.0,0.0,0.0,0.0,0.0,0.0,1.0,4,0.0,0.0,,,589352
2023-07-10 23:00:00,00000001250,20230710230000,0.0,0.0,0.0,0.0,0.0,0.0,1.0,4,0.0,0.0,,,589352
2023-07-11 00:00:00,00000001250,20230711000000,0.0,0.0,0.0,0.0,0.0,0.0,1.0,4,0.0,0.0,,,589352
2023-07-11 01:00:00,00000001250,20230711010000,0.0,0.0,0.0,0.0,0.0,0.0,1.0,4,0.0,0.0,,,589352
2023-07-11 02:00:00,00000001250,20230711020000,0.0,0.0,0.0,0.0,0.0,0.0,1.0,4,0.0,0.0,,,589352
2023-07-11 03:00:00,00000001250,20230711030000,0.0,0.0,0.0,0.0,0.0,0.0,1.0,4,0.0,0.0,,,589352
2023-07-11 04:00:00,00000001250,20230711040000,0.0,0.0,0.0,0.0,0.0,0.0,1.0,4,0.0,0.0,,,589352
2023-07-11 05:00:00,00000001250,20230711050000,0.0,0.0,0.0,0.0,0.0,0.0,1.0,4,0.0,0.0,,,589352
2023-07-11 06:00:00,00000001250,20230711060000,0.0,0.0,0.0,0.0,0.0,0.0,1.0,4,0.0,0.0,,,589352
2023-07-11 07:00:00,00000001250,20230711070000,0.0,0.0,0.0,0.0,0.0,0.0,1.0,4,0.0,0.0,,,589352
2023-07-11 08:00:00,00000001250,20230711080000,0.0,0.0,0.0,0.0,0.0,0.0,1.0,4,0.0,0.0,,,589352
2023-07-11 09:00:00,00000001250,20230711090000,0.0,0.0,0.0,0.0,0.0,0.0,1.0,4,0.0,0.0,,,589352
2023-07-11 10:00:00,00000001250,20230711100000,0.0,0.0,0.0,0.0,0.0,0.0,1.0,4,0.0,0.0,,,589352
2023-07-11 11:00:00,00000001250,20230711110000,0.0,0.0,0.0,0.0,0.0,0.0,1.0,4,0.0,0.0,,,589352
2023-07-11 12:00:00,00000001250,20230711120000,0.0,0.0,0.0,0.0,0.0,0.0,1.0,4,0.0,0.0,,,589352
2023-07-11 13:00:00,00000001250,20230711130000,0.0,0.0,0.0,0.0,0.0,0.0,1.0,4,0.0,0.0,,,589352
2023-07-11 14:00:00,00000001250,20230711140000,0.0,0.0,0.0,0.0,0.0,0.0,1.0,4,0.0,0.0,,,589352
2023-07-11 15:00:00,00000001250,20230711150000,0.0,0.0,0.0,0.0,0.0,0.0,1.0,4,0.0,0.0,,,589352
2023-07-11 16:00:00,00000001250,20230711160000,0.0,0.0,0.0,0.0,0.0,0.0,1.0,4,0.0,0.0,,,589352
2023-07-11 17:00:00,00000001250,20230711170000,0.0,0.0,0.0,0.0,0.0,0.0,1.0,4,0.0,0.0,,,589352
2023-07-11 18:00:00,00000001250,20230711180000,0.0,0.0,0.0,0.0,0.0,0.0,1.0,4,0.0,0.0,,,589352
2023-07-11 19:00:00,00000001250,20230711190000,0.0,0.0,0.0,0.0,0.0,0.0,1.0,4,0.0,0.0,,,589352
2023-07-11 20:00:00,00000001250,20230711200000,0.0,0.0,0.0,0.0,0.0,0.0,1.0,4,0.0,0.0,,,589352
2023-07-11 21:00:00,00000001250,20230711210000,0.0,0.0,0.0,0.0,0.0,0.0,1.0,4,0.0,0.0,,,589352
2023-07-11 22:00:00,00000001250,20230711220000,0.0,0.0,0.0,0.0,0.0,0.0,1.0,4,0.0,0.0,,,589352
2023-07-11 23:00:00,00000001250,20230711230000,0.0,0.0,0.0,0.0,0.0,0.0,1.0,4,0.0,0.0,,,589352
2023-07-12 00:00:00,00000001250,20230712000000,0.0,0.0,0.0,0.0,0.0,0.0,1.0,4,0.0,0.0,,,589352
2023-07-12 01:00:00,00000001250,20230712010000,0.0,0.0,0.0,0.0,0.0,0.0,1.0,4,0.0,0.0,,,589352
2023-07-12 02:00:00,00000001250,20230712020000,0.0,0.0,0.0,0.0,0.0,0.0,1.0,4,0.0,0.0,,,589352
2023-07-12 03:00:00,00000001250,20230712030000,0.0,0.0,0.0,0.0,0.0,0.0,1.0,4,0.0,0.0,,,589352
2023-07-12 04:00:00,00000001250,20230712040000,0.0,0.0,0.0,0.0,0.0,0.0,1.0,4,0.0,0.0,,,589352
2023-07-12 05:00:00,00000001250,20230712050000,0.0,0.0,0.0,0.0,0.0,0.0,1.0,4,0.0,0.0,,,589352
2023-07-12 06:00:00,00000001250,20230712060000,0.0,0.0,0.0,0.0,0.0,0.0,1.0,4,0.0,0.0,,,589352
2023-07-12 07:00:00,00000001250,20230712070000,0.0,0.0,0.0,0.0,0.0,0.0,1.0,4,0.0,0.0,,,589352
2023-07-12 08:00:00,00000001250,20230712080000,0.0,0.0,0.0,0.0,0.0,0.0,1.0,4,0.0,0.0,,,589352
2023-07-12 09:00:00,00000001250,20230712090000,0.0,0.0,0.0,0.0,0.0,0.0,1.0,4,0.0,0.0,,,589352
2023-07-12 10:00:00,00000001250,20230712100000,0.0,0.0,0.0,0.0,0.0,0.0,1.0,4,0.0,0.0,,,589352
2023-07-12 11:00:00,00000001250,20230712110000,0.0,0.0,0.0,0.0,0.0,0.0,1.0,4,0.0,0.0,,,589352
2023-07-12 12:00:00,00000001250,20230712120000,0.0,0.0,0.0,0.0,0.0,0.0,1.0,4,0.0,0.0,,,589352
2023-07-12 13:00:00,00000001250,20230712130000,0.0,0.0,0.0,0.0,0.0,0.0,1.0,4,0.0,0.0,,,589352
2023-07-12 14:00:00,00000001250,20230712140000,0.0,0.0,0.0,0.0,0.0,0.0,1.0,4,0.0,0.0,,,589352
2023-07-12 15:00:00,00000001250,20230712150000,0.0,0.0,0.0,0.0,0.0,0.0,1.0,4,0.0,0.0,,,589352
2023-07-12 16:00:00,00000001250,20230712160000,0.0,0.0,0.0,0.0,0.0,0.0,1.0,4,0.0,0.0,,,589352
2023-07-12 17:00:00,00000001250,20230712170000,0.0,0.0,0.0,0.0,0.0,0.0,1.0,4,0.0,0.0,,,589352
2023-07-12 18:00:00,00000001250,20230712180000,0.0,0.0,0.0,0.0,0.0,0.0,1.0,4,0.0,0.0,,,589352
2023-07-12 19:00:00,00000001250,20230712190000,0.0,0.0,0.0,0.0,0.0,0.0,1.0,4,0.0,0.0,,,589352
2023-07-12 20:00:00,00000001250,20230712200000,0.0,0.0,0.0,0.0,0.0,0.0,1.0,4,0.0,0.0,,,589352
2023-07-12 21:00:00,00000001250,20230712210000,0.0,0.0,0.0,0.0,0.0,0.0,1.0,4,0.0,0.0,,,589352
2023-07-12 22:00:00,00000001250,20230712220000,0.0,0.0,0.0,0.0,0.0,0.0,1.0,4,0.0,0.0,,,589352
2023-07-12 23:00:00,00000001250,20230712230000,0.0,0.0,0.0,0.0,0.0,0.0,1.0,4,0.0,0.0,,,589352
2023-07-13 00:00:00,00000001250,20230713000000,0.0,0.0,0.0,0.0,0.0,0.0,1.0,4,0.0,0.0,,,589352
2023-07-13 01:00:00,00000001250,20230713010000,0.0,0.0,0.0,0.0,0.0,0.0,1.0,4,0.0,0.0,,,589352
2023-07-13 02:00:00,00000001250,20230713020000,0.0,0.0,0.0,0.0,0.0,0.0,1.0,4,0.0,0.0,,,589352
2023-07-13 03:00:00,00000001250,20230713030000,0.0,0.0,0.0,0.0,0.0,0.0,1.0,4,0.0,0.0,,,589352
2023-07-13 04:00:00,00000001250,20230713040000,0.0,0.0,0.0,0.0,0.0,0.0,1.0,4,0.0,0.0,,,589352
2023-07-13 05:00:00,00000001250,20230713050000,0.0,0.0,0.0,0.0,0.0,0.0,1.0,4,0.0,0.0,,,589352
2023-07-13 06:00:00,00000001250,20230713060000,0.0,0.0,0.0,0.0,0.0,0.0,1.0,4,0.0,0.0,,,589352
2023-07-13 07:00:00,00000001250,20230713070000,0.0,0.0,0.0,0.0,0.0,0.0,1.0,4,0.0,0.0,,,589352
2023-07-13 08:00:00,00000001250,20230713080000,0.0,0.0,0.0,0.0,0.0,0.0,1.0,4,0.0,0.0,,,589352
2023-07-13 09:00:00,00000001250,20230713090000,0.0,0.0,0.0,0.0,0.0,0.0,1.0,4,0.0,0.0,,,589352
2023-07-13 10:00:00,00000001250,20230713100000,0.0,0.0,0.0,0.0,0.0,0.0,1.0,4,0.0,0.0,,,589352
2023-07-13 11:00:00,00000001250,20230713110000,0.0,0.0,0.0,0.0,0.0,0.0,1.0,4,0.0,0.0,,,589352
2023-07-13 12:00:00,00000001250,20230713120000,0.0,0.0,0.0,0.0,0.0,0.0,1.0,4,0.0,0.0,,,589352
2023-07-13 13:00:00,00000001250,20230713130000,0.0,0.0,0.0,0.0,0.0,0.0,1.0,4,0.0,0.0,,,589352
2023-07-13 14:00:00,00000001250,20230713140000,0.0,0.0,0.0,0.0,0.0,0.0,1.0,4,0.0,0.0,,,589352
2023-07-13 15:00:00,00000001250,20230713150000,0.0,0.0,0.0,0.0,0.0,0.0,1.0,4,0.0,0.0,,,589352
2023-07-13 16:00:00,00000001250,20230713160000,0.0,0.0,0.0,0.0,0.0,0.0,1.0,4,0.0,0.0,,,589352
2023-07-13 17:00:00,00000001250,20230713170000,0.0,0.0,0.0,0.0,0.0,0.0,1.0,4,0.0,0.0,,,589352
2023-07-13 18:00:00,00000001250,20230713180000,0.0,0.0,0.0,0.0,0.0,0.0,1.0,4,0.0,0.0,,,589352
2023-07-13 19:00:00,00000001250,20230713190000,0.0,0.0,0.0,0.0,0.0,0.0,1.0,4,0.0,0.0,,,589352
2023-07-13 20:00:00,00000001250,20230713200000,0.0,0.0,0.0,0.0,0.0,0.0,1.0,4,0.0,0.0,,,589352
2023-07-13 21:00:00,00000001250,20230713210000,0.0,0.0,0.0,0.0,0.0,0.0,1.0,4,0.0,0.0,,,589352
2023-07-13 22:00:00,00000001250,20230713220000,0.0,0.0,0.0,0.0,0.0,0.0,1.0,4,0.0,0.0,,,589352
2023-07-13 23:00:00,00000001250,20230713230000,0.0,0.0,0.0,0.0,0.0,0.0,1.0,4,0.0,0.0,,,589352
2023-07-14 00:00:00,00000001250,20230714000000,0.0,0.0,0.0,0.0,0.0,0.0,1.0,4,0.0,0.0,,,589352
2023-07-14 01:00:00,00000001250,20230714010000,0.0,0.0,0.0,0.0,0.0,0.0,1.0,4,0.0,0.0,,,589352
2023-07-14 02:00:00,00000001250,20230714020000,0.0,0.0,0.0,0.0,0.0,0.0,1.0,4,0.0,0.0,,,589352
2023-07-14 03:00:00,00000001250,20230714030000,0.0,0.0,0.0,0.0,0.0,0.0,1.0,4,0.0,0.0,,,589352
2023-07-14 04:00:00,00000001250,20230714040000,0.0,0.0,0.0,0.0,0.0,0.0,1.0,4,0.0,0.0,,,589352
2023-07-14 05:00:00,00000001250,20230714050000,0.0,0.0,0.0,0.0,0.0,0.0,1.0,4,0.0,0.0,,,589352
2023-07-14 06:00:00,00000001250,20230714060000,0.0,0.0,0.0,0.0,0.0,0.0,1.0,4,0.0,0.0,,,589352
2023-07-14 07:00:00,00000001250,20230714070000,0.0,0.0,0.0,0.0,0.0,0.0,1.0,4,0.0,0.0,,,589352
2023-07-14 08:00:00,00000001250,20230714080000,0.0,0.0,0.0,0.0,0.0,0.0,1.0,4,0.0,0.0,,,589352
2023-07-14 09:00:00,00000001250,20230714090000,0.0,0.0,0.0,0.0,0.0,0.0,1.0,4,0.0,0.0,,,589352
2023-07-14 10:00:00,00000001250,20230714100000,0.0,0.0,0.0,0.0,0.0,0.0,1.0,4,0.0,0.0,,,589352
2023-07-14 11:00:00,00000001250,20230714110000,0.0,0.0,0.0,0.0,0.0,0.0,1.0,4,0.0,0.0,,,589352
2023-07-14 12:00:00,00000001250,20230714120000,0.0,0.0,0.0,0.0,0.0,0.0,1.0,4,0.0,0.0,,,589352
2023-07-14 13:00:00,00000001250,20230714130000,0.0,0.0,0.0,0.0,0.0,0.0,1.0,4,0.0,0.0,,,589352
2023-07-14 14:00:00,00000001250,20230714140000,0.0,0.0,0.0,0.0,0.0,0.0,1.0,4,0.0,0.0,,,589352
2023-07-14 15:00:00,00000001250,20230714150000,0.0,0.0,0.0,0.0,0.0,0.0,1.0,4,0.0,0.0,,,589352
2023-07-14 16:00:00,00000001250,20230714160000,0.0,0.0,0.0,0.0,0.0,0.0,1.0,4,0.0,0.0,,,589352
2023-07-14 17:00:00,00000001250,20230714170000,0.0,0.0,0.0,0.0,0.0,0.0,1.0,4,0.0,0.0,,,589352
2023-07-14 18:00:00,00000001250,20230714180000,0.0,0.0,0.0,0.0,0.0,0.0,1.0,4,0.0,0.0,,,589352
2023-07-14 19:00:00,00000001250,20230714190000,0.0,0.0,0.0,0.0,0.0,0.0,1.0,4,0.0,0.0,,,589352
2023-07-14 20:00:00,00000001250,20230714200000,0.0,0.0,0.0,0.0,0.0,0.0,1.0,4,0.0,0.0,,,589352
2023-07-14 21:00:00,00000001250,20230714210000,0.0,0.0,0.0,0.0,0.0,0.0,1.0,4,0.0,0.0,,,589352
2023-07-14 22:00:00,00000001250,20230714220000,0.0,0.0,0.0,0.0,0.0,0.0,1.0,4,0.0,0.0,,,589352
2023-07-14 23:00:00,00000001250,20230714230000,0.0,0.0,0.0,0.0,0.0,0.0,1.0,4,0.0,0.0,,,589352
2023-07-15 00:00:00,00000001250,20230715000000,0.0,0.0,0.0,0.0,0.0,0.0,1.0,4,0.0,0.0,,,589352
2023-07-15 01:00:00,00000001250,20230715010000,0.0,0.0,0.0,0.0,0.0,0.0,1.0,4,0.0,0.0,,,589352
2023-07-15 02:00:00,00000001250,20230715020000,0.0,0.0,0.0,0.0,0.0,0.0,1.0,4,0.0,0.0,,,589352
2023-07-15 03:00:00,00000001250,20230715030000,0.0,0.0,0.0,0.0,0.0,0.0,1.0,4,0.0,0.0,,,589352
2023-07-15 04:00:00,00000001250,20230715040000,0.0,0.0,0.0,0.0,0.0,0.0,1.0,4,0.0,0.0,,,589352
2023-07-15 05:00:00,00000001250,20230715050000,0.0,0.0,0.0,0.0,0.0,0.0,1.0,4,0.0,0.0,,,589352
2023-07-15 06:00:00,00000001250,20230715060000,0.0,0.0,0.0,0.0,0.0,0.0,1.0,4,0.0,0.0,,,589352
2023-07-15 07:00:00,00000001250,20230715070000,0.0,0.0,0.0,0.0,0.0,0.0,1.0,4,0.0,0.0,,,589352
2023-07-15 08:00:00,00000001250,20230715080000,0.0,0.0,0.0,0.0,0.0,0.0,1.0,4,0.0,0.0,,,589352
2023-07-15 09:00:00,00000001250,20230715090000,0.0,0.0,0.0,0.0,0.0,0.0,1.0,4,0.0,0.0,,,589352
2023-07-15 10:00:00,00000001250,20230715100000,0.0,0.0,0.0,0.0,0.0,0.0,1.0,4,0.0,0.0,,,589352
2023-07-15 11:00:00,00000001250,20230715110000,0.0,0.0,0.0,0.0,0.0,0.0,1.0,4,0.0,0.0,,,589352
2023-07-15 12:00:00,00000001250,20230715120000,0.0,0.0,0.0,0.0,0.0,0.0,1.0,4,0.0,0.0,,,589352
2023-07-15 13:00:00,00000001250,20230715130000,0.0,0.0,0.0,0.0,0.0,0.0,1.0,4,0.0,0.0,,,589352
2023-07-15 14:00:00,00000001250,20230715140000,0.0,0.0,0.0,0.0,0.0,0.0,1.0,4,0.0,0.0,,,589352
2023-07-15 15:00:00,00000001250,20230715150000,0.0,0.0,0.0,0.0,0.0,0.0,1.0,4,0.0,0.0,,,589352
2023-07-15 16:00:00,00000001250,20230715160000,0.0,0.0,0.0,0.0,0.0,0.0,1.0,4,0.0,0.0,,,589352
2023-07-15 17:00:00,00000001250,20230715170000,0.0,0.0,0.0,0.0,0.0,0.0,1.0,4,0.0,0.0,,,589352
2023-07-15 18:00:00,00000001250,20230715180000,0.0,0.0,0.0,0.0,0.0,0.0,1.0,4,0.0,0.0,,,589352
2023-07-15 19:00:00,00000001250,20230715190000,0.0,0.0,0.0,0.0,0.0,0.0,1.0,4,0.0,0.0,,,589352
2023-07-15 20:00:00,00000001250,20230715200000,0.0,0.0,0.0,0.0,0.0,0.0,1.0,4,0.0,0.0,,,589352
2023-07-15 21:00:00,00000001250,20230715210000,0.0,0.0,0.0,0.0,0.0,0.0,1.0,4,0.0,0.0,,,589352
2023-07-15 22:00:00,00000001250,20230715220000,0.0,0.0,0.0,0.0,0.0,0.0,1.0,4,0.0,0.0,,,589352
2023-07-15 23:00:00,00000001250,20230715230000,0.0,0.0,0.0,0.0,0.0,0.0,1.0,4,0.0,0.0,,,589352
2023-07-16 00:00:00,00000001250,20230716000000,0.0,0.0,0.0,0.0,0.0,0.0,1.0,4,0.0,0.0,,,589352
2023-07-16 01:00:00,00000001250,20230716010000,0.0,0.0,0.0,0.0,0.0,0.0,1.0,4,0.0,0.0,,,589352
2023-07-16 02:00:00,00000001250,20230716020000,0.0,0.0,0.0,0.0,0.0,0.0,1.0,4,0.0,0.0,,,589352
2023-07-16 03:00:00,00000001250,20230716030000,0.0,0.0,0.0,0.0,0.0,0.0,1.0,4,0.0,0.0,,,589352
2023-07-16 04:00:00,00000001250,20230716040000,0.0,0.0,0.0,0.0,0.0,0.0,1.0,4,0.0,0.0,,,589352
2023-07-16 05:00:00,00000001250,20230716050000,0.0,0.0,0.0,0.0,0.0,0.0,1.0,4,0.0,0.0,,,589352
2023-07-16 06:00:00,00000001250,20230716060000,0.0,0.0,0.0,0.0,0.0,0.0,1.0,4,0.0,0.0,,,589352
2023-07-16 07:00:00,00000001250,20230716070000,0.0,0.0,0.0,0.0,0.0,0.0,1.0,4,0.0,0.0,,,589352
2023-07-16 08:00:00,00000001250,20230716080000,0.0,0.0,0.0,0.0,0.0,0.0,1.0,4,0.0,0.0,,,589352
2023-07-16 09:00:00,00000001250,20230716090000,0.0,0.0,0.0,0.0,0.0,0.0,1.0,4,0.0,0.0,,,589352
2023-07-16 10:00:00,00000001250,20230716100000,0.0,0.0,0.0,0.0,0.0,0.0,1.0,4,0.0,0.0,,,589352
2023-07-16 11:00:00,00000001250,20230716110000,0.0,0.0,0.0,0.0,0.0,0.0,1.0,4,0.0,0.0,,,589352
2023-07-16 12:00:00,00000001250,20230716120000,0.0,0.0,0.0,0.0,0.0,0.0,1.0,4,0.0,0.0,,,589352
2023-07-16 13:00:00,00000001250,20230716130000,0.0,0.0,0.0,0.0,0.0,0.0,1.0,4,0.0,0.0,,,589352
2023-07-16 14:00:00,00000001250,20230716140000,0.0,0.0,0.0,0.0,0.0,0.0,1.0,4,0.0,0.0,,,589352
2023-07-16 15:00:00,00000001250,20230716150000,0.0,0.0,0.0,0.0,0.0,0.0,1.0,4,0.0,0.0,,,589352
2023-07-16 16:00:00,00000001250,20230716160000,0.0,0.0,0.0,0.0,0.0,0.0,1.0,4,0.0,0.0,,,589352
2023-07-16 17:00:00,00000001250,20230716170000,0.0,0.0,0.0,0.0,0.0,0.0,1.0,4,0.0,0.0,,,589352
2023-07-16 18:00:00,00000001250,20230716180000,0.0,0.0,0.0,0.0,0.0,0.0,1.0,4,0.0,0.0,,,589352
2023-07-16 19:00:00,00000001250,20230716190000,0.0,0.0,0.0,0.0,0.0,0.0,1.0,4,0.0,0.0,,,589352
2023-07-16 20:00:00,00000001250,20230716200000,0.0,0.0,0.0,0.0,0.0,0.0,1.0,4,0.0,0.0,,,589352
2023-07-16 21:00:00,00000001250,20230716210000,0.0,0.0,0.0,0.0,0.0,0.0,1.0,4,0.0,0.0,,,589352
2023-07-16 22:00:00,00000001250,20230716220000,0.0,0.0,0.0,0.0,0.0,0.0,1.0,4,0.0,0.0,,,589352
2023-07-16 23:00:00,00000001250,20230716230000,0.0,0.0,0.0,0.0,0.0,0.0,1.0,4,0.0,0.0,,,589352
2023-07-17 00:00:00,00000001250,20230717000000,0.0,0.0,0.0,0.0,0.0,0.0,1.0,4,0.0,0.0,,,589352
2023-07-17 01:00:00,00000001250,20230717010000,0.0,0.0,0.0,0.0,0.0,0.0,1.0,4,0.0,0.0,,,589352
2023-07-17 02:00:00,00000001250,20230717020000,0.0,0.0,0.0,0.0,0.0,0.0,1.0,4,0.0,0.0,,,589352
2023-07-17 03:00:00,00000001250,20230717030000,0.0,0.0,0.0,0.0,0.0,0.0,1.0,4,0.0,0.0,,,589352
2023-07-17 04:00:00,00000001250,20230717040000,0.0,0.0,0.0,0.0,0.0,0.0,1.0,4,0.0,0.0,,,589352
2023-07-17 05:00:00,00000001250,20230717050000,0.0,0.0,0.0,0.0,0.0,0.0,1.0,4,0.0,0.0,,,589352
2023-07-17 06:00:00,00000001250,20230717060000,0.0,0.0,0.0,0.0,0.0,0.0,1.0,4,0.0,0.0,,,589352
2023-07-17 07:00:00,00000001250,20230717070000,0.0,0.0,0.0,0.0,0.0,0.0,1.0,4,0.0,0.0,,,589352
2023-07-17 08:00:00,00000001250,20230717080000,0.0,0.0,0.0,0.0,0.0,0.0,1.0,4,0.0,0.0,,,589352
2023-07-17 09:00:00,00000001250,20230717090000,0.0,0.0,0.0,0.0,0.0,0.0,1.0,4,0.0,0.0,,,589352
2023-07-17 10:00:00,00000001250,20230717100000,0.0,0.0,0.0,0.0,0.0,0.0,1.0,4,0.0,0.0,,,589352
2023-07-17 11:00:00,00000001250,20230717110000,0.0,0.0,0.0,0.0,0.0,0.0,1.0,4,0.0,0.0,,,589352
2023-07-17 12:00:00,00000001250,20230717120000,0.0,0.0,0.0,0.0,0.0,0.0,1.0,4,0.0,0.0,,,589352
2023-07-17 13:00:00,00000001250,20230717130000,0.0,0.0,0.0,0.0,0.0,0.0,1.0,4,0.0,0.0,,,589352
2023-07-17 14:00:00,00000001250,20230717140000,0.0,0.0,0.0,0.0,0.0,0.0,1.0,4,0.0,0.0,,,589352
2023-07-17 15:00:00,00000001250,20230717150000,0.0,0.0,0.0,0.0,0.0,0.0,1.0,4,0.0,0.0,,,589352
2023-07-17 16:00:00,00000001250,20230717160000,0.0,0.0,0.0,0.0,0.0,0.0,1.0,4,0.0,0.0,,,589352
2023-07-17 17:00:00,00000001250,20230717170000,0.0,0.0,0.0,0.0,0.0,0.0,1.0,4,0.0,0.0,,,589352
2023-07-17 18:00:00,00000001250,20230717180000,0.0,0.0,0.0,0.0,0.0,0.0,1.0,4,0.0,0.0,,,589352
2023-07-17 19:00:00,00000001250,20230717190000,0.0,0.0,0.0,0.0,0.0,0.0,1.0,4,0.0,0.0,,,589352
2023-07-17 20:00:00,00000001250,20230717200000,0.0,0.0,0.0,0.0,0.0,0.0,1.0,4,0.0,0.0,,,589352
2023-07-17 21:00:00,00000001250,20230717210000,0.0,0.0,0.0,0.0,0.0,0.0,1.0,4,0.0,0.0,,,589352
2023-07-17 22:00:00,00000001250,20230717220000,0.0,0.0,0.0,0.0,0.0,0.0,1.0,4,0.0,0.0,,,589352
2023-07-17 23:00:00,00000001250,20230717230000,0.0,0.0,0.0,0.0,0.0,0.0,1.0,4,0.0,0.0,,,589352
2023-07-18 00:00:00,00000001250,20230718000000,0.0,0.0,0.0,0.0,0.0,0.0,1.0,4,0.0,0.0,,,589352
2023-07-18 01:00:00,00000001250,20230718010000,0.0,0.0,0.0,0.0,0.0,0.0,1.0,4,0.0,0.0,,,589352
2023-07-18 02:00:00,00000001250,20230718020000,0.0,0.0,0.0,0.0,0.0,0.0,1.0,4,0.0,0.0,,,589352
2023-07-18 03:00:00,00000001250,20230718030000,0.0,0.0,0.0,0.0,0.0,0.0,1.0,4,0.0,0.0,,,589352
2023-07-18 04:00:00,00000001250,20230718040000,0.0,0.0,0.0,0.0,0.0,0.0,1.0,4,0.0,0.0,,,589352
2023-07-18 05:00:00,00000001250,20230718050000,0.0,0.0,0.0,0.0,0.0,0.0,1.0,4,0.0,0.0,,,589352
2023-07-18 06:00:00,00000001250,20230718060000,0.0,0.0,0.0,0.0,0.0,0.0,1.0,4,0.0,0.0,,,589352
2023-07-18 07:00:00,00000001250,20230718070000,0.0,0.0,0.0,0.0,0.0,0.0,1.0,4,0.0,0.0,,,589352
2023-07-18 08:00:00,00000001250,20230718080000,0.0,0.0,0.0,0.0,0.0,0.0,1.0,4,0.0,0.0,,,589352
2023-07-18 09:00:00,00000001250,20230718090000,0.0,0.0,0.0,0.0,0.0,0.0,1.0,4,0.0,0.0,,,589352
2023-07-18 10:00:00,00000001250,20230718100000,0.0,0.0,0.0,0.0,0.0,0.0,1.0,4,0.0,0.0,,,589352
2023-07-18 11:00:00,00000001250,20230718110000,0.0,0.0,0.0,0.0,0.0,0.0,1.0,4,0.0,0.0,,,589352
2023-07-18 12:00:00,00000001250,20230718120000,0.0,0.0,0.0,0.0,0.0,0.0,1.0,4,0.0,0.0,,,589352
2023-07-18 13:00:00,00000001250,20230718130000,0.0,0.0,0.0,0.0,0.0,0.0,1.0,4,0.0,0.0,,,589352
2023-07-18 14:00:00,00000001250,20230718140000,0.0,0.0,0.0,0.0,0.0,0.0,1.0,4,0.0,0.0,,,589352
2023-07-18 15:00:00,00000001250,20230718150000,0.0,0.0,0.0,0.0,0.0,0.0,1.0,4,0.0,0.0,,,589352
2023-07-18 16:00:00,00000001250,20230718160000,0.0,0.0,0.0,0.0,0.0,0.0,1.0,4,0.0,0.0,,,589352
2023-07-18 17:00:00,00000001250,20230718170000,0.0,0.0,0.0,0.0,0.0,0.0,1.0,4,0.0,0.0,,,589352
2023-07-18 18:00:00,00000001250,20230718180000,0.0,0.0,0.0,0.0,0.0,0.0,1.0,4,0.0,0.0,,,589352
2023-07-18 19:00:00,00000001250,20230718190000,0.0,0.0,0.0,0.0,0.0,0.0,1.0,4,0.0,0.0,,,589352
2023-07-18 20:00:00,00000001250,20230718200000,0.0,0.0,0.0,0.0,0.0,0.0,1.0,4,0.0,0.0,,,589352
2023-07-18 21:00:00,00000001250,20230718210000,0.0,0.0,0.0,0.0,0.0,0.0,1.0,4,0.0,0.0,,,589352
2023-07-18 22:00:00,00000001250,20230718220000,0.0,0.0,0.0,0.0,0.0,0.0,1.0,4,0.0,0.0,,,589352
2023-07-18 23:00:00,00000001250,20230718230000,0.0,0.0,0.0,0.0,0.0,0.0,1.0,4,0.0,0.0,,,589352
2023-07-19 00:00:00,00000001250,20230719000000,0.0,0.0,0.0,0.0,0.0,0.0,1.0,4,0.0,0.0,,,589352
2023-07-19 01:00:00,00000001250,20230719010000,0.0,0.0,0.0,0.0,0.0,0.0,1.0,4,0.0,0.0,,,589352
2023-07-19 02:00:00,00000001250,20230719020000,0.0,0.0,0.0,0.0,0.0,0.0,1.0,4,0.0,0.0,,,589352
2023-07-19 03:00:00,00000001250,20230719030000,0.0,0.0,0.0,0.0,0.0,0.0,1.0,4,0.0,0.0,,,589352
2023-07-19 04:00:00,00000001250,20230719040000,0.0,0.0,0.0,0.0,0.0,0.0,1.0,4,0.0,0.0,,,589352
2023-07-19 05:00:00,00000001250,20230719050000,0.0,0.0,0.0,0.0,0.0,0.0,1.0,4,0.0,0.0,,,589352
2023-07-19 06:00:00,00000001250,20230719060000,0.0,0.0,0.0,0.0,0.0,0.0,1.0,4,0.0,0.0,,,589352
2023-07-19 07:00:00,00000001250,20230719070000,0.0,0.0,0.0,0.0,0.0,0.0,1.0,4,0.0,0.0,,,589352
2023-07-19 08:00:00,00000001250,20230719080000,0.0,0.0,0.0,0.0,0.0,0.0,1.0,4,0.0,0.0,,,589352
2023-07-19 09:00:00,00000001250,20230719090000,0.0,0.0,0.0,0.0,0.0,0.0,1.0,4,0.0,0.0,,,589352
2023-07-19 10:00:00,00000001250,20230719100000,0.0,0.0,0.0,0.0,0.0,0.0,1.0,4,0.0,0.0,,,589352
2023-07-19 11:00:00,00000001250,20230719110000,0.0,0.0,0.0,0.0,0.0,0.0,1.0,4,0.0,0.0,,,589352
2023-07-19 12:00:00,00000001250,20230719120000,0.0,0.0,0.0,0.0,0.0,0.0,1.0,4,0.0,0.0,,,589352
2023-07-19 13:00:00,00000001250,20230719130000,0.0,0.0,0.0,0.0,0.0,0.0,1.0,4,0.0,0.0,,,589352
2023-07-19 14:00:00,00000001250,20230719140000,0.0,0.0,0.0,0.0,0.0,0.0,1.0,4,0.0,0.0,,,589352
2023-07-19 15:00:00,00000001250,20230719150000,0.0,0.0,0.0,0.0,0.0,0.0,1.0,4,0.0,0.0,,,589352
2023-07-19 16:00:00,00000001250,20230719160000,0.0,0.0,0.0,0.0,0.0,0.0,1.0,4,0.0,0.0,,,589352
2023-07-19 17:00:00,00000001250,20230719170000,0.0,0.0,0.0,0.0,0.0,0.0,1.0,4,0.0,0.0,,,589352
2023-07-19 18:00:00,00000001250,20230719180000,0.0,0.0,0.0,0.0,0.0,0.0,1.0,4,0.0,0.0,,,589352
2023-07-19 19:00:00,00000001250,20230719190000,0.0,0.0,0.0,0.0,0.0,0.0,1.0,4,0.0,0.0,,,589352
2023-07-19 20:00:00,00000001250,20230719200000,0.0,0.0,0.0,0.0,0.0,0.0,1.0,4,0.0,0.0,,,589352
2023-07-19 21:00:00,00000001250,20230719210000,0.0,0.0,0.0,0.0,0.0,0.0,1.0,4,0.0,0.0,,,589352
2023-07-19 22:00:00,00000001250,20230719220000,0.0,0.0,0.0,0.0,0.0,0.0,1.0,4,0.0,0.0,,,589352
2023-07-19 23:00:00,00000001250,20230719230000,0.0,0.0,0.0,0.0,0.0,0.0,1.0,4,0.0,0.0,,,589352
2023-07-20 00:00:00,00000001250,20230720000000,0.0,0.0,0.0,0.0,0.0,0.0,1.0,4,0.0,0.0,,,589352
2023-07-20 01:00:00,00000001250,20230720010000,0.0,0.0,0.0,0.0,0.0,0.0,1.0,4,0.0,0.0,,,589352
2023-07-20 02:00:00,00000001250,20230720020000,0.0,0.0,0.0,0.0,0.0,0.0,1.0,4,0.0,0.0,,,589352
2023-07-20 03:00:00,00000001250,20230720030000,0.0,0.0,0.0,0.0,0.0,0.0,1.0,4,0.0,0.0,,,589352
2023-07-20 04:00:00,00000001250,20230720040000,0.0,0.0,0.0,0.0,0.0,0.0,1.0,4,0.0,0.0,,,589352
2023-07-20 05:00:00,00000001250,20230720050000,0.0,0.0,0.0,0.0,0.0,0.0,1.0,4,0.0,0.0,,,589352
2023-07-20 06:00:00,00000001250,20230720060000,0.0,0.0,0.0,0.0,0.0,0.0,1.0,4,0.0,0.0,,,589352
2023-07-20 07:00:00,00000001250,20230720070000,0.0,0.0,0.0,0.0,0.0,0.0,1.0,4,0.0,0.0,,,589352
2023-07-20 08:00:00,00000001250,20230720080000,0.0,0.0,0.0,0.0,0.0,0.0,1.0,4,0.0,0.0,,,589352
2023-07-20 09:00:00,00000001250,20230720090000,0.0,0.0,0.0,0.0,0.0,0.0,1.0,4,0.0,0.0,,,589352
2023-07-20 10:00:00,00000001250,20230720100000,0.0,0.0,0.0,0.0,0.0,0.0,1.0,4,0.0,0.0,,,589352
2023-07-20 11:00:00,00000001250,20230720110000,0.0,0.0,0.0,0.0,0.0,0.0,1.0,4,0.0,0.0,,,589352
2023-07-20 12:00:00,00000001250,20230720120000,0.0,0.0,0.0,0.0,0.0,0.0,1.0,4,0.0,0.0,,,589352
2023-07-20 13:00:00,00000001250,20230720130000,0.0,0.0,0.0,0.0,0.0,0.0,1.0,4,0.0,0.0,,,589352
2023-07-20 14:00:00,00000001250,20230720140000,0.0,0.0,0.0,0.0,0.0,0.0,1.0,4,0.0,0.0,,,589352
2023-07-20 15:00:00,00000001250,20230720150000,0.0,0.0,0.0,0.0,0.0,0.0,1.0,4,0.0,0.0,,,589352
2023-07-20 16:00:00,00000001250,20230720160000,0.0,0.0,0.0,0.0,0.0,0.0,1.0,4,0.0,0.0,,,589352
2023-07-20 17:00:00,00000001250,20230720170000,0.0,0.0,0.0,0.0,0.0,0.0,1.0,4,0.0,0.0,,,589352
2023-07-20 18:00:00,00000001250,20230720180000,0.0,0.0,0.0,0.0,0.0,0.0,1.0,4,0.0,0.0,,,589352
2023-07-20 19:00:00,00000001250,20230720190000,0.0,0.0,0.0,0.0,0.0,0.0,1.0,4,0.0,0.0,,,589352
2023-07-20 20:00:00,00000001250,20230720200000,0.0,0.0,0.0,0.0,0.0,0.0,1.0,4,0.0,0.0,,,589352
2023-07-20 21:00:00,00000001250,20230720210000,0.0,0.0,0.0,0.0,0.0,0.0,1.0,4,0.0,0.0,,,589352
2023-07-20 22:00:00,00000001250,20230720220000,0.0,0.0,0.0,0.0,0.0,0.0,1.0,4,0.0,0.0,,,589352
2023-07-20 23:00:00,00000001250,20230720230000,0.0,0.0,0.0,0.0,0.0,0.0,1.0,4,0.0,0.0,,,589352
2023-07-21 00:00:00,00000001250,20230721000000,0.0,0.0,0.0,0.0,0.0,0.0,1.0,4,0.0,0.0,,,589352
2023-07-21 01:00:00,00000001250,20230721010000,0.0,0.0,0.0,0.0,0.0,0.0,1.0,4,0.0,0.0,,,589352
2023-07-21 02:00:00,00000001250,20230721020000,0.0,0.0,0.0,0.0,0.0,0.0,1.0,4,0.0,0.0,,,589352
2023-07-21 03:00:00,00000001250,20230721030000,0.0,0.0,0.0,0.0,0.0,0.0,1.0,4,0.0,0.0,,,589352
2023-07-21 04:00:00,00000001250,20230721040000,0.0,0.0,0.0,0.0,0.0,0.0,1.0,4,0.0,0.0,,,589352
2023-07-21 05:00:00,00000001250,20230721050000,0.0,0.0,0.0,0.0,0.0,0.0,1.0,4,0.0,0.0,,,589352
2023-07-21 06:00:00,00000001250,20230721060000,0.0,0.0,0.0,0.0,0.0,0.0,1.0,4,0.0,0.0,,,589352
2023-07-21 07:00:00,00000001250,20230721070000,0.0,0.0,0.0,0.0,0.0,0.0,1.0,4,0.0,0.0,,,589352
2023-07-21 08:00:00,00000001250,20230721080000,0.0,0.0,0.0,0.0,0.0,0.0,1.0,4,0.0,0.0,,,589352
2023-07-21 09:00:00,00000001250,20230721090000,0.0,0.0,0.0,0.0,0.0,0.0,1.0,4,0.0,0.0,,,589352
2023-07-21 10:00:00,00000001250,20230721100000,0.0,0.0,0.0,0.0,0.0,0.0,1.0,4,0.0,0.0,,,589352
2023-07-21 11:00:00,00000001250,20230721110000,0.0,0.0,0.0,0.0,0.0,0.0,1.0,4,0.0,0.0,,,589352
2023-07-21 12:00:00,00000001250,20230721120000,0.0,0.0,0.0,0.0,0.0,0.0,1.0,4,0.0,0.0,,,589352
2023-07-21 13:00:00,00000001250,20230721130000,0.0,0.0,0.0,0.0,0.0,0.0,1.0,4,0.0,0.0,,,589352
2023-07-21 14:00:00,00000001250,20230721140000,0.0,0.0,0.0,0.0,0.0,0.0,1.0,4,0.0,0.0,,,589352
2023-07-21 15:00:00,00000001250,20230721150000,0.0,0.0,0.0,0.0,0.0,0.0,1.0,4,0.0,0.0,,,589352
2023-07-21 16:00:00,00000001250,20230721160000,0.0,0.0,0.0,0.0,0.0,0.0,1.0,4,0.0,0.0,,,589352
2023-07-21 23:00:00,00000001250,20230721230000,0.0,0.0,0.0,0.0,0.0,0.0,1.0,4,0.0,0.0,,,589352
2023-07-22 00:00:00,00000001250,20230722000000,0.0,0.0,0.0,0.0,0.0,0.0,1.0,4,0.0,0.0,,,589352
2023-07-22 01:00:00,00000001250,20230722010000,0.0,0.0,0.0,0.0,0.0,0.0,1.0,4,0.0,0.0,,,589352
2023-07-22 02:00:00,00000001250,20230722020000,0.0,0.0,0.0,0.0,0.0,0.0,1.0,4,0.0,0.0,,,589352
2023-07-22 03:00:00,00000001250,20230722030000,0.0,0.0,0.0,0.0,0.0,0.0,1.0,4,0.0,0.0,,,589352
2023-07-22 04:00:00,00000001250,20230722040000,0.0,0.0,0.0,0.0,0.0,0.0,1.0,4,0.0,0.0,,,589352
2023-07-22 05:00:00,00000001250,20230722050000,0.0,0.0,0.0,0.0,0.0,0.0,1.0,4,0.0,0.0,,,589352
2023-07-22 06:00:00,00000001250,20230722060000,0.0,0.0,0.0,0.0,0.0,0.0,1.0,4,0.0,0.0,,,589352
2023-07-22 07:00:00,00000001250,20230722070000,0.0,0.0,0.0,0.0,0.0,0.0,1.0,4,0.0,0.0,,,589352
2023-07-22 08:00:00,00000001250,20230722080000,0.0,0.0,0.0,0.0,0.0,0.0,1.0,4,0.0,0.0,,,589352
2023-07-22 09:00:00,00000001250,20230722090000,0.0,0.0,0.0,0.0,0.0,0.0,1.0,4,0.0,0.0,,,589352
2023-07-22 10:00:00,00000001250,20230722100000,0.0,0.0,0.0,0.0,0.0,0.0,1.0,4,0.0,0.0,,,589352
2023-07-22 11:00:00,00000001250,20230722110000,0.0,0.0,0.0,0.0,0.0,0.0,1.0,4,0.0,0.0,,,589352
2023-07-22 12:00:00,00000001250,20230722120000,0.0,0.0,0.0,0.0,0.0,0.0,1.0,4,0.0,0.0,,,589352
2023-07-22 13:00:00,00000001250,20230722130000,0.0,0.0,0.0,0.0,0.0,0.0,1.0,4,0.0,0.0,,,589352
2023-07-22 14:00:00,00000001250,20230722140000,0.0,0.0,0.0,0.0,0.0,0.0,1.0,4,0.0,0.0,,,589352
2023-07-22 15:00:00,00000001250,20230722150000,0.0,0.0,0.0,0.0,0.0,0.0,1.0,4,0.0,0.0,,,589352
2023-07-22 16:00:00,00000001250,20230722160000,0.0,0.0,0.0,0.0,0.0,0.0,1.0,4,0.0,0.0,,,589352
2023-07-22 17:00:00,00000001250,20230722170000,0.0,0.0,0.0,0.0,0.0,0.0,1.0,4,0.0,0.0,,,589352
2023-07-22 18:00:00,00000001250,20230722180000,0.0,0.0,0.0,0.0,0.0,0.0,1.0,4,0.0,0.0,,,589352
2023-07-22 19:00:00,00000001250,20230722190000,0.0,0.0,0.0,0.0,0.0,0.0,1.0,4,0.0,0.0,,,589352
2023-07-22 20:00:00,00000001250,20230722200000,0.0,0.0,0.0,0.0,0.0,0.0,1.0,4,0.0,0.0,,,589352
2023-07-22 21:00:00,00000001250,20230722210000,0.0,0.0,0.0,0.0,0.0,0.0,1.0,4,0.0,0.0,,,589352
2023-07-22 22:00:00,00000001250,20230722220000,0.0,0.0,0.0,0.0,0.0,0.0,1.0,4,0.0,0.0,,,589352
2023-07-22 23:00:00,00000001250,20230722230000,0.0,0.0,0.0,0.0,0.0,0.0,1.0,4,0.0,0.0,,,589352
2023-07-23 00:00:00,00000001250,20230723000000,0.0,0.0,0.0,0.0,0.0,0.0,1.0,4,0.0,0.0,,,589352
2023-07-23 01:00:00,00000001250,20230723010000,0.0,0.0,0.0,0.0,0.0,0.0,1.0,4,0.0,0.0,,,589352
2023-07-23 02:00:00,00000001250,20230723020000,0.0,0.0,0.0,0.0,0.0,0.0,1.0,4,0.0,0.0,,,589352
2023-07-23 03:00:00,00000001250,20230723030000,0.0,0.0,0.0,0.0,0.0,0.0,1.0,4,0.0,0.0,,,589352
2023-07-23 04:00:00,00000001250,20230723040000,0.0,0.0,0.0,0.0,0.0,0.0,1.0,4,0.0,0.0,,,589352
2023-07-23 05:00:00,00000001250,20230723050000,0.0,0.0,0.0,0.0,0.0,0.0,1.0,4,0.0,0.0,,,589352
2023-07-23 06:00:00,00000001250,20230723060000,0.0,0.0,0.0,0.0,0.0,0.0,1.0,4,0.0,0.0,,,589352
2023-07-23 07:00:00,00000001250,20230723070000,0.0,0.0,0.0,0.0,0.0,0.0,1.0,4,0.0,0.0,,,589352
2023-07-23 08:00:00,00000001250,20230723080000,0.0,0.0,0.0,0.0,0.0,0.0,1.0,4,0.0,0.0,,,589352
2023-07-23 09:00:00,00000001250,20230723090000,0.0,0.0,0.0,0.0,0.0,0.0,1.0,4,0.0,0.0,,,589352
2023-07-23 10:00:00,00000001250,20230723100000,0.0,0.0,0.0,0.0,0.0,0.0,1.0,4,0.0,0.0,,,589352
2023-07-23 11:00:00,00000001250,20230723110000,0.0,0.0,0.0,0.0,0.0,0.0,1.0,4,0.0,0.0,,,589352
2023-07-23 12:00:00,00000001250,20230723120000,0.0,0.0,0.0,0.0,0.0,0.0,1.0,4,0.0,0.0,,,589352
2023-07-23 13:00:00,00000001250,20230723130000,0.0,0.0,0.0,0.0,0.0,0.0,1.0,4,0.0,0.0,,,589352
2023-07-23 14:00:00,00000001250,20230723140000,0.0,0.0,0.0,0.0,0.0,0.0,1.0,4,0.0,0.0,,,589352
2023-07-23 15:00:00,00000001250,20230723150000,0.0,0.0,0.0,0.0,0.0,0.0,1.0,4,0.0,0.0,,,589352
2023-07-23 16:00:00,00000001250,20230723160000,0.0,0.0,0.0,0.0,0.0,0.0,1.0,4,0.0,0.0,,,589352
2023-07-23 17:00:00,00000001250,20230723170000,0.0,0.0,0.0,0.0,0.0,0.0,1.0,4,0.0,0.0,,,589352
2023-07-23 18:00:00,00000001250,20230723180000,0.0,0.0,0.0,0.0,0.0,0.0,1.0,4,0.0,0.0,,,589352
2023-07-23 19:00:00,00000001250,20230723190000,0.0,0.0,0.0,0.0,0.0,0.0,1.0,4,0.0,0.0,,,589352
2023-07-23 20:00:00,00000001250,20230723200000,0.0,0.0,0.0,0.0,0.0,0.0,1.0,4,0.0,0.0,,,589352
2023-07-23 21:00:00,00000001250,20230723210000,0.0,0.0,0.0,0.0,0.0,0.0,1.0,4,0.0,0.0,,,589352
2023-07-23 22:00:00,00000001250,20230723220000,0.0,0.0,0.0,0.0,0.0,0.0,1.0,4,0.0,0.0,,,589352
2023-07-23 23:00:00,00000001250,20230723230000,0.0,0.0,0.0,0.0,0.0,0.0,1.0,4,0.0,0.0,,,589352
2023-07-24 00:00:00,00000001250,20230724000000,0.0,0.0,0.0,0.0,0.0,0.0,1.0,4,0.0,0.0,,,589352
2023-07-24 01:00:00,00000001250,20230724010000,0.0,0.0,0.0,0.0,0.0,0.0,1.0,4,0.0,0.0,,,589352
2023-07-24 02:00:00,00000001250,20230724020000,0.0,0.0,0.0,0.0,0.0,0.0,1.0,4,0.0,0.0,,,589352
2023-07-24 03:00:00,00000001250,20230724030000,0.0,0.0,0.0,0.0,0.0,0.0,1.0,4,0.0,0.0,,,589352
2023-07-24 04:00:00,00000001250,20230724040000,0.0,0.0,0.0,0.0,0.0,0.0,1.0,4,0.0,0.0,,,589352
2023-07-24 05:00:00,00000001250,20230724050000,0.0,0.0,0.0,0.0,0.0,0.0,1.0,4,0.0,0.0,,,589352
2023-07-24 06:00:00,00000001250,20230724060000,0.0,0.0,0.0,0.0,0.0,0.0,1.0,4,0.0,0.0,,,589352
2023-07-24 07:00:00,00000001250,20230724070000,0.054,0.0,0.0,0.0,0.0,0.0,1.0,4,0.0,0.0,0.0,0.0,589352
2023-07-24 08:00:00,00000001250,20230724080000,0.114,0.0,0.0,0.0,0.0,0.0,1.0,4,0.0,0.0,0.0,0.0,589352
2023-07-24 09:00:00,00000001250,20230724090000,0.037,0.0,0.0,0.0,0.0,0.0,1.0,4,0.0,0.0,0.0,0.0,589352
2023-07-24 10:00:00,00000001250,20230724100000,0.0,0.0,0.0,0.0,0.0,0.0,1.0,4,0.0,0.0,,,589352
2023-07-24 11:00:00,00000001250,20230724110000,0.008,0.0,0.0,0.0,0.0,0.0,1.0,4,0.0,0.0,0.0,0.0,589352
2023-07-24 12:00:00,00000001250,20230724120000,0.005,0.0,0.0,0.0,0.0,0.0,1.0,4,0.0,0.0,0.0,0.0,589352
2023-07-24 13:00:00,00000001250,20230724130000,0.013,0.0,0.0,0.0,0.0,0.0,1.0,4,0.0,0.0,0.0,0.0,589352
2023-07-24 14:00:00,00000001250,20230724140000,0.005,0.001,0.0,0.0,0.0,0.0,1.0,4,0.0,0.0,20.0,0.0,589352
2023-07-24 15:00:00,00000001250,20230724150000,0.017,0.0,0.0,0.0,0.0,0.0,1.0,4,0.0,0.0,0.0,0.0,589352
2023-07-24 16:00:00,00000001250,20230724160000,0.009,0.0,0.0,0.0,0.0,0.0,1.0,4,0.0,0.0,0.0,0.0,589352
2023-07-24 17:00:00,00000001250,20230724170000,0.0,0.0,0.0,0.0,0.0,0.0,1.0,4,0.0,0.0,,,589352
2023-07-24 18:00:00,00000001250,20230724180000,0.0,0.0,0.0,0.0,0.0,0.0,1.0,4,0.0,0.0,,,589352
2023-07-24 19:00:00,00000001250,20230724190000,0.175,0.0,0.001,0.0,0.0,0.0,1.0,4,0.0,0.0,0.0,0.57,589352
2023-07-24 20:00:00,00000001250,20230724200000,0.007,0.0,0.0,0.0,0.0,0.0,1.0,4,0.0,0.0,0.0,0.0,589352
2023-07-24 21:00:00,00000001250,20230724210000,0.0,0.0,0.0,0.0,0.0,0.0,1.0,4,0.0,0.0,,,589352
2023-07-24 22:00:00,00000001250,20230724220000,0.081,0.0,0.0,0.0,0.0,0.0,1.0,4,0.0,0.0,0.0,0.0,589352
2023-07-24 23:00:00,00000001250,20230724230000,0.109,0.0,0.0,0.0,0.0,0.0,1.0,4,0.0,0.0,0.0,0.0,589352
2023-07-25 00:00:00,00000001250,20230725000000,0.109,0.0,0.0,0.0,0.0,0.0,1.0,4,0.0,0.0,0.0,0.0,589352
2023-07-25 01:00:00,00000001250,20230725010000,0.109,0.0,0.0,0.0,0.0,0.0,1.0,4,0.0,0.0,0.0,0.0,589352
2023-07-25 02:00:00,00000001250,20230725020000,0.111,0.0,0.0,0.0,0.0,0.0,1.0,4,0.0,0.0,0.0,0.0,589352
2023-07-25 03:00:00,00000001250,20230725030000,0.111,0.0,0.0,0.0,0.0,0.0,1.0,4,0.0,0.0,0.0,0.0,589352
2023-07-25 04:00:00,00000001250,20230725040000,0.112,0.0,0.0,0.0,0.0,0.0,1.0,4,0.0,0.0,0.0,0.0,589352
2023-07-25 05:00:00,00000001250,20230725050000,0.095,0.0,0.0,0.0,0.0,0.0,1.0,4,0.0,0.0,0.0,0.0,589352
2023-07-25 06:00:00,00000001250,20230725060000,0.004,0.0,0.0,0.0,0.0,0.0,1.0,4,0.0,0.0,0.0,0.0,589352
2023-07-25 07:00:00,00000001250,20230725070000,0.0,0.0,0.0,0.0,0.0,0.0,1.0,4,0.0,0.0,,,589352
2023-07-25 08:00:00,00000001250,20230725080000,0.007,0.0,0.0,0.0,0.0,0.0,1.0,4,0.0,0.0,0.0,0.0,589352
2023-07-25 09:00:00,00000001250,20230725090000,0.035,0.001,0.0,0.0,0.0,0.0,1.0,4,0.0,0.0,2.86,0.0,589352
2023-07-25 10:00:00,00000001250,20230725100000,0.023,0.0,0.0,0.0,0.0,0.0,1.0,4,0.0,0.0,0.0,0.0,589352
2023-07-25 11:00:00,00000001250,20230725110000,0.0,0.0,0.0,0.0,0.0,0.0,1.0,4,0.0,0.0,,,589352
2023-07-25 12:00:00,00000001250,20230725120000,0.0,0.0,0.0,0.0,0.0,0.0,1.0,4,0.0,0.0,,,589352
2023-07-25 13:00:00,00000001250,20230725130000,0.035,0.0,0.0,0.0,0.0,0.0,1.0,4,0.0,0.0,0.0,0.0,589352
2023-07-25 14:00:00,00000001250,20230725140000,0.0,0.0,0.0,0.0,0.0,0.0,1.0,4,0.0,0.0,,,589352
2023-07-25 15:00:00,00000001250,20230725150000,0.0,0.0,0.0,0.0,0.0,0.0,1.0,4,0.0,0.0,,,589352
2023-07-25 16:00:00,00000001250,20230725160000,0.0,0.0,0.0,0.0,0.0,0.0,1.0,4,0.0,0.0,,,589352
2023-07-25 17:00:00,00000001250,20230725170000,0.0,0.0,0.0,0.0,0.0,0.0,1.0,4,0.0,0.0,,,589352
2023-07-25 18:00:00,00000001250,20230725180000,0.115,0.0,0.0,0.0,0.0,0.0,1.0,4,0.0,0.0,0.0,0.0,589352
2023-07-25 19:00:00,00000001250,20230725190000,0.067,0.0,0.0,0.0,0.0,0.0,1.0,4,0.0,0.0,0.0,0.0,589352
2023-07-25 20:00:00,00000001250,20230725200000,0.068,0.0,0.0,0.0,0.0,0.0,1.0,4,0.0,0.0,0.0,0.0,589352
2023-07-25 21:00:00,00000001250,20230725210000,0.0,0.0,0.0,0.0,0.0,0.0,1.0,4,0.0,0.0,,,589352
2023-07-25 22:00:00,00000001250,20230725220000,0.0,0.0,0.0,0.0,0.0,0.0,1.0,4,0.0,0.0,,,589352
2023-07-25 23:00:00,00000001250,20230725230000,0.109,0.0,0.0,0.0,0.0,0.0,1.0,4,0.0,0.0,0.0,0.0,589352
2023-07-26 00:00:00,00000001250,20230726000000,0.152,0.0,0.0,0.0,0.0,0.0,1.0,4,0.0,0.0,0.0,0.0,589352
2023-07-26 01:00:00,00000001250,20230726010000,0.114,0.0,0.0,0.0,0.0,0.0,1.0,4,0.0,0.0,0.0,0.0,589352
2023-07-26 02:00:00,00000001250,20230726020000,0.111,0.0,0.0,0.0,0.0,0.0,1.0,4,0.0,0.0,0.0,0.0,589352
2023-07-26 03:00:00,00000001250,20230726030000,0.112,0.0,0.0,0.0,0.0,0.0,1.0,4,0.0,0.0,0.0,0.0,589352
2023-07-26 04:00:00,00000001250,20230726040000,0.113,0.0,0.0,0.0,0.0,0.0,1.0,4,0.0,0.0,0.0,0.0,589352
2023-07-26 05:00:00,00000001250,20230726050000,0.113,0.0,0.0,0.0,0.0,0.0,1.0,4,0.0,0.0,0.0,0.0,589352
2023-07-26 06:00:00,00000001250,20230726060000,0.027,0.0,0.0,0.0,0.0,0.0,1.0,4,0.0,0.0,0.0,0.0,589352
2023-07-26 07:00:00,00000001250,20230726070000,0.009,0.0,0.0,0.0,0.0,0.0,1.0,4,0.0,0.0,0.0,0.0,589352
2023-07-26 08:00:00,00000001250,20230726080000,0.007,0.0,0.0,0.0,0.0,0.0,1.0,4,0.0,0.0,0.0,0.0,589352
2023-07-26 09:00:00,00000001250,20230726090000,0.119,0.0,0.0,0.0,0.0,0.0,1.0,4,0.0,0.0,0.0,0.0,589352
2023-07-26 10:00:00,00000001250,20230726100000,0.079,0.0,0.0,0.0,0.0,0.0,1.0,4,0.0,0.0,0.0,0.0,589352
2023-07-26 11:00:00,00000001250,20230726110000,0.076,0.0,0.0,0.0,0.0,0.0,1.0,4,0.0,0.0,0.0,0.0,589352
2023-07-26 12:00:00,00000001250,20230726120000,0.017,0.0,0.0,0.0,0.0,0.0,1.0,4,0.0,0.0,0.0,0.0,589352
2023-07-26 13:00:00,00000001250,20230726130000,0.002,0.0,0.0,0.0,0.0,0.0,1.0,4,0.0,0.0,0.0,0.0,589352
2023-07-26 14:00:00,00000001250,20230726140000,0.0,0.0,0.0,0.0,0.0,0.0,1.0,4,0.0,0.0,,,589352
2023-07-26 15:00:00,00000001250,20230726150000,0.002,0.0,0.0,0.0,0.0,0.0,1.0,4,0.0,0.0,0.0,0.0,589352
2023-07-26 16:00:00,00000001250,20230726160000,0.0,0.0,0.0,0.0,0.0,0.0,1.0,4,0.0,0.0,,,589352
2023-07-26 17:00:00,00000001250,20230726170000,0.0,0.0,0.0,0.0,0.0,0.0,1.0,4,0.0,0.0,,,589352
2023-07-26 18:00:00,00000001250,20230726180000,0.0,0.0,0.0,0.0,0.0,0.0,1.0,4,0.0,0.0,,,589352
2023-07-26 19:00:00,00000001250,20230726190000,0.0,0.0,0.0,0.0,0.0,0.0,1.0,4,0.0,0.0,,,589352
2023-07-26 20:00:00,00000001250,20230726200000,0.0,0.0,0.0,0.0,0.0,0.0,1.0,4,0.0,0.0,,,589352
2023-07-26 21:00:00,00000001250,20230726210000,0.0,0.0,0.0,0.0,0.0,0.0,1.0,4,0.0,0.0,,,589352
2023-07-26 22:00:00,00000001250,20230726220000,0.0,0.0,0.0,0.0,0.0,0.0,1.0,4,0.0,0.0,,,589352
2023-07-26 23:00:00,00000001250,20230726230000,0.0,0.0,0.0,0.0,0.0,0.0,1.0,4,0.0,0.0,,,589352
2023-07-27 00:00:00,00000001250,20230727000000,0.0,0.0,0.0,0.0,0.0,0.0,1.0,4,0.0,0.0,,,589352
2023-07-27 01:00:00,00000001250,20230727010000,0.0,0.0,0.0,0.0,0.0,0.0,1.0,4,0.0,0.0,,,589352
2023-07-27 02:00:00,00000001250,20230727020000,0.0,0.0,0.0,0.0,0.0,0.0,1.0,4,0.0,0.0,,,589352
2023-07-27 03:00:00,00000001250,20230727030000,0.0,0.0,0.0,0.0,0.0,0.0,1.0,4,0.0,0.0,,,589352
2023-07-27 04:00:00,00000001250,20230727040000,0.0,0.0,0.0,0.0,0.0,0.0,1.0,4,0.0,0.0,,,589352
2023-07-27 05:00:00,00000001250,20230727050000,0.0,0.0,0.0,0.0,0.0,0.0,1.0,4,0.0,0.0,,,589352
2023-07-27 06:00:00,00000001250,20230727060000,0.0,0.0,0.0,0.0,0.0,0.0,1.0,4,0.0,0.0,,,589352
2023-07-27 07:00:00,00000001250,20230727070000,0.0,0.0,0.0,0.0,0.0,0.0,1.0,4,0.0,0.0,,,589352
2023-07-27 08:00:00,00000001250,20230727080000,0.0,0.0,0.0,0.0,0.0,0.0,1.0,4,0.0,0.0,,,589352
2023-07-27 09:00:00,00000001250,20230727090000,0.0,0.0,0.0,0.0,0.0,0.0,1.0,4,0.0,0.0,,,589352
2023-07-27 10:00:00,00000001250,20230727100000,0.0,0.0,0.0,0.0,0.0,0.0,1.0,4,0.0,0.0,,,589352
2023-07-27 11:00:00,00000001250,20230727110000,0.0,0.0,0.0,0.0,0.0,0.0,1.0,4,0.0,0.0,,,589352
2023-07-27 12:00:00,00000001250,20230727120000,0.0,0.0,0.0,0.0,0.0,0.0,1.0,4,0.0,0.0,,,589352
2023-07-27 13:00:00,00000001250,20230727130000,0.0,0.0,0.0,0.0,0.0,0.0,1.0,4,0.0,0.0,,,589352
2023-07-27 14:00:00,00000001250,20230727140000,0.0,0.0,0.0,0.0,0.0,0.0,1.0,4,0.0,0.0,,,589352
2023-07-27 15:00:00,00000001250,20230727150000,0.0,0.0,0.0,0.0,0.0,0.0,1.0,4,0.0,0.0,,,589352
2023-07-27 16:00:00,00000001250,20230727160000,0.0,0.0,0.0,0.0,0.0,0.0,1.0,4,0.0,0.0,,,589352
2023-07-27 17:00:00,00000001250,20230727170000,0.0,0.0,0.0,0.0,0.0,0.0,1.0,4,0.0,0.0,,,589352
2023-07-27 18:00:00,00000001250,20230727180000,0.0,0.0,0.0,0.0,0.0,0.0,1.0,4,0.0,0.0,,,589352
2023-07-27 19:00:00,00000001250,20230727190000,0.0,0.0,0.0,0.0,0.0,0.0,1.0,4,0.0,0.0,,,589352
2023-07-27 20:00:00,00000001250,20230727200000,0.0,0.0,0.0,0.0,0.0,0.0,1.0,4,0.0,0.0,,,589352
2023-07-27 21:00:00,00000001250,20230727210000,0.0,0.0,0.0,0.0,0.0,0.0,1.0,4,0.0,0.0,,,589352
2023-07-27 22:00:00,00000001250,20230727220000,0.0,0.0,0.0,0.0,0.0,0.0,1.0,4,0.0,0.0,,,589352
2023-07-27 23:00:00,00000001250,20230727230000,0.0,0.0,0.0,0.0,0.0,0.0,1.0,4,0.0,0.0,,,589352
2023-07-28 00:00:00,00000001250,20230728000000,0.0,0.0,0.0,0.0,0.0,0.0,1.0,4,0.0,0.0,,,589352
2023-07-28 01:00:00,00000001250,20230728010000,0.0,0.0,0.0,0.0,0.0,0.0,1.0,4,0.0,0.0,,,589352
2023-07-28 02:00:00,00000001250,20230728020000,0.0,0.0,0.0,0.0,0.0,0.0,1.0,4,0.0,0.0,,,589352
2023-07-28 03:00:00,00000001250,20230728030000,0.0,0.0,0.0,0.0,0.0,0.0,1.0,4,0.0,0.0,,,589352
2023-07-28 04:00:00,00000001250,20230728040000,0.0,0.0,0.0,0.0,0.0,0.0,1.0,4,0.0,0.0,,,589352
2023-07-28 05:00:00,00000001250,20230728050000,0.0,0.0,0.0,0.0,0.0,0.0,1.0,4,0.0,0.0,,,589352
2023-07-28 06:00:00,00000001250,20230728060000,0.0,0.0,0.0,0.0,0.0,0.0,1.0,4,0.0,0.0,,,589352
2023-07-28 07:00:00,00000001250,20230728070000,0.0,0.0,0.0,0.0,0.0,0.0,1.0,4,0.0,0.0,,,589352
2023-07-28 08:00:00,00000001250,20230728080000,0.0,0.0,0.0,0.0,0.0,0.0,1.0,4,0.0,0.0,,,589352
2023-07-28 09:00:00,00000001250,20230728090000,0.0,0.0,0.0,0.0,0.0,0.0,1.0,4,0.0,0.0,,,589352
2023-07-28 10:00:00,00000001250,20230728100000,0.0,0.0,0.0,0.0,0.0,0.0,1.0,4,0.0,0.0,,,589352
2023-07-28 11:00:00,00000001250,20230728110000,0.0,0.0,0.0,0.0,0.0,0.0,1.0,4,0.0,0.0,,,589352
2023-07-28 12:00:00,00000001250,20230728120000,0.0,0.0,0.0,0.0,0.0,0.0,1.0,4,0.0,0.0,,,589352
2023-07-28 13:00:00,00000001250,20230728130000,0.0,0.0,0.0,0.0,0.0,0.0,1.0,4,0.0,0.0,,,589352
2023-07-28 14:00:00,00000001250,20230728140000,0.0,0.0,0.0,0.0,0.0,0.0,1.0,4,0.0,0.0,,,589352
2023-07-28 15:00:00,00000001250,20230728150000,0.0,0.0,0.0,0.0,0.0,0.0,1.0,4,0.0,0.0,,,589352
2023-07-28 16:00:00,00000001250,20230728160000,0.0,0.0,0.0,0.0,0.0,0.0,1.0,4,0.0,0.0,,,589352
2023-07-28 17:00:00,00000001250,20230728170000,0.0,0.0,0.0,0.0,0.0,0.0,1.0,4,0.0,0.0,,,589352
2023-07-28 18:00:00,00000001250,20230728180000,0.0,0.0,0.0,0.0,0.0,0.0,1.0,4,0.0,0.0,,,589352
2023-07-28 19:00:00,00000001250,20230728190000,0.0,0.0,0.0,0.0,0.0,0.0,1.0,4,0.0,0.0,,,589352
2023-07-28 20:00:00,00000001250,20230728200000,0.0,0.0,0.0,0.0,0.0,0.0,1.0,4,0.0,0.0,,,589352
2023-07-28 21:00:00,00000001250,20230728210000,0.0,0.0,0.0,0.0,0.0,0.0,1.0,4,0.0,0.0,,,589352
2023-07-28 22:00:00,00000001250,20230728220000,0.0,0.0,0.0,0.0,0.0,0.0,1.0,4,0.0,0.0,,,589352
2023-07-28 23:00:00,00000001250,20230728230000,0.0,0.0,0.0,0.0,0.0,0.0,1.0,4,0.0,0.0,,,589352
2023-07-29 00:00:00,00000001250,20230729000000,0.0,0.0,0.0,0.0,0.0,0.0,1.0,4,0.0,0.0,,,589352
2023-07-29 01:00:00,00000001250,20230729010000,0.0,0.0,0.0,0.0,0.0,0.0,1.0,4,0.0,0.0,,,589352
2023-07-29 02:00:00,00000001250,20230729020000,0.0,0.0,0.0,0.0,0.0,0.0,1.0,4,0.0,0.0,,,589352
2023-07-29 03:00:00,00000001250,20230729030000,0.0,0.0,0.0,0.0,0.0,0.0,1.0,4,0.0,0.0,,,589352
2023-07-29 04:00:00,00000001250,20230729040000,0.0,0.0,0.0,0.0,0.0,0.0,1.0,4,0.0,0.0,,,589352
2023-07-29 05:00:00,00000001250,20230729050000,0.0,0.0,0.0,0.0,0.0,0.0,1.0,4,0.0,0.0,,,589352
2023-07-29 06:00:00,00000001250,20230729060000,0.0,0.0,0.0,0.0,0.0,0.0,1.0,4,0.0,0.0,,,589352
2023-07-29 07:00:00,00000001250,20230729070000,0.0,0.0,0.0,0.0,0.0,0.0,1.0,4,0.0,0.0,,,589352
2023-07-29 08:00:00,00000001250,20230729080000,0.0,0.0,0.0,0.0,0.0,0.0,1.0,4,0.0,0.0,,,589352
2023-07-29 09:00:00,00000001250,20230729090000,0.0,0.0,0.0,0.0,0.0,0.0,1.0,4,0.0,0.0,,,589352
2023-07-29 10:00:00,00000001250,20230729100000,0.0,0.0,0.0,0.0,0.0,0.0,1.0,4,0.0,0.0,,,589352
2023-07-29 11:00:00,00000001250,20230729110000,0.0,0.0,0.0,0.0,0.0,0.0,1.0,4,0.0,0.0,,,589352
2023-07-29 12:00:00,00000001250,20230729120000,0.0,0.0,0.0,0.0,0.0,0.0,1.0,4,0.0,0.0,,,589352
2023-07-29 13:00:00,00000001250,20230729130000,0.0,0.0,0.0,0.0,0.0,0.0,1.0,4,0.0,0.0,,,589352
2023-07-29 14:00:00,00000001250,20230729140000,0.0,0.0,0.0,0.0,0.0,0.0,1.0,4,0.0,0.0,,,589352
2023-07-29 15:00:00,00000001250,20230729150000,0.0,0.0,0.0,0.0,0.0,0.0,1.0,4,0.0,0.0,,,589352
2023-07-29 16:00:00,00000001250,20230729160000,0.0,0.0,0.0,0.0,0.0,0.0,1.0,4,0.0,0.0,,,589352
2023-07-29 17:00:00,00000001250,20230729170000,0.0,0.0,0.0,0.0,0.0,0.0,1.0,4,0.0,0.0,,,589352
2023-07-29 18:00:00,00000001250,20230729180000,0.0,0.0,0.0,0.0,0.0,0.0,1.0,4,0.0,0.0,,,589352
2023-07-29 19:00:00,00000001250,20230729190000,0.0,0.0,0.0,0.0,0.0,0.0,1.0,4,0.0,0.0,,,589352
2023-07-29 20:00:00,00000001250,20230729200000,0.0,0.0,0.0,0.0,0.0,0.0,1.0,4,0.0,0.0,,,589352
2023-07-29 21:00:00,00000001250,20230729210000,0.0,0.0,0.0,0.0,0.0,0.0,1.0,4,0.0,0.0,,,589352
2023-07-29 22:00:00,00000001250,20230729220000,0.0,0.0,0.0,0.0,0.0,0.0,1.0,4,0.0,0.0,,,589352
2023-07-29 23:00:00,00000001250,20230729230000,0.0,0.0,0.0,0.0,0.0,0.0,1.0,4,0.0,0.0,,,589352
2023-07-30 00:00:00,00000001250,20230730000000,0.0,0.0,0.0,0.0,0.0,0.0,1.0,4,0.0,0.0,,,589352
2023-07-30 01:00:00,00000001250,20230730010000,0.0,0.0,0.0,0.0,0.0,0.0,1.0,4,0.0,0.0,,,589352
2023-07-30 02:00:00,00000001250,20230730020000,0.0,0.0,0.0,0.0,0.0,0.0,1.0,4,0.0,0.0,,,589352
2023-07-30 03:00:00,00000001250,20230730030000,0.0,0.0,0.0,0.0,0.0,0.0,1.0,4,0.0,0.0,,,589352
2023-07-30 04:00:00,00000001250,20230730040000,0.0,0.0,0.0,0.0,0.0,0.0,1.0,4,0.0,0.0,,,589352
2023-07-30 05:00:00,00000001250,20230730050000,0.0,0.0,0.0,0.0,0.0,0.0,1.0,4,0.0,0.0,,,589352
2023-07-30 06:00:00,00000001250,20230730060000,0.0,0.0,0.0,0.0,0.0,0.0,1.0,4,0.0,0.0,,,589352
2023-07-30 07:00:00,00000001250,20230730070000,0.0,0.0,0.0,0.0,0.0,0.0,1.0,4,0.0,0.0,,,589352
2023-07-30 08:00:00,00000001250,20230730080000,0.0,0.0,0.0,0.0,0.0,0.0,1.0,4,0.0,0.0,,,589352
2023-07-30 09:00:00,00000001250,20230730090000,0.0,0.0,0.0,0.0,0.0,0.0,1.0,4,0.0,0.0,,,589352
2023-07-30 10:00:00,00000001250,20230730100000,0.0,0.0,0.0,0.0,0.0,0.0,1.0,4,0.0,0.0,,,589352
2023-07-30 11:00:00,00000001250,20230730110000,0.0,0.0,0.0,0.0,0.0,0.0,1.0,4,0.0,0.0,,,589352
2023-07-30 12:00:00,00000001250,20230730120000,0.0,0.0,0.0,0.0,0.0,0.0,1.0,4,0.0,0.0,,,589352
2023-07-30 13:00:00,00000001250,20230730130000,0.0,0.0,0.0,0.0,0.0,0.0,1.0,4,0.0,0.0,,,589352
2023-07-30 14:00:00,00000001250,20230730140000,0.0,0.0,0.0,0.0,0.0,0.0,1.0,4,0.0,0.0,,,589352
2023-07-30 15:00:00,00000001250,20230730150000,0.0,0.0,0.0,0.0,0.0,0.0,1.0,4,0.0,0.0,,,589352
2023-07-30 16:00:00,00000001250,20230730160000,0.0,0.0,0.0,0.0,0.0,0.0,1.0,4,0.0,0.0,,,589352
2023-07-30 17:00:00,00000001250,20230730170000,0.0,0.0,0.0,0.0,0.0,0.0,1.0,4,0.0,0.0,,,589352
2023-07-30 18:00:00,00000001250,20230730180000,0.0,0.0,0.0,0.0,0.0,0.0,1.0,4,0.0,0.0,,,589352
2023-07-30 19:00:00,00000001250,20230730190000,0.0,0.0,0.0,0.0,0.0,0.0,1.0,4,0.0,0.0,,,589352
2023-07-30 20:00:00,00000001250,20230730200000,0.0,0.0,0.0,0.0,0.0,0.0,1.0,4,0.0,0.0,,,589352
2023-07-30 21:00:00,00000001250,20230730210000,0.0,0.0,0.0,0.0,0.0,0.0,1.0,4,0.0,0.0,,,589352
2023-07-30 22:00:00,00000001250,20230730220000,0.0,0.0,0.0,0.0,0.0,0.0,1.0,4,0.0,0.0,,,589352
2023-07-30 23:00:00,00000001250,20230730230000,0.0,0.0,0.0,0.0,0.0,0.0,1.0,4,0.0,0.0,,,589352
2023-07-31 00:00:00,00000001250,20230731000000,0.0,0.0,0.0,0.0,0.0,0.0,1.0,4,0.0,0.0,,,589352
2023-07-31 01:00:00,00000001250,20230731010000,0.0,0.0,0.0,0.0,0.0,0.0,1.0,4,0.0,0.0,,,589352
2023-07-31 02:00:00,00000001250,20230731020000,0.0,0.0,0.0,0.0,0.0,0.0,1.0,4,0.0,0.0,,,589352
2023-07-31 03:00:00,00000001250,20230731030000,0.0,0.0,0.0,0.0,0.0,0.0,1.0,4,0.0,0.0,,,589352
2023-07-31 04:00:00,00000001250,20230731040000,0.0,0.0,0.0,0.0,0.0,0.0,1.0,4,0.0,0.0,,,589352
2023-07-31 05:00:00,00000001250,20230731050000,0.0,0.0,0.0,0.0,0.0,0.0,1.0,4,0.0,0.0,,,589352
2023-07-31 06:00:00,00000001250,20230731060000,0.0,0.0,0.0,0.0,0.0,0.0,1.0,4,0.0,0.0,,,589352
2023-07-31 07:00:00,00000001250,20230731070000,0.0,0.0,0.0,0.0,0.0,0.0,1.0,4,0.0,0.0,,,589352
2023-07-31 08:00:00,00000001250,20230731080000,0.0,0.0,0.0,0.0,0.0,0.0,1.0,4,0.0,0.0,,,589352
2023-07-31 09:00:00,00000001250,20230731090000,0.0,0.0,0.0,0.0,0.0,0.0,1.0,4,0.0,0.0,,,589352
2023-07-31 10:00:00,00000001250,20230731100000,0.0,0.0,0.0,0.0,0.0,0.0,1.0,4,0.0,0.0,,,589352
2023-08-08 23:00:00,00000001250,20230808230000,0.0,0.0,0.0,0.0,0.0,0.0,1.0,4,0.0,0.0,,,589352
2023-08-09 00:00:00,00000001250,20230809000000,0.0,0.0,0.0,0.0,0.0,0.0,1.0,4,0.0,0.0,,,589352
2023-08-09 01:00:00,00000001250,20230809010000,0.0,0.0,0.0,0.0,0.0,0.0,1.0,4,0.0,0.0,,,589352
2023-08-09 02:00:00,00000001250,20230809020000,0.0,0.0,0.0,0.0,0.0,0.0,1.0,4,0.0,0.0,,,589352
2023-08-09 03:00:00,00000001250,20230809030000,0.0,0.0,0.0,0.0,0.0,0.0,1.0,4,0.0,0.0,,,589352
2023-08-09 04:00:00,00000001250,20230809040000,0.0,0.0,0.0,0.0,0.0,0.0,1.0,4,0.0,0.0,,,589352
2023-08-09 05:00:00,00000001250,20230809050000,0.0,0.0,0.0,0.0,0.0,0.0,1.0,4,0.0,0.0,,,589352
2023-08-09 06:00:00,00000001250,20230809060000,0.0,0.0,0.0,0.0,0.0,0.0,1.0,4,0.0,0.0,,,589352
2023-08-09 07:00:00,00000001250,20230809070000,0.0,0.0,0.0,0.0,0.0,0.0,1.0,4,0.0,0.0,,,589352
2023-08-09 08:00:00,00000001250,20230809080000,0.0,0.0,0.0,0.0,0.0,0.0,1.0,4,0.0,0.0,,,589352
2023-08-09 09:00:00,00000001250,20230809090000,0.0,0.0,0.0,0.0,0.0,0.0,1.0,4,0.0,0.0,,,589352
2023-08-09 10:00:00,00000001250,20230809100000,0.0,0.0,0.0,0.0,0.0,0.0,1.0,4,0.0,0.0,,,589352
2023-08-09 11:00:00,00000001250,20230809110000,0.0,0.0,0.0,0.0,0.0,0.0,1.0,4,0.0,0.0,,,589352
2023-08-09 12:00:00,00000001250,20230809120000,0.0,0.0,0.0,0.0,0.0,0.0,1.0,4,0.0,0.0,,,589352
2023-08-09 13:00:00,00000001250,20230809130000,0.0,0.0,0.0,0.0,0.0,0.0,1.0,4,0.0,0.0,,,589352
2023-08-09 14:00:00,00000001250,20230809140000,0.0,0.0,0.0,0.0,0.0,0.0,1.0,4,0.0,0.0,,,589352
2023-08-09 15:00:00,00000001250,20230809150000,0.0,0.0,0.0,0.0,0.0,0.0,1.0,4,0.0,0.0,,,589352
2023-08-09 16:00:00,00000001250,20230809160000,0.0,0.0,0.0,0.0,0.0,0.0,1.0,4,0.0,0.0,,,589352
2023-08-09 17:00:00,00000001250,20230809170000,0.0,0.0,0.0,0.0,0.0,0.0,1.0,4,0.0,0.0,,,589352
2023-08-09 18:00:00,00000001250,20230809180000,0.0,0.0,0.0,0.0,0.0,0.0,1.0,4,0.0,0.0,,,589352
2023-08-09 19:00:00,00000001250,20230809190000,0.0,0.0,0.0,0.0,0.0,0.0,1.0,4,0.0,0.0,,,589352
2023-08-09 20:00:00,00000001250,20230809200000,0.0,0.0,0.0,0.0,0.0,0.0,1.0,4,0.0,0.0,,,589352
2023-08-09 21:00:00,00000001250,20230809210000,0.0,0.0,0.0,0.0,0.0,0.0,1.0,4,0.0,0.0,,,589352
2023-08-09 22:00:00,00000001250,20230809220000,0.0,0.0,0.0,0.0,0.0,0.0,1.0,4,0.0,0.0,,,589352
2023-08-09 23:00:00,00000001250,20230809230000,0.0,0.0,0.0,0.0,0.0,0.0,1.0,4,0.0,0.0,,,589352
2023-08-10 00:00:00,00000001250,20230810000000,0.0,0.0,0.0,0.0,0.0,0.0,1.0,4,0.0,0.0,,,589352
2023-08-10 01:00:00,00000001250,20230810010000,0.0,0.0,0.0,0.0,0.0,0.0,1.0,4,0.0,0.0,,,589352
2023-08-10 02:00:00,00000001250,20230810020000,0.0,0.0,0.0,0.0,0.0,0.0,1.0,4,0.0,0.0,,,589352
2023-08-10 03:00:00,00000001250,20230810030000,0.0,0.0,0.0,0.0,0.0,0.0,1.0,4,0.0,0.0,,,589352
2023-08-10 04:00:00,00000001250,20230810040000,0.0,0.0,0.0,0.0,0.0,0.0,1.0,4,0.0,0.0,,,589352
2023-08-10 05:00:00,00000001250,20230810050000,0.0,0.0,0.0,0.0,0.0,0.0,1.0,4,0.0,0.0,,,589352
2023-08-10 06:00:00,00000001250,20230810060000,0.0,0.0,0.0,0.0,0.0,0.0,1.0,4,0.0,0.0,,,589352
2023-08-10 07:00:00,00000001250,20230810070000,0.0,0.0,0.0,0.0,0.0,0.0,1.0,4,0.0,0.0,,,589352
2023-08-10 08:00:00,00000001250,20230810080000,0.0,0.0,0.0,0.0,0.0,0.0,1.0,4,0.0,0.0,,,589352
2023-08-10 09:00:00,00000001250,20230810090000,0.0,0.0,0.0,0.0,0.0,0.0,1.0,4,0.0,0.0,,,589352
2023-08-10 10:00:00,00000001250,20230810100000,0.0,0.0,0.0,0.0,0.0,0.0,1.0,4,0.0,0.0,,,589352
2023-08-10 11:00:00,00000001250,20230810110000,0.0,0.0,0.0,0.0,0.0,0.0,1.0,4,0.0,0.0,,,589352
2023-08-10 12:00:00,00000001250,20230810120000,0.0,0.0,0.0,0.0,0.0,0.0,1.0,4,0.0,0.0,,,589352
2023-08-10 13:00:00,00000001250,20230810130000,0.0,0.0,0.0,0.0,0.0,0.0,1.0,4,0.0,0.0,,,589352
2023-08-10 14:00:00,00000001250,20230810140000,0.0,0.0,0.0,0.0,0.0,0.0,1.0,4,0.0,0.0,,,589352
2023-08-10 15:00:00,00000001250,20230810150000,0.0,0.0,0.0,0.0,0.0,0.0,1.0,4,0.0,0.0,,,589352
2023-08-10 16:00:00,00000001250,20230810160000,0.0,0.0,0.0,0.0,0.0,0.0,1.0,4,0.0,0.0,,,589352
2023-08-10 17:00:00,00000001250,20230810170000,0.0,0.0,0.0,0.0,0.0,0.0,1.0,4,0.0,0.0,,,589352
2023-08-10 18:00:00,00000001250,20230810180000,0.0,0.0,0.0,0.0,0.0,0.0,1.0,4,0.0,0.0,,,589352
2023-08-10 19:00:00,00000001250,20230810190000,0.0,0.0,0.0,0.0,0.0,0.0,1.0,4,0.0,0.0,,,589352
2023-08-10 20:00:00,00000001250,20230810200000,0.0,0.0,0.0,0.0,0.0,0.0,1.0,4,0.0,0.0,,,589352
2023-08-10 21:00:00,00000001250,20230810210000,0.0,0.0,0.0,0.0,0.0,0.0,1.0,4,0.0,0.0,,,589352
2023-08-10 22:00:00,00000001250,20230810220000,0.197,0.131,0.0,0.0,0.0,0.0,1.0,4,0.0,0.0,66.5,0.0,589352
2023-08-10 23:00:00,00000001250,20230810230000,0.157,0.182,0.0,0.0,0.0,0.0,1.0,4,0.0,0.0,115.92,0.0,589352
2023-08-11 00:00:00,00000001250,20230811000000,0.141,0.186,0.0,0.0,0.0,0.0,1.0,4,0.0,0.0,131.91,0.0,589352
2023-08-11 01:00:00,00000001250,20230811010000,0.182,0.117,0.0,0.0,0.0,0.0,1.0,4,0.0,0.0,64.29,0.0,589352
2023-08-11 02:00:00,00000001250,20230811020000,0.15,0.197,0.0,0.0,0.0,0.0,1.0,4,0.0,0.0,131.33,0.0,589352
2023-08-11 03:00:00,00000001250,20230811030000,0.102,0.135,0.0,0.0,0.0,0.0,1.0,4,0.0,0.0,132.35,0.0,589352
2023-08-11 04:00:00,00000001250,20230811040000,0.123,0.164,0.0,0.0,0.0,0.0,1.0,4,0.0,0.0,133.33,0.0,589352
2023-08-11 05:00:00,00000001250,20230811050000,0.125,0.168,0.0,0.0,0.0,0.0,1.0,4,0.0,0.0,134.4,0.0,589352
2023-08-11 06:00:00,00000001250,20230811060000,0.105,0.135,0.0,0.0,0.0,0.0,1.0,4,0.0,0.0,128.57,0.0,589352
2023-08-11 07:00:00,00000001250,20230811070000,0.113,0.123,0.0,0.0,0.0,0.0,1.0,4,0.0,0.0,108.85,0.0,589352
2023-08-11 08:00:00,00000001250,20230811080000,0.108,0.141,0.0,0.0,0.0,0.0,1.0,4,0.0,0.0,130.56,0.0,589352
2023-08-11 09:00:00,00000001250,20230811090000,0.135,0.162,0.0,0.0,0.0,0.0,1.0,4,0.0,0.0,120.0,0.0,589352
2023-08-11 10:00:00,00000001250,20230811100000,0.149,0.187,0.0,0.0,0.0,0.0,1.0,4,0.0,0.0,125.5,0.0,589352
2023-08-11 11:00:00,00000001250,20230811110000,0.177,0.109,0.0,0.0,0.0,0.0,1.0,4,0.0,0.0,61.58,0.0,589352
2023-08-11 12:00:00,00000001250,20230811120000,0.148,0.185,0.0,0.0,0.0,0.0,1.0,4,0.0,0.0,125.0,0.0,589352
2023-08-11 13:00:00,00000001250,20230811130000,0.146,0.185,0.0,0.0,0.0,0.0,1.0,4,0.0,0.0,126.71,0.0,589352
2023-08-11 14:00:00,00000001250,20230811140000,0.136,0.182,0.0,0.0,0.0,0.0,1.0,4,0.0,0.0,133.82,0.0,589352
2023-08-11 15:00:00,00000001250,20230811150000,0.131,0.165,0.0,0.0,0.0,0.0,1.0,4,0.0,0.0,125.95,0.0,589352
2023-08-11 16:00:00,00000001250,20230811160000,0.146,0.181,0.0,0.0,0.0,0.0,1.0,4,0.0,0.0,123.97,0.0,589352
2023-08-11 17:00:00,00000001250,20230811170000,0.138,0.18,0.0,0.0,0.0,0.0,1.0,4,0.0,0.0,130.43,0.0,589352
2023-08-11 18:00:00,00000001250,20230811180000,0.134,0.176,0.0,0.0,0.0,0.0,1.0,4,0.0,0.0,131.34,0.0,589352
2023-08-11 19:00:00,00000001250,20230811190000,0.098,0.107,0.0,0.0,0.0,0.0,1.0,4,0.0,0.0,109.18,0.0,589352
2023-08-11 20:00:00,00000001250,20230811200000,0.179,0.095,0.0,0.0,0.0,0.0,1.0,4,0.0,0.0,53.07,0.0,589352
2023-08-11 21:00:00,00000001250,20230811210000,0.147,0.169,0.0,0.0,0.0,0.0,1.0,4,0.0,0.0,114.97,0.0,589352
2023-08-11 22:00:00,00000001250,20230811220000,0.131,0.112,0.0,0.0,0.0,0.0,1.0,4,0.0,0.0,85.5,0.0,589352
2023-08-11 23:00:00,00000001250,20230811230000,0.001,0.0,0.0,0.0,0.0,0.0,1.0,4,0.0,0.0,0.0,0.0,589352
2023-08-12 00:00:00,00000001250,20230812000000,0.0,0.0,0.0,0.0,0.0,0.0,1.0,4,0.0,0.0,,,589352
2023-08-12 01:00:00,00000001250,20230812010000,0.0,0.0,0.0,0.0,0.0,0.0,1.0,4,0.0,0.0,,,589352
2023-08-12 02:00:00,00000001250,20230812020000,0.0,0.0,0.0,0.0,0.0,0.0,1.0,4,0.0,0.0,,,589352
2023-08-12 03:00:00,00000001250,20230812030000,0.0,0.0,0.0,0.0,0.0,0.0,1.0,4,0.0,0.0,,,589352
2023-08-12 04:00:00,00000001250,20230812040000,0.0,0.0,0.0,0.0,0.0,0.0,1.0,4,0.0,0.0,,,589352
2023-08-12 05:00:00,00000001250,20230812050000,0.001,0.0,0.0,0.0,0.0,0.0,1.0,4,0.0,0.0,0.0,0.0,589352
2023-08-12 06:00:00,00000001250,20230812060000,0.01,0.0,0.0,0.0,0.0,0.0,1.0,4,0.0,0.0,0.0,0.0,589352
2023-08-12 07:00:00,00000001250,20230812070000,0.011,0.012,0.0,0.0,0.0,0.0,1.0,4,0.0,0.0,109.09,0.0,589352
2023-08-12 08:00:00,00000001250,20230812080000,0.18,0.196,0.0,0.0,0.0,0.0,1.0,4,0.0,0.0,108.89,0.0,589352
2023-08-12 09:00:00,00000001250,20230812090000,0.155,0.191,0.0,0.0,0.0,0.0,1.0,4,0.0,0.0,123.23,0.0,589352
2023-08-12 10:00:00,00000001250,20230812100000,0.148,0.188,0.0,0.0,0.0,0.0,1.0,4,0.0,0.0,127.03,0.0,589352
2023-08-12 11:00:00,00000001250,20230812110000,0.153,0.188,0.0,0.0,0.0,0.0,1.0,4,0.0,0.0,122.88,0.0,589352
2023-08-12 12:00:00,00000001250,20230812120000,0.145,0.189,0.0,0.0,0.0,0.0,1.0,4,0.0,0.0,130.34,0.0,589352
2023-08-12 13:00:00,00000001250,20230812130000,0.173,0.109,0.0,0.0,0.0,0.0,1.0,4,0.0,0.0,63.01,0.0,589352
2023-08-12 14:00:00,00000001250,20230812140000,0.172,0.188,0.0,0.0,0.0,0.0,1.0,4,0.0,0.0,109.3,0.0,589352
2023-08-12 15:00:00,00000001250,20230812150000,0.153,0.186,0.0,0.0,0.0,0.0,1.0,4,0.0,0.0,121.57,0.0,589352
2023-08-12 16:00:00,00000001250,20230812160000,0.146,0.185,0.0,0.0,0.0,0.0,1.0,4,0.0,0.0,126.71,0.0,589352
2023-08-12 17:00:00,00000001250,20230812170000,0.144,0.182,0.0,0.0,0.0,0.0,1.0,4,0.0,0.0,126.39,0.0,589352
2023-08-12 18:00:00,00000001250,20230812180000,0.143,0.178,0.0,0.0,0.0,0.0,1.0,4,0.0,0.0,124.48,0.0,589352
2023-08-12 19:00:00,00000001250,20230812190000,0.142,0.178,0.0,0.0,0.0,0.0,1.0,4,0.0,0.0,125.35,0.0,589352
2023-08-12 20:00:00,00000001250,20230812200000,0.139,0.172,0.0,0.0,0.0,0.0,1.0,4,0.0,0.0,123.74,0.0,589352
2023-08-12 21:00:00,00000001250,20230812210000,0.16,0.153,0.0,0.0,0.0,0.0,1.0,4,0.0,0.0,95.62,0.0,589352
2023-08-12 22:00:00,00000001250,20230812220000,0.197,0.11,0.002,0.0,0.0,0.0,1.0,4,0.0,0.0,55.84,1.02,589352
2023-08-12 23:00:00,00000001250,20230812230000,0.151,0.182,0.0,0.0,0.0,0.0,1.0,4,0.0,0.0,120.53,0.0,589352
2023-08-13 00:00:00,00000001250,20230813000000,0.145,0.184,0.0,0.0,0.0,0.0,1.0,4,0.0,0.0,126.9,0.0,589352
2023-08-13 01:00:00,00000001250,20230813010000,0.144,0.189,0.0,0.0,0.0,0.0,1.0,4,0.0,0.0,131.25,0.0,589352
2023-08-13 02:00:00,00000001250,20230813020000,0.144,0.192,0.0,0.0,0.0,0.0,1.0,4,0.0,0.0,133.33,0.0,589352
2023-08-13 03:00:00,00000001250,20230813030000,0.144,0.194,0.0,0.0,0.0,0.0,1.0,4,0.0,0.0,134.72,0.0,589352
2023-08-13 04:00:00,00000001250,20230813040000,0.152,0.197,0.0,0.0,0.0,0.0,1.0,4,0.0,0.0,129.61,0.0,589352
2023-08-13 05:00:00,00000001250,20230813050000,0.143,0.197,0.0,0.0,0.0,0.0,1.0,4,0.0,0.0,137.76,0.0,589352
2023-08-13 06:00:00,00000001250,20230813060000,0.187,0.111,0.0,0.0,0.0,0.0,1.0,4,0.0,0.0,59.36,0.0,589352
2023-08-13 07:00:00,00000001250,20230813070000,0.166,0.202,0.0,0.0,0.0,0.0,1.0,4,0.0,0.0,121.69,0.0,589352
2023-08-13 08:00:00,00000001250,20230813080000,0.17,0.196,0.0,0.0,0.0,0.0,1.0,4,0.0,0.0,115.29,0.0,589352
2023-08-13 09:00:00,00000001250,20230813090000,0.148,0.193,0.0,0.0,0.0,0.0,1.0,4,0.0,0.0,130.41,0.0,589352
2023-08-13 10:00:00,00000001250,20230813100000,0.097,0.115,0.0,0.0,0.0,0.0,1.0,4,0.0,0.0,118.56,0.0,589352
2023-08-13 11:00:00,00000001250,20230813110000,0.146,0.182,0.0,0.0,0.0,0.0,1.0,4,0.0,0.0,124.66,0.0,589352
2023-08-13 12:00:00,00000001250,20230813120000,0.14,0.183,0.0,0.0,0.0,0.0,1.0,4,0.0,0.0,130.71,0.0,589352
2023-08-13 13:00:00,00000001250,20230813130000,0.093,0.11,0.0,0.0,0.0,0.0,1.0,4,0.0,0.0,118.28,0.0,589352
2023-08-13 14:00:00,00000001250,20230813140000,0.145,0.18,0.0,0.0,0.0,0.0,1.0,4,0.0,0.0,124.14,0.0,589352
2023-08-13 15:00:00,00000001250,20230813150000,0.176,0.095,0.0,0.0,0.0,0.0,1.0,4,0.0,0.0,53.98,0.0,589352
2023-08-13 16:00:00,00000001250,20230813160000,0.163,0.181,0.0,0.0,0.0,0.0,1.0,4,0.0,0.0,111.04,0.0,589352
2023-08-13 17:00:00,00000001250,20230813170000,0.146,0.181,0.0,0.0,0.0,0.0,1.0,4,0.0,0.0,123.97,0.0,589352
2023-08-13 18:00:00,00000001250,20230813180000,0.14,0.18,0.0,0.0,0.0,0.0,1.0,4,0.0,0.0,128.57,0.0,589352
2023-08-13 19:00:00,00000001250,20230813190000,0.091,0.108,0.0,0.0,0.0,0.0,1.0,4,0.0,0.0,118.68,0.0,589352
2023-08-13 20:00:00,00000001250,20230813200000,0.124,0.158,0.0,0.0,0.0,0.0,1.0,4,0.0,0.0,127.42,0.0,589352
2023-08-13 21:00:00,00000001250,20230813210000,0.103,0.124,0.0,0.0,0.0,0.0,1.0,4,0.0,0.0,120.39,0.0,589352
2023-08-13 22:00:00,00000001250,20230813220000,0.119,0.108,0.0,0.0,0.0,0.0,1.0,4,0.0,0.0,90.76,0.0,589352
2023-08-13 23:00:00,00000001250,20230813230000,0.138,0.167,0.0,0.0,0.0,0.0,1.0,4,0.0,0.0,121.01,0.0,589352
2023-08-14 00:00:00,00000001250,20230814000000,0.105,0.127,0.0,0.0,0.0,0.0,1.0,4,0.0,0.0,120.95,0.0,589352
2023-08-14 01:00:00,00000001250,20230814010000,0.114,0.084,0.0,0.0,0.0,0.0,1.0,4,0.0,0.0,73.68,0.0,589352
2023-08-14 02:00:00,00000001250,20230814020000,0.176,0.142,0.0,0.0,0.0,0.0,1.0,4,0.0,0.0,80.68,0.0,589352
2023-08-14 03:00:00,00000001250,20230814030000,0.156,0.195,0.0,0.0,0.0,0.0,1.0,4,0.0,0.0,125.0,0.0,589352
2023-08-14 04:00:00,00000001250,20230814040000,0.092,0.117,0.0,0.0,0.0,0.0,1.0,4,0.0,0.0,127.17,0.0,589352
2023-08-14 05:00:00,00000001250,20230814050000,0.143,0.196,0.0,0.0,0.0,0.0,1.0,4,0.0,0.0,137.06,0.0,589352
2023-08-14 06:00:00,00000001250,20230814060000,0.096,0.12,0.0,0.0,0.0,0.0,1.0,4,0.0,0.0,125.0,0.0,589352
2023-08-14 07:00:00,00000001250,20230814070000,0.119,0.143,0.0,0.0,0.0,0.0,1.0,4,0.0,0.0,120.17,0.0,589352
2023-08-14 08:00:00,00000001250,20230814080000,0.09,0.119,0.0,0.0,0.0,0.0,1.0,4,0.0,0.0,132.22,0.0,589352
2023-08-14 09:00:00,00000001250,20230814090000,0.108,0.139,0.0,0.0,0.0,0.0,1.0,4,0.0,0.0,128.7,0.0,589352
2023-08-14 10:00:00,00000001250,20230814100000,0.124,0.158,0.0,0.0,0.0,0.0,1.0,4,0.0,0.0,127.42,0.0,589352
2023-08-14 11:00:00,00000001250,20230814110000,0.092,0.109,0.0,0.0,0.0,0.0,1.0,4,0.0,0.0,118.48,0.0,589352
2023-08-14 12:00:00,00000001250,20230814120000,0.1,0.103,0.0,0.0,0.0,0.0,1.0,4,0.0,0.0,103.0,0.0,589352
2023-08-14 13:00:00,00000001250,20230814130000,0.121,0.115,0.0,0.0,0.0,0.0,1.0,4,0.0,0.0,95.04,0.0,589352
2023-08-14 14:00:00,00000001250,20230814140000,0.129,0.152,0.0,0.0,0.0,0.0,1.0,4,0.0,0.0,117.83,0.0,589352
2023-08-14 15:00:00,00000001250,20230814150000,0.124,0.152,0.0,0.0,0.0,0.0,1.0,4,0.0,0.0,122.58,0.0,589352
2023-08-14 16:00:00,00000001250,20230814160000,0.128,0.149,0.0,0.0,0.0,0.0,1.0,4,0.0,0.0,116.41,0.0,589352
2023-08-14 17:00:00,00000001250,20230814170000,0.122,0.148,0.0,0.0,0.0,0.0,1.0,4,0.0,0.0,121.31,0.0,589352
2023-08-14 18:00:00,00000001250,20230814180000,0.118,0.148,0.0,0.0,0.0,0.0,1.0,4,0.0,0.0,125.42,0.0,589352
2023-08-14 19:00:00,00000001250,20230814190000,0.084,0.101,0.0,0.0,0.0,0.0,1.0,4,0.0,0.0,120.24,0.0,589352
2023-08-14 20:00:00,00000001250,20230814200000,0.084,0.098,0.0,0.0,0.0,0.0,1.0,4,0.0,0.0,116.67,0.0,589352
2023-08-14 21:00:00,00000001250,20230814210000,0.073,0.082,0.0,0.0,0.0,0.0,1.0,4,0.0,0.0,112.33,0.0,589352
2023-08-14 22:00:00,00000001250,20230814220000,0.069,0.076,0.0,0.0,0.0,0.0,1.0,4,0.0,0.0,110.14,0.0,589352
2023-08-14 23:00:00,00000001250,20230814230000,0.092,0.102,0.0,0.0,0.0,0.0,1.0,4,0.0,0.0,110.87,0.0,589352
2023-08-15 00:00:00,00000001250,20230815000000,0.075,0.09,0.0,0.0,0.0,0.0,1.0,4,0.0,0.0,120.0,0.0,589352
2023-08-15 01:00:00,00000001250,20230815010000,0.064,0.077,0.0,0.0,0.0,0.0,1.0,4,0.0,0.0,120.31,0.0,589352
2023-08-15 02:00:00,00000001250,20230815020000,0.08,0.078,0.0,0.0,0.0,0.0,1.0,4,0.0,0.0,97.5,0.0,589352
2023-08-15 03:00:00,00000001250,20230815030000,0.063,0.078,0.0,0.0,0.0,0.0,1.0,4,0.0,0.0,123.81,0.0,589352
2023-08-15 04:00:00,00000001250,20230815040000,0.063,0.078,0.0,0.0,0.0,0.0,1.0,4,0.0,0.0,123.81,0.0,589352
2023-08-15 05:00:00,00000001250,20230815050000,0.065,0.08,0.0,0.0,0.0,0.0,1.0,4,0.0,0.0,123.08,0.0,589352
2023-08-15 06:00:00,00000001250,20230815060000,0.071,0.077,0.0,0.0,0.0,0.0,1.0,4,0.0,0.0,108.45,0.0,589352
2023-08-15 07:00:00,00000001250,20230815070000,0.077,0.096,0.0,0.0,0.0,0.0,1.0,4,0.0,0.0,124.68,0.0,589352
2023-08-15 08:00:00,00000001250,20230815080000,0.071,0.08,0.0,0.0,0.0,0.0,1.0,4,0.0,0.0,112.68,0.0,589352
2023-08-15 09:00:00,00000001250,20230815090000,0.067,0.074,0.0,0.0,0.0,0.0,1.0,4,0.0,0.0,110.45,0.0,589352
2023-08-15 10:00:00,00000001250,20230815100000,0.082,0.094,0.0,0.0,0.0,0.0,1.0,4,0.0,0.0,114.63,0.0,589352
2023-08-15 11:00:00,00000001250,20230815110000,0.122,0.141,0.0,0.0,0.0,0.0,1.0,4,0.0,0.0,115.57,0.0,589352
2023-08-15 12:00:00,00000001250,20230815120000,0.092,0.107,0.0,0.0,0.0,0.0,1.0,4,0.0,0.0,116.3,0.0,589352
2023-08-15 13:00:00,00000001250,20230815130000,0.091,0.107,0.0,0.0,0.0,0.0,1.0,4,0.0,0.0,117.58,0.0,589352
2023-08-15 14:00:00,00000001250,20230815140000,0.085,0.097,0.0,0.0,0.0,0.0,1.0,4,0.0,0.0,114.12,0.0,589352
2023-08-15 15:00:00,00000001250,20230815150000,0.071,0.08,0.0,0.0,0.0,0.0,1.0,4,0.0,0.0,112.68,0.0,589352
2023-08-15 16:00:00,00000001250,20230815160000,0.095,0.108,0.0,0.0,0.0,0.0,1.0,4,0.0,0.0,113.68,0.0,589352
2023-08-15 17:00:00,00000001250,20230815170000,0.067,0.074,0.0,0.0,0.0,0.0,1.0,4,0.0,0.0,110.45,0.0,589352
2023-08-15 18:00:00,00000001250,20230815180000,0.092,0.102,0.0,0.0,0.0,0.0,1.0,4,0.0,0.0,110.87,0.0,589352
2023-08-15 19:00:00,00000001250,20230815190000,0.056,0.062,0.0,0.0,0.0,0.0,1.0,4,0.0,0.0,110.71,0.0,589352
2023-08-15 20:00:00,00000001250,20230815200000,0.098,0.099,0.0,0.0,0.0,0.0,1.0,4,0.0,0.0,101.02,0.0,589352
2023-08-15 21:00:00,00000001250,20230815210000,0.055,0.058,0.0,0.0,0.0,0.0,1.0,4,0.0,0.0,105.45,0.0,589352
2023-08-15 22:00:00,00000001250,20230815220000,0.115,0.1,0.001,0.0,0.0,0.0,1.0,4,0.0,0.0,86.96,0.87,589352
2023-08-15 23:00:00,00000001250,20230815230000,0.059,0.065,0.0,0.0,0.0,0.0,1.0,4,0.0,0.0,110.17,0.0,589352
2023-08-16 00:00:00,00000001250,20230816000000,0.059,0.065,0.0,0.0,0.0,0.0,1.0,4,0.0,0.0,110.17,0.0,589352
2023-08-16 01:00:00,00000001250,20230816010000,0.058,0.068,0.0,0.0,0.0,0.0,1.0,4,0.0,0.0,117.24,0.0,589352
2023-08-16 02:00:00,00000001250,20230816020000,0.069,0.08,0.0,0.0,0.0,0.0,1.0,4,0.0,0.0,115.94,0.0,589352
2023-08-16 03:00:00,00000001250,20230816030000,0.069,0.081,0.0,0.0,0.0,0.0,1.0,4,0.0,0.0,117.39,0.0,589352
2023-08-16 04:00:00,00000001250,20230816040000,0.067,0.08,0.0,0.0,0.0,0.0,1.0,4,0.0,0.0,119.4,0.0,589352
2023-08-16 05:00:00,00000001250,20230816050000,0.063,0.074,0.0,0.0,0.0,0.0,1.0,4,0.0,0.0,117.46,0.0,589352
2023-08-16 06:00:00,00000001250,20230816060000,0.057,0.068,0.0,0.0,0.0,0.0,1.0,4,0.0,0.0,119.3,0.0,589352
2023-08-16 07:00:00,00000001250,20230816070000,0.083,0.074,0.0,0.0,0.0,0.0,1.0,4,0.0,0.0,89.16,0.0,589352
2023-08-16 08:00:00,00000001250,20230816080000,0.093,0.112,0.0,0.0,0.0,0.0,1.0,4,0.0,0.0,120.43,0.0,589352
2023-08-16 09:00:00,00000001250,20230816090000,0.055,0.064,0.0,0.0,0.0,0.0,1.0,4,0.0,0.0,116.36,0.0,589352
2023-08-16 10:00:00,00000001250,20230816100000,0.073,0.082,0.0,0.0,0.0,0.0,1.0,4,0.0,0.0,112.33,0.0,589352
2023-08-16 11:00:00,00000001250,20230816110000,0.086,0.085,0.0,0.0,0.0,0.0,1.0,4,0.0,0.0,98.84,0.0,589352
2023-08-16 12:00:00,00000001250,20230816120000,0.058,0.062,0.0,0.0,0.0,0.0,1.0,4,0.0,0.0,106.9,0.0,589352
2023-08-16 13:00:00,00000001250,20230816130000,0.095,0.105,0.0,0.0,0.0,0.0,1.0,4,0.0,0.0,110.53,0.0,589352
2023-08-16 14:00:00,00000001250,20230816140000,0.089,0.1,0.0,0.0,0.0,0.0,1.0,4,0.0,0.0,112.36,0.0,589352
2023-08-16 15:00:00,00000001250,20230816150000,0.089,0.104,0.0,0.0,0.0,0.0,1.0,4,0.0,0.0,116.85,0.0,589352
2023-08-16 16:00:00,00000001250,20230816160000,0.143,0.146,0.0,0.0,0.0,0.0,1.0,4,0.0,0.0,102.1,0.0,589352
2023-08-16 17:00:00,00000001250,20230816170000,0.084,0.098,0.0,0.0,0.0,0.0,1.0,4,0.0,0.0,116.67,0.0,589352
2023-08-16 18:00:00,00000001250,20230816180000,0.089,0.099,0.0,0.0,0.0,0.0,1.0,4,0.0,0.0,111.24,0.0,589352
2023-08-16 19:00:00,00000001250,20230816190000,0.074,0.08,0.0,0.0,0.0,0.0,1.0,4,0.0,0.0,108.11,0.0,589352
2023-08-16 20:00:00,00000001250,20230816200000,0.068,0.069,0.0,0.0,0.0,0.0,1.0,4,0.0,0.0,101.47,0.0,589352
2023-08-16 21:00:00,00000001250,20230816210000,0.07,0.072,0.0,0.0,0.0,0.0,1.0,4,0.0,0.0,102.86,0.0,589352
2023-08-16 22:00:00,00000001250,20230816220000,0.082,0.083,0.0,0.0,0.0,0.0,1.0,4,0.0,0.0,101.22,0.0,589352
2023-08-16 23:00:00,00000001250,20230816230000,0.08,0.078,0.0,0.0,0.0,0.0,1.0,4,0.0,0.0,97.5,0.0,589352
2023-08-17 00:00:00,00000001250,20230817000000,0.08,0.089,0.0,0.0,0.0,0.0,1.0,4,0.0,0.0,111.25,0.0,589352
2023-08-17 01:00:00,00000001250,20230817010000,0.054,0.061,0.0,0.0,0.0,0.0,1.0,4,0.0,0.0,112.96,0.0,589352
2023-08-17 02:00:00,00000001250,20230817020000,0.068,0.081,0.0,0.0,0.0,0.0,1.0,4,0.0,0.0,119.12,0.0,589352
2023-08-17 03:00:00,00000001250,20230817030000,0.074,0.087,0.0,0.0,0.0,0.0,1.0,4,0.0,0.0,117.57,0.0,589352
2023-08-17 04:00:00,00000001250,20230817040000,0.056,0.064,0.0,0.0,0.0,0.0,1.0,4,0.0,0.0,114.29,0.0,589352
2023-08-17 05:00:00,00000001250,20230817050000,0.051,0.063,0.0,0.0,0.0,0.0,1.0,4,0.0,0.0,123.53,0.0,589352
2023-08-17 06:00:00,00000001250,20230817060000,0.079,0.08,0.0,0.0,0.0,0.0,1.0,4,0.0,0.0,101.27,0.0,589352
2023-08-17 07:00:00,00000001250,20230817070000,0.108,0.109,0.0,0.0,0.0,0.0,1.0,4,0.0,0.0,100.93,0.0,589352
2023-08-17 08:00:00,00000001250,20230817080000,0.086,0.099,0.0,0.0,0.0,0.0,1.0,4,0.0,0.0,115.12,0.0,589352
2023-08-17 09:00:00,00000001250,20230817090000,0.059,0.069,0.0,0.0,0.0,0.0,1.0,4,0.0,0.0,116.95,0.0,589352
2023-08-17 10:00:00,00000001250,20230817100000,0.062,0.071,0.0,0.0,0.0,0.0,1.0,4,0.0,0.0,114.52,0.0,589352
2023-08-17 11:00:00,00000001250,20230817110000,0.087,0.099,0.0,0.0,0.0,0.0,1.0,4,0.0,0.0,113.79,0.0,589352
2023-08-17 12:00:00,00000001250,20230817120000,0.081,0.083,0.0,0.0,0.0,0.0,1.0,4,0.0,0.0,102.47,0.0,589352
2023-08-17 13:00:00,00000001250,20230817130000,0.08,0.082,0.0,0.0,0.0,0.0,1.0,4,0.0,0.0,102.5,0.0,589352
2023-08-17 14:00:00,00000001250,20230817140000,0.065,0.066,0.0,0.0,0.0,0.0,1.0,4,0.0,0.0,101.54,0.0,589352
2023-08-17 15:00:00,00000001250,20230817150000,0.064,0.063,0.0,0.0,0.0,0.0,1.0,4,0.0,0.0,98.44,0.0,589352
2023-08-17 16:00:00,00000001250,20230817160000,0.067,0.066,0.0,0.0,0.0,0.0,1.0,4,0.0,0.0,98.51,0.0,589352
2023-08-17 17:00:00,00000001250,20230817170000,0.061,0.061,0.0,0.0,0.0,0.0,1.0,4,0.0,0.0,100.0,0.0,589352
2023-08-17 18:00:00,00000001250,20230817180000,0.08,0.078,0.0,0.0,0.0,0.0,1.0,4,0.0,0.0,97.5,0.0,589352
2023-08-17 19:00:00,00000001250,20230817190000,0.077,0.074,0.0,0.0,0.0,0.0,1.0,4,0.0,0.0,96.1,0.0,589352
2023-08-17 20:00:00,00000001250,20230817200000,0.064,0.062,0.0,0.0,0.0,0.0,1.0,4,0.0,0.0,96.88,0.0,589352
2023-08-17 21:00:00,00000001250,20230817210000,0.062,0.061,0.0,0.0,0.0,0.0,1.0,4,0.0,0.0,98.39,0.0,589352
2023-08-17 22:00:00,00000001250,20230817220000,0.07,0.061,0.0,0.0,0.0,0.0,1.0,4,0.0,0.0,87.14,0.0,589352
2023-08-17 23:00:00,00000001250,20230817230000,0.075,0.066,0.0,0.0,0.0,0.0,1.0,4,0.0,0.0,88.0,0.0,589352
2023-08-18 00:00:00,00000001250,20230818000000,0.06,0.062,0.0,0.0,0.0,0.0,1.0,4,0.0,0.0,103.33,0.0,589352
2023-08-18 01:00:00,00000001250,20230818010000,0.057,0.062,0.0,0.0,0.0,0.0,1.0,4,0.0,0.0,108.77,0.0,589352
2023-08-18 02:00:00,00000001250,20230818020000,0.055,0.059,0.0,0.0,0.0,0.0,1.0,4,0.0,0.0,107.27,0.0,589352
2023-08-18 03:00:00,00000001250,20230818030000,0.062,0.057,0.0,0.0,0.0,0.0,1.0,4,0.0,0.0,91.94,0.0,589352
2023-08-18 04:00:00,00000001250,20230818040000,0.051,0.056,0.0,0.0,0.0,0.0,1.0,4,0.0,0.0,109.8,0.0,589352
2023-08-18 05:00:00,00000001250,20230818050000,0.048,0.053,0.0,0.0,0.0,0.0,1.0,4,0.0,0.0,110.42,0.0,589352
2023-08-18 06:00:00,00000001250,20230818060000,0.047,0.052,0.0,0.0,0.0,0.0,1.0,4,0.0,0.0,110.64,0.0,589352
2023-08-18 07:00:00,00000001250,20230818070000,0.073,0.058,0.0,0.0,0.0,0.0,1.0,4,0.0,0.0,79.45,0.0,589352
2023-08-18 08:00:00,00000001250,20230818080000,0.063,0.071,0.0,0.0,0.0,0.0,1.0,4,0.0,0.0,112.7,0.0,589352
2023-08-18 09:00:00,00000001250,20230818090000,0.046,0.049,0.0,0.0,0.0,0.0,1.0,4,0.0,0.0,106.52,0.0,589352
2023-08-18 10:00:00,00000001250,20230818100000,0.046,0.048,0.0,0.0,0.0,0.0,1.0,4,0.0,0.0,104.35,0.0,589352
2023-08-18 11:00:00,00000001250,20230818110000,0.054,0.052,0.0,0.0,0.0,0.0,1.0,4,0.0,0.0,96.3,0.0,589352
2023-08-18 12:00:00,00000001250,20230818120000,0.094,0.054,0.006,0.0,0.0,0.0,1.0,4,0.0,0.0,57.45,6.38,589352
2023-08-18 13:00:00,00000001250,20230818130000,0.06,0.06,0.0,0.0,0.0,0.0,1.0,4,0.0,0.0,100.0,0.0,589352
2023-08-18 14:00:00,00000001250,20230818140000,0.07,0.069,0.0,0.0,0.0,0.0,1.0,4,0.0,0.0,98.57,0.0,589352
2023-08-18 15:00:00,00000001250,20230818150000,0.119,0.074,0.005,0.0,0.0,0.0,1.0,4,0.0,0.0,62.18,4.2,589352
2023-08-18 16:00:00,00000001250,20230818160000,0.069,0.066,0.0,0.0,0.0,0.0,1.0,4,0.0,0.0,95.65,0.0,589352
2023-08-18 17:00:00,00000001250,20230818170000,0.059,0.056,0.0,0.0,0.0,0.0,1.0,4,0.0,0.0,94.92,0.0,589352
2023-08-18 18:00:00,00000001250,20230818180000,0.047,0.045,0.0,0.0,0.0,0.0,1.0,4,0.0,0.0,95.74,0.0,589352
2023-08-18 19:00:00,00000001250,20230818190000,0.062,0.061,0.0,0.0,0.0,0.0,1.0,4,0.0,0.0,98.39,0.0,589352
2023-08-18 20:00:00,00000001250,20230818200000,0.061,0.057,0.0,0.0,0.0,0.0,1.0,4,0.0,0.0,93.44,0.0,589352
2023-08-18 21:00:00,00000001250,20230818210000,0.059,0.056,0.0,0.0,0.0,0.0,1.0,4,0.0,0.0,94.92,0.0,589352
2023-08-18 22:00:00,00000001250,20230818220000,0.051,0.046,0.0,0.0,0.0,0.0,1.0,4,0.0,0.0,90.2,0.0,589352
2023-08-18 23:00:00,00000001250,20230818230000,0.067,0.045,0.003,0.0,0.0,0.0,1.0,4,0.0,0.0,67.16,4.48,589352
2023-08-19 00:00:00,00000001250,20230819000000,0.052,0.053,0.0,0.0,0.0,0.0,1.0,4,0.0,0.0,101.92,0.0,589352
2023-08-19 01:00:00,00000001250,20230819010000,0.054,0.057,0.0,0.0,0.0,0.0,1.0,4,0.0,0.0,105.56,0.0,589352
2023-08-19 02:00:00,00000001250,20230819020000,0.053,0.057,0.0,0.0,0.0,0.0,1.0,4,0.0,0.0,107.55,0.0,589352
2023-08-19 03:00:00,00000001250,20230819030000,0.059,0.054,0.0,0.0,0.0,0.0,1.0,4,0.0,0.0,91.53,0.0,589352
2023-08-19 04:00:00,00000001250,20230819040000,0.034,0.037,0.0,0.0,0.0,0.0,1.0,4,0.0,0.0,108.82,0.0,589352
2023-08-19 05:00:00,00000001250,20230819050000,0.044,0.049,0.0,0.0,0.0,0.0,1.0,4,0.0,0.0,111.36,0.0,589352
2023-08-19 06:00:00,00000001250,20230819060000,0.051,0.056,0.0,0.0,0.0,0.0,1.0,4,0.0,0.0,109.8,0.0,589352
2023-08-19 07:00:00,00000001250,20230819070000,0.054,0.056,0.0,0.0,0.0,0.0,1.0,4,0.0,0.0,103.7,0.0,589352
2023-08-19 08:00:00,00000001250,20230819080000,0.086,0.055,0.0,0.0,0.0,0.0,1.0,4,0.0,0.0,63.95,0.0,589352
2023-08-19 09:00:00,00000001250,20230819090000,0.052,0.042,0.0,0.0,0.0,0.0,1.0,4,0.0,0.0,80.77,0.0,589352
2023-08-19 10:00:00,00000001250,20230819100000,0.077,0.05,0.005,0.0,0.0,0.0,1.0,4,0.0,0.0,64.94,6.49,589352
2023-08-19 11:00:00,00000001250,20230819110000,0.053,0.055,0.0,0.0,0.0,0.0,1.0,4,0.0,0.0,103.77,0.0,589352
2023-08-19 12:00:00,00000001250,20230819120000,0.065,0.066,0.0,0.0,0.0,0.0,1.0,4,0.0,0.0,101.54,0.0,589352
2023-08-19 13:00:00,00000001250,20230819130000,0.042,0.042,0.0,0.0,0.0,0.0,1.0,4,0.0,0.0,100.0,0.0,589352
2023-08-19 14:00:00,00000001250,20230819140000,0.066,0.067,0.0,0.0,0.0,0.0,1.0,4,0.0,0.0,101.52,0.0,589352
2023-08-19 15:00:00,00000001250,20230819150000,0.067,0.067,0.0,0.0,0.0,0.0,1.0,4,0.0,0.0,100.0,0.0,589352
2023-08-19 16:00:00,00000001250,20230819160000,0.08,0.08,0.0,0.0,0.0,0.0,1.0,4,0.0,0.0,100.0,0.0,589352
2023-08-19 17:00:00,00000001250,20230819170000,0.055,0.053,0.0,0.0,0.0,0.0,1.0,4,0.0,0.0,96.36,0.0,589352
2023-08-19 18:00:00,00000001250,20230819180000,0.054,0.054,0.0,0.0,0.0,0.0,1.0,4,0.0,0.0,100.0,0.0,589352
2023-08-19 19:00:00,00000001250,20230819190000,0.074,0.061,0.0,0.0,0.0,0.0,1.0,4,0.0,0.0,82.43,0.0,589352
2023-08-19 20:00:00,00000001250,20230819200000,0.05,0.045,0.0,0.0,0.0,0.0,1.0,4,0.0,0.0,90.0,0.0,589352
2023-08-19 21:00:00,00000001250,20230819210000,0.042,0.042,0.0,0.0,0.0,0.0,1.0,4,0.0,0.0,100.0,0.0,589352
2023-08-19 22:00:00,00000001250,20230819220000,0.058,0.057,0.0,0.0,0.0,0.0,1.0,4,0.0,0.0,98.28,0.0,589352
2023-08-19 23:00:00,00000001250,20230819230000,0.075,0.06,0.002,0.0,0.0,0.0,1.0,4,0.0,0.0,80.0,2.67,589352
2023-08-20 00:00:00,00000001250,20230820000000,0.032,0.032,0.0,0.0,0.0,0.0,1.0,4,0.0,0.0,100.0,0.0,589352
2023-08-20 01:00:00,00000001250,20230820010000,0.053,0.057,0.0,0.0,0.0,0.0,1.0,4,0.0,0.0,107.55,0.0,589352
2023-08-20 02:00:00,00000001250,20230820020000,0.055,0.058,0.0,0.0,0.0,0.0,1.0,4,0.0,0.0,105.45,0.0,589352
2023-08-20 03:00:00,00000001250,20230820030000,0.028,0.031,0.0,0.0,0.0,0.0,1.0,4,0.0,0.0,110.71,0.0,589352
2023-08-20 04:00:00,00000001250,20230820040000,0.052,0.057,0.0,0.0,0.0,0.0,1.0,4,0.0,0.0,109.62,0.0,589352
2023-08-20 05:00:00,00000001250,20230820050000,0.054,0.058,0.0,0.0,0.0,0.0,1.0,4,0.0,0.0,107.41,0.0,589352
2023-08-20 06:00:00,00000001250,20230820060000,0.027,0.029,0.0,0.0,0.0,0.0,1.0,4,0.0,0.0,107.41,0.0,589352
2023-08-20 07:00:00,00000001250,20230820070000,0.066,0.058,0.0,0.0,0.0,0.0,1.0,4,0.0,0.0,87.88,0.0,589352
2023-08-20 08:00:00,00000001250,20230820080000,0.061,0.061,0.0,0.0,0.0,0.0,1.0,4,0.0,0.0,100.0,0.0,589352
2023-08-20 09:00:00,00000001250,20230820090000,0.044,0.046,0.0,0.0,0.0,0.0,1.0,4,0.0,0.0,104.55,0.0,589352
2023-08-20 10:00:00,00000001250,20230820100000,0.045,0.048,0.0,0.0,0.0,0.0,1.0,4,0.0,0.0,106.67,0.0,589352
2023-08-20 11:00:00,00000001250,20230820110000,0.114,0.06,0.003,0.0,0.0,0.0,1.0,4,0.0,0.0,52.63,2.63,589352
2023-08-20 12:00:00,00000001250,20230820120000,0.069,0.071,0.0,0.0,0.0,0.0,1.0,4,0.0,0.0,102.9,0.0,589352
2023-08-20 13:00:00,00000001250,20230820130000,0.25,0.083,0.0,0.0,0.0,0.0,1.0,4,0.0,0.0,33.2,0.0,589352
2023-08-20 14:00:00,00000001250,20230820140000,0.291,0.065,0.0,0.0,0.0,0.0,1.0,4,0.0,0.0,22.34,0.0,589352
2023-08-20 15:00:00,00000001250,20230820150000,0.155,0.05,0.0,0.0,0.0,0.0,1.0,4,0.0,0.0,32.26,0.0,589352
2023-08-20 16:00:00,00000001250,20230820160000,0.135,0.087,0.0,0.0,0.0,0.0,1.0,4,0.0,0.0,64.44,0.0,589352
2023-08-20 17:00:00,00000001250,20230820170000,0.061,0.059,0.0,0.0,0.0,0.0,1.0,4,0.0,0.0,96.72,0.0,589352
2023-08-20 18:00:00,00000001250,20230820180000,0.098,0.046,0.0,0.0,0.0,0.0,1.0,4,0.0,0.0,46.94,0.0,589352
2023-08-20 19:00:00,00000001250,20230820190000,0.071,0.069,0.0,0.0,0.0,0.0,1.0,4,0.0,0.0,97.18,0.0,589352
2023-08-20 20:00:00,00000001250,20230820200000,0.064,0.047,0.002,0.0,0.0,0.0,1.0,4,0.0,0.0,73.44,3.12,589352
2023-08-20 21:00:00,00000001250,20230820210000,0.147,0.062,0.01,0.0,0.0,0.0,1.0,4,0.0,0.0,42.18,6.8,589352
2023-08-20 22:00:00,00000001250,20230820220000,0.087,0.068,0.001,0.0,0.0,0.0,1.0,4,0.0,0.0,78.16,1.15,589352
2023-08-20 23:00:00,00000001250,20230820230000,0.032,0.033,0.0,0.0,0.0,0.0,1.0,4,0.0,0.0,103.12,0.0,589352
2023-08-21 00:00:00,00000001250,20230821000000,0.064,0.065,0.0,0.0,0.0,0.0,1.0,4,0.0,0.0,101.56,0.0,589352
2023-08-21 01:00:00,00000001250,20230821010000,0.053,0.048,0.0,0.0,0.0,0.0,1.0,4,0.0,0.0,90.57,0.0,589352
2023-08-21 02:00:00,00000001250,20230821020000,0.045,0.048,0.0,0.0,0.0,0.0,1.0,4,0.0,0.0,106.67,0.0,589352
2023-08-21 03:00:00,00000001250,20230821030000,0.06,0.065,0.0,0.0,0.0,0.0,1.0,4,0.0,0.0,108.33,0.0,589352
2023-08-21 04:00:00,00000001250,20230821040000,0.029,0.031,0.0,0.0,0.0,0.0,1.0,4,0.0,0.0,106.9,0.0,589352
2023-08-21 05:00:00,00000001250,20230821050000,0.058,0.063,0.0,0.0,0.0,0.0,1.0,4,0.0,0.0,108.62,0.0,589352
2023-08-21 06:00:00,00000001250,20230821060000,0.031,0.033,0.0,0.0,0.0,0.0,1.0,4,0.0,0.0,106.45,0.0,589352
2023-08-21 07:00:00,00000001250,20230821070000,0.064,0.061,0.0,0.0,0.0,0.0,1.0,4,0.0,0.0,95.31,0.0,589352
2023-08-21 08:00:00,00000001250,20230821080000,0.059,0.05,0.0,0.0,0.0,0.0,1.0,4,0.0,0.0,84.75,0.0,589352
2023-08-21 09:00:00,00000001250,20230821090000,0.052,0.047,0.0,0.0,0.0,0.0,1.0,4,0.0,0.0,90.38,0.0,589352
2023-08-21 10:00:00,00000001250,20230821100000,0.074,0.067,0.0,0.0,0.0,0.0,1.0,4,0.0,0.0,90.54,0.0,589352
2023-08-21 11:00:00,00000001250,20230821110000,0.048,0.046,0.0,0.0,0.0,0.0,1.0,4,0.0,0.0,95.83,0.0,589352
2023-08-21 12:00:00,00000001250,20230821120000,0.081,0.084,0.0,0.0,0.0,0.0,1.0,4,0.0,0.0,103.7,0.0,589352
2023-08-21 13:00:00,00000001250,20230821130000,0.061,0.057,0.0,0.0,0.0,0.0,1.0,4,0.0,0.0,93.44,0.0,589352
2023-08-21 14:00:00,00000001250,20230821140000,0.086,0.083,0.0,0.0,0.0,0.0,1.0,4,0.0,0.0,96.51,0.0,589352
2023-08-21 15:00:00,00000001250,20230821150000,0.082,0.081,0.0,0.0,0.0,0.0,1.0,4,0.0,0.0,98.78,0.0,589352
2023-08-21 16:00:00,00000001250,20230821160000,0.552,0.066,0.0,0.0,0.0,0.0,1.0,4,0.0,0.0,11.96,0.0,589352
2023-08-21 17:00:00,00000001250,20230821170000,0.087,0.085,0.0,0.0,0.0,0.0,1.0,4,0.0,0.0,97.7,0.0,589352
2023-08-21 18:00:00,00000001250,20230821180000,0.043,0.042,0.0,0.0,0.0,0.0,1.0,4,0.0,0.0,97.67,0.0,589352
2023-08-21 19:00:00,00000001250,20230821190000,0.082,0.08,0.0,0.0,0.0,0.0,1.0,4,0.0,0.0,97.56,0.0,589352
2023-08-21 20:00:00,00000001250,20230821200000,0.043,0.039,0.0,0.0,0.0,0.0,1.0,4,0.0,0.0,90.7,0.0,589352
2023-08-21 21:00:00,00000001250,20230821210000,0.099,0.081,0.001,0.0,0.0,0.0,1.0,4,0.0,0.0,81.82,1.01,589352
2023-08-21 22:00:00,00000001250,20230821220000,0.079,0.049,0.003,0.0,0.0,0.0,1.0,4,0.0,0.0,62.03,3.8,589352
2023-08-21 23:00:00,00000001250,20230821230000,0.064,0.066,0.0,0.0,0.0,0.0,1.0,4,0.0,0.0,103.12,0.0,589352
2023-08-22 00:00:00,00000001250,20230822000000,0.049,0.049,0.0,0.0,0.0,0.0,1.0,4,0.0,0.0,100.0,0.0,589352
2023-08-22 01:00:00,00000001250,20230822010000,0.055,0.058,0.0,0.0,0.0,0.0,1.0,4,0.0,0.0,105.45,0.0,589352
2023-08-22 02:00:00,00000001250,20230822020000,0.054,0.055,0.0,0.0,0.0,0.0,1.0,4,0.0,0.0,101.85,0.0,589352
2023-08-22 03:00:00,00000001250,20230822030000,0.046,0.048,0.0,0.0,0.0,0.0,1.0,4,0.0,0.0,104.35,0.0,589352
2023-08-22 04:00:00,00000001250,20230822040000,0.057,0.06,0.0,0.0,0.0,0.0,1.0,4,0.0,0.0,105.26,0.0,589352
2023-08-22 05:00:00,00000001250,20230822050000,0.038,0.042,0.0,0.0,0.0,0.0,1.0,4,0.0,0.0,110.53,0.0,589352
2023-08-22 06:00:00,00000001250,20230822060000,0.069,0.061,0.0,0.0,0.0,0.0,1.0,4,0.0,0.0,88.41,0.0,589352
2023-08-22 07:00:00,00000001250,20230822070000,0.042,0.04,0.0,0.0,0.0,0.0,1.0,4,0.0,0.0,95.24,0.0,589352
2023-08-22 08:00:00,00000001250,20230822080000,0.057,0.059,0.0,0.0,0.0,0.0,1.0,4,0.0,0.0,103.51,0.0,589352
2023-08-22 09:00:00,00000001250,20230822090000,0.037,0.036,0.0,0.0,0.0,0.0,1.0,4,0.0,0.0,97.3,0.0,589352
2023-08-22 10:00:00,00000001250,20230822100000,0.071,0.067,0.0,0.0,0.0,0.0,1.0,4,0.0,0.0,94.37,0.0,589352
2023-08-22 11:00:00,00000001250,20230822110000,0.039,0.036,0.0,0.0,0.0,0.0,1.0,4,0.0,0.0,92.31,0.0,589352
2023-08-22 12:00:00,00000001250,20230822120000,0.073,0.071,0.0,0.0,0.0,0.0,1.0,4,0.0,0.0,97.26,0.0,589352
2023-08-22 13:00:00,00000001250,20230822130000,0.048,0.049,0.0,0.0,0.0,0.0,1.0,4,0.0,0.0,102.08,0.0,589352
2023-08-22 14:00:00,00000001250,20230822140000,0.064,0.06,0.0,0.0,0.0,0.0,1.0,4,0.0,0.0,93.75,0.0,589352
2023-08-22 15:00:00,00000001250,20230822150000,0.087,0.087,0.0,0.0,0.0,0.0,1.0,4,0.0,0.0,100.0,0.0,589352
2023-08-22 16:00:00,00000001250,20230822160000,0.053,0.051,0.0,0.0,0.0,0.0,1.0,4,0.0,0.0,96.23,0.0,589352
2023-08-22 17:00:00,00000001250,20230822170000,0.075,0.073,0.0,0.0,0.0,0.0,1.0,4,0.0,0.0,97.33,0.0,589352
2023-08-22 18:00:00,00000001250,20230822180000,0.058,0.057,0.0,0.0,0.0,0.0,1.0,4,0.0,0.0,98.28,0.0,589352
2023-08-22 19:00:00,00000001250,20230822190000,0.076,0.074,0.0,0.0,0.0,0.0,1.0,4,0.0,0.0,97.37,0.0,589352
2023-08-22 20:00:00,00000001250,20230822200000,0.09,0.084,0.0,0.0,0.0,0.0,1.0,4,0.0,0.0,93.33,0.0,589352
2023-08-22 21:00:00,00000001250,20230822210000,0.095,0.08,0.001,0.0,0.0,0.0,1.0,4,0.0,0.0,84.21,1.05,589352
2023-08-22 22:00:00,00000001250,20230822220000,0.054,0.044,0.0,0.0,0.0,0.0,1.0,4,0.0,0.0,81.48,0.0,589352
2023-08-22 23:00:00,00000001250,20230822230000,0.062,0.059,0.0,0.0,0.0,0.0,1.0,4,0.0,0.0,95.16,0.0,589352
2023-08-23 00:00:00,00000001250,20230823000000,0.055,0.056,0.0,0.0,0.0,0.0,1.0,4,0.0,0.0,101.82,0.0,589352
2023-08-23 01:00:00,00000001250,20230823010000,0.045,0.045,0.0,0.0,0.0,0.0,1.0,4,0.0,0.0,100.0,0.0,589352
2023-08-23 02:00:00,00000001250,20230823020000,0.065,0.067,0.0,0.0,0.0,0.0,1.0,4,0.0,0.0,103.08,0.0,589352
2023-08-23 03:00:00,00000001250,20230823030000,0.035,0.037,0.0,0.0,0.0,0.0,1.0,4,0.0,0.0,105.71,0.0,589352
2023-08-23 04:00:00,00000001250,20230823040000,0.079,0.073,0.0,0.0,0.0,0.0,1.0,4,0.0,0.0,92.41,0.0,589352
2023-08-23 05:00:00,00000001250,20230823050000,0.035,0.036,0.0,0.0,0.0,0.0,1.0,4,0.0,0.0,102.86,0.0,589352
2023-08-23 06:00:00,00000001250,20230823060000,0.057,0.059,0.0,0.0,0.0,0.0,1.0,4,0.0,0.0,103.51,0.0,589352
2023-08-23 07:00:00,00000001250,20230823070000,0.054,0.047,0.0,0.0,0.0,0.0,1.0,4,0.0,0.0,87.04,0.0,589352
2023-08-23 08:00:00,00000001250,20230823080000,0.071,0.048,0.0,0.0,0.0,0.0,1.0,4,0.0,0.0,67.61,0.0,589352
2023-08-23 09:00:00,00000001250,20230823090000,0.092,0.064,0.0,0.0,0.0,0.0,1.0,4,0.0,0.0,69.57,0.0,589352
2023-08-23 10:00:00,00000001250,20230823100000,0.038,0.033,0.0,0.0,0.0,0.0,1.0,4,0.0,0.0,86.84,0.0,589352
2023-08-23 11:00:00,00000001250,20230823110000,0.076,0.071,0.0,0.0,0.0,0.0,1.0,4,0.0,0.0,93.42,0.0,589352
2023-08-23 12:00:00,00000001250,20230823120000,0.038,0.038,0.0,0.0,0.0,0.0,1.0,4,0.0,0.0,100.0,0.0,589352
2023-08-23 13:00:00,00000001250,20230823130000,0.063,0.059,0.0,0.0,0.0,0.0,1.0,4,0.0,0.0,93.65,0.0,589352
2023-08-23 14:00:00,00000001250,20230823140000,0.092,0.088,0.0,0.0,0.0,0.0,1.0,4,0.0,0.0,95.65,0.0,589352
2023-08-23 15:00:00,00000001250,20230823150000,0.07,0.068,0.0,0.0,0.0,0.0,1.0,4,0.0,0.0,97.14,0.0,589352
2023-08-23 16:00:00,00000001250,20230823160000,0.053,0.05,0.0,0.0,0.0,0.0,1.0,4,0.0,0.0,94.34,0.0,589352
2023-08-23 17:00:00,00000001250,20230823170000,0.093,0.087,0.0,0.0,0.0,0.0,1.0,4,0.0,0.0,93.55,0.0,589352
2023-08-23 18:00:00,00000001250,20230823180000,0.069,0.068,0.0,0.0,0.0,0.0,1.0,4,0.0,0.0,98.55,0.0,589352
2023-08-23 19:00:00,00000001250,20230823190000,0.063,0.059,0.0,0.0,0.0,0.0,1.0,4,0.0,0.0,93.65,0.0,589352
2023-08-23 20:00:00,00000001250,20230823200000,0.082,0.071,0.001,0.0,0.0,0.0,1.0,4,0.0,0.0,86.59,1.22,589352
2023-08-23 21:00:00,00000001250,20230823210000,0.06,0.04,0.003,0.0,0.0,0.0,1.0,4,0.0,0.0,66.67,5.0,589352
2023-08-23 22:00:00,00000001250,20230823220000,0.14,0.066,0.003,0.0,0.0,0.0,1.0,4,0.0,0.0,47.14,2.14,589352
2023-08-23 23:00:00,00000001250,20230823230000,0.037,0.036,0.0,0.0,0.0,0.0,1.0,4,0.0,0.0,97.3,0.0,589352
2023-08-24 00:00:00,00000001250,20230824000000,0.063,0.062,0.0,0.0,0.0,0.0,1.0,4,0.0,0.0,98.41,0.0,589352
2023-08-24 01:00:00,00000001250,20230824010000,0.043,0.045,0.0,0.0,0.0,0.0,1.0,4,0.0,0.0,104.65,0.0,589352
2023-08-24 02:00:00,00000001250,20230824020000,0.048,0.048,0.0,0.0,0.0,0.0,1.0,4,0.0,0.0,100.0,0.0,589352
2023-08-24 03:00:00,00000001250,20230824030000,0.054,0.057,0.0,0.0,0.0,0.0,1.0,4,0.0,0.0,105.56,0.0,589352
2023-08-24 04:00:00,00000001250,20230824040000,0.033,0.035,0.0,0.0,0.0,0.0,1.0,4,0.0,0.0,106.06,0.0,589352
2023-08-24 05:00:00,00000001250,20230824050000,0.066,0.068,0.0,0.0,0.0,0.0,1.0,4,0.0,0.0,103.03,0.0,589352
2023-08-24 06:00:00,00000001250,20230824060000,0.032,0.035,0.0,0.0,0.0,0.0,1.0,4,0.0,0.0,109.38,0.0,589352
2023-08-24 07:00:00,00000001250,20230824070000,0.08,0.073,0.0,0.0,0.0,0.0,1.0,4,0.0,0.0,91.25,0.0,589352
2023-08-24 08:00:00,00000001250,20230824080000,0.055,0.042,0.0,0.0,0.0,0.0,1.0,4,0.0,0.0,76.36,0.0,589352
2023-08-24 09:00:00,00000001250,20230824090000,0.052,0.052,0.0,0.0,0.0,0.0,1.0,4,0.0,0.0,100.0,0.0,589352
2023-08-24 10:00:00,00000001250,20230824100000,0.052,0.052,0.0,0.0,0.0,0.0,1.0,4,0.0,0.0,100.0,0.0,589352
2023-08-24 11:00:00,00000001250,20230824110000,0.055,0.053,0.0,0.0,0.0,0.0,1.0,4,0.0,0.0,96.36,0.0,589352
2023-08-24 12:00:00,00000001250,20230824120000,0.072,0.072,0.0,0.0,0.0,0.0,1.0,4,0.0,0.0,100.0,0.0,589352
2023-08-24 13:00:00,00000001250,20230824130000,0.053,0.051,0.0,0.0,0.0,0.0,1.0,4,0.0,0.0,96.23,0.0,589352
2023-08-24 14:00:00,00000001250,20230824140000,0.089,0.088,0.0,0.0,0.0,0.0,1.0,4,0.0,0.0,98.88,0.0,589352
2023-08-24 15:00:00,00000001250,20230824150000,0.06,0.06,0.0,0.0,0.0,0.0,1.0,4,0.0,0.0,100.0,0.0,589352
2023-08-24 16:00:00,00000001250,20230824160000,0.075,0.068,0.0,0.0,0.0,0.0,1.0,4,0.0,0.0,90.67,0.0,589352
2023-08-24 17:00:00,00000001250,20230824170000,0.072,0.068,0.0,0.0,0.0,0.0,1.0,4,0.0,0.0,94.44,0.0,589352
2023-08-24 18:00:00,00000001250,20230824180000,0.093,0.088,0.0,0.0,0.0,0.0,1.0,4,0.0,0.0,94.62,0.0,589352
2023-08-24 19:00:00,00000001250,20230824190000,0.044,0.043,0.0,0.0,0.0,0.0,1.0,4,0.0,0.0,97.73,0.0,589352
2023-08-24 20:00:00,00000001250,20230824200000,0.064,0.056,0.0,0.0,0.0,0.0,1.0,4,0.0,0.0,87.5,0.0,589352
2023-08-24 21:00:00,00000001250,20230824210000,0.067,0.059,0.0,0.0,0.0,0.0,1.0,4,0.0,0.0,88.06,0.0,589352
2023-08-24 22:00:00,00000001250,20230824220000,0.037,0.009,0.002,0.0,0.0,0.0,1.0,4,0.0,0.0,24.32,5.41,589352
2023-08-24 23:00:00,00000001250,20230824230000,0.013,0.0,0.0,0.0,0.0,0.0,1.0,4,0.0,0.0,0.0,0.0,589352
2023-08-25 00:00:00,00000001250,20230825000000,0.007,0.001,0.0,0.0,0.0,0.0,1.0,4,0.0,0.0,14.29,0.0,589352
2023-08-25 01:00:00,00000001250,20230825010000,0.001,0.0,0.0,0.0,0.0,0.0,1.0,4,0.0,0.0,0.0,0.0,589352
2023-08-25 02:00:00,00000001250,20230825020000,0.0,0.0,0.0,0.0,0.0,0.0,1.0,4,0.0,0.0,,,589352
2023-08-25 03:00:00,00000001250,20230825030000,0.0,0.0,0.0,0.0,0.0,0.0,1.0,4,0.0,0.0,,,589352
2023-08-25 04:00:00,00000001250,20230825040000,0.0,0.0,0.0,0.0,0.0,0.0,1.0,4,0.0,0.0,,,589352
2023-08-25 05:00:00,00000001250,20230825050000,0.013,0.0,0.0,0.0,0.0,0.0,1.0,4,0.0,0.0,0.0,0.0,589352
2023-08-25 06:00:00,00000001250,20230825060000,0.0,0.0,0.0,0.0,0.0,0.0,1.0,4,0.0,0.0,,,589352
2023-08-25 07:00:00,00000001250,20230825070000,0.074,0.065,0.0,0.0,0.0,0.0,1.0,4,0.0,0.0,87.84,0.0,589352
2023-08-25 08:00:00,00000001250,20230825080000,0.078,0.088,0.0,0.0,0.0,0.0,1.0,4,0.0,0.0,112.82,0.0,589352
2023-08-25 09:00:00,00000001250,20230825090000,0.068,0.068,0.0,0.0,0.0,0.0,1.0,4,0.0,0.0,100.0,0.0,589352
2023-08-25 10:00:00,00000001250,20230825100000,0.074,0.074,0.0,0.0,0.0,0.0,1.0,4,0.0,0.0,100.0,0.0,589352
2023-08-25 11:00:00,00000001250,20230825110000,0.069,0.061,0.001,0.0,0.0,0.0,1.0,4,0.0,0.0,88.41,1.45,589352
2023-08-25 12:00:00,00000001250,20230825120000,0.064,0.062,0.0,0.0,0.0,0.0,1.0,4,0.0,0.0,96.88,0.0,589352
2023-08-25 13:00:00,00000001250,20230825130000,0.068,0.068,0.0,0.0,0.0,0.0,1.0,4,0.0,0.0,100.0,0.0,589352
2023-08-25 14:00:00,00000001250,20230825140000,0.069,0.066,0.0,0.0,0.0,0.0,1.0,4,0.0,0.0,95.65,0.0,589352
2023-08-25 15:00:00,00000001250,20230825150000,0.065,0.065,0.0,0.0,0.0,0.0,1.0,4,0.0,0.0,100.0,0.0,589352
2023-08-25 16:00:00,00000001250,20230825160000,0.065,0.065,0.0,0.0,0.0,0.0,1.0,4,0.0,0.0,100.0,0.0,589352
2023-08-25 17:00:00,00000001250,20230825170000,0.066,0.065,0.0,0.0,0.0,0.0,1.0,4,0.0,0.0,98.48,0.0,589352
2023-08-25 18:00:00,00000001250,20230825180000,0.177,0.06,0.01,0.0,0.0,0.0,1.0,4,0.0,0.0,33.9,5.65,589352
2023-08-25 19:00:00,00000001250,20230825190000,0.063,0.064,0.0,0.0,0.0,0.0,1.0,4,0.0,0.0,101.59,0.0,589352
2023-08-25 20:00:00,00000001250,20230825200000,0.068,0.058,0.0,0.0,0.0,0.0,1.0,4,0.0,0.0,85.29,0.0,589352
2023-08-25 21:00:00,00000001250,20230825210000,0.078,0.06,0.003,0.0,0.0,0.0,1.0,4,0.0,0.0,76.92,3.85,589352
2023-08-25 22:00:00,00000001250,20230825220000,0.009,0.006,0.0,0.0,0.0,0.0,1.0,4,0.0,0.0,66.67,0.0,589352
2023-08-25 23:00:00,00000001250,20230825230000,0.0,0.0,0.0,0.0,0.0,0.0,1.0,4,0.0,0.0,,,589352
2023-08-26 00:00:00,00000001250,20230826000000,0.0,0.0,0.0,0.0,0.0,0.0,1.0,4,0.0,0.0,,,589352
2023-08-26 01:00:00,00000001250,20230826010000,0.0,0.0,0.0,0.0,0.0,0.0,1.0,4,0.0,0.0,,,589352
2023-08-26 02:00:00,00000001250,20230826020000,0.0,0.0,0.0,0.0,0.0,0.0,1.0,4,0.0,0.0,,,589352
2023-08-26 03:00:00,00000001250,20230826030000,0.0,0.0,0.0,0.0,0.0,0.0,1.0,4,0.0,0.0,,,589352
2023-08-26 04:00:00,00000001250,20230826040000,0.0,0.0,0.0,0.0,0.0,0.0,1.0,4,0.0,0.0,,,589352
2023-08-26 05:00:00,00000001250,20230826050000,0.016,0.0,0.0,0.0,0.0,0.0,1.0,4,0.0,0.0,0.0,0.0,589352
2023-08-26 06:00:00,00000001250,20230826060000,0.0,0.0,0.0,0.0,0.0,0.0,1.0,4,0.0,0.0,,,589352
2023-08-26 07:00:00,00000001250,20230826070000,0.058,0.045,0.0,0.0,0.0,0.0,1.0,4,0.0,0.0,77.59,0.0,589352
2023-08-26 08:00:00,00000001250,20230826080000,0.104,0.108,0.0,0.0,0.0,0.0,1.0,4,0.0,0.0,103.85,0.0,589352
2023-08-26 09:00:00,00000001250,20230826090000,0.0,0.0,0.0,0.0,0.0,0.0,1.0,4,0.0,0.0,,,589352
2023-08-26 10:00:00,00000001250,20230826100000,0.0,0.0,0.0,0.0,0.0,0.0,1.0,4,0.0,0.0,,,589352
2023-08-26 11:00:00,00000001250,20230826110000,0.0,0.0,0.0,0.0,0.0,0.0,1.0,4,0.0,0.0,,,589352
2023-08-26 12:00:00,00000001250,20230826120000,0.076,0.053,0.0,0.0,0.0,0.0,1.0,4,0.0,0.0,69.74,0.0,589352
2023-08-26 13:00:00,00000001250,20230826130000,0.108,0.114,0.0,0.0,0.0,0.0,1.0,4,0.0,0.0,105.56,0.0,589352
2023-08-26 14:00:00,00000001250,20230826140000,0.094,0.096,0.0,0.0,0.0,0.0,1.0,4,0.0,0.0,102.13,0.0,589352
2023-08-26 15:00:00,00000001250,20230826150000,0.122,0.123,0.0,0.0,0.0,0.0,1.0,4,0.0,0.0,100.82,0.0,589352
2023-08-26 16:00:00,00000001250,20230826160000,0.091,0.09,0.0,0.0,0.0,0.0,1.0,4,0.0,0.0,98.9,0.0,589352
2023-08-26 17:00:00,00000001250,20230826170000,0.09,0.089,0.0,0.0,0.0,0.0,1.0,4,0.0,0.0,98.89,0.0,589352
2023-08-26 18:00:00,00000001250,20230826180000,0.082,0.08,0.0,0.0,0.0,0.0,1.0,4,0.0,0.0,97.56,0.0,589352
2023-08-26 19:00:00,00000001250,20230826190000,0.068,0.066,0.0,0.0,0.0,0.0,1.0,4,0.0,0.0,97.06,0.0,589352
2023-08-26 20:00:00,00000001250,20230826200000,0.057,0.055,0.0,0.0,0.0,0.0,1.0,4,0.0,0.0,96.49,0.0,589352
2023-08-26 21:00:00,00000001250,20230826210000,0.071,0.067,0.0,0.0,0.0,0.0,1.0,4,0.0,0.0,94.37,0.0,589352
2023-08-26 22:00:00,00000001250,20230826220000,0.054,0.054,0.0,0.0,0.0,0.0,1.0,4,0.0,0.0,100.0,0.0,589352
2023-08-26 23:00:00,00000001250,20230826230000,0.023,0.017,0.0,0.0,0.0,0.0,1.0,4,0.0,0.0,73.91,0.0,589352
2023-08-27 00:00:00,00000001250,20230827000000,0.0,0.0,0.0,0.0,0.0,0.0,1.0,4,0.0,0.0,,,589352
2023-08-27 01:00:00,00000001250,20230827010000,0.0,0.0,0.0,0.0,0.0,0.0,1.0,4,0.0,0.0,,,589352
2023-08-27 02:00:00,00000001250,20230827020000,0.0,0.0,0.0,0.0,0.0,0.0,1.0,4,0.0,0.0,,,589352
2023-08-27 03:00:00,00000001250,20230827030000,0.0,0.0,0.0,0.0,0.0,0.0,1.0,4,0.0,0.0,,,589352
2023-08-27 04:00:00,00000001250,20230827040000,0.011,0.0,0.0,0.0,0.0,0.0,1.0,4,0.0,0.0,0.0,0.0,589352
2023-08-27 05:00:00,00000001250,20230827050000,0.0,0.0,0.0,0.0,0.0,0.0,1.0,4,0.0,0.0,,,589352
2023-08-27 06:00:00,00000001250,20230827060000,0.0,0.0,0.0,0.0,0.0,0.0,1.0,4,0.0,0.0,,,589352
2023-08-27 07:00:00,00000001250,20230827070000,0.0,0.0,0.0,0.0,0.0,0.0,1.0,4,0.0,0.0,,,589352
2023-08-27 08:00:00,00000001250,20230827080000,0.092,0.071,0.0,0.0,0.0,0.0,1.0,4,0.0,0.0,77.17,0.0,589352
2023-08-27 09:00:00,00000001250,20230827090000,0.109,0.108,0.0,0.0,0.0,0.0,1.0,4,0.0,0.0,99.08,0.0,589352
2023-08-27 10:00:00,00000001250,20230827100000,0.079,0.073,0.0,0.0,0.0,0.0,1.0,4,0.0,0.0,92.41,0.0,589352
2023-08-27 11:00:00,00000001250,20230827110000,0.068,0.07,0.0,0.0,0.0,0.0,1.0,4,0.0,0.0,102.94,0.0,589352
2023-08-27 12:00:00,00000001250,20230827120000,0.06,0.062,0.0,0.0,0.0,0.0,1.0,4,0.0,0.0,103.33,0.0,589352
2023-08-27 13:00:00,00000001250,20230827130000,0.068,0.07,0.0,0.0,0.0,0.0,1.0,4,0.0,0.0,102.94,0.0,589352
2023-08-27 14:00:00,00000001250,20230827140000,0.073,0.074,0.0,0.0,0.0,0.0,1.0,4,0.0,0.0,101.37,0.0,589352
2023-08-27 15:00:00,00000001250,20230827150000,0.083,0.083,0.0,0.0,0.0,0.0,1.0,4,0.0,0.0,100.0,0.0,589352
2023-08-27 16:00:00,00000001250,20230827160000,0.058,0.058,0.0,0.0,0.0,0.0,1.0,4,0.0,0.0,100.0,0.0,589352
2023-08-27 17:00:00,00000001250,20230827170000,0.063,0.062,0.0,0.0,0.0,0.0,1.0,4,0.0,0.0,98.41,0.0,589352
2023-08-27 18:00:00,00000001250,20230827180000,0.078,0.074,0.0,0.0,0.0,0.0,1.0,4,0.0,0.0,94.87,0.0,589352
2023-08-27 19:00:00,00000001250,20230827190000,0.055,0.053,0.0,0.0,0.0,0.0,1.0,4,0.0,0.0,96.36,0.0,589352
2023-08-27 20:00:00,00000001250,20230827200000,0.062,0.049,0.001,0.0,0.0,0.0,1.0,4,0.0,0.0,79.03,1.61,589352
2023-08-27 21:00:00,00000001250,20230827210000,0.082,0.062,0.002,0.0,0.0,0.0,1.0,4,0.0,0.0,75.61,2.44,589352
2023-08-27 22:00:00,00000001250,20230827220000,0.039,0.026,0.001,0.0,0.0,0.0,1.0,4,0.0,0.0,66.67,2.56,589352
2023-08-27 23:00:00,00000001250,20230827230000,0.0,0.0,0.0,0.0,0.0,0.0,1.0,4,0.0,0.0,,,589352
2023-08-28 00:00:00,00000001250,20230828000000,0.0,0.0,0.0,0.0,0.0,0.0,1.0,4,0.0,0.0,,,589352
2023-08-28 01:00:00,00000001250,20230828010000,0.0,0.0,0.0,0.0,0.0,0.0,1.0,4,0.0,0.0,,,589352
2023-08-28 02:00:00,00000001250,20230828020000,0.0,0.0,0.0,0.0,0.0,0.0,1.0,4,0.0,0.0,,,589352
2023-08-28 03:00:00,00000001250,20230828030000,0.0,0.0,0.0,0.0,0.0,0.0,1.0,4,0.0,0.0,,,589352
2023-08-28 04:00:00,00000001250,20230828040000,0.0,0.0,0.0,0.0,0.0,0.0,1.0,4,0.0,0.0,,,589352
2023-08-28 05:00:00,00000001250,20230828050000,0.011,0.0,0.0,0.0,0.0,0.0,1.0,4,0.0,0.0,0.0,0.0,589352
2023-08-28 06:00:00,00000001250,20230828060000,0.0,0.0,0.0,0.0,0.0,0.0,1.0,4,0.0,0.0,,,589352
2023-08-28 07:00:00,00000001250,20230828070000,0.047,0.033,0.0,0.0,0.0,0.0,1.0,4,0.0,0.0,70.21,0.0,589352
2023-08-28 08:00:00,00000001250,20230828080000,0.121,0.126,0.0,0.0,0.0,0.0,1.0,4,0.0,0.0,104.13,0.0,589352
2023-08-28 09:00:00,00000001250,20230828090000,0.092,0.068,0.0,0.0,0.0,0.0,1.0,4,0.0,0.0,73.91,0.0,589352
2023-08-28 10:00:00,00000001250,20230828100000,0.06,0.058,0.0,0.0,0.0,0.0,1.0,4,0.0,0.0,96.67,0.0,589352
2023-08-28 11:00:00,00000001250,20230828110000,0.082,0.083,0.0,0.0,0.0,0.0,1.0,4,0.0,0.0,101.22,0.0,589352
2023-08-28 12:00:00,00000001250,20230828120000,0.005,0.004,0.0,0.0,0.0,0.0,1.0,4,0.0,0.0,80.0,0.0,589352
2023-08-28 13:00:00,00000001250,20230828130000,0.074,0.068,0.0,0.0,0.0,0.0,1.0,4,0.0,0.0,91.89,0.0,589352
2023-08-28 14:00:00,00000001250,20230828140000,0.074,0.076,0.0,0.0,0.0,0.0,1.0,4,0.0,0.0,102.7,0.0,589352
2023-08-28 15:00:00,00000001250,20230828150000,0.071,0.073,0.0,0.0,0.0,0.0,1.0,4,0.0,0.0,102.82,0.0,589352
2023-08-28 16:00:00,00000001250,20230828160000,0.06,0.061,0.0,0.0,0.0,0.0,1.0,4,0.0,0.0,101.67,0.0,589352
2023-08-28 17:00:00,00000001250,20230828170000,0.073,0.073,0.0,0.0,0.0,0.0,1.0,4,0.0,0.0,100.0,0.0,589352
2023-08-28 18:00:00,00000001250,20230828180000,0.054,0.054,0.0,0.0,0.0,0.0,1.0,4,0.0,0.0,100.0,0.0,589352
2023-08-28 19:00:00,00000001250,20230828190000,0.07,0.069,0.0,0.0,0.0,0.0,1.0,4,0.0,0.0,98.57,0.0,589352
2023-08-28 20:00:00,00000001250,20230828200000,0.062,0.053,0.001,0.0,0.0,0.0,1.0,4,0.0,0.0,85.48,1.61,589352
2023-08-28 21:00:00,00000001250,20230828210000,0.016,0.0,0.004,0.0,0.0,0.0,1.0,4,0.0,0.0,0.0,25.0,589352
2023-08-28 22:00:00,00000001250,20230828220000,0.02,0.0,0.003,0.0,0.0,0.0,1.0,4,0.0,0.0,0.0,15.0,589352
2023-08-28 23:00:00,00000001250,20230828230000,0.014,0.001,0.0,0.0,0.0,0.0,1.0,4,0.0,0.0,7.14,0.0,589352
2023-08-29 00:00:00,00000001250,20230829000000,0.007,0.001,0.0,0.0,0.0,0.0,1.0,4,0.0,0.0,14.29,0.0,589352
2023-08-29 01:00:00,00000001250,20230829010000,0.0,0.0,0.0,0.0,0.0,0.0,1.0,4,0.0,0.0,,,589352
2023-08-29 02:00:00,00000001250,20230829020000,0.001,0.0,0.0,0.0,0.0,0.0,1.0,4,0.0,0.0,0.0,0.0,589352
2023-08-29 03:00:00,00000001250,20230829030000,0.0,0.0,0.0,0.0,0.0,0.0,1.0,4,0.0,0.0,,,589352
2023-08-29 04:00:00,00000001250,20230829040000,0.0,0.0,0.0,0.0,0.0,0.0,1.0,4,0.0,0.0,,,589352
2023-08-29 05:00:00,00000001250,20230829050000,0.007,0.0,0.0,0.0,0.0,0.0,1.0,4,0.0,0.0,0.0,0.0,589352
2023-08-29 06:00:00,00000001250,20230829060000,0.0,0.0,0.0,0.0,0.0,0.0,1.0,4,0.0,0.0,,,589352
2023-08-29 07:00:00,00000001250,20230829070000,0.084,0.077,0.0,0.0,0.0,0.0,1.0,4,0.0,0.0,91.67,0.0,589352
2023-08-29 08:00:00,00000001250,20230829080000,0.086,0.097,0.0,0.0,0.0,0.0,1.0,4,0.0,0.0,112.79,0.0,589352
2023-08-29 09:00:00,00000001250,20230829090000,0.096,0.089,0.0,0.0,0.0,0.0,1.0,4,0.0,0.0,92.71,0.0,589352
2023-08-29 10:00:00,00000001250,20230829100000,0.08,0.084,0.0,0.0,0.0,0.0,1.0,4,0.0,0.0,105.0,0.0,589352
2023-08-29 11:00:00,00000001250,20230829110000,0.07,0.073,0.0,0.0,0.0,0.0,1.0,4,0.0,0.0,104.29,0.0,589352
2023-08-29 12:00:00,00000001250,20230829120000,0.072,0.076,0.0,0.0,0.0,0.0,1.0,4,0.0,0.0,105.56,0.0,589352
2023-08-29 13:00:00,00000001250,20230829130000,0.075,0.075,0.0,0.0,0.0,0.0,1.0,4,0.0,0.0,100.0,0.0,589352
2023-08-29 14:00:00,00000001250,20230829140000,0.058,0.059,0.0,0.0,0.0,0.0,1.0,4,0.0,0.0,101.72,0.0,589352
2023-08-29 15:00:00,00000001250,20230829150000,0.068,0.072,0.0,0.0,0.0,0.0,1.0,4,0.0,0.0,105.88,0.0,589352
2023-08-29 16:00:00,00000001250,20230829160000,0.183,0.071,0.003,0.0,0.0,0.0,1.0,4,0.0,0.0,38.8,1.64,589352
2023-08-29 17:00:00,00000001250,20230829170000,0.428,0.063,0.0,0.0,0.0,0.0,1.0,4,0.0,0.0,14.72,0.0,589352
2023-08-29 18:00:00,00000001250,20230829180000,0.052,0.051,0.0,0.0,0.0,0.0,1.0,4,0.0,0.0,98.08,0.0,589352
2023-08-29 19:00:00,00000001250,20230829190000,0.0,0.0,0.0,0.0,0.0,0.0,1.0,4,0.0,0.0,,,589352
2023-08-29 20:00:00,00000001250,20230829200000,0.001,0.0,0.0,0.0,0.0,0.0,1.0,4,0.0,0.0,0.0,0.0,589352
2023-08-29 21:00:00,00000001250,20230829210000,0.011,0.0,0.004,0.0,0.0,0.0,1.0,4,0.0,0.0,0.0,36.36,589352
2023-08-29 22:00:00,00000001250,20230829220000,0.021,0.0,0.003,0.0,0.0,0.0,1.0,4,0.0,0.0,0.0,14.29,589352
2023-08-29 23:00:00,00000001250,20230829230000,0.0,0.0,0.0,0.0,0.0,0.0,1.0,4,0.0,0.0,,,589352
2023-08-30 00:00:00,00000001250,20230830000000,0.0,0.0,0.0,0.0,0.0,0.0,1.0,4,0.0,0.0,,,589352
2023-08-30 01:00:00,00000001250,20230830010000,0.0,0.0,0.0,0.0,0.0,0.0,1.0,4,0.0,0.0,,,589352
2023-08-30 02:00:00,00000001250,20230830020000,0.0,0.0,0.0,0.0,0.0,0.0,1.0,4,0.0,0.0,,,589352
2023-08-30 03:00:00,00000001250,20230830030000,0.0,0.0,0.0,0.0,0.0,0.0,1.0,4,0.0,0.0,,,589352
2023-08-30 04:00:00,00000001250,20230830040000,0.006,0.0,0.0,0.0,0.0,0.0,1.0,4,0.0,0.0,0.0,0.0,589352
2023-08-30 05:00:00,00000001250,20230830050000,0.0,0.0,0.0,0.0,0.0,0.0,1.0,4,0.0,0.0,,,589352
2023-08-30 06:00:00,00000001250,20230830060000,0.0,0.0,0.0,0.0,0.0,0.0,1.0,4,0.0,0.0,,,589352
2023-08-30 07:00:00,00000001250,20230830070000,0.019,0.0,0.0,0.0,0.0,0.0,1.0,4,0.0,0.0,0.0,0.0,589352
2023-08-30 08:00:00,00000001250,20230830080000,0.001,0.0,0.0,0.0,0.0,0.0,1.0,4,0.0,0.0,0.0,0.0,589352
2024-04-09 03:00:00,00000001250,20240409030000,0.0,0.0,0.0,0.0,0.0,0.0,1.0,4,0.0,0.0,,,589352
2024-04-09 04:00:00,00000001250,20240409040000,0.0,0.0,0.0,0.0,0.0,0.0,1.0,4,0.0,0.0,,,589352
2024-04-09 05:00:00,00000001250,20240409050000,0.0,0.0,0.0,0.0,0.0,0.0,1.0,4,0.0,0.0,,,589352
2024-04-09 06:00:00,00000001250,20240409060000,0.0,0.0,0.0,0.0,0.0,0.0,1.0,4,0.0,0.0,,,589352
2024-04-09 07:00:00,00000001250,20240409070000,0.0,0.0,0.0,0.0,0.0,0.0,1.0,4,0.0,0.0,,,589352
2024-04-09 08:00:00,00000001250,20240409080000,0.0,0.0,0.0,0.0,0.0,0.0,1.0,4,0.0,0.0,,,589352
2024-04-09 09:00:00,00000001250,20240409090000,0.0,0.0,0.0,0.0,0.0,0.0,1.0,4,0.0,0.0,,,589352
2024-04-09 10:00:00,00000001250,20240409100000,0.0,0.0,0.0,0.0,0.0,0.0,1.0,4,0.0,0.0,,,589352
2024-04-09 11:00:00,00000001250,20240409110000,0.0,0.0,0.0,0.0,0.0,0.0,1.0,4,0.0,0.0,,,589352
2024-04-09 12:00:00,00000001250,20240409120000,0.0,0.0,0.0,0.0,0.0,0.0,1.0,4,0.0,0.0,,,589352
2024-04-09 13:00:00,00000001250,20240409130000,0.0,0.0,0.0,0.0,0.0,0.0,1.0,4,0.0,0.0,,,589352
2024-04-09 14:00:00,00000001250,20240409140000,0.0,0.0,0.0,0.0,0.0,0.0,1.0,4,0.0,0.0,,,589352
2024-04-09 15:00:00,00000001250,20240409150000,0.0,0.0,0.0,0.0,0.0,0.0,1.0,4,0.0,0.0,,,589352
2024-04-09 16:00:00,00000001250,20240409160000,0.0,0.0,0.0,0.0,0.0,0.0,1.0,4,0.0,0.0,,,589352
2024-04-09 17:00:00,00000001250,20240409170000,0.0,0.0,0.0,0.0,0.0,0.0,1.0,4,0.0,0.0,,,589352
2024-04-09 18:00:00,00000001250,20240409180000,0.0,0.0,0.0,0.0,0.0,0.0,1.0,4,0.0,0.0,,,589352
2024-04-09 19:00:00,00000001250,20240409190000,0.0,0.0,0.0,0.0,0.0,0.0,1.0,4,0.0,0.0,,,589352
2024-04-09 20:00:00,00000001250,20240409200000,0.0,0.0,0.0,0.0,0.0,0.0,1.0,4,0.0,0.0,,,589352
2024-04-09 21:00:00,00000001250,20240409210000,0.0,0.0,0.0,0.0,0.0,0.0,1.0,4,0.0,0.0,,,589352
2024-04-09 22:00:00,00000001250,20240409220000,0.0,0.0,0.0,0.0,0.0,0.0,1.0,4,0.0,0.0,,,589352
2024-04-09 23:00:00,00000001250,20240409230000,0.0,0.0,0.0,0.0,0.0,0.0,1.0,4,0.0,0.0,,,589352
2024-04-10 00:00:00,00000001250,20240410000000,0.0,0.0,0.0,0.0,0.0,0.0,1.0,4,0.0,0.0,,,589352
2024-04-10 01:00:00,00000001250,20240410010000,0.0,0.0,0.0,0.0,0.0,0.0,1.0,4,0.0,0.0,,,589352
2024-04-10 02:00:00,00000001250,20240410020000,0.0,0.0,0.0,0.0,0.0,0.0,1.0,4,0.0,0.0,,,589352
2024-04-10 03:00:00,00000001250,20240410030000,0.0,0.0,0.0,0.0,0.0,0.0,1.0,4,0.0,0.0,,,589352
2024-04-10 04:00:00,00000001250,20240410040000,0.0,0.0,0.0,0.0,0.0,0.0,1.0,4,0.0,0.0,,,589352
2024-04-10 05:00:00,00000001250,20240410050000,0.0,0.0,0.0,0.0,0.0,0.0,1.0,4,0.0,0.0,,,589352
2024-04-10 06:00:00,00000001250,20240410060000,0.0,0.0,0.0,0.0,0.0,0.0,1.0,4,0.0,0.0,,,589352
2024-04-10 07:00:00,00000001250,20240410070000,0.0,0.0,0.0,0.0,0.0,0.0,1.0,4,0.0,0.0,,,589352
2024-04-10 08:00:00,00000001250,20240410080000,0.0,0.0,0.0,0.0,0.0,0.0,1.0,4,0.0,0.0,,,589352
2024-04-10 09:00:00,00000001250,20240410090000,0.0,0.0,0.0,0.0,0.0,0.0,1.0,4,0.0,0.0,,,589352
2024-04-10 10:00:00,00000001250,20240410100000,0.0,0.0,0.0,0.0,0.0,0.0,1.0,4,0.0,0.0,,,589352
2024-04-10 11:00:00,00000001250,20240410110000,0.0,0.0,0.0,0.0,0.0,0.0,1.0,4,0.0,0.0,,,589352
2024-04-10 12:00:00,00000001250,20240410120000,0.0,0.0,0.0,0.0,0.0,0.0,1.0,4,0.0,0.0,,,589352
2024-04-10 13:00:00,00000001250,20240410130000,0.0,0.0,0.0,0.0,0.0,0.0,1.0,4,0.0,0.0,,,589352
2024-04-10 14:00:00,00000001250,20240410140000,0.0,0.0,0.0,0.0,0.0,0.0,1.0,4,0.0,0.0,,,589352
2024-04-10 15:00:00,00000001250,20240410150000,0.0,0.0,0.0,0.0,0.0,0.0,1.0,4,0.0,0.0,,,589352
2024-04-10 16:00:00,00000001250,20240410160000,0.0,0.0,0.0,0.0,0.0,0.0,1.0,4,0.0,0.0,,,589352
2024-04-10 17:00:00,00000001250,20240410170000,0.0,0.0,0.0,0.0,0.0,0.0,1.0,4,0.0,0.0,,,589352
2024-04-10 18:00:00,00000001250,20240410180000,0.0,0.0,0.0,0.0,0.0,0.0,1.0,4,0.0,0.0,,,589352
2024-04-10 19:00:00,00000001250,20240410190000,0.0,0.0,0.0,0.0,0.0,0.0,1.0,4,0.0,0.0,,,589352
2024-04-10 20:00:00,00000001250,20240410200000,0.0,0.0,0.0,0.0,0.0,0.0,1.0,4,0.0,0.0,,,589352
2024-04-10 21:00:00,00000001250,20240410210000,0.0,0.0,0.0,0.0,0.0,0.0,1.0,4,0.0,0.0,,,589352
2024-04-10 22:00:00,00000001250,20240410220000,0.0,0.0,0.0,0.0,0.0,0.0,1.0,4,0.0,0.0,,,589352
2024-04-10 23:00:00,00000001250,20240410230000,0.0,0.0,0.0,0.0,0.0,0.0,1.0,4,0.0,0.0,,,589352
2024-04-11 00:00:00,00000001250,20240411000000,0.0,0.0,0.0,0.0,0.0,0.0,1.0,4,0.0,0.0,,,589352
2024-04-11 01:00:00,00000001250,20240411010000,0.0,0.0,0.0,0.0,0.0,0.0,1.0,4,0.0,0.0,,,589352
2024-04-11 02:00:00,00000001250,20240411020000,0.0,0.0,0.0,0.0,0.0,0.0,1.0,4,0.0,0.0,,,589352
2024-04-11 03:00:00,00000001250,20240411030000,0.0,0.0,0.0,0.0,0.0,0.0,1.0,4,0.0,0.0,,,589352
2024-04-11 04:00:00,00000001250,20240411040000,0.0,0.0,0.0,0.0,0.0,0.0,1.0,4,0.0,0.0,,,589352
2024-04-11 05:00:00,00000001250,20240411050000,0.0,0.0,0.0,0.0,0.0,0.0,1.0,4,0.0,0.0,,,589352
2024-04-11 06:00:00,00000001250,20240411060000,0.0,0.0,0.0,0.0,0.0,0.0,1.0,4,0.0,0.0,,,589352
2024-04-11 07:00:00,00000001250,20240411070000,0.0,0.0,0.0,0.0,0.0,0.0,1.0,4,0.0,0.0,,,589352
2024-04-11 08:00:00,00000001250,20240411080000,0.0,0.0,0.0,0.0,0.0,0.0,1.0,4,0.0,0.0,,,589352
2024-04-11 09:00:00,00000001250,20240411090000,0.0,0.0,0.0,0.0,0.0,0.0,1.0,4,0.0,0.0,,,589352
2024-04-11 10:00:00,00000001250,20240411100000,0.0,0.0,0.0,0.0,0.0,0.0,1.0,4,0.0,0.0,,,589352
2024-07-18 09:00:00,00000001250,20240718090000,0.0,0.0,0.0,0.0,0.0,0.0,1.0,4,0.0,0.0,,,589352
2024-07-18 10:00:00,00000001250,20240718100000,0.0,0.0,0.0,0.0,0.0,0.0,1.0,4,0.0,0.0,,,589352
2024-07-18 11:00:00,00000001250,20240718110000,0.0,0.0,0.0,0.0,0.0,0.0,1.0,4,0.0,0.0,,,589352
2024-07-18 12:00:00,00000001250,20240718120000,0.0,0.0,0.0,0.0,0.0,0.0,1.0,4,0.0,0.0,,,589352
2024-07-18 13:00:00,00000001250,20240718130000,0.0,0.0,0.0,0.0,0.0,0.0,1.0,4,0.0,0.0,,,589352
2024-07-18 14:00:00,00000001250,20240718140000,0.0,0.0,0.0,0.0,0.0,0.0,1.0,4,0.0,0.0,,,589352
2024-07-18 15:00:00,00000001250,20240718150000,0.0,0.0,0.0,0.0,0.0,0.0,1.0,4,0.0,0.0,,,589352
2024-07-18 16:00:00,00000001250,20240718160000,0.0,0.0,0.0,0.0,0.0,0.0,1.0,4,0.0,0.0,,,589352
2024-07-18 17:00:00,00000001250,20240718170000,0.0,0.0,0.0,0.0,0.0,0.0,1.0,4,0.0,0.0,,,589352
2024-07-18 18:00:00,00000001250,20240718180000,0.0,0.0,0.0,0.0,0.0,0.0,1.0,4,0.0,0.0,,,589352
2024-07-18 19:00:00,00000001250,20240718190000,0.0,0.0,0.0,0.0,0.0,0.0,1.0,4,0.0,0.0,,,589352
2024-07-18 20:00:00,00000001250,20240718200000,0.0,0.0,0.0,0.0,0.0,0.0,1.0,4,0.0,0.0,,,589352
2024-07-18 21:00:00,00000001250,20240718210000,0.0,0.0,0.0,0.0,0.0,0.0,1.0,4,0.0,0.0,,,589352
2024-07-18 22:00:00,00000001250,20240718220000,0.0,0.0,0.0,0.0,0.0,0.0,1.0,4,0.0,0.0,,,589352
2024-07-18 23:00:00,00000001250,20240718230000,0.0,0.0,0.0,0.0,0.0,0.0,1.0,4,0.0,0.0,,,589352
2024-07-19 00:00:00,00000001250,20240719000000,0.0,0.0,0.0,0.0,0.0,0.0,1.0,4,0.0,0.0,,,589352
2024-07-19 01:00:00,00000001250,20240719010000,0.0,0.0,0.0,0.0,0.0,0.0,1.0,4,0.0,0.0,,,589352
2024-07-19 02:00:00,00000001250,20240719020000,0.108,0.076,0.0,0.0,0.0,0.0,1.0,4,0.0,0.0,70.37,0.0,589352
2024-07-19 03:00:00,00000001250,20240719030000,0.147,0.153,0.0,0.0,0.0,0.0,1.0,4,0.0,0.0,104.08,0.0,589352
2024-07-19 04:00:00,00000001250,20240719040000,0.153,0.15,0.0,0.0,0.0,0.0,1.0,4,0.0,0.0,98.04,0.0,589352
2024-07-19 05:00:00,00000001250,20240719050000,0.155,0.148,0.0,0.0,0.0,0.0,1.0,4,0.0,0.0,95.48,0.0,589352
2024-07-19 06:00:00,00000001250,20240719060000,0.153,0.147,0.0,0.0,0.0,0.0,1.0,4,0.0,0.0,96.08,0.0,589352
2024-07-19 07:00:00,00000001250,20240719070000,0.147,0.148,0.0,0.0,0.0,0.0,1.0,4,0.0,0.0,100.68,0.0,589352
2024-07-19 08:00:00,00000001250,20240719080000,0.141,0.152,0.0,0.0,0.0,0.0,1.0,4,0.0,0.0,107.8,0.0,589352
2024-07-19 09:00:00,00000001250,20240719090000,0.12,0.126,0.0,0.0,0.0,0.0,1.0,4,0.0,0.0,105.0,0.0,589352
2024-07-19 10:00:00,00000001250,20240719100000,0.097,0.102,0.0,0.0,0.0,0.0,1.0,4,0.0,0.0,105.15,0.0,589352
2024-07-19 11:00:00,00000001250,20240719110000,0.079,0.078,0.0,0.0,0.0,0.0,1.0,4,0.0,0.0,98.73,0.0,589352
2024-07-19 12:00:00,00000001250,20240719120000,0.075,0.076,0.0,0.0,0.0,0.0,1.0,4,0.0,0.0,101.33,0.0,589352
2024-07-19 13:00:00,00000001250,20240719130000,0.085,0.088,0.0,0.0,0.0,0.0,1.0,4,0.0,0.0,103.53,0.0,589352
2024-07-19 14:00:00,00000001250,20240719140000,0.084,0.075,0.001,0.0,0.0,0.0,1.0,4,0.0,0.0,89.29,1.19,589352
2024-07-19 15:00:00,00000001250,20240719150000,0.071,0.077,0.0,0.0,0.0,0.0,1.0,4,0.0,0.0,108.45,0.0,589352
2024-07-19 16:00:00,00000001250,20240719160000,0.071,0.079,0.0,0.0,0.0,0.0,1.0,4,0.0,0.0,111.27,0.0,589352
2024-07-19 17:00:00,00000001250,20240719170000,0.059,0.066,0.0,0.0,0.0,0.0,1.0,4,0.0,0.0,111.86,0.0,589352
2024-07-19 18:00:00,00000001250,20240719180000,0.056,0.064,0.0,0.0,0.0,0.0,1.0,4,0.0,0.0,114.29,0.0,589352
2024-07-19 19:00:00,00000001250,20240719190000,0.063,0.071,0.0,0.0,0.0,0.0,1.0,4,0.0,0.0,112.7,0.0,589352
2024-07-19 20:00:00,00000001250,20240719200000,0.064,0.074,0.0,0.0,0.0,0.0,1.0,4,0.0,0.0,115.62,0.0,589352
2024-07-19 21:00:00,00000001250,20240719210000,0.069,0.069,0.0,0.0,0.0,0.0,1.0,4,0.0,0.0,100.0,0.0,589352
2024-07-19 22:00:00,00000001250,20240719220000,0.027,0.031,0.0,0.0,0.0,0.0,1.0,4,0.0,0.0,114.81,0.0,589352
2024-07-19 23:00:00,00000001250,20240719230000,0.0,0.0,0.0,0.0,0.0,0.0,1.0,4,0.0,0.0,,,589352
2024-07-20 00:00:00,00000001250,20240720000000,0.0,0.0,0.0,0.0,0.0,0.0,1.0,4,0.0,0.0,,,589352
2024-07-20 01:00:00,00000001250,20240720010000,0.0,0.0,0.0,0.0,0.0,0.0,1.0,4,0.0,0.0,,,589352
2024-07-20 02:00:00,00000001250,20240720020000,0.0,0.0,0.0,0.0,0.0,0.0,1.0,4,0.0,0.0,,,589352
2024-07-20 03:00:00,00000001250,20240720030000,0.0,0.0,0.0,0.0,0.0,0.0,1.0,4,0.0,0.0,,,589352
2024-07-20 04:00:00,00000001250,20240720040000,0.0,0.0,0.0,0.0,0.0,0.0,1.0,4,0.0,0.0,,,589352
2024-07-20 05:00:00,00000001250,20240720050000,0.0,0.0,0.0,0.0,0.0,0.0,1.0,4,0.0,0.0,,,589352
2024-07-20 06:00:00,00000001250,20240720060000,0.0,0.0,0.0,0.0,0.0,0.0,1.0,4,0.0,0.0,,,589352
2024-07-20 07:00:00,00000001250,20240720070000,0.021,0.026,0.0,0.0,0.0,0.0,1.0,4,0.0,0.0,123.81,0.0,589352
2024-07-20 08:00:00,00000001250,20240720080000,0.069,0.078,0.0,0.0,0.0,0.0,1.0,4,0.0,0.0,113.04,0.0,589352
2024-07-20 09:00:00,00000001250,20240720090000,0.059,0.058,0.0,0.0,0.0,0.0,1.0,4,0.0,0.0,98.31,0.0,589352
2024-07-20 10:00:00,00000001250,20240720100000,0.055,0.058,0.0,0.0,0.0,0.0,1.0,4,0.0,0.0,105.45,0.0,589352
2024-07-20 11:00:00,00000001250,20240720110000,0.081,0.079,0.0,0.0,0.0,0.0,1.0,4,0.0,0.0,97.53,0.0,589352
2024-07-20 12:00:00,00000001250,20240720120000,0.052,0.053,0.0,0.0,0.0,0.0,1.0,4,0.0,0.0,101.92,0.0,589352
2024-07-20 13:00:00,00000001250,20240720130000,0.088,0.089,0.0,0.0,0.0,0.0,1.0,4,0.0,0.0,101.14,0.0,589352
2024-07-20 14:00:00,00000001250,20240720140000,0.079,0.08,0.0,0.0,0.0,0.0,1.0,4,0.0,0.0,101.27,0.0,589352
2024-07-20 15:00:00,00000001250,20240720150000,0.079,0.082,0.0,0.0,0.0,0.0,1.0,4,0.0,0.0,103.8,0.0,589352
2024-07-20 16:00:00,00000001250,20240720160000,0.062,0.063,0.0,0.0,0.0,0.0,1.0,4,0.0,0.0,101.61,0.0,589352
2024-07-20 17:00:00,00000001250,20240720170000,0.091,0.089,0.0,0.0,0.0,0.0,1.0,4,0.0,0.0,97.8,0.0,589352
2024-07-20 18:00:00,00000001250,20240720180000,0.084,0.084,0.0,0.0,0.0,0.0,1.0,4,0.0,0.0,100.0,0.0,589352
2024-07-20 19:00:00,00000001250,20240720190000,0.07,0.064,0.0,0.0,0.0,0.0,1.0,4,0.0,0.0,91.43,0.0,589352
2024-07-20 20:00:00,00000001250,20240720200000,0.069,0.068,0.0,0.0,0.0,0.0,1.0,4,0.0,0.0,98.55,0.0,589352
2024-07-20 21:00:00,00000001250,20240720210000,0.074,0.072,0.0,0.0,0.0,0.0,1.0,4,0.0,0.0,97.3,0.0,589352
2024-07-20 22:00:00,00000001250,20240720220000,0.097,0.073,0.0,0.0,0.0,0.0,1.0,4,0.0,0.0,75.26,0.0,589352
2024-07-20 23:00:00,00000001250,20240720230000,0.078,0.065,0.001,0.0,0.0,0.0,1.0,4,0.0,0.0,83.33,1.28,589352
2024-07-21 00:00:00,00000001250,20240721000000,0.053,0.054,0.0,0.0,0.0,0.0,1.0,4,0.0,0.0,101.89,0.0,589352
2024-07-21 01:00:00,00000001250,20240721010000,0.067,0.07,0.0,0.0,0.0,0.0,1.0,4,0.0,0.0,104.48,0.0,589352
2024-07-21 02:00:00,00000001250,20240721020000,0.074,0.067,0.0,0.0,0.0,0.0,1.0,4,0.0,0.0,90.54,0.0,589352
2024-07-21 03:00:00,00000001250,20240721030000,0.049,0.054,0.0,0.0,0.0,0.0,1.0,4,0.0,0.0,110.2,0.0,589352
2024-07-21 04:00:00,00000001250,20240721040000,0.061,0.067,0.0,0.0,0.0,0.0,1.0,4,0.0,0.0,109.84,0.0,589352
2024-07-21 05:00:00,00000001250,20240721050000,0.059,0.066,0.0,0.0,0.0,0.0,1.0,4,0.0,0.0,111.86,0.0,589352
2024-07-21 06:00:00,00000001250,20240721060000,0.047,0.055,0.0,0.0,0.0,0.0,1.0,4,0.0,0.0,117.02,0.0,589352
2024-07-21 07:00:00,00000001250,20240721070000,0.076,0.062,0.0,0.0,0.0,0.0,1.0,4,0.0,0.0,81.58,0.0,589352
2024-07-21 08:00:00,00000001250,20240721080000,0.085,0.087,0.0,0.0,0.0,0.0,1.0,4,0.0,0.0,102.35,0.0,589352
2024-07-21 09:00:00,00000001250,20240721090000,0.078,0.083,0.0,0.0,0.0,0.0,1.0,4,0.0,0.0,106.41,0.0,589352
2024-07-21 10:00:00,00000001250,20240721100000,0.065,0.07,0.0,0.0,0.0,0.0,1.0,4,0.0,0.0,107.69,0.0,589352
2024-07-21 11:00:00,00000001250,20240721110000,0.676,0.056,0.0,0.0,0.0,0.0,1.0,4,0.0,0.0,8.28,0.0,589352
2024-07-21 12:00:00,00000001250,20240721120000,0.103,0.098,0.0,0.0,0.0,0.0,1.0,4,0.0,0.0,95.15,0.0,589352
2024-07-21 13:00:00,00000001250,20240721130000,0.076,0.079,0.0,0.0,0.0,0.0,1.0,4,0.0,0.0,103.95,0.0,589352
2024-07-21 14:00:00,00000001250,20240721140000,0.067,0.068,0.0,0.0,0.0,0.0,1.0,4,0.0,0.0,101.49,0.0,589352
2024-07-21 15:00:00,00000001250,20240721150000,0.067,0.069,0.0,0.0,0.0,0.0,1.0,4,0.0,0.0,102.99,0.0,589352
2024-07-21 16:00:00,00000001250,20240721160000,0.132,0.135,0.0,0.0,0.0,0.0,1.0,4,0.0,0.0,102.27,0.0,589352
2024-07-21 17:00:00,00000001250,20240721170000,0.114,0.118,0.0,0.0,0.0,0.0,1.0,4,0.0,0.0,103.51,0.0,589352
2024-07-21 18:00:00,00000001250,20240721180000,0.084,0.081,0.0,0.0,0.0,0.0,1.0,4,0.0,0.0,96.43,0.0,589352
2024-07-21 19:00:00,00000001250,20240721190000,0.061,0.059,0.0,0.0,0.0,0.0,1.0,4,0.0,0.0,96.72,0.0,589352
2024-07-21 20:00:00,00000001250,20240721200000,0.066,0.066,0.0,0.0,0.0,0.0,1.0,4,0.0,0.0,100.0,0.0,589352
2024-07-21 21:00:00,00000001250,20240721210000,0.068,0.063,0.0,0.0,0.0,0.0,1.0,4,0.0,0.0,92.65,0.0,589352
2024-07-21 22:00:00,00000001250,20240721220000,0.065,0.063,0.0,0.0,0.0,0.0,1.0,4,0.0,0.0,96.92,0.0,589352
2024-07-21 23:00:00,00000001250,20240721230000,0.073,0.058,0.001,0.0,0.0,0.0,1.0,4,0.0,0.0,79.45,1.37,589352
2024-07-22 00:00:00,00000001250,20240722000000,0.059,0.059,0.0,0.0,0.0,0.0,1.0,4,0.0,0.0,100.0,0.0,589352
2024-07-22 01:00:00,00000001250,20240722010000,0.05,0.051,0.0,0.0,0.0,0.0,1.0,4,0.0,0.0,102.0,0.0,589352
2024-07-22 02:00:00,00000001250,20240722020000,0.048,0.05,0.0,0.0,0.0,0.0,1.0,4,0.0,0.0,104.17,0.0,589352
2024-07-22 03:00:00,00000001250,20240722030000,0.046,0.049,0.0,0.0,0.0,0.0,1.0,4,0.0,0.0,106.52,0.0,589352
2024-07-22 04:00:00,00000001250,20240722040000,0.065,0.055,0.0,0.0,0.0,0.0,1.0,4,0.0,0.0,84.62,0.0,589352
2024-07-22 05:00:00,00000001250,20240722050000,0.052,0.056,0.0,0.0,0.0,0.0,1.0,4,0.0,0.0,107.69,0.0,589352
2024-07-22 06:00:00,00000001250,20240722060000,0.052,0.057,0.0,0.0,0.0,0.0,1.0,4,0.0,0.0,109.62,0.0,589352
2024-07-22 07:00:00,00000001250,20240722070000,0.083,0.056,0.0,0.0,0.0,0.0,1.0,4,0.0,0.0,67.47,0.0,589352
2024-07-22 08:00:00,00000001250,20240722080000,0.1,0.084,0.0,0.0,0.0,0.0,1.0,4,0.0,0.0,84.0,0.0,589352
2024-07-22 09:00:00,00000001250,20240722090000,0.048,0.047,0.0,0.0,0.0,0.0,1.0,4,0.0,0.0,97.92,0.0,589352
2024-07-22 10:00:00,00000001250,20240722100000,0.055,0.053,0.0,0.0,0.0,0.0,1.0,4,0.0,0.0,96.36,0.0,589352
2024-07-22 11:00:00,00000001250,20240722110000,0.055,0.054,0.0,0.0,0.0,0.0,1.0,4,0.0,0.0,98.18,0.0,589352
2024-07-22 12:00:00,00000001250,20240722120000,0.071,0.069,0.0,0.0,0.0,0.0,1.0,4,0.0,0.0,97.18,0.0,589352
2024-07-22 13:00:00,00000001250,20240722130000,0.071,0.067,0.0,0.0,0.0,0.0,1.0,4,0.0,0.0,94.37,0.0,589352
2024-07-22 14:00:00,00000001250,20240722140000,0.061,0.055,0.0,0.0,0.0,0.0,1.0,4,0.0,0.0,90.16,0.0,589352
2024-07-22 15:00:00,00000001250,20240722150000,0.085,0.083,0.0,0.0,0.0,0.0,1.0,4,0.0,0.0,97.65,0.0,589352
2024-07-22 16:00:00,00000001250,20240722160000,0.063,0.057,0.0,0.0,0.0,0.0,1.0,4,0.0,0.0,90.48,0.0,589352
2024-07-22 17:00:00,00000001250,20240722170000,0.051,0.05,0.0,0.0,0.0,0.0,1.0,4,0.0,0.0,98.04,0.0,589352
2024-07-22 18:00:00,00000001250,20240722180000,0.073,0.072,0.0,0.0,0.0,0.0,1.0,4,0.0,0.0,98.63,0.0,589352
2024-07-22 19:00:00,00000001250,20240722190000,0.071,0.064,0.0,0.0,0.0,0.0,1.0,4,0.0,0.0,90.14,0.0,589352
2024-07-22 20:00:00,00000001250,20240722200000,0.076,0.074,0.0,0.0,0.0,0.0,1.0,4,0.0,0.0,97.37,0.0,589352
2024-07-22 21:00:00,00000001250,20240722210000,0.055,0.051,0.0,0.0,0.0,0.0,1.0,4,0.0,0.0,92.73,0.0,589352
2024-07-22 22:00:00,00000001250,20240722220000,0.07,0.056,0.002,0.0,0.0,0.0,1.0,4,0.0,0.0,80.0,2.86,589352
2024-07-22 23:00:00,00000001250,20240722230000,0.09,0.081,0.0,0.0,0.0,0.0,1.0,4,0.0,0.0,90.0,0.0,589352
2024-07-23 00:00:00,00000001250,20240723000000,0.057,0.056,0.0,0.0,0.0,0.0,1.0,4,0.0,0.0,98.25,0.0,589352
2024-07-23 01:00:00,00000001250,20240723010000,0.046,0.049,0.0,0.0,0.0,0.0,1.0,4,0.0,0.0,106.52,0.0,589352
2024-07-23 02:00:00,00000001250,20240723020000,0.065,0.069,0.0,0.0,0.0,0.0,1.0,4,0.0,0.0,106.15,0.0,589352
2024-07-23 03:00:00,00000001250,20240723030000,0.058,0.061,0.0,0.0,0.0,0.0,1.0,4,0.0,0.0,105.17,0.0,589352
2024-07-23 04:00:00,00000001250,20240723040000,0.036,0.04,0.0,0.0,0.0,0.0,1.0,4,0.0,0.0,111.11,0.0,589352
2024-07-23 05:00:00,00000001250,20240723050000,0.076,0.066,0.0,0.0,0.0,0.0,1.0,4,0.0,0.0,86.84,0.0,589352
2024-07-23 06:00:00,00000001250,20240723060000,0.059,0.066,0.0,0.0,0.0,0.0,1.0,4,0.0,0.0,111.86,0.0,589352
2024-07-23 07:00:00,00000001250,20240723070000,0.056,0.053,0.0,0.0,0.0,0.0,1.0,4,0.0,0.0,94.64,0.0,589352
2024-07-23 08:00:00,00000001250,20240723080000,0.065,0.063,0.0,0.0,0.0,0.0,1.0,4,0.0,0.0,96.92,0.0,589352
2024-07-23 09:00:00,00000001250,20240723090000,0.063,0.064,0.0,0.0,0.0,0.0,1.0,4,0.0,0.0,101.59,0.0,589352
2024-07-23 10:00:00,00000001250,20240723100000,0.042,0.042,0.0,0.0,0.0,0.0,1.0,4,0.0,0.0,100.0,0.0,589352
2024-07-23 11:00:00,00000001250,20240723110000,0.057,0.057,0.0,0.0,0.0,0.0,1.0,4,0.0,0.0,100.0,0.0,589352
2024-07-23 12:00:00,00000001250,20240723120000,0.078,0.077,0.0,0.0,0.0,0.0,1.0,4,0.0,0.0,98.72,0.0,589352
2024-07-23 13:00:00,00000001250,20240723130000,0.039,0.038,0.0,0.0,0.0,0.0,1.0,4,0.0,0.0,97.44,0.0,589352
2024-07-23 14:00:00,00000001250,20240723140000,0.098,0.095,0.0,0.0,0.0,0.0,1.0,4,0.0,0.0,96.94,0.0,589352
2024-07-23 15:00:00,00000001250,20240723150000,0.095,0.093,0.0,0.0,0.0,0.0,1.0,4,0.0,0.0,97.89,0.0,589352
2024-07-23 16:00:00,00000001250,20240723160000,0.102,0.105,0.0,0.0,0.0,0.0,1.0,4,0.0,0.0,102.94,0.0,589352
2024-07-23 17:00:00,00000001250,20240723170000,0.075,0.074,0.0,0.0,0.0,0.0,1.0,4,0.0,0.0,98.67,0.0,589352
2024-07-23 18:00:00,00000001250,20240723180000,0.065,0.065,0.0,0.0,0.0,0.0,1.0,4,0.0,0.0,100.0,0.0,589352
2024-07-23 19:00:00,00000001250,20240723190000,0.091,0.091,0.0,0.0,0.0,0.0,1.0,4,0.0,0.0,100.0,0.0,589352
2024-07-23 20:00:00,00000001250,20240723200000,0.044,0.044,0.0,0.0,0.0,0.0,1.0,4,0.0,0.0,100.0,0.0,589352
2024-07-23 21:00:00,00000001250,20240723210000,0.081,0.078,0.0,0.0,0.0,0.0,1.0,4,0.0,0.0,96.3,0.0,589352
2024-07-23 22:00:00,00000001250,20240723220000,0.047,0.045,0.0,0.0,0.0,0.0,1.0,4,0.0,0.0,95.74,0.0,589352
2024-07-23 23:00:00,00000001250,20240723230000,0.132,0.114,0.001,0.0,0.0,0.0,1.0,4,0.0,0.0,86.36,0.76,589352
2024-07-24 00:00:00,00000001250,20240724000000,0.063,0.055,0.0,0.0,0.0,0.0,1.0,4,0.0,0.0,87.3,0.0,589352
2024-07-24 01:00:00,00000001250,20240724010000,0.077,0.082,0.0,0.0,0.0,0.0,1.0,4,0.0,0.0,106.49,0.0,589352
2024-07-24 02:00:00,00000001250,20240724020000,0.038,0.041,0.0,0.0,0.0,0.0,1.0,4,0.0,0.0,107.89,0.0,589352
2024-07-24 03:00:00,00000001250,20240724030000,0.073,0.079,0.0,0.0,0.0,0.0,1.0,4,0.0,0.0,108.22,0.0,589352
2024-07-24 04:00:00,00000001250,20240724040000,0.043,0.039,0.0,0.0,0.0,0.0,1.0,4,0.0,0.0,90.7,0.0,589352
2024-07-24 05:00:00,00000001250,20240724050000,0.071,0.075,0.0,0.0,0.0,0.0,1.0,4,0.0,0.0,105.63,0.0,589352
2024-07-24 06:00:00,00000001250,20240724060000,0.047,0.052,0.0,0.0,0.0,0.0,1.0,4,0.0,0.0,110.64,0.0,589352
2024-07-24 07:00:00,00000001250,20240724070000,0.053,0.06,0.0,0.0,0.0,0.0,1.0,4,0.0,0.0,113.21,0.0,589352
2024-07-24 08:00:00,00000001250,20240724080000,0.065,0.067,0.0,0.0,0.0,0.0,1.0,4,0.0,0.0,103.08,0.0,589352
2024-07-24 09:00:00,00000001250,20240724090000,0.068,0.074,0.0,0.0,0.0,0.0,1.0,4,0.0,0.0,108.82,0.0,589352
2024-07-24 10:00:00,00000001250,20240724100000,0.067,0.069,0.0,0.0,0.0,0.0,1.0,4,0.0,0.0,102.99,0.0,589352
2024-07-24 11:00:00,00000001250,20240724110000,0.048,0.05,0.0,0.0,0.0,0.0,1.0,4,0.0,0.0,104.17,0.0,589352
2024-07-24 12:00:00,00000001250,20240724120000,0.079,0.08,0.0,0.0,0.0,0.0,1.0,4,0.0,0.0,101.27,0.0,589352
2024-07-24 13:00:00,00000001250,20240724130000,0.041,0.041,0.0,0.0,0.0,0.0,1.0,4,0.0,0.0,100.0,0.0,589352
2024-07-24 14:00:00,00000001250,20240724140000,0.092,0.092,0.0,0.0,0.0,0.0,1.0,4,0.0,0.0,100.0,0.0,589352
2024-07-24 15:00:00,00000001250,20240724150000,0.045,0.046,0.0,0.0,0.0,0.0,1.0,4,0.0,0.0,102.22,0.0,589352
2024-07-24 16:00:00,00000001250,20240724160000,0.09,0.091,0.0,0.0,0.0,0.0,1.0,4,0.0,0.0,101.11,0.0,589352
2024-07-24 17:00:00,00000001250,20240724170000,0.091,0.095,0.0,0.0,0.0,0.0,1.0,4,0.0,0.0,104.4,0.0,589352
2024-07-24 18:00:00,00000001250,20240724180000,0.071,0.073,0.0,0.0,0.0,0.0,1.0,4,0.0,0.0,102.82,0.0,589352
2024-07-24 19:00:00,00000001250,20240724190000,0.051,0.051,0.0,0.0,0.0,0.0,1.0,4,0.0,0.0,100.0,0.0,589352
2024-07-24 20:00:00,00000001250,20240724200000,0.08,0.077,0.0,0.0,0.0,0.0,1.0,4,0.0,0.0,96.25,0.0,589352
2024-07-24 21:00:00,00000001250,20240724210000,0.041,0.04,0.0,0.0,0.0,0.0,1.0,4,0.0,0.0,97.56,0.0,589352
2024-07-24 22:00:00,00000001250,20240724220000,0.097,0.084,0.001,0.0,0.0,0.0,1.0,4,0.0,0.0,86.6,1.03,589352
2024-07-24 23:00:00,00000001250,20240724230000,0.058,0.042,0.001,0.0,0.0,0.0,1.0,4,0.0,0.0,72.41,1.72,589352
2024-07-25 00:00:00,00000001250,20240725000000,0.075,0.076,0.0,0.0,0.0,0.0,1.0,4,0.0,0.0,101.33,0.0,589352
2024-07-25 01:00:00,00000001250,20240725010000,0.038,0.04,0.0,0.0,0.0,0.0,1.0,4,0.0,0.0,105.26,0.0,589352
2024-07-25 02:00:00,00000001250,20240725020000,0.078,0.069,0.0,0.0,0.0,0.0,1.0,4,0.0,0.0,88.46,0.0,589352
2024-07-25 03:00:00,00000001250,20240725030000,0.042,0.046,0.0,0.0,0.0,0.0,1.0,4,0.0,0.0,109.52,0.0,589352
2024-07-25 04:00:00,00000001250,20240725040000,0.056,0.059,0.0,0.0,0.0,0.0,1.0,4,0.0,0.0,105.36,0.0,589352
2024-07-25 05:00:00,00000001250,20240725050000,0.047,0.053,0.0,0.0,0.0,0.0,1.0,4,0.0,0.0,112.77,0.0,589352
2024-07-25 06:00:00,00000001250,20240725060000,0.045,0.05,0.0,0.0,0.0,0.0,1.0,4,0.0,0.0,111.11,0.0,589352
2024-07-25 07:00:00,00000001250,20240725070000,0.055,0.062,0.0,0.0,0.0,0.0,1.0,4,0.0,0.0,112.73,0.0,589352
2024-07-25 08:00:00,00000001250,20240725080000,0.074,0.066,0.0,0.0,0.0,0.0,1.0,4,0.0,0.0,89.19,0.0,589352
2024-07-25 09:00:00,00000001250,20240725090000,0.06,0.058,0.0,0.0,0.0,0.0,1.0,4,0.0,0.0,96.67,0.0,589352
2024-07-25 10:00:00,00000001250,20240725100000,0.052,0.053,0.0,0.0,0.0,0.0,1.0,4,0.0,0.0,101.92,0.0,589352
2024-07-25 11:00:00,00000001250,20240725110000,0.051,0.055,0.0,0.0,0.0,0.0,1.0,4,0.0,0.0,107.84,0.0,589352
2024-07-25 12:00:00,00000001250,20240725120000,0.035,0.038,0.0,0.0,0.0,0.0,1.0,4,0.0,0.0,108.57,0.0,589352
2024-07-25 13:00:00,00000001250,20240725130000,0.073,0.078,0.0,0.0,0.0,0.0,1.0,4,0.0,0.0,106.85,0.0,589352
2024-07-25 14:00:00,00000001250,20240725140000,0.036,0.037,0.0,0.0,0.0,0.0,1.0,4,0.0,0.0,102.78,0.0,589352
2024-07-25 15:00:00,00000001250,20240725150000,0.072,0.075,0.0,0.0,0.0,0.0,1.0,4,0.0,0.0,104.17,0.0,589352
2024-07-25 16:00:00,00000001250,20240725160000,0.054,0.058,0.0,0.0,0.0,0.0,1.0,4,0.0,0.0,107.41,0.0,589352
2024-07-25 17:00:00,00000001250,20240725170000,0.078,0.081,0.0,0.0,0.0,0.0,1.0,4,0.0,0.0,103.85,0.0,589352
2024-07-25 18:00:00,00000001250,20240725180000,0.045,0.045,0.0,0.0,0.0,0.0,1.0,4,0.0,0.0,100.0,0.0,589352
2024-07-25 19:00:00,00000001250,20240725190000,0.065,0.066,0.0,0.0,0.0,0.0,1.0,4,0.0,0.0,101.54,0.0,589352
2024-07-25 20:00:00,00000001250,20240725200000,0.054,0.057,0.0,0.0,0.0,0.0,1.0,4,0.0,0.0,105.56,0.0,589352
2024-07-25 21:00:00,00000001250,20240725210000,0.036,0.036,0.0,0.0,0.0,0.0,1.0,4,0.0,0.0,100.0,0.0,589352
2024-07-25 22:00:00,00000001250,20240725220000,0.069,0.068,0.0,0.0,0.0,0.0,1.0,4,0.0,0.0,98.55,0.0,589352
2024-07-25 23:00:00,00000001250,20240725230000,0.052,0.04,0.001,0.0,0.0,0.0,1.0,4,0.0,0.0,76.92,1.92,589352
2024-07-26 00:00:00,00000001250,20240726000000,0.035,0.037,0.0,0.0,0.0,0.0,1.0,4,0.0,0.0,105.71,0.0,589352
2024-07-26 01:00:00,00000001250,20240726010000,0.068,0.074,0.0,0.0,0.0,0.0,1.0,4,0.0,0.0,108.82,0.0,589352
2024-07-26 02:00:00,00000001250,20240726020000,0.034,0.037,0.0,0.0,0.0,0.0,1.0,4,0.0,0.0,108.82,0.0,589352
2024-07-26 03:00:00,00000001250,20240726030000,0.038,0.042,0.0,0.0,0.0,0.0,1.0,4,0.0,0.0,110.53,0.0,589352
2024-07-26 04:00:00,00000001250,20240726040000,0.076,0.068,0.0,0.0,0.0,0.0,1.0,4,0.0,0.0,89.47,0.0,589352
2024-07-26 05:00:00,00000001250,20240726050000,0.034,0.038,0.0,0.0,0.0,0.0,1.0,4,0.0,0.0,111.76,0.0,589352
2024-07-26 06:00:00,00000001250,20240726060000,0.053,0.059,0.0,0.0,0.0,0.0,1.0,4,0.0,0.0,111.32,0.0,589352
2024-07-26 07:00:00,00000001250,20240726070000,0.046,0.052,0.0,0.0,0.0,0.0,1.0,4,0.0,0.0,113.04,0.0,589352
2024-07-26 08:00:00,00000001250,20240726080000,0.001,0.0,0.0,0.0,0.0,0.0,1.0,4,0.0,0.0,0.0,0.0,589352
2024-07-26 09:00:00,00000001250,20240726090000,0.004,0.0,0.0,0.0,0.0,0.0,1.0,4,0.0,0.0,0.0,0.0,589352
2024-07-26 10:00:00,00000001250,20240726100000,0.0,0.0,0.0,0.0,0.0,0.0,1.0,4,0.0,0.0,,,589352
2024-07-26 11:00:00,00000001250,20240726110000,0.0,0.0,0.0,0.0,0.0,0.0,1.0,4,0.0,0.0,,,589352
2024-07-26 12:00:00,00000001250,20240726120000,0.051,0.052,0.0,0.0,0.0,0.0,1.0,4,0.0,0.0,101.96,0.0,589352
2024-07-26 13:00:00,00000001250,20240726130000,0.053,0.056,0.0,0.0,0.0,0.0,1.0,4,0.0,0.0,105.66,0.0,589352
2024-07-26 14:00:00,00000001250,20240726140000,0.06,0.064,0.0,0.0,0.0,0.0,1.0,4,0.0,0.0,106.67,0.0,589352
2024-07-26 15:00:00,00000001250,20240726150000,0.067,0.072,0.0,0.0,0.0,0.0,1.0,4,0.0,0.0,107.46,0.0,589352
2024-07-26 16:00:00,00000001250,20240726160000,0.05,0.052,0.0,0.0,0.0,0.0,1.0,4,0.0,0.0,104.0,0.0,589352
2024-07-26 17:00:00,00000001250,20240726170000,0.076,0.08,0.0,0.0,0.0,0.0,1.0,4,0.0,0.0,105.26,0.0,589352
2024-07-26 18:00:00,00000001250,20240726180000,0.06,0.057,0.0,0.0,0.0,0.0,1.0,4,0.0,0.0,95.0,0.0,589352
2024-07-26 19:00:00,00000001250,20240726190000,0.047,0.049,0.0,0.0,0.0,0.0,1.0,4,0.0,0.0,104.26,0.0,589352
2024-07-26 20:00:00,00000001250,20240726200000,0.065,0.067,0.0,0.0,0.0,0.0,1.0,4,0.0,0.0,103.08,0.0,589352
2024-07-26 21:00:00,00000001250,20240726210000,0.045,0.043,0.001,0.0,0.0,0.0,1.0,4,0.0,0.0,95.56,2.22,589352
2024-07-26 22:00:00,00000001250,20240726220000,0.055,0.049,0.001,0.0,0.0,0.0,1.0,4,0.0,0.0,89.09,1.82,589352
2024-07-26 23:00:00,00000001250,20240726230000,0.079,0.069,0.0,0.0,0.0,0.0,1.0,4,0.0,0.0,87.34,0.0,589352
2024-07-27 00:00:00,00000001250,20240727000000,0.04,0.043,0.0,0.0,0.0,0.0,1.0,4,0.0,0.0,107.5,0.0,589352
2024-07-27 01:00:00,00000001250,20240727010000,0.04,0.043,0.0,0.0,0.0,0.0,1.0,4,0.0,0.0,107.5,0.0,589352
2024-07-27 02:00:00,00000001250,20240727020000,0.057,0.063,0.0,0.0,0.0,0.0,1.0,4,0.0,0.0,110.53,0.0,589352
2024-07-27 03:00:00,00000001250,20240727030000,0.039,0.044,0.0,0.0,0.0,0.0,1.0,4,0.0,0.0,112.82,0.0,589352
2024-07-27 04:00:00,00000001250,20240727040000,0.037,0.042,0.0,0.0,0.0,0.0,1.0,4,0.0,0.0,113.51,0.0,589352
2024-07-27 05:00:00,00000001250,20240727050000,0.049,0.054,0.0,0.0,0.0,0.0,1.0,4,0.0,0.0,110.2,0.0,589352
2024-07-27 06:00:00,00000001250,20240727060000,0.045,0.054,0.0,0.0,0.0,0.0,1.0,4,0.0,0.0,120.0,0.0,589352
2024-07-27 07:00:00,00000001250,20240727070000,0.039,0.042,0.0,0.0,0.0,0.0,1.0,4,0.0,0.0,107.69,0.0,589352
2024-07-27 08:00:00,00000001250,20240727080000,0.074,0.058,0.0,0.0,0.0,0.0,1.0,4,0.0,0.0,78.38,0.0,589352
2024-07-27 09:00:00,00000001250,20240727090000,0.057,0.059,0.0,0.0,0.0,0.0,1.0,4,0.0,0.0,103.51,0.0,589352
2024-07-27 10:00:00,00000001250,20240727100000,0.056,0.06,0.0,0.0,0.0,0.0,1.0,4,0.0,0.0,107.14,0.0,589352
2024-07-27 11:00:00,00000001250,20240727110000,0.042,0.043,0.0,0.0,0.0,0.0,1.0,4,0.0,0.0,102.38,0.0,589352
2024-07-27 12:00:00,00000001250,20240727120000,0.052,0.052,0.0,0.0,0.0,0.0,1.0,4,0.0,0.0,100.0,0.0,589352
2024-07-27 13:00:00,00000001250,20240727130000,0.058,0.061,0.0,0.0,0.0,0.0,1.0,4,0.0,0.0,105.17,0.0,589352
2024-07-27 14:00:00,00000001250,20240727140000,0.067,0.069,0.0,0.0,0.0,0.0,1.0,4,0.0,0.0,102.99,0.0,589352
2024-07-27 15:00:00,00000001250,20240727150000,0.075,0.074,0.0,0.0,0.0,0.0,1.0,4,0.0,0.0,98.67,0.0,589352
2024-07-27 16:00:00,00000001250,20240727160000,0.072,0.074,0.0,0.0,0.0,0.0,1.0,4,0.0,0.0,102.78,0.0,589352
2024-07-27 17:00:00,00000001250,20240727170000,0.067,0.066,0.0,0.0,0.0,0.0,1.0,4,0.0,0.0,98.51,0.0,589352
2024-07-27 18:00:00,00000001250,20240727180000,0.073,0.072,0.0,0.0,0.0,0.0,1.0,4,0.0,0.0,98.63,0.0,589352
2024-07-27 19:00:00,00000001250,20240727190000,0.056,0.056,0.0,0.0,0.0,0.0,1.0,4,0.0,0.0,100.0,0.0,589352
2024-07-27 20:00:00,00000001250,20240727200000,0.054,0.05,0.0,0.0,0.0,0.0,1.0,4,0.0,0.0,92.59,0.0,589352
2024-07-27 21:00:00,00000001250,20240727210000,0.063,0.058,0.0,0.0,0.0,0.0,1.0,4,0.0,0.0,92.06,0.0,589352
2024-07-27 22:00:00,00000001250,20240727220000,0.061,0.054,0.001,0.0,0.0,0.0,1.0,4,0.0,0.0,88.52,1.64,589352
2024-07-27 23:00:00,00000001250,20240727230000,0.061,0.054,0.0,0.0,0.0,0.0,1.0,4,0.0,0.0,88.52,0.0,589352
2024-07-28 00:00:00,00000001250,20240728000000,0.056,0.058,0.0,0.0,0.0,0.0,1.0,4,0.0,0.0,103.57,0.0,589352
2024-07-28 01:00:00,00000001250,20240728010000,0.053,0.057,0.0,0.0,0.0,0.0,1.0,4,0.0,0.0,107.55,0.0,589352
2024-07-28 02:00:00,00000001250,20240728020000,0.049,0.053,0.0,0.0,0.0,0.0,1.0,4,0.0,0.0,108.16,0.0,589352
2024-07-28 03:00:00,00000001250,20240728030000,0.045,0.05,0.0,0.0,0.0,0.0,1.0,4,0.0,0.0,111.11,0.0,589352
2024-07-28 04:00:00,00000001250,20240728040000,0.045,0.049,0.0,0.0,0.0,0.0,1.0,4,0.0,0.0,108.89,0.0,589352
2024-07-28 05:00:00,00000001250,20240728050000,0.058,0.049,0.0,0.0,0.0,0.0,1.0,4,0.0,0.0,84.48,0.0,589352
2024-07-28 06:00:00,00000001250,20240728060000,0.046,0.052,0.0,0.0,0.0,0.0,1.0,4,0.0,0.0,113.04,0.0,589352
2024-07-28 07:00:00,00000001250,20240728070000,0.07,0.06,0.0,0.0,0.0,0.0,1.0,4,0.0,0.0,85.71,0.0,589352
2024-07-28 08:00:00,00000001250,20240728080000,0.07,0.057,0.0,0.0,0.0,0.0,1.0,4,0.0,0.0,81.43,0.0,589352
2024-07-28 09:00:00,00000001250,20240728090000,0.053,0.05,0.0,0.0,0.0,0.0,1.0,4,0.0,0.0,94.34,0.0,589352
2024-07-28 10:00:00,00000001250,20240728100000,0.046,0.05,0.0,0.0,0.0,0.0,1.0,4,0.0,0.0,108.7,0.0,589352
2024-07-28 11:00:00,00000001250,20240728110000,0.068,0.07,0.0,0.0,0.0,0.0,1.0,4,0.0,0.0,102.94,0.0,589352
2024-07-28 12:00:00,00000001250,20240728120000,0.067,0.071,0.0,0.0,0.0,0.0,1.0,4,0.0,0.0,105.97,0.0,589352
2024-07-28 13:00:00,00000001250,20240728130000,0.079,0.082,0.0,0.0,0.0,0.0,1.0,4,0.0,0.0,103.8,0.0,589352
2024-07-28 14:00:00,00000001250,20240728140000,0.061,0.064,0.0,0.0,0.0,0.0,1.0,4,0.0,0.0,104.92,0.0,589352
2024-07-28 15:00:00,00000001250,20240728150000,0.064,0.063,0.0,0.0,0.0,0.0,1.0,4,0.0,0.0,98.44,0.0,589352
2024-07-28 16:00:00,00000001250,20240728160000,0.082,0.087,0.0,0.0,0.0,0.0,1.0,4,0.0,0.0,106.1,0.0,589352
2024-07-28 17:00:00,00000001250,20240728170000,0.094,0.082,0.0,0.0,0.0,0.0,1.0,4,0.0,0.0,87.23,0.0,589352
2024-07-28 18:00:00,00000001250,20240728180000,0.084,0.083,0.0,0.0,0.0,0.0,1.0,4,0.0,0.0,98.81,0.0,589352
2024-07-28 19:00:00,00000001250,20240728190000,0.071,0.07,0.0,0.0,0.0,0.0,1.0,4,0.0,0.0,98.59,0.0,589352
2024-07-28 20:00:00,00000001250,20240728200000,0.063,0.063,0.0,0.0,0.0,0.0,1.0,4,0.0,0.0,100.0,0.0,589352
2024-07-28 21:00:00,00000001250,20240728210000,0.062,0.06,0.0,0.0,0.0,0.0,1.0,4,0.0,0.0,96.77,0.0,589352
2024-07-28 22:00:00,00000001250,20240728220000,0.069,0.067,0.0,0.0,0.0,0.0,1.0,4,0.0,0.0,97.1,0.0,589352
2024-07-28 23:00:00,00000001250,20240728230000,0.081,0.065,0.001,0.0,0.0,0.0,1.0,4,0.0,0.0,80.25,1.23,589352
2024-07-29 00:00:00,00000001250,20240729000000,0.056,0.058,0.0,0.0,0.0,0.0,1.0,4,0.0,0.0,103.57,0.0,589352
2024-07-29 01:00:00,00000001250,20240729010000,0.053,0.056,0.0,0.0,0.0,0.0,1.0,4,0.0,0.0,105.66,0.0,589352
2024-07-29 02:00:00,00000001250,20240729020000,0.052,0.055,0.0,0.0,0.0,0.0,1.0,4,0.0,0.0,105.77,0.0,589352
2024-07-29 03:00:00,00000001250,20240729030000,0.05,0.056,0.0,0.0,0.0,0.0,1.0,4,0.0,0.0,112.0,0.0,589352
2024-07-29 04:00:00,00000001250,20240729040000,0.048,0.053,0.0,0.0,0.0,0.0,1.0,4,0.0,0.0,110.42,0.0,589352
2024-07-29 05:00:00,00000001250,20240729050000,0.062,0.055,0.0,0.0,0.0,0.0,1.0,4,0.0,0.0,88.71,0.0,589352
2024-07-29 06:00:00,00000001250,20240729060000,0.055,0.06,0.0,0.0,0.0,0.0,1.0,4,0.0,0.0,109.09,0.0,589352
2024-07-29 07:00:00,00000001250,20240729070000,0.073,0.073,0.0,0.0,0.0,0.0,1.0,4,0.0,0.0,100.0,0.0,589352
2024-07-29 08:00:00,00000001250,20240729080000,0.055,0.06,0.0,0.0,0.0,0.0,1.0,4,0.0,0.0,109.09,0.0,589352
2024-07-29 09:00:00,00000001250,20240729090000,0.051,0.054,0.0,0.0,0.0,0.0,1.0,4,0.0,0.0,105.88,0.0,589352
2024-07-29 10:00:00,00000001250,20240729100000,0.068,0.057,0.0,0.0,0.0,0.0,1.0,4,0.0,0.0,83.82,0.0,589352
2024-07-29 11:00:00,00000001250,20240729110000,0.049,0.05,0.0,0.0,0.0,0.0,1.0,4,0.0,0.0,102.04,0.0,589352
2024-07-29 12:00:00,00000001250,20240729120000,0.061,0.063,0.0,0.0,0.0,0.0,1.0,4,0.0,0.0,103.28,0.0,589352
2024-07-29 13:00:00,00000001250,20240729130000,0.05,0.052,0.0,0.0,0.0,0.0,1.0,4,0.0,0.0,104.0,0.0,589352
2024-07-29 14:00:00,00000001250,20240729140000,0.107,0.109,0.0,0.0,0.0,0.0,1.0,4,0.0,0.0,101.87,0.0,589352
2024-07-29 15:00:00,00000001250,20240729150000,0.065,0.066,0.0,0.0,0.0,0.0,1.0,4,0.0,0.0,101.54,0.0,589352
2024-07-29 16:00:00,00000001250,20240729160000,0.082,0.085,0.0,0.0,0.0,0.0,1.0,4,0.0,0.0,103.66,0.0,589352
2024-07-29 17:00:00,00000001250,20240729170000,0.112,0.115,0.0,0.0,0.0,0.0,1.0,4,0.0,0.0,102.68,0.0,589352
2024-07-29 18:00:00,00000001250,20240729180000,0.071,0.068,0.0,0.0,0.0,0.0,1.0,4,0.0,0.0,95.77,0.0,589352
2024-07-29 19:00:00,00000001250,20240729190000,0.076,0.078,0.0,0.0,0.0,0.0,1.0,4,0.0,0.0,102.63,0.0,589352
2024-07-29 20:00:00,00000001250,20240729200000,0.077,0.073,0.0,0.0,0.0,0.0,1.0,4,0.0,0.0,94.81,0.0,589352
2024-07-29 21:00:00,00000001250,20240729210000,0.074,0.066,0.0,0.0,0.0,0.0,1.0,4,0.0,0.0,89.19,0.0,589352
2024-07-29 22:00:00,00000001250,20240729220000,0.083,0.064,0.0,0.0,0.0,0.0,1.0,4,0.0,0.0,77.11,0.0,589352
2024-07-29 23:00:00,00000001250,20240729230000,0.046,0.043,0.0,0.0,0.0,0.0,1.0,4,0.0,0.0,93.48,0.0,589352
2024-07-30 00:00:00,00000001250,20240730000000,0.061,0.063,0.0,0.0,0.0,0.0,1.0,4,0.0,0.0,103.28,0.0,589352
2024-07-30 01:00:00,00000001250,20240730010000,0.063,0.066,0.0,0.0,0.0,0.0,1.0,4,0.0,0.0,104.76,0.0,589352
2024-07-30 02:00:00,00000001250,20240730020000,0.035,0.035,0.0,0.0,0.0,0.0,1.0,4,0.0,0.0,100.0,0.0,589352
2024-07-30 03:00:00,00000001250,20240730030000,0.069,0.062,0.0,0.0,0.0,0.0,1.0,4,0.0,0.0,89.86,0.0,589352
2024-07-30 04:00:00,00000001250,20240730040000,0.059,0.063,0.0,0.0,0.0,0.0,1.0,4,0.0,0.0,106.78,0.0,589352
2024-07-30 05:00:00,00000001250,20240730050000,0.028,0.032,0.0,0.0,0.0,0.0,1.0,4,0.0,0.0,114.29,0.0,589352
2024-07-30 06:00:00,00000001250,20240730060000,0.058,0.063,0.0,0.0,0.0,0.0,1.0,4,0.0,0.0,108.62,0.0,589352
2024-07-30 07:00:00,00000001250,20240730070000,0.058,0.063,0.0,0.0,0.0,0.0,1.0,4,0.0,0.0,108.62,0.0,589352
2024-07-30 08:00:00,00000001250,20240730080000,0.047,0.052,0.0,0.0,0.0,0.0,1.0,4,0.0,0.0,110.64,0.0,589352
2024-07-30 09:00:00,00000001250,20240730090000,0.062,0.065,0.0,0.0,0.0,0.0,1.0,4,0.0,0.0,104.84,0.0,589352
2024-07-30 10:00:00,00000001250,20240730100000,0.043,0.043,0.0,0.0,0.0,0.0,1.0,4,0.0,0.0,100.0,0.0,589352
2024-07-30 11:00:00,00000001250,20240730110000,0.051,0.052,0.0,0.0,0.0,0.0,1.0,4,0.0,0.0,101.96,0.0,589352
2024-07-30 12:00:00,00000001250,20240730120000,0.074,0.075,0.0,0.0,0.0,0.0,1.0,4,0.0,0.0,101.35,0.0,589352
2024-07-30 13:00:00,00000001250,20240730130000,0.057,0.057,0.0,0.0,0.0,0.0,1.0,4,0.0,0.0,100.0,0.0,589352
2024-07-30 14:00:00,00000001250,20240730140000,0.057,0.057,0.0,0.0,0.0,0.0,1.0,4,0.0,0.0,100.0,0.0,589352
2024-07-30 15:00:00,00000001250,20240730150000,0.094,0.094,0.0,0.0,0.0,0.0,1.0,4,0.0,0.0,100.0,0.0,589352
2024-07-30 16:00:00,00000001250,20240730160000,0.1,0.103,0.0,0.0,0.0,0.0,1.0,4,0.0,0.0,103.0,0.0,589352
2024-07-30 17:00:00,00000001250,20240730170000,0.054,0.054,0.0,0.0,0.0,0.0,1.0,4,0.0,0.0,100.0,0.0,589352
2024-07-30 18:00:00,00000001250,20240730180000,0.076,0.077,0.0,0.0,0.0,0.0,1.0,4,0.0,0.0,101.32,0.0,589352
2024-07-30 19:00:00,00000001250,20240730190000,0.064,0.061,0.0,0.0,0.0,0.0,1.0,4,0.0,0.0,95.31,0.0,589352
2024-07-30 20:00:00,00000001250,20240730200000,0.088,0.079,0.0,0.0,0.0,0.0,1.0,4,0.0,0.0,89.77,0.0,589352
2024-07-30 21:00:00,00000001250,20240730210000,0.072,0.068,0.0,0.0,0.0,0.0,1.0,4,0.0,0.0,94.44,0.0,589352
2024-07-30 22:00:00,00000001250,20240730220000,0.066,0.051,0.0,0.0,0.0,0.0,1.0,4,0.0,0.0,77.27,0.0,589352
2024-07-30 23:00:00,00000001250,20240730230000,0.07,0.07,0.0,0.0,0.0,0.0,1.0,4,0.0,0.0,100.0,0.0,589352
2024-07-31 00:00:00,00000001250,20240731000000,0.042,0.039,0.0,0.0,0.0,0.0,1.0,4,0.0,0.0,92.86,0.0,589352
2024-07-31 01:00:00,00000001250,20240731010000,0.068,0.071,0.0,0.0,0.0,0.0,1.0,4,0.0,0.0,104.41,0.0,589352
2024-07-31 02:00:00,00000001250,20240731020000,0.033,0.035,0.0,0.0,0.0,0.0,1.0,4,0.0,0.0,106.06,0.0,589352
2024-07-31 03:00:00,00000001250,20240731030000,0.064,0.069,0.0,0.0,0.0,0.0,1.0,4,0.0,0.0,107.81,0.0,589352
2024-07-31 04:00:00,00000001250,20240731040000,0.031,0.034,0.0,0.0,0.0,0.0,1.0,4,0.0,0.0,109.68,0.0,589352
2024-07-31 05:00:00,00000001250,20240731050000,0.062,0.067,0.0,0.0,0.0,0.0,1.0,4,0.0,0.0,108.06,0.0,589352
2024-07-31 06:00:00,00000001250,20240731060000,0.055,0.034,0.0,0.0,0.0,0.0,1.0,4,0.0,0.0,61.82,0.0,589352
2024-07-31 07:00:00,00000001250,20240731070000,0.069,0.068,0.0,0.0,0.0,0.0,1.0,4,0.0,0.0,98.55,0.0,589352
2024-07-31 08:00:00,00000001250,20240731080000,0.04,0.041,0.0,0.0,0.0,0.0,1.0,4,0.0,0.0,102.5,0.0,589352
2024-07-31 09:00:00,00000001250,20240731090000,0.064,0.068,0.0,0.0,0.0,0.0,1.0,4,0.0,0.0,106.25,0.0,589352
2024-07-31 10:00:00,00000001250,20240731100000,0.033,0.033,0.0,0.0,0.0,0.0,1.0,4,0.0,0.0,100.0,0.0,589352
2024-07-31 11:00:00,00000001250,20240731110000,0.065,0.067,0.0,0.0,0.0,0.0,1.0,4,0.0,0.0,103.08,0.0,589352
2024-07-31 12:00:00,00000001250,20240731120000,0.035,0.036,0.0,0.0,0.0,0.0,1.0,4,0.0,0.0,102.86,0.0,589352
2024-07-31 13:00:00,00000001250,20240731130000,0.095,0.101,0.0,0.0,0.0,0.0,1.0,4,0.0,0.0,106.32,0.0,589352
2024-07-31 14:00:00,00000001250,20240731140000,0.059,0.06,0.0,0.0,0.0,0.0,1.0,4,0.0,0.0,101.69,0.0,589352
2024-07-31 15:00:00,00000001250,20240731150000,0.076,0.076,0.0,0.0,0.0,0.0,1.0,4,0.0,0.0,100.0,0.0,589352
2024-07-31 16:00:00,00000001250,20240731160000,0.052,0.053,0.0,0.0,0.0,0.0,1.0,4,0.0,0.0,101.92,0.0,589352
2024-07-31 17:00:00,00000001250,20240731170000,0.07,0.07,0.0,0.0,0.0,0.0,1.0,4,0.0,0.0,100.0,0.0,589352
2024-07-31 18:00:00,00000001250,20240731180000,0.057,0.059,0.0,0.0,0.0,0.0,1.0,4,0.0,0.0,103.51,0.0,589352
2024-07-31 19:00:00,00000001250,20240731190000,0.059,0.058,0.0,0.0,0.0,0.0,1.0,4,0.0,0.0,98.31,0.0,589352
2024-07-31 20:00:00,00000001250,20240731200000,0.071,0.071,0.0,0.0,0.0,0.0,1.0,4,0.0,0.0,100.0,0.0,589352
2024-07-31 21:00:00,00000001250,20240731210000,0.046,0.043,0.0,0.0,0.0,0.0,1.0,4,0.0,0.0,93.48,0.0,589352
2024-07-31 22:00:00,00000001250,20240731220000,0.069,0.067,0.0,0.0,0.0,0.0,1.0,4,0.0,0.0,97.1,0.0,589352
2024-07-31 23:00:00,00000001250,20240731230000,0.049,0.036,0.0,0.0,0.0,0.0,1.0,4,0.0,0.0,73.47,0.0,589352
2024-08-01 00:00:00,00000001250,20240801000000,0.067,0.069,0.0,0.0,0.0,0.0,1.0,4,0.0,0.0,102.99,0.0,589352
2024-08-01 01:00:00,00000001250,20240801010000,0.032,0.035,0.0,0.0,0.0,0.0,1.0,4,0.0,0.0,109.38,0.0,589352
2024-08-01 02:00:00,00000001250,20240801020000,0.065,0.069,0.0,0.0,0.0,0.0,1.0,4,0.0,0.0,106.15,0.0,589352
2024-08-01 03:00:00,00000001250,20240801030000,0.033,0.035,0.0,0.0,0.0,0.0,1.0,4,0.0,0.0,106.06,0.0,589352
2024-08-01 04:00:00,00000001250,20240801040000,0.062,0.053,0.0,0.0,0.0,0.0,1.0,4,0.0,0.0,85.48,0.0,589352
2024-08-01 05:00:00,00000001250,20240801050000,0.045,0.05,0.0,0.0,0.0,0.0,1.0,4,0.0,0.0,111.11,0.0,589352
2024-08-01 06:00:00,00000001250,20240801060000,0.034,0.034,0.0,0.0,0.0,0.0,1.0,4,0.0,0.0,100.0,0.0,589352
2024-08-01 07:00:00,00000001250,20240801070000,0.077,0.072,0.0,0.0,0.0,0.0,1.0,4,0.0,0.0,93.51,0.0,589352
2024-08-01 08:00:00,00000001250,20240801080000,0.032,0.035,0.0,0.0,0.0,0.0,1.0,4,0.0,0.0,109.38,0.0,589352
2024-08-01 09:00:00,00000001250,20240801090000,0.084,0.064,0.0,0.0,0.0,0.0,1.0,4,0.0,0.0,76.19,0.0,589352
2024-08-01 10:00:00,00000001250,20240801100000,0.033,0.032,0.0,0.0,0.0,0.0,1.0,4,0.0,0.0,96.97,0.0,589352
2024-08-01 11:00:00,00000001250,20240801110000,0.065,0.065,0.0,0.0,0.0,0.0,1.0,4,0.0,0.0,100.0,0.0,589352
2024-08-01 12:00:00,00000001250,20240801120000,0.045,0.046,0.0,0.0,0.0,0.0,1.0,4,0.0,0.0,102.22,0.0,589352
2024-08-01 13:00:00,00000001250,20240801130000,0.042,0.043,0.0,0.0,0.0,0.0,1.0,4,0.0,0.0,102.38,0.0,589352
2024-08-01 14:00:00,00000001250,20240801140000,0.066,0.066,0.0,0.0,0.0,0.0,1.0,4,0.0,0.0,100.0,0.0,589352
2024-08-01 15:00:00,00000001250,20240801150000,0.052,0.052,0.0,0.0,0.0,0.0,1.0,4,0.0,0.0,100.0,0.0,589352
2024-08-01 16:00:00,00000001250,20240801160000,0.065,0.064,0.0,0.0,0.0,0.0,1.0,4,0.0,0.0,98.46,0.0,589352
2024-08-01 17:00:00,00000001250,20240801170000,0.08,0.077,0.0,0.0,0.0,0.0,1.0,4,0.0,0.0,96.25,0.0,589352
2024-08-01 18:00:00,00000001250,20240801180000,0.054,0.045,0.0,0.0,0.0,0.0,1.0,4,0.0,0.0,83.33,0.0,589352
2024-08-01 19:00:00,00000001250,20240801190000,0.084,0.083,0.0,0.0,0.0,0.0,1.0,4,0.0,0.0,98.81,0.0,589352
2024-08-01 20:00:00,00000001250,20240801200000,0.061,0.061,0.0,0.0,0.0,0.0,1.0,4,0.0,0.0,100.0,0.0,589352
2024-08-01 21:00:00,00000001250,20240801210000,0.046,0.044,0.0,0.0,0.0,0.0,1.0,4,0.0,0.0,95.65,0.0,589352
2024-08-01 22:00:00,00000001250,20240801220000,0.087,0.073,0.0,0.0,0.0,0.0,1.0,4,0.0,0.0,83.91,0.0,589352
2024-08-01 23:00:00,00000001250,20240801230000,0.041,0.042,0.0,0.0,0.0,0.0,1.0,4,0.0,0.0,102.44,0.0,589352
2024-08-02 00:00:00,00000001250,20240802000000,0.039,0.04,0.0,0.0,0.0,0.0,1.0,4,0.0,0.0,102.56,0.0,589352
2024-08-02 01:00:00,00000001250,20240802010000,0.074,0.068,0.0,0.0,0.0,0.0,1.0,4,0.0,0.0,91.89,0.0,589352
2024-08-02 02:00:00,00000001250,20240802020000,0.032,0.034,0.0,0.0,0.0,0.0,1.0,4,0.0,0.0,106.25,0.0,589352
2024-08-02 03:00:00,00000001250,20240802030000,0.052,0.055,0.0,0.0,0.0,0.0,1.0,4,0.0,0.0,105.77,0.0,589352
2024-08-02 04:00:00,00000001250,20240802040000,0.044,0.049,0.0,0.0,0.0,0.0,1.0,4,0.0,0.0,111.36,0.0,589352
2024-08-02 05:00:00,00000001250,20240802050000,0.032,0.035,0.0,0.0,0.0,0.0,1.0,4,0.0,0.0,109.38,0.0,589352
2024-08-02 06:00:00,00000001250,20240802060000,0.071,0.061,0.0,0.0,0.0,0.0,1.0,4,0.0,0.0,85.92,0.0,589352
2024-08-02 07:00:00,00000001250,20240802070000,0.052,0.05,0.0,0.0,0.0,0.0,1.0,4,0.0,0.0,96.15,0.0,589352
2024-08-02 08:00:00,00000001250,20240802080000,0.037,0.039,0.0,0.0,0.0,0.0,1.0,4,0.0,0.0,105.41,0.0,589352
2024-08-02 09:00:00,00000001250,20240802090000,0.078,0.081,0.0,0.0,0.0,0.0,1.0,4,0.0,0.0,103.85,0.0,589352
2024-08-02 10:00:00,00000001250,20240802100000,0.041,0.042,0.0,0.0,0.0,0.0,1.0,4,0.0,0.0,102.44,0.0,589352
2024-08-02 11:00:00,00000001250,20240802110000,0.06,0.058,0.0,0.0,0.0,0.0,1.0,4,0.0,0.0,96.67,0.0,589352
2024-08-02 12:00:00,00000001250,20240802120000,0.048,0.049,0.0,0.0,0.0,0.0,1.0,4,0.0,0.0,102.08,0.0,589352
2024-08-02 13:00:00,00000001250,20240802130000,0.038,0.039,0.0,0.0,0.0,0.0,1.0,4,0.0,0.0,102.63,0.0,589352
2024-08-02 14:00:00,00000001250,20240802140000,0.066,0.062,0.0,0.0,0.0,0.0,1.0,4,0.0,0.0,93.94,0.0,589352
2024-08-02 15:00:00,00000001250,20240802150000,0.066,0.066,0.0,0.0,0.0,0.0,1.0,4,0.0,0.0,100.0,0.0,589352
2024-08-02 16:00:00,00000001250,20240802160000,0.043,0.04,0.0,0.0,0.0,0.0,1.0,4,0.0,0.0,93.02,0.0,589352
2024-08-02 17:00:00,00000001250,20240802170000,0.061,0.059,0.0,0.0,0.0,0.0,1.0,4,0.0,0.0,96.72,0.0,589352
2024-08-02 18:00:00,00000001250,20240802180000,0.085,0.078,0.0,0.0,0.0,0.0,1.0,4,0.0,0.0,91.76,0.0,589352
2024-08-02 19:00:00,00000001250,20240802190000,0.039,0.038,0.0,0.0,0.0,0.0,1.0,4,0.0,0.0,97.44,0.0,589352
2024-08-02 20:00:00,00000001250,20240802200000,0.038,0.037,0.0,0.0,0.0,0.0,1.0,4,0.0,0.0,97.37,0.0,589352
2024-08-02 21:00:00,00000001250,20240802210000,0.056,0.053,0.0,0.0,0.0,0.0,1.0,4,0.0,0.0,94.64,0.0,589352
2024-08-02 22:00:00,00000001250,20240802220000,0.066,0.055,0.0,0.0,0.0,0.0,1.0,4,0.0,0.0,83.33,0.0,589352
2024-08-02 23:00:00,00000001250,20240802230000,0.045,0.036,0.001,0.0,0.0,0.0,1.0,4,0.0,0.0,80.0,2.22,589352
2024-08-03 00:00:00,00000001250,20240803000000,0.035,0.035,0.0,0.0,0.0,0.0,1.0,4,0.0,0.0,100.0,0.0,589352
2024-08-03 01:00:00,00000001250,20240803010000,0.058,0.06,0.0,0.0,0.0,0.0,1.0,4,0.0,0.0,103.45,0.0,589352
2024-08-03 02:00:00,00000001250,20240803020000,0.054,0.046,0.0,0.0,0.0,0.0,1.0,4,0.0,0.0,85.19,0.0,589352
2024-08-03 03:00:00,00000001250,20240803030000,0.033,0.036,0.0,0.0,0.0,0.0,1.0,4,0.0,0.0,109.09,0.0,589352
2024-08-03 04:00:00,00000001250,20240803040000,0.033,0.036,0.0,0.0,0.0,0.0,1.0,4,0.0,0.0,109.09,0.0,589352
2024-08-03 05:00:00,00000001250,20240803050000,0.042,0.044,0.0,0.0,0.0,0.0,1.0,4,0.0,0.0,104.76,0.0,589352
2024-08-03 06:00:00,00000001250,20240803060000,0.053,0.06,0.0,0.0,0.0,0.0,1.0,4,0.0,0.0,113.21,0.0,589352
2024-08-03 07:00:00,00000001250,20240803070000,0.05,0.045,0.0,0.0,0.0,0.0,1.0,4,0.0,0.0,90.0,0.0,589352
2024-08-03 08:00:00,00000001250,20240803080000,0.042,0.035,0.0,0.0,0.0,0.0,1.0,4,0.0,0.0,83.33,0.0,589352
2024-08-03 09:00:00,00000001250,20240803090000,0.458,0.041,0.0,0.0,0.0,0.0,1.0,4,0.0,0.0,8.95,0.0,589352
2024-08-03 10:00:00,00000001250,20240803100000,0.43,0.06,0.0,0.0,0.0,0.0,1.0,4,0.0,0.0,13.95,0.0,589352
2024-08-03 11:00:00,00000001250,20240803110000,0.067,0.064,0.0,0.0,0.0,0.0,1.0,4,0.0,0.0,95.52,0.0,589352
2024-08-03 12:00:00,00000001250,20240803120000,0.047,0.046,0.0,0.0,0.0,0.0,1.0,4,0.0,0.0,97.87,0.0,589352
2024-08-03 13:00:00,00000001250,20240803130000,0.042,0.042,0.0,0.0,0.0,0.0,1.0,4,0.0,0.0,100.0,0.0,589352
2024-08-03 14:00:00,00000001250,20240803140000,0.078,0.075,0.0,0.0,0.0,0.0,1.0,4,0.0,0.0,96.15,0.0,589352
2024-08-03 15:00:00,00000001250,20240803150000,0.056,0.056,0.0,0.0,0.0,0.0,1.0,4,0.0,0.0,100.0,0.0,589352
2024-08-03 16:00:00,00000001250,20240803160000,0.051,0.048,0.0,0.0,0.0,0.0,1.0,4,0.0,0.0,94.12,0.0,589352
2024-08-03 17:00:00,00000001250,20240803170000,0.046,0.045,0.0,0.0,0.0,0.0,1.0,4,0.0,0.0,97.83,0.0,589352
2024-08-03 18:00:00,00000001250,20240803180000,0.059,0.043,0.0,0.0,0.0,0.0,1.0,4,0.0,0.0,72.88,0.0,589352
2024-08-03 19:00:00,00000001250,20240803190000,0.069,0.064,0.0,0.0,0.0,0.0,1.0,4,0.0,0.0,92.75,0.0,589352
2024-08-03 20:00:00,00000001250,20240803200000,0.093,0.076,0.0,0.0,0.0,0.0,1.0,4,0.0,0.0,81.72,0.0,589352
2024-08-03 21:00:00,00000001250,20240803210000,0.217,0.035,0.017,0.0,0.0,0.0,1.0,4,0.0,0.0,16.13,7.83,589352
2024-08-03 22:00:00,00000001250,20240803220000,0.144,0.038,0.011,0.0,0.0,0.0,1.0,4,0.0,0.0,26.39,7.64,589352
2024-08-03 23:00:00,00000001250,20240803230000,0.059,0.043,0.001,0.0,0.0,0.0,1.0,4,0.0,0.0,72.88,1.69,589352
2024-08-04 00:00:00,00000001250,20240804000000,0.066,0.065,0.0,0.0,0.0,0.0,1.0,4,0.0,0.0,98.48,0.0,589352
2024-08-04 01:00:00,00000001250,20240804010000,0.05,0.052,0.0,0.0,0.0,0.0,1.0,4,0.0,0.0,104.0,0.0,589352
2024-08-04 02:00:00,00000001250,20240804020000,0.036,0.038,0.0,0.0,0.0,0.0,1.0,4,0.0,0.0,105.56,0.0,589352
2024-08-04 03:00:00,00000001250,20240804030000,0.054,0.04,0.0,0.0,0.0,0.0,1.0,4,0.0,0.0,74.07,0.0,589352
2024-08-04 04:00:00,00000001250,20240804040000,0.037,0.039,0.0,0.0,0.0,0.0,1.0,4,0.0,0.0,105.41,0.0,589352
2024-08-04 05:00:00,00000001250,20240804050000,0.036,0.039,0.0,0.0,0.0,0.0,1.0,4,0.0,0.0,108.33,0.0,589352
2024-08-04 06:00:00,00000001250,20240804060000,0.056,0.061,0.0,0.0,0.0,0.0,1.0,4,0.0,0.0,108.93,0.0,589352
2024-08-04 07:00:00,00000001250,20240804070000,0.068,0.065,0.0,0.0,0.0,0.0,1.0,4,0.0,0.0,95.59,0.0,589352
2024-08-04 08:00:00,00000001250,20240804080000,0.051,0.046,0.0,0.0,0.0,0.0,1.0,4,0.0,0.0,90.2,0.0,589352
2024-08-04 09:00:00,00000001250,20240804090000,0.064,0.046,0.0,0.0,0.0,0.0,1.0,4,0.0,0.0,71.88,0.0,589352
2024-08-04 10:00:00,00000001250,20240804100000,0.05,0.05,0.0,0.0,0.0,0.0,1.0,4,0.0,0.0,100.0,0.0,589352
2024-08-04 11:00:00,00000001250,20240804110000,0.062,0.062,0.0,0.0,0.0,0.0,1.0,4,0.0,0.0,100.0,0.0,589352
2024-08-04 12:00:00,00000001250,20240804120000,0.07,0.069,0.0,0.0,0.0,0.0,1.0,4,0.0,0.0,98.57,0.0,589352
2024-08-04 13:00:00,00000001250,20240804130000,0.074,0.076,0.0,0.0,0.0,0.0,1.0,4,0.0,0.0,102.7,0.0,589352
2024-08-04 14:00:00,00000001250,20240804140000,0.056,0.054,0.0,0.0,0.0,0.0,1.0,4,0.0,0.0,96.43,0.0,589352
2024-08-04 15:00:00,00000001250,20240804150000,0.05,0.049,0.0,0.0,0.0,0.0,1.0,4,0.0,0.0,98.0,0.0,589352
2024-08-04 16:00:00,00000001250,20240804160000,0.051,0.049,0.0,0.0,0.0,0.0,1.0,4,0.0,0.0,96.08,0.0,589352
2024-08-04 17:00:00,00000001250,20240804170000,0.058,0.056,0.0,0.0,0.0,0.0,1.0,4,0.0,0.0,96.55,0.0,589352
2024-08-04 18:00:00,00000001250,20240804180000,0.085,0.075,0.0,0.0,0.0,0.0,1.0,4,0.0,0.0,88.24,0.0,589352
2024-08-04 19:00:00,00000001250,20240804190000,0.071,0.067,0.0,0.0,0.0,0.0,1.0,4,0.0,0.0,94.37,0.0,589352
2024-08-04 20:00:00,00000001250,20240804200000,0.065,0.062,0.0,0.0,0.0,0.0,1.0,4,0.0,0.0,95.38,0.0,589352
2024-08-04 21:00:00,00000001250,20240804210000,0.058,0.041,0.002,0.0,0.0,0.0,1.0,4,0.0,0.0,70.69,3.45,589352
2024-08-04 22:00:00,00000001250,20240804220000,0.056,0.046,0.002,0.0,0.0,0.0,1.0,4,0.0,0.0,82.14,3.57,589352
2024-08-04 23:00:00,00000001250,20240804230000,0.061,0.045,0.0,0.0,0.0,0.0,1.0,4,0.0,0.0,73.77,0.0,589352
2024-08-05 00:00:00,00000001250,20240805000000,0.043,0.044,0.0,0.0,0.0,0.0,1.0,4,0.0,0.0,102.33,0.0,589352
2024-08-05 01:00:00,00000001250,20240805010000,0.043,0.044,0.0,0.0,0.0,0.0,1.0,4,0.0,0.0,102.33,0.0,589352
2024-08-05 02:00:00,00000001250,20240805020000,0.054,0.044,0.0,0.0,0.0,0.0,1.0,4,0.0,0.0,81.48,0.0,589352
2024-08-05 03:00:00,00000001250,20240805030000,0.052,0.054,0.0,0.0,0.0,0.0,1.0,4,0.0,0.0,103.85,0.0,589352
2024-08-05 04:00:00,00000001250,20240805040000,0.055,0.057,0.0,0.0,0.0,0.0,1.0,4,0.0,0.0,103.64,0.0,589352
2024-08-05 05:00:00,00000001250,20240805050000,0.051,0.055,0.0,0.0,0.0,0.0,1.0,4,0.0,0.0,107.84,0.0,589352
2024-08-05 06:00:00,00000001250,20240805060000,0.043,0.046,0.0,0.0,0.0,0.0,1.0,4,0.0,0.0,106.98,0.0,589352
2024-08-05 07:00:00,00000001250,20240805070000,0.04,0.042,0.0,0.0,0.0,0.0,1.0,4,0.0,0.0,105.0,0.0,589352
2024-08-05 08:00:00,00000001250,20240805080000,0.053,0.055,0.0,0.0,0.0,0.0,1.0,4,0.0,0.0,103.77,0.0,589352
2024-08-05 09:00:00,00000001250,20240805090000,0.053,0.045,0.0,0.0,0.0,0.0,1.0,4,0.0,0.0,84.91,0.0,589352
2024-08-05 10:00:00,00000001250,20240805100000,0.042,0.039,0.0,0.0,0.0,0.0,1.0,4,0.0,0.0,92.86,0.0,589352
2024-08-05 11:00:00,00000001250,20240805110000,0.048,0.04,0.0,0.0,0.0,0.0,1.0,4,0.0,0.0,83.33,0.0,589352
2024-08-05 12:00:00,00000001250,20240805120000,0.04,0.04,0.0,0.0,0.0,0.0,1.0,4,0.0,0.0,100.0,0.0,589352
2024-08-05 13:00:00,00000001250,20240805130000,0.053,0.046,0.0,0.0,0.0,0.0,1.0,4,0.0,0.0,86.79,0.0,589352
2024-08-05 14:00:00,00000001250,20240805140000,0.048,0.046,0.0,0.0,0.0,0.0,1.0,4,0.0,0.0,95.83,0.0,589352
2024-08-05 15:00:00,00000001250,20240805150000,0.052,0.05,0.0,0.0,0.0,0.0,1.0,4,0.0,0.0,96.15,0.0,589352
2024-08-05 16:00:00,00000001250,20240805160000,0.073,0.07,0.0,0.0,0.0,0.0,1.0,4,0.0,0.0,95.89,0.0,589352
2024-08-05 17:00:00,00000001250,20240805170000,0.054,0.052,0.0,0.0,0.0,0.0,1.0,4,0.0,0.0,96.3,0.0,589352
2024-08-05 18:00:00,00000001250,20240805180000,0.051,0.049,0.0,0.0,0.0,0.0,1.0,4,0.0,0.0,96.08,0.0,589352
2024-08-05 19:00:00,00000001250,20240805190000,0.07,0.062,0.0,0.0,0.0,0.0,1.0,4,0.0,0.0,88.57,0.0,589352
2024-08-05 20:00:00,00000001250,20240805200000,0.056,0.054,0.0,0.0,0.0,0.0,1.0,4,0.0,0.0,96.43,0.0,589352
2024-08-05 21:00:00,00000001250,20240805210000,0.069,0.045,0.001,0.0,0.0,0.0,1.0,4,0.0,0.0,65.22,1.45,589352
2024-08-05 22:00:00,00000001250,20240805220000,0.076,0.046,0.003,0.0,0.0,0.0,1.0,4,0.0,0.0,60.53,3.95,589352
2024-08-05 23:00:00,00000001250,20240805230000,0.062,0.044,0.002,0.0,0.0,0.0,1.0,4,0.0,0.0,70.97,3.23,589352
2024-08-06 00:00:00,00000001250,20240806000000,0.042,0.043,0.0,0.0,0.0,0.0,1.0,4,0.0,0.0,102.38,0.0,589352
2024-08-06 01:00:00,00000001250,20240806010000,0.043,0.044,0.0,0.0,0.0,0.0,1.0,4,0.0,0.0,102.33,0.0,589352
2024-08-06 02:00:00,00000001250,20240806020000,0.049,0.043,0.0,0.0,0.0,0.0,1.0,4,0.0,0.0,87.76,0.0,589352
2024-08-06 03:00:00,00000001250,20240806030000,0.041,0.042,0.0,0.0,0.0,0.0,1.0,4,0.0,0.0,102.44,0.0,589352
2024-08-06 04:00:00,00000001250,20240806040000,0.04,0.044,0.0,0.0,0.0,0.0,1.0,4,0.0,0.0,110.0,0.0,589352
2024-08-06 05:00:00,00000001250,20240806050000,0.04,0.041,0.0,0.0,0.0,0.0,1.0,4,0.0,0.0,102.5,0.0,589352
2024-08-06 06:00:00,00000001250,20240806060000,0.039,0.043,0.0,0.0,0.0,0.0,1.0,4,0.0,0.0,110.26,0.0,589352
2024-08-06 07:00:00,00000001250,20240806070000,0.056,0.041,0.0,0.0,0.0,0.0,1.0,4,0.0,0.0,73.21,0.0,589352
2024-08-06 08:00:00,00000001250,20240806080000,0.057,0.06,0.0,0.0,0.0,0.0,1.0,4,0.0,0.0,105.26,0.0,589352
2024-08-06 09:00:00,00000001250,20240806090000,0.047,0.048,0.0,0.0,0.0,0.0,1.0,4,0.0,0.0,102.13,0.0,589352
2024-08-06 10:00:00,00000001250,20240806100000,0.057,0.056,0.0,0.0,0.0,0.0,1.0,4,0.0,0.0,98.25,0.0,589352
2024-08-06 11:00:00,00000001250,20240806110000,0.063,0.063,0.0,0.0,0.0,0.0,1.0,4,0.0,0.0,100.0,0.0,589352
2024-08-06 12:00:00,00000001250,20240806120000,0.051,0.051,0.0,0.0,0.0,0.0,1.0,4,0.0,0.0,100.0,0.0,589352
2024-08-06 13:00:00,00000001250,20240806130000,0.061,0.06,0.0,0.0,0.0,0.0,1.0,4,0.0,0.0,98.36,0.0,589352
2024-08-06 14:00:00,00000001250,20240806140000,0.048,0.047,0.0,0.0,0.0,0.0,1.0,4,0.0,0.0,97.92,0.0,589352
2024-08-06 15:00:00,00000001250,20240806150000,0.05,0.049,0.0,0.0,0.0,0.0,1.0,4,0.0,0.0,98.0,0.0,589352
2024-08-06 16:00:00,00000001250,20240806160000,0.049,0.048,0.0,0.0,0.0,0.0,1.0,4,0.0,0.0,97.96,0.0,589352
2024-08-06 17:00:00,00000001250,20240806170000,0.05,0.05,0.0,0.0,0.0,0.0,1.0,4,0.0,0.0,100.0,0.0,589352
2024-08-06 18:00:00,00000001250,20240806180000,0.061,0.059,0.0,0.0,0.0,0.0,1.0,4,0.0,0.0,96.72,0.0,589352
2024-08-06 19:00:00,00000001250,20240806190000,0.066,0.055,0.0,0.0,0.0,0.0,1.0,4,0.0,0.0,83.33,0.0,589352
2024-08-06 20:00:00,00000001250,20240806200000,0.062,0.053,0.0,0.0,0.0,0.0,1.0,4,0.0,0.0,85.48,0.0,589352
2024-08-06 21:00:00,00000001250,20240806210000,0.061,0.041,0.004,0.0,0.0,0.0,1.0,4,0.0,0.0,67.21,6.56,589352
2024-08-06 22:00:00,00000001250,20240806220000,0.067,0.048,0.003,0.0,0.0,0.0,1.0,4,0.0,0.0,71.64,4.48,589352
2024-08-06 23:00:00,00000001250,20240806230000,0.073,0.054,0.003,0.0,0.0,0.0,1.0,4,0.0,0.0,73.97,4.11,589352
2024-08-07 00:00:00,00000001250,20240807000000,0.046,0.048,0.0,0.0,0.0,0.0,1.0,4,0.0,0.0,104.35,0.0,589352
2024-08-07 01:00:00,00000001250,20240807010000,0.042,0.044,0.0,0.0,0.0,0.0,1.0,4,0.0,0.0,104.76,0.0,589352
2024-08-07 02:00:00,00000001250,20240807020000,0.042,0.043,0.0,0.0,0.0,0.0,1.0,4,0.0,0.0,102.38,0.0,589352
2024-08-07 03:00:00,00000001250,20240807030000,0.039,0.042,0.0,0.0,0.0,0.0,1.0,4,0.0,0.0,107.69,0.0,589352
2024-08-07 04:00:00,00000001250,20240807040000,0.047,0.038,0.0,0.0,0.0,0.0,1.0,4,0.0,0.0,80.85,0.0,589352
2024-08-07 05:00:00,00000001250,20240807050000,0.034,0.037,0.0,0.0,0.0,0.0,1.0,4,0.0,0.0,108.82,0.0,589352
2024-08-07 06:00:00,00000001250,20240807060000,0.034,0.038,0.0,0.0,0.0,0.0,1.0,4,0.0,0.0,111.76,0.0,589352
2024-08-07 07:00:00,00000001250,20240807070000,0.039,0.041,0.0,0.0,0.0,0.0,1.0,4,0.0,0.0,105.13,0.0,589352
2024-08-07 08:00:00,00000001250,20240807080000,0.061,0.056,0.0,0.0,0.0,0.0,1.0,4,0.0,0.0,91.8,0.0,589352
2024-08-07 09:00:00,00000001250,20240807090000,0.059,0.047,0.0,0.0,0.0,0.0,1.0,4,0.0,0.0,79.66,0.0,589352
2024-08-07 10:00:00,00000001250,20240807100000,0.055,0.056,0.0,0.0,0.0,0.0,1.0,4,0.0,0.0,101.82,0.0,589352
2024-08-07 11:00:00,00000001250,20240807110000,0.046,0.046,0.0,0.0,0.0,0.0,1.0,4,0.0,0.0,100.0,0.0,589352
2024-08-07 12:00:00,00000001250,20240807120000,0.064,0.064,0.0,0.0,0.0,0.0,1.0,4,0.0,0.0,100.0,0.0,589352
2024-08-07 13:00:00,00000001250,20240807130000,0.066,0.066,0.0,0.0,0.0,0.0,1.0,4,0.0,0.0,100.0,0.0,589352
2024-08-07 14:00:00,00000001250,20240807140000,0.07,0.068,0.0,0.0,0.0,0.0,1.0,4,0.0,0.0,97.14,0.0,589352
2024-08-07 15:00:00,00000001250,20240807150000,0.06,0.06,0.0,0.0,0.0,0.0,1.0,4,0.0,0.0,100.0,0.0,589352
2024-08-07 16:00:00,00000001250,20240807160000,0.055,0.057,0.0,0.0,0.0,0.0,1.0,4,0.0,0.0,103.64,0.0,589352
2024-08-07 17:00:00,00000001250,20240807170000,0.061,0.06,0.0,0.0,0.0,0.0,1.0,4,0.0,0.0,98.36,0.0,589352
2024-08-07 18:00:00,00000001250,20240807180000,0.06,0.059,0.0,0.0,0.0,0.0,1.0,4,0.0,0.0,98.33,0.0,589352
2024-08-07 19:00:00,00000001250,20240807190000,0.079,0.074,0.0,0.0,0.0,0.0,1.0,4,0.0,0.0,93.67,0.0,589352
2024-08-07 20:00:00,00000001250,20240807200000,0.054,0.052,0.0,0.0,0.0,0.0,1.0,4,0.0,0.0,96.3,0.0,589352
2024-08-07 21:00:00,00000001250,20240807210000,0.053,0.049,0.0,0.0,0.0,0.0,1.0,4,0.0,0.0,92.45,0.0,589352
2024-08-07 22:00:00,00000001250,20240807220000,0.05,0.047,0.0,0.0,0.0,0.0,1.0,4,0.0,0.0,94.0,0.0,589352
2024-08-07 23:00:00,00000001250,20240807230000,0.062,0.053,0.0,0.0,0.0,0.0,1.0,4,0.0,0.0,85.48,0.0,589352
2024-08-08 00:00:00,00000001250,20240808000000,0.048,0.049,0.0,0.0,0.0,0.0,1.0,4,0.0,0.0,102.08,0.0,589352
2024-08-08 01:00:00,00000001250,20240808010000,0.046,0.047,0.0,0.0,0.0,0.0,1.0,4,0.0,0.0,102.17,0.0,589352
2024-08-08 02:00:00,00000001250,20240808020000,0.045,0.047,0.0,0.0,0.0,0.0,1.0,4,0.0,0.0,104.44,0.0,589352
2024-08-08 03:00:00,00000001250,20240808030000,0.045,0.048,0.0,0.0,0.0,0.0,1.0,4,0.0,0.0,106.67,0.0,589352
2024-08-08 04:00:00,00000001250,20240808040000,0.044,0.046,0.0,0.0,0.0,0.0,1.0,4,0.0,0.0,104.55,0.0,589352
2024-08-08 05:00:00,00000001250,20240808050000,0.047,0.048,0.0,0.0,0.0,0.0,1.0,4,0.0,0.0,102.13,0.0,589352
2024-08-08 06:00:00,00000001250,20240808060000,0.055,0.049,0.0,0.0,0.0,0.0,1.0,4,0.0,0.0,89.09,0.0,589352
2024-08-08 07:00:00,00000001250,20240808070000,0.067,0.053,0.0,0.0,0.0,0.0,1.0,4,0.0,0.0,79.1,0.0,589352
2024-08-08 08:00:00,00000001250,20240808080000,0.055,0.054,0.0,0.0,0.0,0.0,1.0,4,0.0,0.0,98.18,0.0,589352
2024-08-08 09:00:00,00000001250,20240808090000,0.043,0.044,0.0,0.0,0.0,0.0,1.0,4,0.0,0.0,102.33,0.0,589352
2024-08-08 10:00:00,00000001250,20240808100000,0.048,0.047,0.0,0.0,0.0,0.0,1.0,4,0.0,0.0,97.92,0.0,589352
2024-08-08 11:00:00,00000001250,20240808110000,0.051,0.049,0.0,0.0,0.0,0.0,1.0,4,0.0,0.0,96.08,0.0,589352
2024-08-08 12:00:00,00000001250,20240808120000,0.044,0.042,0.0,0.0,0.0,0.0,1.0,4,0.0,0.0,95.45,0.0,589352
2024-08-08 13:00:00,00000001250,20240808130000,0.042,0.041,0.0,0.0,0.0,0.0,1.0,4,0.0,0.0,97.62,0.0,589352
2024-08-08 14:00:00,00000001250,20240808140000,0.051,0.05,0.0,0.0,0.0,0.0,1.0,4,0.0,0.0,98.04,0.0,589352
2024-08-08 15:00:00,00000001250,20240808150000,0.047,0.046,0.0,0.0,0.0,0.0,1.0,4,0.0,0.0,97.87,0.0,589352
2024-08-08 16:00:00,00000001250,20240808160000,0.038,0.039,0.0,0.0,0.0,0.0,1.0,4,0.0,0.0,102.63,0.0,589352
2024-08-08 17:00:00,00000001250,20240808170000,0.052,0.05,0.0,0.0,0.0,0.0,1.0,4,0.0,0.0,96.15,0.0,589352
2024-08-08 18:00:00,00000001250,20240808180000,0.059,0.058,0.0,0.0,0.0,0.0,1.0,4,0.0,0.0,98.31,0.0,589352
2024-08-08 19:00:00,00000001250,20240808190000,0.065,0.063,0.0,0.0,0.0,0.0,1.0,4,0.0,0.0,96.92,0.0,589352
2024-08-08 20:00:00,00000001250,20240808200000,0.057,0.046,0.0,0.0,0.0,0.0,1.0,4,0.0,0.0,80.7,0.0,589352
2024-08-08 21:00:00,00000001250,20240808210000,0.047,0.043,0.0,0.0,0.0,0.0,1.0,4,0.0,0.0,91.49,0.0,589352
2024-08-08 22:00:00,00000001250,20240808220000,0.084,0.062,0.002,0.0,0.0,0.0,1.0,4,0.0,0.0,73.81,2.38,589352
2024-08-08 23:00:00,00000001250,20240808230000,0.059,0.05,0.0,0.0,0.0,0.0,1.0,4,0.0,0.0,84.75,0.0,589352
2024-08-09 00:00:00,00000001250,20240809000000,0.046,0.047,0.0,0.0,0.0,0.0,1.0,4,0.0,0.0,102.17,0.0,589352
2024-08-09 01:00:00,00000001250,20240809010000,0.059,0.048,0.0,0.0,0.0,0.0,1.0,4,0.0,0.0,81.36,0.0,589352
2024-08-09 02:00:00,00000001250,20240809020000,0.04,0.042,0.0,0.0,0.0,0.0,1.0,4,0.0,0.0,105.0,0.0,589352
2024-08-09 03:00:00,00000001250,20240809030000,0.03,0.031,0.0,0.0,0.0,0.0,1.0,4,0.0,0.0,103.33,0.0,589352
2024-08-09 04:00:00,00000001250,20240809040000,0.029,0.032,0.0,0.0,0.0,0.0,1.0,4,0.0,0.0,110.34,0.0,589352
2024-08-09 05:00:00,00000001250,20240809050000,0.033,0.036,0.0,0.0,0.0,0.0,1.0,4,0.0,0.0,109.09,0.0,589352
2024-08-09 06:00:00,00000001250,20240809060000,0.052,0.046,0.0,0.0,0.0,0.0,1.0,4,0.0,0.0,88.46,0.0,589352
2024-08-09 07:00:00,00000001250,20240809070000,0.044,0.047,0.0,0.0,0.0,0.0,1.0,4,0.0,0.0,106.82,0.0,589352
2024-08-09 08:00:00,00000001250,20240809080000,0.052,0.053,0.0,0.0,0.0,0.0,1.0,4,0.0,0.0,101.92,0.0,589352
2024-08-09 09:00:00,00000001250,20240809090000,0.062,0.049,0.0,0.0,0.0,0.0,1.0,4,0.0,0.0,79.03,0.0,589352
2024-08-09 10:00:00,00000001250,20240809100000,0.054,0.053,0.0,0.0,0.0,0.0,1.0,4,0.0,0.0,98.15,0.0,589352
2024-08-09 11:00:00,00000001250,20240809110000,0.065,0.064,0.0,0.0,0.0,0.0,1.0,4,0.0,0.0,98.46,0.0,589352
2024-08-09 12:00:00,00000001250,20240809120000,0.068,0.061,0.0,0.0,0.0,0.0,1.0,4,0.0,0.0,89.71,0.0,589352
2024-08-09 13:00:00,00000001250,20240809130000,0.055,0.053,0.0,0.0,0.0,0.0,1.0,4,0.0,0.0,96.36,0.0,589352
2024-08-09 14:00:00,00000001250,20240809140000,0.063,0.054,0.0,0.0,0.0,0.0,1.0,4,0.0,0.0,85.71,0.0,589352
2024-08-09 15:00:00,00000001250,20240809150000,0.072,0.064,0.0,0.0,0.0,0.0,1.0,4,0.0,0.0,88.89,0.0,589352
2024-08-09 16:00:00,00000001250,20240809160000,0.304,0.047,0.0,0.0,0.0,0.0,1.0,4,0.0,0.0,15.46,0.0,589352
2024-08-09 17:00:00,00000001250,20240809170000,0.245,0.054,0.0,0.0,0.0,0.0,1.0,4,0.0,0.0,22.04,0.0,589352
2024-08-09 18:00:00,00000001250,20240809180000,0.042,0.042,0.0,0.0,0.0,0.0,1.0,4,0.0,0.0,100.0,0.0,589352
2024-08-09 19:00:00,00000001250,20240809190000,0.051,0.049,0.0,0.0,0.0,0.0,1.0,4,0.0,0.0,96.08,0.0,589352
2024-08-09 20:00:00,00000001250,20240809200000,0.053,0.05,0.0,0.0,0.0,0.0,1.0,4,0.0,0.0,94.34,0.0,589352
2024-08-09 21:00:00,00000001250,20240809210000,0.061,0.048,0.002,0.0,0.0,0.0,1.0,4,0.0,0.0,78.69,3.28,589352
2024-08-09 22:00:00,00000001250,20240809220000,0.086,0.064,0.003,0.0,0.0,0.0,1.0,4,0.0,0.0,74.42,3.49,589352
2024-08-09 23:00:00,00000001250,20240809230000,0.068,0.05,0.001,0.0,0.0,0.0,1.0,4,0.0,0.0,73.53,1.47,589352
2024-08-10 00:00:00,00000001250,20240810000000,0.05,0.049,0.0,0.0,0.0,0.0,1.0,4,0.0,0.0,98.0,0.0,589352
2024-08-10 01:00:00,00000001250,20240810010000,0.048,0.049,0.0,0.0,0.0,0.0,1.0,4,0.0,0.0,102.08,0.0,589352
2024-08-10 02:00:00,00000001250,20240810020000,0.047,0.049,0.0,0.0,0.0,0.0,1.0,4,0.0,0.0,104.26,0.0,589352
2024-08-10 03:00:00,00000001250,20240810030000,0.03,0.031,0.0,0.0,0.0,0.0,1.0,4,0.0,0.0,103.33,0.0,589352
2024-08-10 04:00:00,00000001250,20240810040000,0.038,0.027,0.0,0.0,0.0,0.0,1.0,4,0.0,0.0,71.05,0.0,589352
2024-08-10 05:00:00,00000001250,20240810050000,0.038,0.04,0.0,0.0,0.0,0.0,1.0,4,0.0,0.0,105.26,0.0,589352
2024-08-10 06:00:00,00000001250,20240810060000,0.046,0.049,0.0,0.0,0.0,0.0,1.0,4,0.0,0.0,106.52,0.0,589352
2024-08-10 07:00:00,00000001250,20240810070000,0.046,0.05,0.0,0.0,0.0,0.0,1.0,4,0.0,0.0,108.7,0.0,589352
2024-08-10 08:00:00,00000001250,20240810080000,0.062,0.063,0.0,0.0,0.0,0.0,1.0,4,0.0,0.0,101.61,0.0,589352
2024-08-10 09:00:00,00000001250,20240810090000,0.051,0.051,0.0,0.0,0.0,0.0,1.0,4,0.0,0.0,100.0,0.0,589352
2024-08-10 10:00:00,00000001250,20240810100000,0.077,0.062,0.0,0.0,0.0,0.0,1.0,4,0.0,0.0,80.52,0.0,589352
2024-08-10 11:00:00,00000001250,20240810110000,0.068,0.064,0.0,0.0,0.0,0.0,1.0,4,0.0,0.0,94.12,0.0,589352
2024-08-10 12:00:00,00000001250,20240810120000,0.069,0.068,0.0,0.0,0.0,0.0,1.0,4,0.0,0.0,98.55,0.0,589352
2024-08-10 13:00:00,00000001250,20240810130000,0.063,0.06,0.0,0.0,0.0,0.0,1.0,4,0.0,0.0,95.24,0.0,589352
2024-08-10 14:00:00,00000001250,20240810140000,0.067,0.062,0.0,0.0,0.0,0.0,1.0,4,0.0,0.0,92.54,0.0,589352
2024-08-10 15:00:00,00000001250,20240810150000,0.071,0.066,0.0,0.0,0.0,0.0,1.0,4,0.0,0.0,92.96,0.0,589352
2024-08-10 16:00:00,00000001250,20240810160000,0.106,0.109,0.0,0.0,0.0,0.0,1.0,4,0.0,0.0,102.83,0.0,589352
2024-08-10 17:00:00,00000001250,20240810170000,0.092,0.085,0.0,0.0,0.0,0.0,1.0,4,0.0,0.0,92.39,0.0,589352
2024-08-10 18:00:00,00000001250,20240810180000,0.084,0.071,0.0,0.0,0.0,0.0,1.0,4,0.0,0.0,84.52,0.0,589352
2024-08-10 19:00:00,00000001250,20240810190000,0.075,0.064,0.0,0.0,0.0,0.0,1.0,4,0.0,0.0,85.33,0.0,589352
2024-08-10 20:00:00,00000001250,20240810200000,0.063,0.043,0.0,0.0,0.0,0.0,1.0,4,0.0,0.0,68.25,0.0,589352
2024-08-10 21:00:00,00000001250,20240810210000,0.036,0.033,0.0,0.0,0.0,0.0,1.0,4,0.0,0.0,91.67,0.0,589352
2024-08-10 22:00:00,00000001250,20240810220000,0.05,0.047,0.0,0.0,0.0,0.0,1.0,4,0.0,0.0,94.0,0.0,589352
2024-08-10 23:00:00,00000001250,20240810230000,0.067,0.055,0.0,0.0,0.0,0.0,1.0,4,0.0,0.0,82.09,0.0,589352
2024-08-11 00:00:00,00000001250,20240811000000,0.055,0.055,0.0,0.0,0.0,0.0,1.0,4,0.0,0.0,100.0,0.0,589352
2024-08-11 01:00:00,00000001250,20240811010000,0.055,0.055,0.0,0.0,0.0,0.0,1.0,4,0.0,0.0,100.0,0.0,589352
2024-08-11 02:00:00,00000001250,20240811020000,0.053,0.055,0.0,0.0,0.0,0.0,1.0,4,0.0,0.0,103.77,0.0,589352
2024-08-11 03:00:00,00000001250,20240811030000,0.047,0.029,0.0,0.0,0.0,0.0,1.0,4,0.0,0.0,61.7,0.0,589352
2024-08-11 04:00:00,00000001250,20240811040000,0.022,0.025,0.0,0.0,0.0,0.0,1.0,4,0.0,0.0,113.64,0.0,589352
2024-08-11 05:00:00,00000001250,20240811050000,0.051,0.054,0.0,0.0,0.0,0.0,1.0,4,0.0,0.0,105.88,0.0,589352
2024-08-11 06:00:00,00000001250,20240811060000,0.05,0.054,0.0,0.0,0.0,0.0,1.0,4,0.0,0.0,108.0,0.0,589352
2024-08-11 07:00:00,00000001250,20240811070000,0.086,0.064,0.0,0.0,0.0,0.0,1.0,4,0.0,0.0,74.42,0.0,589352
2024-08-11 08:00:00,00000001250,20240811080000,0.051,0.054,0.0,0.0,0.0,0.0,1.0,4,0.0,0.0,105.88,0.0,589352
2024-08-11 09:00:00,00000001250,20240811090000,0.047,0.046,0.0,0.0,0.0,0.0,1.0,4,0.0,0.0,97.87,0.0,589352
2024-08-11 10:00:00,00000001250,20240811100000,0.034,0.034,0.0,0.0,0.0,0.0,1.0,4,0.0,0.0,100.0,0.0,589352
2024-08-11 11:00:00,00000001250,20240811110000,0.069,0.069,0.0,0.0,0.0,0.0,1.0,4,0.0,0.0,100.0,0.0,589352
2024-08-11 12:00:00,00000001250,20240811120000,0.067,0.065,0.0,0.0,0.0,0.0,1.0,4,0.0,0.0,97.01,0.0,589352
2024-08-11 13:00:00,00000001250,20240811130000,0.074,0.073,0.0,0.0,0.0,0.0,1.0,4,0.0,0.0,98.65,0.0,589352
2024-08-11 14:00:00,00000001250,20240811140000,0.079,0.076,0.0,0.0,0.0,0.0,1.0,4,0.0,0.0,96.2,0.0,589352
2024-08-11 15:00:00,00000001250,20240811150000,0.058,0.053,0.0,0.0,0.0,0.0,1.0,4,0.0,0.0,91.38,0.0,589352
2024-08-11 16:00:00,00000001250,20240811160000,0.059,0.045,0.0,0.0,0.0,0.0,1.0,4,0.0,0.0,76.27,0.0,589352
2024-08-11 17:00:00,00000001250,20240811170000,0.036,0.036,0.0,0.0,0.0,0.0,1.0,4,0.0,0.0,100.0,0.0,589352
2024-08-11 18:00:00,00000001250,20240811180000,0.065,0.06,0.0,0.0,0.0,0.0,1.0,4,0.0,0.0,92.31,0.0,589352
2024-08-11 19:00:00,00000001250,20240811190000,0.065,0.06,0.0,0.0,0.0,0.0,1.0,4,0.0,0.0,92.31,0.0,589352
2024-08-11 20:00:00,00000001250,20240811200000,0.075,0.061,0.0,0.0,0.0,0.0,1.0,4,0.0,0.0,81.33,0.0,589352
2024-08-11 21:00:00,00000001250,20240811210000,0.084,0.052,0.002,0.0,0.0,0.0,1.0,4,0.0,0.0,61.9,2.38,589352
2024-08-11 22:00:00,00000001250,20240811220000,0.036,0.018,0.004,0.0,0.0,0.0,1.0,4,0.0,0.0,50.0,11.11,589352
2024-08-11 23:00:00,00000001250,20240811230000,0.068,0.04,0.001,0.0,0.0,0.0,1.0,4,0.0,0.0,58.82,1.47,589352
2024-08-12 00:00:00,00000001250,20240812000000,0.072,0.057,0.0,0.0,0.0,0.0,1.0,4,0.0,0.0,79.17,0.0,589352
2024-08-12 01:00:00,00000001250,20240812010000,0.062,0.057,0.0,0.0,0.0,0.0,1.0,4,0.0,0.0,91.94,0.0,589352
2024-08-12 02:00:00,00000001250,20240812020000,0.056,0.056,0.0,0.0,0.0,0.0,1.0,4,0.0,0.0,100.0,0.0,589352
2024-08-12 03:00:00,00000001250,20240812030000,0.021,0.022,0.0,0.0,0.0,0.0,1.0,4,0.0,0.0,104.76,0.0,589352
2024-08-12 04:00:00,00000001250,20240812040000,0.032,0.035,0.0,0.0,0.0,0.0,1.0,4,0.0,0.0,109.38,0.0,589352
2024-08-12 05:00:00,00000001250,20240812050000,0.061,0.056,0.0,0.0,0.0,0.0,1.0,4,0.0,0.0,91.8,0.0,589352
2024-08-12 06:00:00,00000001250,20240812060000,0.052,0.056,0.0,0.0,0.0,0.0,1.0,4,0.0,0.0,107.69,0.0,589352
2024-08-12 07:00:00,00000001250,20240812070000,0.067,0.07,0.0,0.0,0.0,0.0,1.0,4,0.0,0.0,104.48,0.0,589352
2024-08-12 08:00:00,00000001250,20240812080000,0.035,0.034,0.0,0.0,0.0,0.0,1.0,4,0.0,0.0,97.14,0.0,589352
2024-08-12 09:00:00,00000001250,20240812090000,0.034,0.035,0.0,0.0,0.0,0.0,1.0,4,0.0,0.0,102.94,0.0,589352
2024-08-12 10:00:00,00000001250,20240812100000,0.071,0.073,0.0,0.0,0.0,0.0,1.0,4,0.0,0.0,102.82,0.0,589352
2024-08-12 11:00:00,00000001250,20240812110000,0.073,0.073,0.0,0.0,0.0,0.0,1.0,4,0.0,0.0,100.0,0.0,589352
2024-08-12 12:00:00,00000001250,20240812120000,0.067,0.066,0.0,0.0,0.0,0.0,1.0,4,0.0,0.0,98.51,0.0,589352
2024-08-12 13:00:00,00000001250,20240812130000,0.067,0.057,0.0,0.0,0.0,0.0,1.0,4,0.0,0.0,85.07,0.0,589352
2024-08-12 14:00:00,00000001250,20240812140000,0.034,0.03,0.0,0.0,0.0,0.0,1.0,4,0.0,0.0,88.24,0.0,589352
2024-08-12 15:00:00,00000001250,20240812150000,0.043,0.045,0.0,0.0,0.0,0.0,1.0,4,0.0,0.0,104.65,0.0,589352
2024-08-12 16:00:00,00000001250,20240812160000,0.073,0.071,0.0,0.0,0.0,0.0,1.0,4,0.0,0.0,97.26,0.0,589352
2024-08-12 17:00:00,00000001250,20240812170000,0.072,0.07,0.0,0.0,0.0,0.0,1.0,4,0.0,0.0,97.22,0.0,589352
2024-08-12 18:00:00,00000001250,20240812180000,0.075,0.073,0.0,0.0,0.0,0.0,1.0,4,0.0,0.0,97.33,0.0,589352
2024-08-12 19:00:00,00000001250,20240812190000,0.04,0.037,0.0,0.0,0.0,0.0,1.0,4,0.0,0.0,92.5,0.0,589352
2024-08-12 20:00:00,00000001250,20240812200000,0.062,0.04,0.0,0.0,0.0,0.0,1.0,4,0.0,0.0,64.52,0.0,589352
2024-08-12 21:00:00,00000001250,20240812210000,0.082,0.057,0.003,0.0,0.0,0.0,1.0,4,0.0,0.0,69.51,3.66,589352
2024-08-12 22:00:00,00000001250,20240812220000,0.08,0.057,0.002,0.0,0.0,0.0,1.0,4,0.0,0.0,71.25,2.5,589352
2024-08-12 23:00:00,00000001250,20240812230000,0.077,0.061,0.0,0.0,0.0,0.0,1.0,4,0.0,0.0,79.22,0.0,589352
2024-08-13 00:00:00,00000001250,20240813000000,0.044,0.043,0.0,0.0,0.0,0.0,1.0,4,0.0,0.0,97.73,0.0,589352
2024-08-13 01:00:00,00000001250,20240813010000,0.016,0.017,0.0,0.0,0.0,0.0,1.0,4,0.0,0.0,106.25,0.0,589352
2024-08-13 02:00:00,00000001250,20240813020000,0.057,0.059,0.0,0.0,0.0,0.0,1.0,4,0.0,0.0,103.51,0.0,589352
2024-08-13 03:00:00,00000001250,20240813030000,0.056,0.059,0.0,0.0,0.0,0.0,1.0,4,0.0,0.0,105.36,0.0,589352
2024-08-13 04:00:00,00000001250,20240813040000,0.063,0.059,0.0,0.0,0.0,0.0,1.0,4,0.0,0.0,93.65,0.0,589352
2024-08-13 05:00:00,00000001250,20240813050000,0.028,0.029,0.0,0.0,0.0,0.0,1.0,4,0.0,0.0,103.57,0.0,589352
2024-08-13 06:00:00,00000001250,20240813060000,0.026,0.03,0.0,0.0,0.0,0.0,1.0,4,0.0,0.0,115.38,0.0,589352
2024-08-13 07:00:00,00000001250,20240813070000,0.083,0.058,0.0,0.0,0.0,0.0,1.0,4,0.0,0.0,69.88,0.0,589352
2024-08-13 08:00:00,00000001250,20240813080000,0.069,0.065,0.0,0.0,0.0,0.0,1.0,4,0.0,0.0,94.2,0.0,589352
2024-08-13 09:00:00,00000001250,20240813090000,0.064,0.059,0.0,0.0,0.0,0.0,1.0,4,0.0,0.0,92.19,0.0,589352
2024-08-13 10:00:00,00000001250,20240813100000,0.055,0.046,0.0,0.0,0.0,0.0,1.0,4,0.0,0.0,83.64,0.0,589352
2024-08-13 11:00:00,00000001250,20240813110000,0.042,0.042,0.0,0.0,0.0,0.0,1.0,4,0.0,0.0,100.0,0.0,589352
2024-08-13 12:00:00,00000001250,20240813120000,0.066,0.067,0.0,0.0,0.0,0.0,1.0,4,0.0,0.0,101.52,0.0,589352
2024-08-13 13:00:00,00000001250,20240813130000,0.073,0.073,0.0,0.0,0.0,0.0,1.0,4,0.0,0.0,100.0,0.0,589352
2024-08-13 14:00:00,00000001250,20240813140000,0.076,0.074,0.0,0.0,0.0,0.0,1.0,4,0.0,0.0,97.37,0.0,589352
2024-08-13 15:00:00,00000001250,20240813150000,0.043,0.039,0.0,0.0,0.0,0.0,1.0,4,0.0,0.0,90.7,0.0,589352
2024-08-13 16:00:00,00000001250,20240813160000,0.034,0.036,0.0,0.0,0.0,0.0,1.0,4,0.0,0.0,105.88,0.0,589352
2024-08-13 17:00:00,00000001250,20240813170000,0.095,0.091,0.0,0.0,0.0,0.0,1.0,4,0.0,0.0,95.79,0.0,589352
2024-08-13 18:00:00,00000001250,20240813180000,0.103,0.094,0.0,0.0,0.0,0.0,1.0,4,0.0,0.0,91.26,0.0,589352
2024-08-13 19:00:00,00000001250,20240813190000,0.052,0.047,0.0,0.0,0.0,0.0,1.0,4,0.0,0.0,90.38,0.0,589352
2024-08-13 20:00:00,00000001250,20240813200000,0.081,0.053,0.0,0.0,0.0,0.0,1.0,4,0.0,0.0,65.43,0.0,589352
2024-08-13 21:00:00,00000001250,20240813210000,0.13,0.071,0.002,0.0,0.0,0.0,1.0,4,0.0,0.0,54.62,1.54,589352
2024-08-13 22:00:00,00000001250,20240813220000,0.076,0.066,0.001,0.0,0.0,0.0,1.0,4,0.0,0.0,86.84,1.32,589352
2024-08-13 23:00:00,00000001250,20240813230000,0.075,0.059,0.0,0.0,0.0,0.0,1.0,4,0.0,0.0,78.67,0.0,589352
2024-08-14 00:00:00,00000001250,20240814000000,0.024,0.024,0.0,0.0,0.0,0.0,1.0,4,0.0,0.0,100.0,0.0,589352
2024-08-14 01:00:00,00000001250,20240814010000,0.051,0.053,0.0,0.0,0.0,0.0,1.0,4,0.0,0.0,103.92,0.0,589352
2024-08-14 02:00:00,00000001250,20240814020000,0.062,0.064,0.0,0.0,0.0,0.0,1.0,4,0.0,0.0,103.23,0.0,589352
2024-08-14 03:00:00,00000001250,20240814030000,0.059,0.063,0.0,0.0,0.0,0.0,1.0,4,0.0,0.0,106.78,0.0,589352
2024-08-14 04:00:00,00000001250,20240814040000,0.043,0.044,0.0,0.0,0.0,0.0,1.0,4,0.0,0.0,102.33,0.0,589352
2024-08-14 05:00:00,00000001250,20240814050000,0.018,0.019,0.0,0.0,0.0,0.0,1.0,4,0.0,0.0,105.56,0.0,589352
2024-08-14 06:00:00,00000001250,20240814060000,0.074,0.061,0.0,0.0,0.0,0.0,1.0,4,0.0,0.0,82.43,0.0,589352
2024-08-14 07:00:00,00000001250,20240814070000,0.075,0.073,0.0,0.0,0.0,0.0,1.0,4,0.0,0.0,97.33,0.0,589352
2024-08-14 08:00:00,00000001250,20240814080000,0.064,0.066,0.0,0.0,0.0,0.0,1.0,4,0.0,0.0,103.12,0.0,589352
2024-08-14 09:00:00,00000001250,20240814090000,0.044,0.042,0.0,0.0,0.0,0.0,1.0,4,0.0,0.0,95.45,0.0,589352
2024-08-14 10:00:00,00000001250,20240814100000,0.02,0.022,0.0,0.0,0.0,0.0,1.0,4,0.0,0.0,110.0,0.0,589352
2024-08-14 11:00:00,00000001250,20240814110000,0.061,0.061,0.0,0.0,0.0,0.0,1.0,4,0.0,0.0,100.0,0.0,589352
2024-08-14 12:00:00,00000001250,20240814120000,0.082,0.08,0.0,0.0,0.0,0.0,1.0,4,0.0,0.0,97.56,0.0,589352
2024-08-14 13:00:00,00000001250,20240814130000,0.052,0.048,0.0,0.0,0.0,0.0,1.0,4,0.0,0.0,92.31,0.0,589352
2024-08-14 14:00:00,00000001250,20240814140000,0.016,0.016,0.0,0.0,0.0,0.0,1.0,4,0.0,0.0,100.0,0.0,589352
2024-08-14 15:00:00,00000001250,20240814150000,0.082,0.077,0.0,0.0,0.0,0.0,1.0,4,0.0,0.0,93.9,0.0,589352
2024-08-14 16:00:00,00000001250,20240814160000,0.075,0.071,0.0,0.0,0.0,0.0,1.0,4,0.0,0.0,94.67,0.0,589352
2024-08-14 17:00:00,00000001250,20240814170000,0.053,0.047,0.0,0.0,0.0,0.0,1.0,4,0.0,0.0,88.68,0.0,589352
2024-08-14 18:00:00,00000001250,20240814180000,0.08,0.082,0.0,0.0,0.0,0.0,1.0,4,0.0,0.0,102.5,0.0,589352
2024-08-14 19:00:00,00000001250,20240814190000,0.092,0.087,0.0,0.0,0.0,0.0,1.0,4,0.0,0.0,94.57,0.0,589352
2024-08-14 20:00:00,00000001250,20240814200000,0.083,0.055,0.0,0.0,0.0,0.0,1.0,4,0.0,0.0,66.27,0.0,589352
2024-08-14 21:00:00,00000001250,20240814210000,0.032,0.016,0.004,0.0,0.0,0.0,1.0,4,0.0,0.0,50.0,12.5,589352
2024-08-14 22:00:00,00000001250,20240814220000,0.077,0.056,0.003,0.0,0.0,0.0,1.0,4,0.0,0.0,72.73,3.9,589352
2024-08-14 23:00:00,00000001250,20240814230000,0.087,0.064,0.001,0.0,0.0,0.0,1.0,4,0.0,0.0,73.56,1.15,589352
2024-08-15 00:00:00,00000001250,20240815000000,0.057,0.057,0.0,0.0,0.0,0.0,1.0,4,0.0,0.0,100.0,0.0,589352
2024-08-15 01:00:00,00000001250,20240815010000,0.005,0.006,0.0,0.0,0.0,0.0,1.0,4,0.0,0.0,120.0,0.0,589352
2024-08-15 02:00:00,00000001250,20240815020000,0.065,0.061,0.0,0.0,0.0,0.0,1.0,4,0.0,0.0,93.85,0.0,589352
2024-08-15 03:00:00,00000001250,20240815030000,0.058,0.062,0.0,0.0,0.0,0.0,1.0,4,0.0,0.0,106.9,0.0,589352
2024-08-15 04:00:00,00000001250,20240815040000,0.053,0.055,0.0,0.0,0.0,0.0,1.0,4,0.0,0.0,103.77,0.0,589352
2024-08-15 05:00:00,00000001250,20240815050000,0.004,0.005,0.0,0.0,0.0,0.0,1.0,4,0.0,0.0,125.0,0.0,589352
2024-08-15 06:00:00,00000001250,20240815060000,0.055,0.059,0.0,0.0,0.0,0.0,1.0,4,0.0,0.0,107.27,0.0,589352
2024-08-15 07:00:00,00000001250,20240815070000,0.054,0.059,0.0,0.0,0.0,0.0,1.0,4,0.0,0.0,109.26,0.0,589352
2024-08-15 08:00:00,00000001250,20240815080000,0.06,0.047,0.0,0.0,0.0,0.0,1.0,4,0.0,0.0,78.33,0.0,589352
2024-08-15 09:00:00,00000001250,20240815090000,0.022,0.019,0.0,0.0,0.0,0.0,1.0,4,0.0,0.0,86.36,0.0,589352
2024-08-15 10:00:00,00000001250,20240815100000,0.631,0.072,0.0,0.0,0.0,0.0,1.0,4,0.0,0.0,11.41,0.0,589352
2024-08-15 11:00:00,00000001250,20240815110000,0.068,0.064,0.0,0.0,0.0,0.0,1.0,4,0.0,0.0,94.12,0.0,589352
2024-08-15 12:00:00,00000001250,20240815120000,0.08,0.078,0.0,0.0,0.0,0.0,1.0,4,0.0,0.0,97.5,0.0,589352
2024-08-15 13:00:00,00000001250,20240815130000,0.041,0.044,0.0,0.0,0.0,0.0,1.0,4,0.0,0.0,107.32,0.0,589352
2024-08-15 14:00:00,00000001250,20240815140000,0.079,0.076,0.0,0.0,0.0,0.0,1.0,4,0.0,0.0,96.2,0.0,589352
2024-08-15 15:00:00,00000001250,20240815150000,0.097,0.093,0.0,0.0,0.0,0.0,1.0,4,0.0,0.0,95.88,0.0,589352
2024-08-15 16:00:00,00000001250,20240815160000,0.0,0.0,0.0,0.0,0.0,0.0,1.0,4,0.0,0.0,,,589352
2024-08-15 17:00:00,00000001250,20240815170000,0.0,0.0,0.0,0.0,0.0,0.0,1.0,4,0.0,0.0,,,589352
2024-08-15 18:00:00,00000001250,20240815180000,0.0,0.0,0.0,0.0,0.0,0.0,1.0,4,0.0,0.0,,,589352
2024-08-15 19:00:00,00000001250,20240815190000,0.0,0.0,0.0,0.0,0.0,0.0,1.0,4,0.0,0.0,,,589352
2024-08-15 20:00:00,00000001250,20240815200000,0.0,0.0,0.0,0.0,0.0,0.0,1.0,4,0.0,0.0,,,589352
2024-08-15 21:00:00,00000001250,20240815210000,0.0,0.0,0.0,0.0,0.0,0.0,1.0,4,0.0,0.0,,,589352
2024-08-15 22:00:00,00000001250,20240815220000,0.0,0.0,0.0,0.0,0.0,0.0,1.0,4,0.0,0.0,,,589352
2024-08-15 23:00:00,00000001250,20240815230000,0.0,0.0,0.0,0.0,0.0,0.0,1.0,4,0.0,0.0,,,589352
2024-08-16 00:00:00,00000001250,20240816000000,0.0,0.0,0.0,0.0,0.0,0.0,1.0,4,0.0,0.0,,,589352
2024-08-16 01:00:00,00000001250,20240816010000,0.0,0.0,0.0,0.0,0.0,0.0,1.0,4,0.0,0.0,,,589352
2024-08-16 02:00:00,00000001250,20240816020000,0.0,0.0,0.0,0.0,0.0,0.0,1.0,4,0.0,0.0,,,589352
2024-08-16 03:00:00,00000001250,20240816030000,0.0,0.0,0.0,0.0,0.0,0.0,1.0,4,0.0,0.0,,,589352
2024-08-16 04:00:00,00000001250,20240816040000,0.0,0.0,0.0,0.0,0.0,0.0,1.0,4,0.0,0.0,,,589352
2024-08-16 05:00:00,00000001250,20240816050000,0.0,0.0,0.0,0.0,0.0,0.0,1.0,4,0.0,0.0,,,589352
2024-08-16 06:00:00,00000001250,20240816060000,0.0,0.0,0.0,0.0,0.0,0.0,1.0,4,0.0,0.0,,,589352
2024-08-16 07:00:00,00000001250,20240816070000,0.0,0.0,0.0,0.0,0.0,0.0,1.0,4,0.0,0.0,,,589352
2024-08-16 08:00:00,00000001250,20240816080000,0.0,0.0,0.0,0.0,0.0,0.0,1.0,4,0.0,0.0,,,589352
2024-08-16 09:00:00,00000001250,20240816090000,0.0,0.0,0.0,0.0,0.0,0.0,1.0,4,0.0,0.0,,,589352
2024-08-16 10:00:00,00000001250,20240816100000,0.0,0.0,0.0,0.0,0.0,0.0,1.0,4,0.0,0.0,,,589352
2024-08-16 11:00:00,00000001250,20240816110000,0.0,0.0,0.0,0.0,0.0,0.0,1.0,4,0.0,0.0,,,589352
2024-08-16 12:00:00,00000001250,20240816120000,0.0,0.0,0.0,0.0,0.0,0.0,1.0,4,0.0,0.0,,,589352
2024-08-16 13:00:00,00000001250,20240816130000,0.0,0.0,0.0,0.0,0.0,0.0,1.0,4,0.0,0.0,,,589352
2024-08-16 14:00:00,00000001250,20240816140000,0.0,0.0,0.0,0.0,0.0,0.0,1.0,4,0.0,0.0,,,589352
2024-08-16 15:00:00,00000001250,20240816150000,0.0,0.0,0.0,0.0,0.0,0.0,1.0,4,0.0,0.0,,,589352
2024-08-16 16:00:00,00000001250,20240816160000,0.0,0.0,0.0,0.0,0.0,0.0,1.0,4,0.0,0.0,,,589352
2024-08-16 17:00:00,00000001250,20240816170000,0.0,0.0,0.0,0.0,0.0,0.0,1.0,4,0.0,0.0,,,589352
2024-08-16 18:00:00,00000001250,20240816180000,0.0,0.0,0.0,0.0,0.0,0.0,1.0,4,0.0,0.0,,,589352
2024-08-16 19:00:00,00000001250,20240816190000,0.0,0.0,0.0,0.0,0.0,0.0,1.0,4,0.0,0.0,,,589352
2024-08-16 20:00:00,00000001250,20240816200000,0.0,0.0,0.0,0.0,0.0,0.0,1.0,4,0.0,0.0,,,589352
2024-08-16 21:00:00,00000001250,20240816210000,0.0,0.0,0.0,0.0,0.0,0.0,1.0,4,0.0,0.0,,,589352
2024-08-16 22:00:00,00000001250,20240816220000,0.0,0.0,0.0,0.0,0.0,0.0,1.0,4,0.0,0.0,,,589352
2024-08-16 23:00:00,00000001250,20240816230000,0.0,0.0,0.0,0.0,0.0,0.0,1.0,4,0.0,0.0,,,589352
2024-08-17 00:00:00,00000001250,20240817000000,0.0,0.0,0.0,0.0,0.0,0.0,1.0,4,0.0,0.0,,,589352
2024-08-17 01:00:00,00000001250,20240817010000,0.0,0.0,0.0,0.0,0.0,0.0,1.0,4,0.0,0.0,,,589352
2024-08-17 02:00:00,00000001250,20240817020000,0.0,0.0,0.0,0.0,0.0,0.0,1.0,4,0.0,0.0,,,589352
2024-08-17 03:00:00,00000001250,20240817030000,0.0,0.0,0.0,0.0,0.0,0.0,1.0,4,0.0,0.0,,,589352
2024-08-17 04:00:00,00000001250,20240817040000,0.0,0.0,0.0,0.0,0.0,0.0,1.0,4,0.0,0.0,,,589352
2024-08-17 05:00:00,00000001250,20240817050000,0.0,0.0,0.0,0.0,0.0,0.0,1.0,4,0.0,0.0,,,589352
2024-08-17 06:00:00,00000001250,20240817060000,0.0,0.0,0.0,0.0,0.0,0.0,1.0,4,0.0,0.0,,,589352
2024-08-17 07:00:00,00000001250,20240817070000,0.0,0.0,0.0,0.0,0.0,0.0,1.0,4,0.0,0.0,,,589352
2024-08-17 08:00:00,00000001250,20240817080000,0.0,0.0,0.0,0.0,0.0,0.0,1.0,4,0.0,0.0,,,589352
2024-08-17 09:00:00,00000001250,20240817090000,0.0,0.0,0.0,0.0,0.0,0.0,1.0,4,0.0,0.0,,,589352
2024-08-17 10:00:00,00000001250,20240817100000,0.0,0.0,0.0,0.0,0.0,0.0,1.0,4,0.0,0.0,,,589352
2024-08-17 11:00:00,00000001250,20240817110000,0.0,0.0,0.0,0.0,0.0,0.0,1.0,4,0.0,0.0,,,589352
2024-08-17 12:00:00,00000001250,20240817120000,0.0,0.0,0.0,0.0,0.0,0.0,1.0,4,0.0,0.0,,,589352
2024-08-17 13:00:00,00000001250,20240817130000,0.0,0.0,0.0,0.0,0.0,0.0,1.0,4,0.0,0.0,,,589352
2024-08-17 14:00:00,00000001250,20240817140000,0.0,0.0,0.0,0.0,0.0,0.0,1.0,4,0.0,0.0,,,589352
2024-08-17 15:00:00,00000001250,20240817150000,0.0,0.0,0.0,0.0,0.0,0.0,1.0,4,0.0,0.0,,,589352
2024-08-17 16:00:00,00000001250,20240817160000,0.0,0.0,0.0,0.0,0.0,0.0,1.0,4,0.0,0.0,,,589352
2024-08-17 17:00:00,00000001250,20240817170000,0.0,0.0,0.0,0.0,0.0,0.0,1.0,4,0.0,0.0,,,589352
2024-08-17 18:00:00,00000001250,20240817180000,0.0,0.0,0.0,0.0,0.0,0.0,1.0,4,0.0,0.0,,,589352
2024-08-17 19:00:00,00000001250,20240817190000,0.0,0.0,0.0,0.0,0.0,0.0,1.0,4,0.0,0.0,,,589352
2024-08-17 20:00:00,00000001250,20240817200000,0.0,0.0,0.0,0.0,0.0,0.0,1.0,4,0.0,0.0,,,589352
2024-08-17 21:00:00,00000001250,20240817210000,0.0,0.0,0.0,0.0,0.0,0.0,1.0,4,0.0,0.0,,,589352
2024-08-17 22:00:00,00000001250,20240817220000,0.0,0.0,0.0,0.0,0.0,0.0,1.0,4,0.0,0.0,,,589352
2024-08-17 23:00:00,00000001250,20240817230000,0.0,0.0,0.0,0.0,0.0,0.0,1.0,4,0.0,0.0,,,589352
2024-08-18 00:00:00,00000001250,20240818000000,0.0,0.0,0.0,0.0,0.0,0.0,1.0,4,0.0,0.0,,,589352
2024-08-18 01:00:00,00000001250,20240818010000,0.0,0.0,0.0,0.0,0.0,0.0,1.0,4,0.0,0.0,,,589352
2024-08-18 02:00:00,00000001250,20240818020000,0.0,0.0,0.0,0.0,0.0,0.0,1.0,4,0.0,0.0,,,589352
2024-08-18 03:00:00,00000001250,20240818030000,0.0,0.0,0.0,0.0,0.0,0.0,1.0,4,0.0,0.0,,,589352
2024-08-18 04:00:00,00000001250,20240818040000,0.0,0.0,0.0,0.0,0.0,0.0,1.0,4,0.0,0.0,,,589352
2024-08-18 05:00:00,00000001250,20240818050000,0.0,0.0,0.0,0.0,0.0,0.0,1.0,4,0.0,0.0,,,589352
2024-08-18 06:00:00,00000001250,20240818060000,0.0,0.0,0.0,0.0,0.0,0.0,1.0,4,0.0,0.0,,,589352
2024-08-18 07:00:00,00000001250,20240818070000,0.0,0.0,0.0,0.0,0.0,0.0,1.0,4,0.0,0.0,,,589352
2024-08-18 08:00:00,00000001250,20240818080000,0.0,0.0,0.0,0.0,0.0,0.0,1.0,4,0.0,0.0,,,589352
2024-08-18 09:00:00,00000001250,20240818090000,0.0,0.0,0.0,0.0,0.0,0.0,1.0,4,0.0,0.0,,,589352
2024-08-18 10:00:00,00000001250,20240818100000,0.0,0.0,0.0,0.0,0.0,0.0,1.0,4,0.0,0.0,,,589352
2024-08-18 11:00:00,00000001250,20240818110000,0.0,0.0,0.0,0.0,0.0,0.0,1.0,4,0.0,0.0,,,589352
2024-08-18 12:00:00,00000001250,20240818120000,0.0,0.0,0.0,0.0,0.0,0.0,1.0,4,0.0,0.0,,,589352
2024-08-18 13:00:00,00000001250,20240818130000,0.0,0.0,0.0,0.0,0.0,0.0,1.0,4,0.0,0.0,,,589352
2024-08-18 14:00:00,00000001250,20240818140000,0.0,0.0,0.0,0.0,0.0,0.0,1.0,4,0.0,0.0,,,589352
2024-08-18 15:00:00,00000001250,20240818150000,0.0,0.0,0.0,0.0,0.0,0.0,1.0,4,0.0,0.0,,,589352
2024-08-18 16:00:00,00000001250,20240818160000,0.0,0.0,0.0,0.0,0.0,0.0,1.0,4,0.0,0.0,,,589352
2024-08-18 17:00:00,00000001250,20240818170000,0.0,0.0,0.0,0.0,0.0,0.0,1.0,4,0.0,0.0,,,589352
2024-08-18 18:00:00,00000001250,20240818180000,0.0,0.0,0.0,0.0,0.0,0.0,1.0,4,0.0,0.0,,,589352
2024-08-18 19:00:00,00000001250,20240818190000,0.0,0.0,0.0,0.0,0.0,0.0,1.0,4,0.0,0.0,,,589352
2024-08-18 20:00:00,00000001250,20240818200000,0.0,0.0,0.0,0.0,0.0,0.0,1.0,4,0.0,0.0,,,589352
2024-08-18 21:00:00,00000001250,20240818210000,0.0,0.0,0.0,0.0,0.0,0.0,1.0,4,0.0,0.0,,,589352
2024-08-18 22:00:00,00000001250,20240818220000,0.0,0.0,0.0,0.0,0.0,0.0,1.0,4,0.0,0.0,,,589352
2024-08-18 23:00:00,00000001250,20240818230000,0.0,0.0,0.0,0.0,0.0,0.0,1.0,4,0.0,0.0,,,589352
2024-08-19 00:00:00,00000001250,20240819000000,0.0,0.0,0.0,0.0,0.0,0.0,1.0,4,0.0,0.0,,,589352
2024-08-19 01:00:00,00000001250,20240819010000,0.0,0.0,0.0,0.0,0.0,0.0,1.0,4,0.0,0.0,,,589352
2024-08-19 02:00:00,00000001250,20240819020000,0.0,0.0,0.0,0.0,0.0,0.0,1.0,4,0.0,0.0,,,589352
2024-08-19 03:00:00,00000001250,20240819030000,0.0,0.0,0.0,0.0,0.0,0.0,1.0,4,0.0,0.0,,,589352
2024-08-19 04:00:00,00000001250,20240819040000,0.0,0.0,0.0,0.0,0.0,0.0,1.0,4,0.0,0.0,,,589352
2024-08-19 05:00:00,00000001250,20240819050000,0.0,0.0,0.0,0.0,0.0,0.0,1.0,4,0.0,0.0,,,589352
2024-08-19 06:00:00,00000001250,20240819060000,0.0,0.0,0.0,0.0,0.0,0.0,1.0,4,0.0,0.0,,,589352
2024-08-19 07:00:00,00000001250,20240819070000,0.0,0.0,0.0,0.0,0.0,0.0,1.0,4,0.0,0.0,,,589352
2024-08-19 08:00:00,00000001250,20240819080000,0.0,0.0,0.0,0.0,0.0,0.0,1.0,4,0.0,0.0,,,589352
2024-08-19 09:00:00,00000001250,20240819090000,0.0,0.0,0.0,0.0,0.0,0.0,1.0,4,0.0,0.0,,,589352
2024-08-19 10:00:00,00000001250,20240819100000,0.0,0.0,0.0,0.0,0.0,0.0,1.0,4,0.0,0.0,,,589352
2024-08-19 11:00:00,00000001250,20240819110000,0.0,0.0,0.0,0.0,0.0,0.0,1.0,4,0.0,0.0,,,589352
2024-08-19 12:00:00,00000001250,20240819120000,0.0,0.0,0.0,0.0,0.0,0.0,1.0,4,0.0,0.0,,,589352
2024-08-19 13:00:00,00000001250,20240819130000,0.0,0.0,0.0,0.0,0.0,0.0,1.0,4,0.0,0.0,,,589352
2024-08-19 14:00:00,00000001250,20240819140000,0.0,0.0,0.0,0.0,0.0,0.0,1.0,4,0.0,0.0,,,589352
2024-08-19 15:00:00,00000001250,20240819150000,0.0,0.0,0.0,0.0,0.0,0.0,1.0,4,0.0,0.0,,,589352
2024-08-19 16:00:00,00000001250,20240819160000,0.0,0.0,0.0,0.0,0.0,0.0,1.0,4,0.0,0.0,,,589352
2024-08-19 17:00:00,00000001250,20240819170000,0.0,0.0,0.0,0.0,0.0,0.0,1.0,4,0.0,0.0,,,589352
2024-08-19 18:00:00,00000001250,20240819180000,0.0,0.0,0.0,0.0,0.0,0.0,1.0,4,0.0,0.0,,,589352
2024-08-19 19:00:00,00000001250,20240819190000,0.0,0.0,0.0,0.0,0.0,0.0,1.0,4,0.0,0.0,,,589352
2024-08-19 20:00:00,00000001250,20240819200000,0.0,0.0,0.0,0.0,0.0,0.0,1.0,4,0.0,0.0,,,589352
2024-08-19 21:00:00,00000001250,20240819210000,0.0,0.0,0.0,0.0,0.0,0.0,1.0,4,0.0,0.0,,,589352
2024-08-19 22:00:00,00000001250,20240819220000,0.0,0.0,0.0,0.0,0.0,0.0,1.0,4,0.0,0.0,,,589352
2024-08-19 23:00:00,00000001250,20240819230000,0.0,0.0,0.0,0.0,0.0,0.0,1.0,4,0.0,0.0,,,589352
2024-08-20 00:00:00,00000001250,20240820000000,0.0,0.0,0.0,0.0,0.0,0.0,1.0,4,0.0,0.0,,,589352
2024-08-20 01:00:00,00000001250,20240820010000,0.0,0.0,0.0,0.0,0.0,0.0,1.0,4,0.0,0.0,,,589352
2024-08-20 02:00:00,00000001250,20240820020000,0.0,0.0,0.0,0.0,0.0,0.0,1.0,4,0.0,0.0,,,589352
2024-08-20 03:00:00,00000001250,20240820030000,0.0,0.0,0.0,0.0,0.0,0.0,1.0,4,0.0,0.0,,,589352
2024-08-20 04:00:00,00000001250,20240820040000,0.0,0.0,0.0,0.0,0.0,0.0,1.0,4,0.0,0.0,,,589352
2024-08-20 05:00:00,00000001250,20240820050000,0.0,0.0,0.0,0.0,0.0,0.0,1.0,4,0.0,0.0,,,589352
2024-08-20 06:00:00,00000001250,20240820060000,0.0,0.0,0.0,0.0,0.0,0.0,1.0,4,0.0,0.0,,,589352
2024-08-20 07:00:00,00000001250,20240820070000,0.0,0.0,0.0,0.0,0.0,0.0,1.0,4,0.0,0.0,,,589352
2024-08-20 08:00:00,00000001250,20240820080000,0.0,0.0,0.0,0.0,0.0,0.0,1.0,4,0.0,0.0,,,589352
2024-08-20 09:00:00,00000001250,20240820090000,0.0,0.0,0.0,0.0,0.0,0.0,1.0,4,0.0,0.0,,,589352
2024-08-20 10:00:00,00000001250,20240820100000,0.0,0.0,0.0,0.0,0.0,0.0,1.0,4,0.0,0.0,,,589352
2024-08-20 11:00:00,00000001250,20240820110000,0.0,0.0,0.0,0.0,0.0,0.0,1.0,4,0.0,0.0,,,589352
2024-08-20 12:00:00,00000001250,20240820120000,0.0,0.0,0.0,0.0,0.0,0.0,1.0,4,0.0,0.0,,,589352
2024-08-20 13:00:00,00000001250,20240820130000,0.0,0.0,0.0,0.0,0.0,0.0,1.0,4,0.0,0.0,,,589352
2024-08-20 14:00:00,00000001250,20240820140000,0.0,0.0,0.0,0.0,0.0,0.0,1.0,4,0.0,0.0,,,589352
2024-08-20 15:00:00,00000001250,20240820150000,0.0,0.0,0.0,0.0,0.0,0.0,1.0,4,0.0,0.0,,,589352
2024-08-20 16:00:00,00000001250,20240820160000,0.0,0.0,0.0,0.0,0.0,0.0,1.0,4,0.0,0.0,,,589352
2024-08-20 17:00:00,00000001250,20240820170000,0.0,0.0,0.0,0.0,0.0,0.0,1.0,4,0.0,0.0,,,589352
2024-08-20 18:00:00,00000001250,20240820180000,0.0,0.0,0.0,0.0,0.0,0.0,1.0,4,0.0,0.0,,,589352
2024-08-20 19:00:00,00000001250,20240820190000,0.0,0.0,0.0,0.0,0.0,0.0,1.0,4,0.0,0.0,,,589352
2024-08-20 20:00:00,00000001250,20240820200000,0.0,0.0,0.0,0.0,0.0,0.0,1.0,4,0.0,0.0,,,589352
2024-08-20 21:00:00,00000001250,20240820210000,0.0,0.0,0.0,0.0,0.0,0.0,1.0,4,0.0,0.0,,,589352
2024-08-20 22:00:00,00000001250,20240820220000,0.0,0.0,0.0,0.0,0.0,0.0,1.0,4,0.0,0.0,,,589352
2024-08-20 23:00:00,00000001250,20240820230000,0.0,0.0,0.0,0.0,0.0,0.0,1.0,4,0.0,0.0,,,589352
2024-08-21 00:00:00,00000001250,20240821000000,0.0,0.0,0.0,0.0,0.0,0.0,1.0,4,0.0,0.0,,,589352
2024-08-21 01:00:00,00000001250,20240821010000,0.0,0.0,0.0,0.0,0.0,0.0,1.0,4,0.0,0.0,,,589352
2024-08-21 02:00:00,00000001250,20240821020000,0.0,0.0,0.0,0.0,0.0,0.0,1.0,4,0.0,0.0,,,589352
2024-08-21 03:00:00,00000001250,20240821030000,0.0,0.0,0.0,0.0,0.0,0.0,1.0,4,0.0,0.0,,,589352
2024-08-21 04:00:00,00000001250,20240821040000,0.0,0.0,0.0,0.0,0.0,0.0,1.0,4,0.0,0.0,,,589352
2024-08-21 05:00:00,00000001250,20240821050000,0.0,0.0,0.0,0.0,0.0,0.0,1.0,4,0.0,0.0,,,589352
2024-08-21 06:00:00,00000001250,20240821060000,0.0,0.0,0.0,0.0,0.0,0.0,1.0,4,0.0,0.0,,,589352
2024-08-21 07:00:00,00000001250,20240821070000,0.0,0.0,0.0,0.0,0.0,0.0,1.0,4,0.0,0.0,,,589352
2024-08-21 08:00:00,00000001250,20240821080000,0.0,0.0,0.0,0.0,0.0,0.0,1.0,4,0.0,0.0,,,589352
2024-08-21 09:00:00,00000001250,20240821090000,0.0,0.0,0.0,0.0,0.0,0.0,1.0,4,0.0,0.0,,,589352
2024-08-21 10:00:00,00000001250,20240821100000,0.0,0.0,0.0,0.0,0.0,0.0,1.0,4,0.0,0.0,,,589352
2024-08-21 11:00:00,00000001250,20240821110000,0.0,0.0,0.0,0.0,0.0,0.0,1.0,4,0.0,0.0,,,589352
2024-08-21 12:00:00,00000001250,20240821120000,0.0,0.0,0.0,0.0,0.0,0.0,1.0,4,0.0,0.0,,,589352
2024-08-21 13:00:00,00000001250,20240821130000,0.0,0.0,0.0,0.0,0.0,0.0,1.0,4,0.0,0.0,,,589352
2024-08-21 14:00:00,00000001250,20240821140000,0.0,0.0,0.0,0.0,0.0,0.0,1.0,4,0.0,0.0,,,589352
2024-08-21 15:00:00,00000001250,20240821150000,0.0,0.0,0.0,0.0,0.0,0.0,1.0,4,0.0,0.0,,,589352
2024-08-21 16:00:00,00000001250,20240821160000,0.0,0.0,0.0,0.0,0.0,0.0,1.0,4,0.0,0.0,,,589352
2024-08-21 17:00:00,00000001250,20240821170000,0.0,0.0,0.0,0.0,0.0,0.0,1.0,4,0.0,0.0,,,589352
2024-08-21 18:00:00,00000001250,20240821180000,0.0,0.0,0.0,0.0,0.0,0.0,1.0,4,0.0,0.0,,,589352
2024-08-21 19:00:00,00000001250,20240821190000,0.0,0.0,0.0,0.0,0.0,0.0,1.0,4,0.0,0.0,,,589352
2024-08-21 20:00:00,00000001250,20240821200000,0.0,0.0,0.0,0.0,0.0,0.0,1.0,4,0.0,0.0,,,589352
2024-08-21 21:00:00,00000001250,20240821210000,0.0,0.0,0.0,0.0,0.0,0.0,1.0,4,0.0,0.0,,,589352
2024-08-21 22:00:00,00000001250,20240821220000,0.0,0.0,0.0,0.0,0.0,0.0,1.0,4,0.0,0.0,,,589352
2024-08-21 23:00:00,00000001250,20240821230000,0.0,0.0,0.0,0.0,0.0,0.0,1.0,4,0.0,0.0,,,589352
2024-08-22 00:00:00,00000001250,20240822000000,0.0,0.0,0.0,0.0,0.0,0.0,1.0,4,0.0,0.0,,,589352
2024-08-22 01:00:00,00000001250,20240822010000,0.0,0.0,0.0,0.0,0.0,0.0,1.0,4,0.0,0.0,,,589352
2024-08-22 02:00:00,00000001250,20240822020000,0.0,0.0,0.0,0.0,0.0,0.0,1.0,4,0.0,0.0,,,589352
2024-08-22 03:00:00,00000001250,20240822030000,0.0,0.0,0.0,0.0,0.0,0.0,1.0,4,0.0,0.0,,,589352
2024-08-22 04:00:00,00000001250,20240822040000,0.0,0.0,0.0,0.0,0.0,0.0,1.0,4,0.0,0.0,,,589352
2024-08-22 05:00:00,00000001250,20240822050000,0.0,0.0,0.0,0.0,0.0,0.0,1.0,4,0.0,0.0,,,589352
2024-08-22 06:00:00,00000001250,20240822060000,0.0,0.0,0.0,0.0,0.0,0.0,1.0,4,0.0,0.0,,,589352
2024-08-22 07:00:00,00000001250,20240822070000,0.0,0.0,0.0,0.0,0.0,0.0,1.0,4,0.0,0.0,,,589352
2024-08-22 08:00:00,00000001250,20240822080000,0.0,0.0,0.0,0.0,0.0,0.0,1.0,4,0.0,0.0,,,589352
2024-08-22 09:00:00,00000001250,20240822090000,0.0,0.0,0.0,0.0,0.0,0.0,1.0,4,0.0,0.0,,,589352
2024-08-22 10:00:00,00000001250,20240822100000,0.0,0.0,0.0,0.0,0.0,0.0,1.0,4,0.0,0.0,,,589352
2024-08-22 11:00:00,00000001250,20240822110000,0.0,0.0,0.0,0.0,0.0,0.0,1.0,4,0.0,0.0,,,589352
2024-08-22 12:00:00,00000001250,20240822120000,0.0,0.0,0.0,0.0,0.0,0.0,1.0,4,0.0,0.0,,,589352
2024-08-22 13:00:00,00000001250,20240822130000,0.0,0.0,0.0,0.0,0.0,0.0,1.0,4,0.0,0.0,,,589352
2024-08-22 14:00:00,00000001250,20240822140000,0.0,0.0,0.0,0.0,0.0,0.0,1.0,4,0.0,0.0,,,589352
2024-08-22 15:00:00,00000001250,20240822150000,0.0,0.0,0.0,0.0,0.0,0.0,1.0,4,0.0,0.0,,,589352
2024-08-22 16:00:00,00000001250,20240822160000,0.0,0.0,0.0,0.0,0.0,0.0,1.0,4,0.0,0.0,,,589352
2024-08-22 17:00:00,00000001250,20240822170000,0.0,0.0,0.0,0.0,0.0,0.0,1.0,4,0.0,0.0,,,589352
2024-08-22 18:00:00,00000001250,20240822180000,0.0,0.0,0.0,0.0,0.0,0.0,1.0,4,0.0,0.0,,,589352
2024-08-22 19:00:00,00000001250,20240822190000,0.0,0.0,0.0,0.0,0.0,0.0,1.0,4,0.0,0.0,,,589352
2024-08-22 20:00:00,00000001250,20240822200000,0.0,0.0,0.0,0.0,0.0,0.0,1.0,4,0.0,0.0,,,589352
2024-08-22 21:00:00,00000001250,20240822210000,0.0,0.0,0.0,0.0,0.0,0.0,1.0,4,0.0,0.0,,,589352
2024-08-22 22:00:00,00000001250,20240822220000,0.0,0.0,0.0,0.0,0.0,0.0,1.0,4,0.0,0.0,,,589352
2024-08-22 23:00:00,00000001250,20240822230000,0.0,0.0,0.0,0.0,0.0,0.0,1.0,4,0.0,0.0,,,589352
2024-08-23 00:00:00,00000001250,20240823000000,0.0,0.0,0.0,0.0,0.0,0.0,1.0,4,0.0,0.0,,,589352
2024-08-23 01:00:00,00000001250,20240823010000,0.0,0.0,0.0,0.0,0.0,0.0,1.0,4,0.0,0.0,,,589352
2024-08-23 02:00:00,00000001250,20240823020000,0.0,0.0,0.0,0.0,0.0,0.0,1.0,4,0.0,0.0,,,589352
2024-08-23 03:00:00,00000001250,20240823030000,0.0,0.0,0.0,0.0,0.0,0.0,1.0,4,0.0,0.0,,,589352
2024-08-23 04:00:00,00000001250,20240823040000,0.0,0.0,0.0,0.0,0.0,0.0,1.0,4,0.0,0.0,,,589352
2024-08-23 05:00:00,00000001250,20240823050000,0.0,0.0,0.0,0.0,0.0,0.0,1.0,4,0.0,0.0,,,589352
2024-08-23 06:00:00,00000001250,20240823060000,0.0,0.0,0.0,0.0,0.0,0.0,1.0,4,0.0,0.0,,,589352
2024-08-23 07:00:00,00000001250,20240823070000,0.0,0.0,0.0,0.0,0.0,0.0,1.0,4,0.0,0.0,,,589352
2024-08-23 08:00:00,00000001250,20240823080000,0.0,0.0,0.0,0.0,0.0,0.0,1.0,4,0.0,0.0,,,589352
2024-08-23 09:00:00,00000001250,20240823090000,0.0,0.0,0.0,0.0,0.0,0.0,1.0,4,0.0,0.0,,,589352
2024-08-23 10:00:00,00000001250,20240823100000,0.0,0.0,0.0,0.0,0.0,0.0,1.0,4,0.0,0.0,,,589352
2024-08-23 11:00:00,00000001250,20240823110000,0.0,0.0,0.0,0.0,0.0,0.0,1.0,4,0.0,0.0,,,589352
2024-08-23 12:00:00,00000001250,20240823120000,0.0,0.0,0.0,0.0,0.0,0.0,1.0,4,0.0,0.0,,,589352
2024-08-23 13:00:00,00000001250,20240823130000,0.0,0.0,0.0,0.0,0.0,0.0,1.0,4,0.0,0.0,,,589352
2024-08-23 14:00:00,00000001250,20240823140000,0.0,0.0,0.0,0.0,0.0,0.0,1.0,4,0.0,0.0,,,589352
2024-08-23 15:00:00,00000001250,20240823150000,0.0,0.0,0.0,0.0,0.0,0.0,1.0,4,0.0,0.0,,,589352
2024-08-23 16:00:00,00000001250,20240823160000,0.0,0.0,0.0,0.0,0.0,0.0,1.0,4,0.0,0.0,,,589352
2024-08-23 17:00:00,00000001250,20240823170000,0.0,0.0,0.0,0.0,0.0,0.0,1.0,4,0.0,0.0,,,589352
2024-08-23 18:00:00,00000001250,20240823180000,0.0,0.0,0.0,0.0,0.0,0.0,1.0,4,0.0,0.0,,,589352
2024-08-23 19:00:00,00000001250,20240823190000,0.0,0.0,0.0,0.0,0.0,0.0,1.0,4,0.0,0.0,,,589352
2024-08-23 20:00:00,00000001250,20240823200000,0.0,0.0,0.0,0.0,0.0,0.0,1.0,4,0.0,0.0,,,589352
2024-08-23 21:00:00,00000001250,20240823210000,0.0,0.0,0.0,0.0,0.0,0.0,1.0,4,0.0,0.0,,,589352
2024-08-23 22:00:00,00000001250,20240823220000,0.0,0.0,0.0,0.0,0.0,0.0,1.0,4,0.0,0.0,,,589352
2024-08-23 23:00:00,00000001250,20240823230000,0.0,0.0,0.0,0.0,0.0,0.0,1.0,4,0.0,0.0,,,589352
2024-08-24 00:00:00,00000001250,20240824000000,0.0,0.0,0.0,0.0,0.0,0.0,1.0,4,0.0,0.0,,,589352
2024-08-24 01:00:00,00000001250,20240824010000,0.002,0.0,0.0,0.0,0.0,0.0,1.0,4,0.0,0.0,0.0,0.0,589352
2024-08-24 02:00:00,00000001250,20240824020000,0.0,0.0,0.0,0.0,0.0,0.0,1.0,4,0.0,0.0,,,589352
2024-08-24 03:00:00,00000001250,20240824030000,0.0,0.0,0.0,0.0,0.0,0.0,1.0,4,0.0,0.0,,,589352
2024-08-24 04:00:00,00000001250,20240824040000,0.0,0.0,0.0,0.0,0.0,0.0,1.0,4,0.0,0.0,,,589352
2024-08-24 05:00:00,00000001250,20240824050000,0.0,0.0,0.0,0.0,0.0,0.0,1.0,4,0.0,0.0,,,589352
2024-08-24 06:00:00,00000001250,20240824060000,0.0,0.0,0.0,0.0,0.0,0.0,1.0,4,0.0,0.0,,,589352
2024-08-24 07:00:00,00000001250,20240824070000,0.0,0.0,0.0,0.0,0.0,0.0,1.0,4,0.0,0.0,,,589352
2024-08-24 08:00:00,00000001250,20240824080000,0.0,0.0,0.0,0.0,0.0,0.0,1.0,4,0.0,0.0,,,589352
2024-08-24 09:00:00,00000001250,20240824090000,0.0,0.0,0.0,0.0,0.0,0.0,1.0,4,0.0,0.0,,,589352
2024-08-24 10:00:00,00000001250,20240824100000,0.0,0.0,0.0,0.0,0.0,0.0,1.0,4,0.0,0.0,,,589352
2024-08-24 11:00:00,00000001250,20240824110000,0.0,0.0,0.0,0.0,0.0,0.0,1.0,4,0.0,0.0,,,589352
2024-08-24 12:00:00,00000001250,20240824120000,0.0,0.0,0.0,0.0,0.0,0.0,1.0,4,0.0,0.0,,,589352
2024-08-24 13:00:00,00000001250,20240824130000,0.0,0.0,0.0,0.0,0.0,0.0,1.0,4,0.0,0.0,,,589352
2024-08-24 14:00:00,00000001250,20240824140000,0.0,0.0,0.0,0.0,0.0,0.0,1.0,4,0.0,0.0,,,589352
2024-08-24 15:00:00,00000001250,20240824150000,0.0,0.0,0.0,0.0,0.0,0.0,1.0,4,0.0,0.0,,,589352
2024-08-24 16:00:00,00000001250,20240824160000,0.0,0.0,0.0,0.0,0.0,0.0,1.0,4,0.0,0.0,,,589352
2024-08-24 17:00:00,00000001250,20240824170000,0.0,0.0,0.0,0.0,0.0,0.0,1.0,4,0.0,0.0,,,589352
2024-08-24 18:00:00,00000001250,20240824180000,0.0,0.0,0.0,0.0,0.0,0.0,1.0,4,0.0,0.0,,,589352
2024-08-24 19:00:00,00000001250,20240824190000,0.0,0.0,0.0,0.0,0.0,0.0,1.0,4,0.0,0.0,,,589352
2024-08-24 20:00:00,00000001250,20240824200000,0.0,0.0,0.0,0.0,0.0,0.0,1.0,4,0.0,0.0,,,589352
2024-08-24 21:00:00,00000001250,20240824210000,0.0,0.0,0.0,0.0,0.0,0.0,1.0,4,0.0,0.0,,,589352
2024-08-24 22:00:00,00000001250,20240824220000,0.0,0.0,0.0,0.0,0.0,0.0,1.0,4,0.0,0.0,,,589352
2024-08-24 23:00:00,00000001250,20240824230000,0.0,0.0,0.0,0.0,0.0,0.0,1.0,4,0.0,0.0,,,589352
2024-08-25 00:00:00,00000001250,20240825000000,0.0,0.0,0.0,0.0,0.0,0.0,1.0,4,0.0,0.0,,,589352
2024-08-25 01:00:00,00000001250,20240825010000,0.0,0.0,0.0,0.0,0.0,0.0,1.0,4,0.0,0.0,,,589352
2024-08-25 02:00:00,00000001250,20240825020000,0.0,0.0,0.0,0.0,0.0,0.0,1.0,4,0.0,0.0,,,589352
2024-08-25 03:00:00,00000001250,20240825030000,0.0,0.0,0.0,0.0,0.0,0.0,1.0,4,0.0,0.0,,,589352
2024-08-25 04:00:00,00000001250,20240825040000,0.0,0.0,0.0,0.0,0.0,0.0,1.0,4,0.0,0.0,,,589352
2024-08-25 05:00:00,00000001250,20240825050000,0.0,0.0,0.0,0.0,0.0,0.0,1.0,4,0.0,0.0,,,589352
2024-08-25 06:00:00,00000001250,20240825060000,0.0,0.0,0.0,0.0,0.0,0.0,1.0,4,0.0,0.0,,,589352
2024-08-25 07:00:00,00000001250,20240825070000,0.0,0.0,0.0,0.0,0.0,0.0,1.0,4,0.0,0.0,,,589352
2024-08-25 08:00:00,00000001250,20240825080000,0.0,0.0,0.0,0.0,0.0,0.0,1.0,4,0.0,0.0,,,589352
2024-08-25 09:00:00,00000001250,20240825090000,0.0,0.0,0.0,0.0,0.0,0.0,1.0,4,0.0,0.0,,,589352
2024-08-25 10:00:00,00000001250,20240825100000,0.0,0.0,0.0,0.0,0.0,0.0,1.0,4,0.0,0.0,,,589352
2024-08-25 11:00:00,00000001250,20240825110000,0.0,0.0,0.0,0.0,0.0,0.0,1.0,4,0.0,0.0,,,589352
2024-08-25 12:00:00,00000001250,20240825120000,0.0,0.0,0.0,0.0,0.0,0.0,1.0,4,0.0,0.0,,,589352
2024-08-25 13:00:00,00000001250,20240825130000,0.0,0.0,0.0,0.0,0.0,0.0,1.0,4,0.0,0.0,,,589352
2024-08-25 14:00:00,00000001250,20240825140000,0.0,0.0,0.0,0.0,0.0,0.0,1.0,4,0.0,0.0,,,589352
2024-08-25 15:00:00,00000001250,20240825150000,0.0,0.0,0.0,0.0,0.0,0.0,1.0,4,0.0,0.0,,,589352
2024-08-25 16:00:00,00000001250,20240825160000,0.0,0.0,0.0,0.0,0.0,0.0,1.0,4,0.0,0.0,,,589352
2024-08-25 17:00:00,00000001250,20240825170000,0.0,0.0,0.0,0.0,0.0,0.0,1.0,4,0.0,0.0,,,589352
2024-08-25 18:00:00,00000001250,20240825180000,0.0,0.0,0.0,0.0,0.0,0.0,1.0,4,0.0,0.0,,,589352
2024-08-25 19:00:00,00000001250,20240825190000,0.0,0.0,0.0,0.0,0.0,0.0,1.0,4,0.0,0.0,,,589352
2024-08-25 20:00:00,00000001250,20240825200000,0.0,0.0,0.0,0.0,0.0,0.0,1.0,4,0.0,0.0,,,589352
2024-08-25 21:00:00,00000001250,20240825210000,0.0,0.0,0.0,0.0,0.0,0.0,1.0,4,0.0,0.0,,,589352
2024-08-25 22:00:00,00000001250,20240825220000,0.0,0.0,0.0,0.0,0.0,0.0,1.0,4,0.0,0.0,,,589352
2024-08-25 23:00:00,00000001250,20240825230000,0.0,0.0,0.0,0.0,0.0,0.0,1.0,4,0.0,0.0,,,589352
2024-08-26 00:00:00,00000001250,20240826000000,0.0,0.0,0.0,0.0,0.0,0.0,1.0,4,0.0,0.0,,,589352
2024-08-26 01:00:00,00000001250,20240826010000,0.0,0.0,0.0,0.0,0.0,0.0,1.0,4,0.0,0.0,,,589352
2024-08-26 02:00:00,00000001250,20240826020000,0.0,0.0,0.0,0.0,0.0,0.0,1.0,4,0.0,0.0,,,589352
2024-08-26 03:00:00,00000001250,20240826030000,0.0,0.0,0.0,0.0,0.0,0.0,1.0,4,0.0,0.0,,,589352
2024-08-26 04:00:00,00000001250,20240826040000,0.0,0.0,0.0,0.0,0.0,0.0,1.0,4,0.0,0.0,,,589352
2024-08-26 05:00:00,00000001250,20240826050000,0.0,0.0,0.0,0.0,0.0,0.0,1.0,4,0.0,0.0,,,589352
2024-08-26 06:00:00,00000001250,20240826060000,0.0,0.0,0.0,0.0,0.0,0.0,1.0,4,0.0,0.0,,,589352
2024-08-26 07:00:00,00000001250,20240826070000,0.0,0.0,0.0,0.0,0.0,0.0,1.0,4,0.0,0.0,,,589352
2024-08-26 08:00:00,00000001250,20240826080000,0.0,0.0,0.0,0.0,0.0,0.0,1.0,4,0.0,0.0,,,589352
2024-08-26 09:00:00,00000001250,20240826090000,0.0,0.0,0.0,0.0,0.0,0.0,1.0,4,0.0,0.0,,,589352
2024-08-26 10:00:00,00000001250,20240826100000,0.0,0.0,0.0,0.0,0.0,0.0,1.0,4,0.0,0.0,,,589352
2024-08-26 11:00:00,00000001250,20240826110000,0.0,0.0,0.0,0.0,0.0,0.0,1.0,4,0.0,0.0,,,589352
2024-08-26 12:00:00,00000001250,20240826120000,0.0,0.0,0.0,0.0,0.0,0.0,1.0,4,0.0,0.0,,,589352
2024-08-26 13:00:00,00000001250,20240826130000,0.0,0.0,0.0,0.0,0.0,0.0,1.0,4,0.0,0.0,,,589352
2024-08-26 14:00:00,00000001250,20240826140000,0.0,0.0,0.0,0.0,0.0,0.0,1.0,4,0.0,0.0,,,589352
2024-08-26 15:00:00,00000001250,20240826150000,0.0,0.0,0.0,0.0,0.0,0.0,1.0,4,0.0,0.0,,,589352
2024-08-26 16:00:00,00000001250,20240826160000,0.0,0.0,0.0,0.0,0.0,0.0,1.0,4,0.0,0.0,,,589352
2024-08-26 17:00:00,00000001250,20240826170000,0.0,0.0,0.0,0.0,0.0,0.0,1.0,4,0.0,0.0,,,589352
2024-08-26 18:00:00,00000001250,20240826180000,0.0,0.0,0.0,0.0,0.0,0.0,1.0,4,0.0,0.0,,,589352
2024-08-26 19:00:00,00000001250,20240826190000,0.0,0.0,0.0,0.0,0.0,0.0,1.0,4,0.0,0.0,,,589352
2024-08-26 20:00:00,00000001250,20240826200000,0.0,0.0,0.0,0.0,0.0,0.0,1.0,4,0.0,0.0,,,589352
2024-08-26 21:00:00,00000001250,20240826210000,0.0,0.0,0.0,0.0,0.0,0.0,1.0,4,0.0,0.0,,,589352
2024-08-26 22:00:00,00000001250,20240826220000,0.0,0.0,0.0,0.0,0.0,0.0,1.0,4,0.0,0.0,,,589352
2024-08-26 23:00:00,00000001250,20240826230000,0.0,0.0,0.0,0.0,0.0,0.0,1.0,4,0.0,0.0,,,589352
2024-08-27 00:00:00,00000001250,20240827000000,0.0,0.0,0.0,0.0,0.0,0.0,1.0,4,0.0,0.0,,,589352
2024-08-27 01:00:00,00000001250,20240827010000,0.0,0.0,0.0,0.0,0.0,0.0,1.0,4,0.0,0.0,,,589352
2024-08-27 02:00:00,00000001250,20240827020000,0.0,0.0,0.0,0.0,0.0,0.0,1.0,4,0.0,0.0,,,589352
2024-08-27 03:00:00,00000001250,20240827030000,0.0,0.0,0.0,0.0,0.0,0.0,1.0,4,0.0,0.0,,,589352
2024-08-27 04:00:00,00000001250,20240827040000,0.0,0.0,0.0,0.0,0.0,0.0,1.0,4,0.0,0.0,,,589352
2024-08-27 05:00:00,00000001250,20240827050000,0.0,0.0,0.0,0.0,0.0,0.0,1.0,4,0.0,0.0,,,589352
2024-08-27 06:00:00,00000001250,20240827060000,0.0,0.0,0.0,0.0,0.0,0.0,1.0,4,0.0,0.0,,,589352
2024-08-27 07:00:00,00000001250,20240827070000,0.0,0.0,0.0,0.0,0.0,0.0,1.0,4,0.0,0.0,,,589352
2024-08-27 08:00:00,00000001250,20240827080000,0.0,0.0,0.0,0.0,0.0,0.0,1.0,4,0.0,0.0,,,589352
2024-08-27 09:00:00,00000001250,20240827090000,0.0,0.0,0.0,0.0,0.0,0.0,1.0,4,0.0,0.0,,,589352
2024-08-27 10:00:00,00000001250,20240827100000,0.0,0.0,0.0,0.0,0.0,0.0,1.0,4,0.0,0.0,,,589352
2024-08-27 11:00:00,00000001250,20240827110000,0.0,0.0,0.0,0.0,0.0,0.0,1.0,4,0.0,0.0,,,589352
2024-08-27 12:00:00,00000001250,20240827120000,0.0,0.0,0.0,0.0,0.0,0.0,1.0,4,0.0,0.0,,,589352
2024-08-27 13:00:00,00000001250,20240827130000,0.0,0.0,0.0,0.0,0.0,0.0,1.0,4,0.0,0.0,,,589352
2024-08-27 14:00:00,00000001250,20240827140000,0.0,0.0,0.0,0.0,0.0,0.0,1.0,4,0.0,0.0,,,589352
2024-08-27 15:00:00,00000001250,20240827150000,0.0,0.0,0.0,0.0,0.0,0.0,1.0,4,0.0,0.0,,,589352
2024-08-27 16:00:00,00000001250,20240827160000,0.0,0.0,0.0,0.0,0.0,0.0,1.0,4,0.0,0.0,,,589352
2024-08-27 17:00:00,00000001250,20240827170000,0.0,0.0,0.0,0.0,0.0,0.0,1.0,4,0.0,0.0,,,589352
2024-08-27 18:00:00,00000001250,20240827180000,0.0,0.0,0.0,0.0,0.0,0.0,1.0,4,0.0,0.0,,,589352
2024-08-27 19:00:00,00000001250,20240827190000,0.0,0.0,0.0,0.0,0.0,0.0,1.0,4,0.0,0.0,,,589352
2024-08-27 20:00:00,00000001250,20240827200000,0.0,0.0,0.0,0.0,0.0,0.0,1.0,4,0.0,0.0,,,589352
2024-08-27 21:00:00,00000001250,20240827210000,0.0,0.0,0.0,0.0,0.0,0.0,1.0,4,0.0,0.0,,,589352
2024-08-27 22:00:00,00000001250,20240827220000,0.0,0.0,0.0,0.0,0.0,0.0,1.0,4,0.0,0.0,,,589352
2024-08-27 23:00:00,00000001250,20240827230000,0.0,0.0,0.0,0.0,0.0,0.0,1.0,4,0.0,0.0,,,589352
2024-08-28 00:00:00,00000001250,20240828000000,0.0,0.0,0.0,0.0,0.0,0.0,1.0,4,0.0,0.0,,,589352
2024-08-28 01:00:00,00000001250,20240828010000,0.0,0.0,0.0,0.0,0.0,0.0,1.0,4,0.0,0.0,,,589352
2024-08-28 02:00:00,00000001250,20240828020000,0.0,0.0,0.0,0.0,0.0,0.0,1.0,4,0.0,0.0,,,589352
2024-08-28 03:00:00,00000001250,20240828030000,0.0,0.0,0.0,0.0,0.0,0.0,1.0,4,0.0,0.0,,,589352
2024-08-28 04:00:00,00000001250,20240828040000,0.0,0.0,0.0,0.0,0.0,0.0,1.0,4,0.0,0.0,,,589352
2024-08-28 05:00:00,00000001250,20240828050000,0.0,0.0,0.0,0.0,0.0,0.0,1.0,4,0.0,0.0,,,589352
2024-08-28 06:00:00,00000001250,20240828060000,0.0,0.0,0.0,0.0,0.0,0.0,1.0,4,0.0,0.0,,,589352
2024-08-28 07:00:00,00000001250,20240828070000,0.0,0.0,0.0,0.0,0.0,0.0,1.0,4,0.0,0.0,,,589352
2024-08-28 08:00:00,00000001250,20240828080000,0.0,0.0,0.0,0.0,0.0,0.0,1.0,4,0.0,0.0,,,589352
2024-08-28 09:00:00,00000001250,20240828090000,0.0,0.0,0.0,0.0,0.0,0.0,1.0,4,0.0,0.0,,,589352
2024-08-28 10:00:00,00000001250,20240828100000,0.0,0.0,0.0,0.0,0.0,0.0,1.0,4,0.0,0.0,,,589352
2024-08-28 11:00:00,00000001250,20240828110000,0.0,0.0,0.0,0.0,0.0,0.0,1.0,4,0.0,0.0,,,589352
2024-08-28 12:00:00,00000001250,20240828120000,0.0,0.0,0.0,0.0,0.0,0.0,1.0,4,0.0,0.0,,,589352
2024-08-28 13:00:00,00000001250,20240828130000,0.0,0.0,0.0,0.0,0.0,0.0,1.0,4,0.0,0.0,,,589352
2024-08-28 14:00:00,00000001250,20240828140000,0.0,0.0,0.0,0.0,0.0,0.0,1.0,4,0.0,0.0,,,589352
2024-08-28 15:00:00,00000001250,20240828150000,0.0,0.0,0.0,0.0,0.0,0.0,1.0,4,0.0,0.0,,,589352
2024-08-28 16:00:00,00000001250,20240828160000,0.0,0.0,0.0,0.0,0.0,0.0,1.0,4,0.0,0.0,,,589352
2024-08-28 17:00:00,00000001250,20240828170000,0.0,0.0,0.0,0.0,0.0,0.0,1.0,4,0.0,0.0,,,589352
2024-08-28 18:00:00,00000001250,20240828180000,0.0,0.0,0.0,0.0,0.0,0.0,1.0,4,0.0,0.0,,,589352
2024-08-28 19:00:00,00000001250,20240828190000,0.0,0.0,0.0,0.0,0.0,0.0,1.0,4,0.0,0.0,,,589352
2024-08-28 20:00:00,00000001250,20240828200000,0.0,0.0,0.0,0.0,0.0,0.0,1.0,4,0.0,0.0,,,589352
2024-08-28 21:00:00,00000001250,20240828210000,0.0,0.0,0.0,0.0,0.0,0.0,1.0,4,0.0,0.0,,,589352
2024-08-28 22:00:00,00000001250,20240828220000,0.0,0.0,0.0,0.0,0.0,0.0,1.0,4,0.0,0.0,,,589352
2024-08-28 23:00:00,00000001250,20240828230000,0.0,0.0,0.0,0.0,0.0,0.0,1.0,4,0.0,0.0,,,589352
2024-08-29 00:00:00,00000001250,20240829000000,0.0,0.0,0.0,0.0,0.0,0.0,1.0,4,0.0,0.0,,,589352
2024-08-29 01:00:00,00000001250,20240829010000,0.0,0.0,0.0,0.0,0.0,0.0,1.0,4,0.0,0.0,,,589352
2024-08-29 02:00:00,00000001250,20240829020000,0.0,0.0,0.0,0.0,0.0,0.0,1.0,4,0.0,0.0,,,589352
2024-08-29 03:00:00,00000001250,20240829030000,0.0,0.0,0.0,0.0,0.0,0.0,1.0,4,0.0,0.0,,,589352
2024-08-29 04:00:00,00000001250,20240829040000,0.0,0.0,0.0,0.0,0.0,0.0,1.0,4,0.0,0.0,,,589352
2024-08-29 05:00:00,00000001250,20240829050000,0.0,0.0,0.0,0.0,0.0,0.0,1.0,4,0.0,0.0,,,589352
2024-08-29 06:00:00,00000001250,20240829060000,0.0,0.0,0.0,0.0,0.0,0.0,1.0,4,0.0,0.0,,,589352
2024-08-29 07:00:00,00000001250,20240829070000,0.0,0.0,0.0,0.0,0.0,0.0,1.0,4,0.0,0.0,,,589352
2024-08-29 08:00:00,00000001250,20240829080000,0.0,0.0,0.0,0.0,0.0,0.0,1.0,4,0.0,0.0,,,589352
2024-08-29 09:00:00,00000001250,20240829090000,0.0,0.0,0.0,0.0,0.0,0.0,1.0,4,0.0,0.0,,,589352
2024-08-29 10:00:00,00000001250,20240829100000,0.0,0.0,0.0,0.0,0.0,0.0,1.0,4,0.0,0.0,,,589352
2024-08-29 11:00:00,00000001250,20240829110000,0.0,0.0,0.0,0.0,0.0,0.0,1.0,4,0.0,0.0,,,589352
2024-08-29 12:00:00,00000001250,20240829120000,0.0,0.0,0.0,0.0,0.0,0.0,1.0,4,0.0,0.0,,,589352
2024-08-29 13:00:00,00000001250,20240829130000,0.0,0.0,0.0,0.0,0.0,0.0,1.0,4,0.0,0.0,,,589352
2024-08-29 14:00:00,00000001250,20240829140000,0.0,0.0,0.0,0.0,0.0,0.0,1.0,4,0.0,0.0,,,589352
2024-08-29 15:00:00,00000001250,20240829150000,0.0,0.0,0.0,0.0,0.0,0.0,1.0,4,0.0,0.0,,,589352
2024-08-29 16:00:00,00000001250,20240829160000,0.0,0.0,0.0,0.0,0.0,0.0,1.0,4,0.0,0.0,,,589352
2024-08-29 17:00:00,00000001250,20240829170000,0.0,0.0,0.0,0.0,0.0,0.0,1.0,4,0.0,0.0,,,589352
2024-08-29 18:00:00,00000001250,20240829180000,0.0,0.0,0.0,0.0,0.0,0.0,1.0,4,0.0,0.0,,,589352
2024-08-29 19:00:00,00000001250,20240829190000,0.0,0.0,0.0,0.0,0.0,0.0,1.0,4,0.0,0.0,,,589352
2024-08-29 20:00:00,00000001250,20240829200000,0.0,0.0,0.0,0.0,0.0,0.0,1.0,4,0.0,0.0,,,589352
2024-08-29 21:00:00,00000001250,20240829210000,0.0,0.0,0.0,0.0,0.0,0.0,1.0,4,0.0,0.0,,,589352
2024-08-29 22:00:00,00000001250,20240829220000,0.0,0.0,0.0,0.0,0.0,0.0,1.0,4,0.0,0.0,,,589352
2024-08-29 23:00:00,00000001250,20240829230000,0.0,0.0,0.0,0.0,0.0,0.0,1.0,4,0.0,0.0,,,589352
2024-08-30 00:00:00,00000001250,20240830000000,0.0,0.0,0.0,0.0,0.0,0.0,1.0,4,0.0,0.0,,,589352
2024-08-30 01:00:00,00000001250,20240830010000,0.0,0.0,0.0,0.0,0.0,0.0,1.0,4,0.0,0.0,,,589352
2024-08-30 02:00:00,00000001250,20240830020000,0.0,0.0,0.0,0.0,0.0,0.0,1.0,4,0.0,0.0,,,589352
2024-08-30 03:00:00,00000001250,20240830030000,0.0,0.0,0.0,0.0,0.0,0.0,1.0,4,0.0,0.0,,,589352
2024-08-30 04:00:00,00000001250,20240830040000,0.0,0.0,0.0,0.0,0.0,0.0,1.0,4,0.0,0.0,,,589352
2024-08-30 05:00:00,00000001250,20240830050000,0.0,0.0,0.0,0.0,0.0,0.0,1.0,4,0.0,0.0,,,589352
2024-08-30 06:00:00,00000001250,20240830060000,0.0,0.0,0.0,0.0,0.0,0.0,1.0,4,0.0,0.0,,,589352
2024-08-30 07:00:00,00000001250,20240830070000,0.0,0.0,0.0,0.0,0.0,0.0,1.0,4,0.0,0.0,,,589352
2024-08-30 08:00:00,00000001250,20240830080000,0.0,0.0,0.0,0.0,0.0,0.0,1.0,4,0.0,0.0,,,589352
2024-08-30 09:00:00,00000001250,20240830090000,0.0,0.0,0.0,0.0,0.0,0.0,1.0,4,0.0,0.0,,,589352
2024-08-30 10:00:00,00000001250,20240830100000,0.0,0.0,0.0,0.0,0.0,0.0,1.0,4,0.0,0.0,,,589352
2024-08-30 11:00:00,00000001250,20240830110000,0.0,0.0,0.0,0.0,0.0,0.0,1.0,4,0.0,0.0,,,589352
2024-08-30 12:00:00,00000001250,20240830120000,0.0,0.0,0.0,0.0,0.0,0.0,1.0,4,0.0,0.0,,,589352
2024-08-30 13:00:00,00000001250,20240830130000,0.0,0.0,0.0,0.0,0.0,0.0,1.0,4,0.0,0.0,,,589352
2024-08-30 14:00:00,00000001250,20240830140000,0.0,0.0,0.0,0.0,0.0,0.0,1.0,4,0.0,0.0,,,589352
2024-08-30 15:00:00,00000001250,20240830150000,0.0,0.0,0.0,0.0,0.0,0.0,1.0,4,0.0,0.0,,,589352
2024-08-30 16:00:00,00000001250,20240830160000,0.0,0.0,0.0,0.0,0.0,0.0,1.0,4,0.0,0.0,,,589352
2024-08-30 17:00:00,00000001250,20240830170000,0.0,0.0,0.0,0.0,0.0,0.0,1.0,4,0.0,0.0,,,589352
2024-08-30 18:00:00,00000001250,20240830180000,0.0,0.0,0.0,0.0,0.0,0.0,1.0,4,0.0,0.0,,,589352
2024-08-30 19:00:00,00000001250,20240830190000,0.0,0.0,0.0,0.0,0.0,0.0,1.0,4,0.0,0.0,,,589352
2024-08-30 20:00:00,00000001250,20240830200000,0.0,0.0,0.0,0.0,0.0,0.0,1.0,4,0.0,0.0,,,589352
2024-08-30 21:00:00,00000001250,20240830210000,0.0,0.0,0.0,0.0,0.0,0.0,1.0,4,0.0,0.0,,,589352
2024-08-30 22:00:00,00000001250,20240830220000,0.0,0.0,0.0,0.0,0.0,0.0,1.0,4,0.0,0.0,,,589352
2024-08-30 23:00:00,00000001250,20240830230000,0.0,0.0,0.0,0.0,0.0,0.0,1.0,4,0.0,0.0,,,589352
2024-08-31 00:00:00,00000001250,20240831000000,0.0,0.0,0.0,0.0,0.0,0.0,1.0,4,0.0,0.0,,,589352
2024-08-31 01:00:00,00000001250,20240831010000,0.0,0.0,0.0,0.0,0.0,0.0,1.0,4,0.0,0.0,,,589352
2024-08-31 02:00:00,00000001250,20240831020000,0.0,0.0,0.0,0.0,0.0,0.0,1.0,4,0.0,0.0,,,589352
2024-08-31 03:00:00,00000001250,20240831030000,0.0,0.0,0.0,0.0,0.0,0.0,1.0,4,0.0,0.0,,,589352
2024-08-31 04:00:00,00000001250,20240831040000,0.0,0.0,0.0,0.0,0.0,0.0,1.0,4,0.0,0.0,,,589352
2024-08-31 05:00:00,00000001250,20240831050000,0.0,0.0,0.0,0.0,0.0,0.0,1.0,4,0.0,0.0,,,589352
2024-08-31 06:00:00,00000001250,20240831060000,0.0,0.0,0.0,0.0,0.0,0.0,1.0,4,0.0,0.0,,,589352
2024-08-31 07:00:00,00000001250,20240831070000,0.0,0.0,0.0,0.0,0.0,0.0,1.0,4,0.0,0.0,,,589352
2024-08-31 08:00:00,00000001250,20240831080000,0.0,0.0,0.0,0.0,0.0,0.0,1.0,4,0.0,0.0,,,589352
2024-08-31 09:00:00,00000001250,20240831090000,0.0,0.0,0.0,0.0,0.0,0.0,1.0,4,0.0,0.0,,,589352
2024-08-31 10:00:00,00000001250,20240831100000,0.0,0.0,0.0,0.0,0.0,0.0,1.0,4,0.0,0.0,,,589352
2024-08-31 11:00:00,00000001250,20240831110000,0.0,0.0,0.0,0.0,0.0,0.0,1.0,4,0.0,0.0,,,589352
2024-08-31 12:00:00,00000001250,20240831120000,0.0,0.0,0.0,0.0,0.0,0.0,1.0,4,0.0,0.0,,,589352
2024-08-31 13:00:00,00000001250,20240831130000,0.0,0.0,0.0,0.0,0.0,0.0,1.0,4,0.0,0.0,,,589352
2024-08-31 14:00:00,00000001250,20240831140000,0.0,0.0,0.0,0.0,0.0,0.0,1.0,4,0.0,0.0,,,589352
2024-08-31 15:00:00,00000001250,20240831150000,0.0,0.0,0.0,0.0,0.0,0.0,1.0,4,0.0,0.0,,,589352
2024-08-31 16:00:00,00000001250,20240831160000,0.0,0.0,0.0,0.0,0.0,0.0,1.0,4,0.0,0.0,,,589352
2024-08-31 17:00:00,00000001250,20240831170000,0.0,0.0,0.0,0.0,0.0,0.0,1.0,4,0.0,0.0,,,589352
2024-08-31 18:00:00,00000001250,20240831180000,0.0,0.0,0.0,0.0,0.0,0.0,1.0,4,0.0,0.0,,,589352
2024-08-31 19:00:00,00000001250,20240831190000,0.0,0.0,0.0,0.0,0.0,0.0,1.0,4,0.0,0.0,,,589352
2024-08-31 20:00:00,00000001250,20240831200000,0.0,0.0,0.0,0.0,0.0,0.0,1.0,4,0.0,0.0,,,589352
2024-08-31 21:00:00,00000001250,20240831210000,0.0,0.0,0.0,0.0,0.0,0.0,1.0,4,0.0,0.0,,,589352
2024-08-31 22:00:00,00000001250,20240831220000,0.0,0.0,0.0,0.0,0.0,0.0,1.0,4,0.0,0.0,,,589352
2024-08-31 23:00:00,00000001250,20240831230000,0.0,0.0,0.0,0.0,0.0,0.0,1.0,4,0.0,0.0,,,589352
2024-09-01 00:00:00,00000001250,20240901000000,0.0,0.0,0.0,0.0,0.0,0.0,1.0,4,0.0,0.0,,,589352
2024-09-01 01:00:00,00000001250,20240901010000,0.0,0.001,0.0,0.0,0.0,0.0,1.0,4,0.0,0.0,,,589352
2024-09-01 02:00:00,00000001250,20240901020000,0.0,0.0,0.0,0.0,0.0,0.0,1.0,4,0.0,0.0,,,589352
2024-09-01 03:00:00,00000001250,20240901030000,0.0,0.0,0.0,0.0,0.0,0.0,1.0,4,0.0,0.0,,,589352
2024-09-01 04:00:00,00000001250,20240901040000,0.0,0.0,0.0,0.0,0.0,0.0,1.0,4,0.0,0.0,,,589352
2024-09-01 05:00:00,00000001250,20240901050000,0.0,0.0,0.0,0.0,0.0,0.0,1.0,4,0.0,0.0,,,589352
2024-09-01 06:00:00,00000001250,20240901060000,0.0,0.0,0.0,0.0,0.0,0.0,1.0,4,0.0,0.0,,,589352
2024-09-01 07:00:00,00000001250,20240901070000,0.0,0.0,0.0,0.0,0.0,0.0,1.0,4,0.0,0.0,,,589352
2024-09-01 08:00:00,00000001250,20240901080000,0.0,0.0,0.0,0.0,0.0,0.0,1.0,4,0.0,0.0,,,589352
2024-09-01 09:00:00,00000001250,20240901090000,0.0,0.0,0.0,0.0,0.0,0.0,1.0,4,0.0,0.0,,,589352
2024-09-01 10:00:00,00000001250,20240901100000,0.0,0.0,0.0,0.0,0.0,0.0,1.0,4,0.0,0.0,,,589352
2024-09-01 11:00:00,00000001250,20240901110000,0.0,0.0,0.0,0.0,0.0,0.0,1.0,4,0.0,0.0,,,589352
2024-09-01 12:00:00,00000001250,20240901120000,0.0,0.0,0.0,0.0,0.0,0.0,1.0,4,0.0,0.0,,,589352
2024-09-01 13:00:00,00000001250,20240901130000,0.0,0.0,0.0,0.0,0.0,0.0,1.0,4,0.0,0.0,,,589352
2024-09-01 14:00:00,00000001250,20240901140000,0.0,0.0,0.0,0.0,0.0,0.0,1.0,4,0.0,0.0,,,589352
2024-09-01 15:00:00,00000001250,20240901150000,0.0,0.0,0.0,0.0,0.0,0.0,1.0,4,0.0,0.0,,,589352
2024-09-01 16:00:00,00000001250,20240901160000,0.014,0.0,0.004,0.0,0.0,0.0,1.0,4,0.0,0.0,0.0,28.57,589352
2024-09-01 17:00:00,00000001250,20240901170000,0.0,0.0,0.0,0.0,0.0,0.0,1.0,4,0.0,0.0,,,589352
2024-09-01 18:00:00,00000001250,20240901180000,0.0,0.0,0.0,0.0,0.0,0.0,1.0,4,0.0,0.0,,,589352
2024-09-01 19:00:00,00000001250,20240901190000,0.0,0.0,0.0,0.0,0.0,0.0,1.0,4,0.0,0.0,,,589352
2024-09-01 20:00:00,00000001250,20240901200000,0.0,0.0,0.0,0.0,0.0,0.0,1.0,4,0.0,0.0,,,589352
2024-09-01 21:00:00,00000001250,20240901210000,0.001,0.0,0.0,0.0,0.0,0.0,1.0,4,0.0,0.0,0.0,0.0,589352
2024-09-01 22:00:00,00000001250,20240901220000,0.0,0.0,0.0,0.0,0.0,0.0,1.0,4,0.0,0.0,,,589352
2024-09-01 23:00:00,00000001250,20240901230000,0.0,0.0,0.0,0.0,0.0,0.0,1.0,4,0.0,0.0,,,589352
2024-09-02 00:00:00,00000001250,20240902000000,0.187,0.0,0.032,0.0,0.0,0.0,1.0,4,0.0,0.0,0.0,17.11,589352
2024-09-02 01:00:00,00000001250,20240902010000,0.183,0.0,0.033,0.0,0.0,0.0,1.0,4,0.0,0.0,0.0,18.03,589352
2024-09-02 02:00:00,00000001250,20240902020000,0.157,0.0,0.034,0.0,0.0,0.0,1.0,4,0.0,0.0,0.0,21.66,589352
2024-09-02 03:00:00,00000001250,20240902030000,0.13,0.0,0.033,0.0,0.0,0.0,1.0,4,0.0,0.0,0.0,25.38,589352
2024-09-02 04:00:00,00000001250,20240902040000,0.158,0.0,0.034,0.0,0.0,0.0,1.0,4,0.0,0.0,0.0,21.52,589352
2024-09-02 05:00:00,00000001250,20240902050000,0.156,0.0,0.033,0.0,0.0,0.0,1.0,4,0.0,0.0,0.0,21.15,589352
2024-09-02 06:00:00,00000001250,20240902060000,0.145,0.0,0.034,0.0,0.0,0.0,1.0,4,0.0,0.0,0.0,23.45,589352
2024-09-02 07:00:00,00000001250,20240902070000,0.15,0.0,0.034,0.0,0.0,0.0,1.0,4,0.0,0.0,0.0,22.67,589352
2024-09-02 08:00:00,00000001250,20240902080000,0.206,0.0,0.033,0.0,0.0,0.0,1.0,4,0.0,0.0,0.0,16.02,589352
2024-09-02 09:00:00,00000001250,20240902090000,0.03,0.0,0.005,0.0,0.0,0.0,1.0,4,0.0,0.0,0.0,16.67,589352
2024-09-02 10:00:00,00000001250,20240902100000,0.0,0.0,0.0,0.0,0.0,0.0,1.0,4,0.0,0.0,,,589352
2024-09-02 11:00:00,00000001250,20240902110000,0.0,0.0,0.0,0.0,0.0,0.0,1.0,4,0.0,0.0,,,589352
2024-09-02 12:00:00,00000001250,20240902120000,0.0,0.0,0.0,0.0,0.0,0.0,1.0,4,0.0,0.0,,,589352
2024-09-02 13:00:00,00000001250,20240902130000,0.0,0.0,0.0,0.0,0.0,0.0,1.0,4,0.0,0.0,,,589352
2024-09-02 14:00:00,00000001250,20240902140000,0.0,0.0,0.0,0.0,0.0,0.0,1.0,4,0.0,0.0,,,589352
2024-09-02 15:00:00,00000001250,20240902150000,0.0,0.0,0.0,0.0,0.0,0.0,1.0,4,0.0,0.0,,,589352
2024-09-02 16:00:00,00000001250,20240902160000,0.0,0.0,0.0,0.0,0.0,0.0,1.0,4,0.0,0.0,,,589352
2024-09-02 17:00:00,00000001250,20240902170000,0.0,0.0,0.0,0.0,0.0,0.0,1.0,4,0.0,0.0,,,589352
2024-09-02 18:00:00,00000001250,20240902180000,0.0,0.0,0.0,0.0,0.0,0.0,1.0,4,0.0,0.0,,,589352
2024-09-02 19:00:00,00000001250,20240902190000,0.0,0.0,0.0,0.0,0.0,0.0,1.0,4,0.0,0.0,,,589352
2024-09-02 20:00:00,00000001250,20240902200000,0.0,0.0,0.0,0.0,0.0,0.0,1.0,4,0.0,0.0,,,589352
2024-09-02 21:00:00,00000001250,20240902210000,0.0,0.0,0.0,0.0,0.0,0.0,1.0,4,0.0,0.0,,,589352
2024-09-02 22:00:00,00000001250,20240902220000,0.0,0.0,0.0,0.0,0.0,0.0,1.0,4,0.0,0.0,,,589352
2024-09-02 23:00:00,00000001250,20240902230000,0.0,0.0,0.0,0.0,0.0,0.0,1.0,4,0.0,0.0,,,589352
2024-09-03 00:00:00,00000001250,20240903000000,0.0,0.0,0.0,0.0,0.0,0.0,1.0,4,0.0,0.0,,,589352
2024-09-03 01:00:00,00000001250,20240903010000,0.0,0.0,0.0,0.0,0.0,0.0,1.0,4,0.0,0.0,,,589352
2024-09-03 02:00:00,00000001250,20240903020000,0.0,0.0,0.0,0.0,0.0,0.0,1.0,4,0.0,0.0,,,589352
2024-09-03 03:00:00,00000001250,20240903030000,0.0,0.0,0.0,0.0,0.0,0.0,1.0,4,0.0,0.0,,,589352
2024-09-03 04:00:00,00000001250,20240903040000,0.0,0.0,0.0,0.0,0.0,0.0,1.0,4,0.0,0.0,,,589352
2024-09-03 05:00:00,00000001250,20240903050000,0.0,0.0,0.0,0.0,0.0,0.0,1.0,4,0.0,0.0,,,589352
2024-09-03 06:00:00,00000001250,20240903060000,0.0,0.0,0.0,0.0,0.0,0.0,1.0,4,0.0,0.0,,,589352
2024-09-03 07:00:00,00000001250,20240903070000,0.0,0.0,0.0,0.0,0.0,0.0,1.0,4,0.0,0.0,,,589352
2024-09-03 08:00:00,00000001250,20240903080000,0.0,0.0,0.0,0.0,0.0,0.0,1.0,4,0.0,0.0,,,589352
2024-09-03 09:00:00,00000001250,20240903090000,0.0,0.0,0.0,0.0,0.0,0.0,1.0,4,0.0,0.0,,,589352
2024-09-03 10:00:00,00000001250,20240903100000,0.0,0.0,0.0,0.0,0.0,0.0,1.0,4,0.0,0.0,,,589352
2024-09-03 11:00:00,00000001250,20240903110000,0.0,0.0,0.0,0.0,0.0,0.0,1.0,4,0.0,0.0,,,589352
2024-09-03 12:00:00,00000001250,20240903120000,0.0,0.0,0.0,0.0,0.0,0.0,1.0,4,0.0,0.0,,,589352
2024-09-03 13:00:00,00000001250,20240903130000,0.0,0.0,0.0,0.0,0.0,0.0,1.0,4,0.0,0.0,,,589352
2024-09-03 14:00:00,00000001250,20240903140000,0.0,0.0,0.0,0.0,0.0,0.0,1.0,4,0.0,0.0,,,589352
2024-09-03 15:00:00,00000001250,20240903150000,0.0,0.0,0.0,0.0,0.0,0.0,1.0,4,0.0,0.0,,,589352
2024-09-03 16:00:00,00000001250,20240903160000,0.0,0.0,0.0,0.0,0.0,0.0,1.0,4,0.0,0.0,,,589352
2024-09-03 17:00:00,00000001250,20240903170000,0.0,0.0,0.0,0.0,0.0,0.0,1.0,4,0.0,0.0,,,589352
2024-09-03 18:00:00,00000001250,20240903180000,0.0,0.0,0.0,0.0,0.0,0.0,1.0,4,0.0,0.0,,,589352
2024-09-03 19:00:00,00000001250,20240903190000,0.0,0.0,0.0,0.0,0.0,0.0,1.0,4,0.0,0.0,,,589352
2024-09-03 20:00:00,00000001250,20240903200000,0.0,0.0,0.0,0.0,0.0,0.0,1.0,4,0.0,0.0,,,589352
2024-09-03 21:00:00,00000001250,20240903210000,0.0,0.0,0.0,0.0,0.0,0.0,1.0,4,0.0,0.0,,,589352
2024-09-03 22:00:00,00000001250,20240903220000,0.0,0.0,0.0,0.0,0.0,0.0,1.0,4,0.0,0.0,,,589352
2024-09-03 23:00:00,00000001250,20240903230000,0.0,0.0,0.0,0.0,0.0,0.0,1.0,4,0.0,0.0,,,589352
2024-09-04 00:00:00,00000001250,20240904000000,0.0,0.0,0.0,0.0,0.0,0.0,1.0,4,0.0,0.0,,,589352
2024-09-04 01:00:00,00000001250,20240904010000,0.0,0.0,0.0,0.0,0.0,0.0,1.0,4,0.0,0.0,,,589352
2024-09-04 02:00:00,00000001250,20240904020000,0.0,0.0,0.0,0.0,0.0,0.0,1.0,4,0.0,0.0,,,589352
2024-09-04 03:00:00,00000001250,20240904030000,0.0,0.0,0.0,0.0,0.0,0.0,1.0,4,0.0,0.0,,,589352
2024-09-04 04:00:00,00000001250,20240904040000,0.0,0.0,0.0,0.0,0.0,0.0,1.0,4,0.0,0.0,,,589352
2024-09-04 05:00:00,00000001250,20240904050000,0.0,0.0,0.0,0.0,0.0,0.0,1.0,4,0.0,0.0,,,589352
2024-09-04 06:00:00,00000001250,20240904060000,0.0,0.0,0.0,0.0,0.0,0.0,1.0,4,0.0,0.0,,,589352
2024-09-04 07:00:00,00000001250,20240904070000,0.0,0.0,0.0,0.0,0.0,0.0,1.0,4,0.0,0.0,,,589352
2024-09-04 08:00:00,00000001250,20240904080000,0.0,0.0,0.0,0.0,0.0,0.0,1.0,4,0.0,0.0,,,589352
2024-09-04 09:00:00,00000001250,20240904090000,0.0,0.0,0.0,0.0,0.0,0.0,1.0,4,0.0,0.0,,,589352
2024-09-04 10:00:00,00000001250,20240904100000,0.0,0.0,0.0,0.0,0.0,0.0,1.0,4,0.0,0.0,,,589352
2024-09-04 11:00:00,00000001250,20240904110000,0.0,0.0,0.0,0.0,0.0,0.0,1.0,4,0.0,0.0,,,589352
2024-09-04 12:00:00,00000001250,20240904120000,0.0,0.0,0.0,0.0,0.0,0.0,1.0,4,0.0,0.0,,,589352
2024-09-04 13:00:00,00000001250,20240904130000,0.0,0.0,0.0,0.0,0.0,0.0,1.0,4,0.0,0.0,,,589352
2024-09-04 14:00:00,00000001250,20240904140000,0.0,0.0,0.0,0.0,0.0,0.0,1.0,4,0.0,0.0,,,589352
2024-09-04 15:00:00,00000001250,20240904150000,0.0,0.0,0.0,0.0,0.0,0.0,1.0,4,0.0,0.0,,,589352
2024-09-04 16:00:00,00000001250,20240904160000,0.0,0.0,0.0,0.0,0.0,0.0,1.0,4,0.0,0.0,,,589352
2024-09-04 17:00:00,00000001250,20240904170000,0.0,0.0,0.0,0.0,0.0,0.0,1.0,4,0.0,0.0,,,589352
2024-09-04 18:00:00,00000001250,20240904180000,0.0,0.0,0.0,0.0,0.0,0.0,1.0,4,0.0,0.0,,,589352
2024-09-04 19:00:00,00000001250,20240904190000,0.0,0.0,0.0,0.0,0.0,0.0,1.0,4,0.0,0.0,,,589352
2024-09-04 20:00:00,00000001250,20240904200000,0.0,0.0,0.0,0.0,0.0,0.0,1.0,4,0.0,0.0,,,589352
2024-09-04 21:00:00,00000001250,20240904210000,0.0,0.0,0.0,0.0,0.0,0.0,1.0,4,0.0,0.0,,,589352
2024-09-04 22:00:00,00000001250,20240904220000,0.0,0.0,0.0,0.0,0.0,0.0,1.0,4,0.0,0.0,,,589352
2024-09-04 23:00:00,00000001250,20240904230000,0.0,0.0,0.0,0.0,0.0,0.0,1.0,4,0.0,0.0,,,589352
2024-09-05 00:00:00,00000001250,20240905000000,0.0,0.0,0.0,0.0,0.0,0.0,1.0,4,0.0,0.0,,,589352
2024-09-05 01:00:00,00000001250,20240905010000,0.0,0.0,0.0,0.0,0.0,0.0,1.0,4,0.0,0.0,,,589352
2024-09-05 02:00:00,00000001250,20240905020000,0.0,0.0,0.0,0.0,0.0,0.0,1.0,4,0.0,0.0,,,589352
2024-09-05 03:00:00,00000001250,20240905030000,0.0,0.0,0.0,0.0,0.0,0.0,1.0,4,0.0,0.0,,,589352
2024-09-05 04:00:00,00000001250,20240905040000,0.0,0.0,0.0,0.0,0.0,0.0,1.0,4,0.0,0.0,,,589352
2024-09-05 05:00:00,00000001250,20240905050000,0.0,0.0,0.0,0.0,0.0,0.0,1.0,4,0.0,0.0,,,589352
2024-09-05 06:00:00,00000001250,20240905060000,0.0,0.0,0.0,0.0,0.0,0.0,1.0,4,0.0,0.0,,,589352
2024-09-05 07:00:00,00000001250,20240905070000,0.0,0.0,0.0,0.0,0.0,0.0,1.0,4,0.0,0.0,,,589352
2024-09-05 08:00:00,00000001250,20240905080000,0.0,0.0,0.0,0.0,0.0,0.0,1.0,4,0.0,0.0,,,589352
2024-09-05 09:00:00,00000001250,20240905090000,0.0,0.0,0.0,0.0,0.0,0.0,1.0,4,0.0,0.0,,,589352
2024-09-05 10:00:00,00000001250,20240905100000,0.0,0.0,0.0,0.0,0.0,0.0,1.0,4,0.0,0.0,,,589352
2024-09-05 11:00:00,00000001250,20240905110000,0.0,0.0,0.0,0.0,0.0,0.0,1.0,4,0.0,0.0,,,589352
2024-09-05 12:00:00,00000001250,20240905120000,0.0,0.0,0.0,0.0,0.0,0.0,1.0,4,0.0,0.0,,,589352
2024-09-05 13:00:00,00000001250,20240905130000,0.0,0.0,0.0,0.0,0.0,0.0,1.0,4,0.0,0.0,,,589352
2024-09-05 14:00:00,00000001250,20240905140000,0.0,0.0,0.0,0.0,0.0,0.0,1.0,4,0.0,0.0,,,589352
2024-09-05 15:00:00,00000001250,20240905150000,0.0,0.0,0.0,0.0,0.0,0.0,1.0,4,0.0,0.0,,,589352
2024-09-05 16:00:00,00000001250,20240905160000,0.0,0.0,0.0,0.0,0.0,0.0,1.0,4,0.0,0.0,,,589352
2024-09-05 17:00:00,00000001250,20240905170000,0.0,0.0,0.0,0.0,0.0,0.0,1.0,4,0.0,0.0,,,589352
2024-09-05 18:00:00,00000001250,20240905180000,0.0,0.0,0.0,0.0,0.0,0.0,1.0,4,0.0,0.0,,,589352
2024-09-05 19:00:00,00000001250,20240905190000,0.0,0.0,0.0,0.0,0.0,0.0,1.0,4,0.0,0.0,,,589352
2024-09-05 20:00:00,00000001250,20240905200000,0.0,0.0,0.0,0.0,0.0,0.0,1.0,4,0.0,0.0,,,589352
2024-09-05 21:00:00,00000001250,20240905210000,0.0,0.0,0.0,0.0,0.0,0.0,1.0,4,0.0,0.0,,,589352
2024-09-05 22:00:00,00000001250,20240905220000,0.0,0.0,0.0,0.0,0.0,0.0,1.0,4,0.0,0.0,,,589352
2024-09-05 23:00:00,00000001250,20240905230000,0.0,0.0,0.0,0.0,0.0,0.0,1.0,4,0.0,0.0,,,589352
2024-09-06 00:00:00,00000001250,20240906000000,0.0,0.0,0.0,0.0,0.0,0.0,1.0,4,0.0,0.0,,,589352
2024-09-06 01:00:00,00000001250,20240906010000,0.0,0.0,0.0,0.0,0.0,0.0,1.0,4,0.0,0.0,,,589352
2024-09-06 02:00:00,00000001250,20240906020000,0.0,0.0,0.0,0.0,0.0,0.0,1.0,4,0.0,0.0,,,589352
2024-09-06 03:00:00,00000001250,20240906030000,0.0,0.0,0.0,0.0,0.0,0.0,1.0,4,0.0,0.0,,,589352
2024-09-06 04:00:00,00000001250,20240906040000,0.0,0.0,0.0,0.0,0.0,0.0,1.0,4,0.0,0.0,,,589352
2024-09-06 05:00:00,00000001250,20240906050000,0.0,0.0,0.0,0.0,0.0,0.0,1.0,4,0.0,0.0,,,589352
2024-09-06 06:00:00,00000001250,20240906060000,0.0,0.0,0.0,0.0,0.0,0.0,1.0,4,0.0,0.0,,,589352
2024-09-06 07:00:00,00000001250,20240906070000,0.0,0.0,0.0,0.0,0.0,0.0,1.0,4,0.0,0.0,,,589352
2024-09-06 08:00:00,00000001250,20240906080000,0.0,0.0,0.0,0.0,0.0,0.0,1.0,4,0.0,0.0,,,589352
2024-09-06 09:00:00,00000001250,20240906090000,0.0,0.0,0.0,0.0,0.0,0.0,1.0,4,0.0,0.0,,,589352
2024-09-06 10:00:00,00000001250,20240906100000,0.0,0.001,0.0,0.0,0.0,0.0,1.0,4,0.0,0.0,,,589352
2024-09-06 11:00:00,00000001250,20240906110000,0.0,0.0,0.0,0.0,0.0,0.0,1.0,4,0.0,0.0,,,589352
2024-09-06 12:00:00,00000001250,20240906120000,0.0,0.0,0.0,0.0,0.0,0.0,1.0,4,0.0,0.0,,,589352
2024-09-06 13:00:00,00000001250,20240906130000,0.0,0.0,0.0,0.0,0.0,0.0,1.0,4,0.0,0.0,,,589352
2024-09-06 14:00:00,00000001250,20240906140000,0.0,0.0,0.0,0.0,0.0,0.0,1.0,4,0.0,0.0,,,589352
2024-09-06 15:00:00,00000001250,20240906150000,0.0,0.0,0.0,0.0,0.0,0.0,1.0,4,0.0,0.0,,,589352
2024-09-06 16:00:00,00000001250,20240906160000,0.0,0.0,0.0,0.0,0.0,0.0,1.0,4,0.0,0.0,,,589352
2024-09-06 17:00:00,00000001250,20240906170000,0.0,0.0,0.0,0.0,0.0,0.0,1.0,4,0.0,0.0,,,589352
2024-09-06 18:00:00,00000001250,20240906180000,0.0,0.0,0.0,0.0,0.0,0.0,1.0,4,0.0,0.0,,,589352
2024-09-06 19:00:00,00000001250,20240906190000,0.0,0.0,0.0,0.0,0.0,0.0,1.0,4,0.0,0.0,,,589352
2024-09-06 20:00:00,00000001250,20240906200000,0.0,0.0,0.0,0.0,0.0,0.0,1.0,4,0.0,0.0,,,589352
2024-09-06 21:00:00,00000001250,20240906210000,0.0,0.0,0.0,0.0,0.0,0.0,1.0,4,0.0,0.0,,,589352
2024-09-06 22:00:00,00000001250,20240906220000,0.0,0.0,0.0,0.0,0.0,0.0,1.0,4,0.0,0.0,,,589352
2024-09-06 23:00:00,00000001250,20240906230000,0.0,0.0,0.0,0.0,0.0,0.0,1.0,4,0.0,0.0,,,589352
2024-09-07 00:00:00,00000001250,20240907000000,0.0,0.0,0.0,0.0,0.0,0.0,1.0,4,0.0,0.0,,,589352
2024-09-07 01:00:00,00000001250,20240907010000,0.0,0.0,0.0,0.0,0.0,0.0,1.0,4,0.0,0.0,,,589352
2024-09-07 02:00:00,00000001250,20240907020000,0.0,0.0,0.0,0.0,0.0,0.0,1.0,4,0.0,0.0,,,589352
2024-09-07 03:00:00,00000001250,20240907030000,0.0,0.0,0.0,0.0,0.0,0.0,1.0,4,0.0,0.0,,,589352
2024-09-07 04:00:00,00000001250,20240907040000,0.0,0.0,0.0,0.0,0.0,0.0,1.0,4,0.0,0.0,,,589352
2024-09-07 05:00:00,00000001250,20240907050000,0.0,0.0,0.0,0.0,0.0,0.0,1.0,4,0.0,0.0,,,589352
2024-09-07 06:00:00,00000001250,20240907060000,0.0,0.0,0.0,0.0,0.0,0.0,1.0,4,0.0,0.0,,,589352
2024-09-07 07:00:00,00000001250,20240907070000,0.0,0.0,0.0,0.0,0.0,0.0,1.0,4,0.0,0.0,,,589352
2024-09-07 08:00:00,00000001250,20240907080000,0.0,0.0,0.0,0.0,0.0,0.0,1.0,4,0.0,0.0,,,589352
2024-09-07 09:00:00,00000001250,20240907090000,0.0,0.0,0.0,0.0,0.0,0.0,1.0,4,0.0,0.0,,,589352
2024-09-07 10:00:00,00000001250,20240907100000,0.0,0.0,0.0,0.0,0.0,0.0,1.0,4,0.0,0.0,,,589352
2024-09-07 11:00:00,00000001250,20240907110000,0.0,0.0,0.0,0.0,0.0,0.0,1.0,4,0.0,0.0,,,589352
2024-09-07 12:00:00,00000001250,20240907120000,0.0,0.0,0.0,0.0,0.0,0.0,1.0,4,0.0,0.0,,,589352
2024-09-07 13:00:00,00000001250,20240907130000,0.0,0.0,0.0,0.0,0.0,0.0,1.0,4,0.0,0.0,,,589352
2024-09-07 14:00:00,00000001250,20240907140000,0.0,0.0,0.0,0.0,0.0,0.0,1.0,4,0.0,0.0,,,589352
2024-09-07 15:00:00,00000001250,20240907150000,0.0,0.0,0.0,0.0,0.0,0.0,1.0,4,0.0,0.0,,,589352
2024-09-07 16:00:00,00000001250,20240907160000,0.0,0.0,0.0,0.0,0.0,0.0,1.0,4,0.0,0.0,,,589352
2024-09-07 17:00:00,00000001250,20240907170000,0.0,0.0,0.0,0.0,0.0,0.0,1.0,4,0.0,0.0,,,589352
2024-09-07 18:00:00,00000001250,20240907180000,0.0,0.0,0.0,0.0,0.0,0.0,1.0,4,0.0,0.0,,,589352
2024-09-07 19:00:00,00000001250,20240907190000,0.0,0.0,0.0,0.0,0.0,0.0,1.0,4,0.0,0.0,,,589352
2024-09-07 20:00:00,00000001250,20240907200000,0.0,0.0,0.0,0.0,0.0,0.0,1.0,4,0.0,0.0,,,589352
2024-09-07 21:00:00,00000001250,20240907210000,0.0,0.0,0.0,0.0,0.0,0.0,1.0,4,0.0,0.0,,,589352
2024-09-07 22:00:00,00000001250,20240907220000,0.0,0.0,0.0,0.0,0.0,0.0,1.0,4,0.0,0.0,,,589352
2024-09-07 23:00:00,00000001250,20240907230000,0.0,0.0,0.0,0.0,0.0,0.0,1.0,4,0.0,0.0,,,589352
2024-09-08 00:00:00,00000001250,20240908000000,0.0,0.0,0.0,0.0,0.0,0.0,1.0,4,0.0,0.0,,,589352
2024-09-08 01:00:00,00000001250,20240908010000,0.0,0.0,0.0,0.0,0.0,0.0,1.0,4,0.0,0.0,,,589352
2024-09-08 02:00:00,00000001250,20240908020000,0.0,0.0,0.0,0.0,0.0,0.0,1.0,4,0.0,0.0,,,589352
2024-09-08 03:00:00,00000001250,20240908030000,0.0,0.0,0.0,0.0,0.0,0.0,1.0,4,0.0,0.0,,,589352
2024-09-08 04:00:00,00000001250,20240908040000,0.0,0.0,0.0,0.0,0.0,0.0,1.0,4,0.0,0.0,,,589352
2024-09-08 05:00:00,00000001250,20240908050000,0.0,0.0,0.0,0.0,0.0,0.0,1.0,4,0.0,0.0,,,589352
2024-09-08 06:00:00,00000001250,20240908060000,0.0,0.0,0.0,0.0,0.0,0.0,1.0,4,0.0,0.0,,,589352
2024-09-08 07:00:00,00000001250,20240908070000,0.0,0.001,0.0,0.0,0.0,0.0,1.0,4,0.0,0.0,,,589352
2024-09-08 08:00:00,00000001250,20240908080000,0.0,0.0,0.0,0.0,0.0,0.0,1.0,4,0.0,0.0,,,589352
2024-09-08 09:00:00,00000001250,20240908090000,0.0,0.0,0.0,0.0,0.0,0.0,1.0,4,0.0,0.0,,,589352
2024-09-08 10:00:00,00000001250,20240908100000,0.0,0.0,0.0,0.0,0.0,0.0,1.0,4,0.0,0.0,,,589352
2024-09-08 11:00:00,00000001250,20240908110000,0.0,0.0,0.0,0.0,0.0,0.0,1.0,4,0.0,0.0,,,589352
2024-09-08 12:00:00,00000001250,20240908120000,0.0,0.0,0.0,0.0,0.0,0.0,1.0,4,0.0,0.0,,,589352
2024-09-08 13:00:00,00000001250,20240908130000,0.0,0.0,0.0,0.0,0.0,0.0,1.0,4,0.0,0.0,,,589352
2024-09-08 14:00:00,00000001250,20240908140000,0.0,0.0,0.0,0.0,0.0,0.0,1.0,4,0.0,0.0,,,589352
2024-09-19 23:00:00,00000001250,20240919230000,0.0,0.0,0.0,0.0,0.0,0.0,1.0,4,0.0,0.0,,,589352
2024-09-20 00:00:00,00000001250,20240920000000,0.0,0.0,0.0,0.0,0.0,0.0,1.0,4,0.0,0.0,,,589352
2024-09-20 01:00:00,00000001250,20240920010000,0.0,0.0,0.0,0.0,0.0,0.0,1.0,4,0.0,0.0,,,589352
2024-09-20 02:00:00,00000001250,20240920020000,0.0,0.0,0.0,0.0,0.0,0.0,1.0,4,0.0,0.0,,,589352
2024-09-20 03:00:00,00000001250,20240920030000,0.0,0.0,0.0,0.0,0.0,0.0,1.0,4,0.0,0.0,,,589352
2024-09-20 04:00:00,00000001250,20240920040000,0.0,0.0,0.0,0.0,0.0,0.0,1.0,4,0.0,0.0,,,589352
2024-09-20 05:00:00,00000001250,20240920050000,0.0,0.0,0.0,0.0,0.0,0.0,1.0,4,0.0,0.0,,,589352
2024-09-20 06:00:00,00000001250,20240920060000,0.0,0.0,0.0,0.0,0.0,0.0,1.0,4,0.0,0.0,,,589352
2024-09-20 07:00:00,00000001250,20240920070000,0.0,0.0,0.0,0.0,0.0,0.0,1.0,4,0.0,0.0,,,589352
2024-09-20 08:00:00,00000001250,20240920080000,0.0,0.0,0.0,0.0,0.0,0.0,1.0,4,0.0,0.0,,,589352
2024-09-20 09:00:00,00000001250,20240920090000,0.0,0.0,0.0,0.0,0.0,0.0,1.0,4,0.0,0.0,,,589352
2024-09-20 10:00:00,00000001250,20240920100000,0.0,0.0,0.0,0.0,0.0,0.0,1.0,4,0.0,0.0,,,589352
2024-09-20 11:00:00,00000001250,20240920110000,0.0,0.0,0.0,0.0,0.0,0.0,1.0,4,0.0,0.0,,,589352
2024-09-20 12:00:00,00000001250,20240920120000,0.0,0.0,0.0,0.0,0.0,0.0,1.0,4,0.0,0.0,,,589352
2024-09-20 13:00:00,00000001250,20240920130000,0.0,0.0,0.0,0.0,0.0,0.0,1.0,4,0.0,0.0,,,589352
2024-09-20 14:00:00,00000001250,20240920140000,0.0,0.0,0.0,0.0,0.0,0.0,1.0,4,0.0,0.0,,,589352
2024-09-20 15:00:00,00000001250,20240920150000,0.0,0.0,0.0,0.0,0.0,0.0,1.0,4,0.0,0.0,,,589352
2024-09-20 16:00:00,00000001250,20240920160000,0.0,0.0,0.0,0.0,0.0,0.0,1.0,4,0.0,0.0,,,589352
2024-09-20 17:00:00,00000001250,20240920170000,0.0,0.0,0.0,0.0,0.0,0.0,1.0,4,0.0,0.0,,,589352
2024-09-20 18:00:00,00000001250,20240920180000,0.0,0.0,0.0,0.0,0.0,0.0,1.0,4,0.0,0.0,,,589352
2024-09-20 19:00:00,00000001250,20240920190000,0.0,0.0,0.0,0.0,0.0,0.0,1.0,4,0.0,0.0,,,589352
2024-09-20 20:00:00,00000001250,20240920200000,0.0,0.0,0.0,0.0,0.0,0.0,1.0,4,0.0,0.0,,,589352
2024-09-20 21:00:00,00000001250,20240920210000,0.0,0.0,0.0,0.0,0.0,0.0,1.0,4,0.0,0.0,,,589352
2024-09-20 22:00:00,00000001250,20240920220000,0.0,0.0,0.0,0.0,0.0,0.0,1.0,4,0.0,0.0,,,589352
2024-09-20 23:00:00,00000001250,20240920230000,0.0,0.0,0.0,0.0,0.0,0.0,1.0,4,0.0,0.0,,,589352
2024-09-21 00:00:00,00000001250,20240921000000,0.0,0.0,0.0,0.0,0.0,0.0,1.0,4,0.0,0.0,,,589352
2024-09-21 01:00:00,00000001250,20240921010000,0.0,0.0,0.0,0.0,0.0,0.0,1.0,4,0.0,0.0,,,589352
2024-09-21 02:00:00,00000001250,20240921020000,0.0,0.0,0.0,0.0,0.0,0.0,1.0,4,0.0,0.0,,,589352
2024-09-21 03:00:00,00000001250,20240921030000,0.0,0.0,0.0,0.0,0.0,0.0,1.0,4,0.0,0.0,,,589352
2024-09-21 04:00:00,00000001250,20240921040000,0.0,0.0,0.0,0.0,0.0,0.0,1.0,4,0.0,0.0,,,589352
2024-09-21 05:00:00,00000001250,20240921050000,0.0,0.0,0.0,0.0,0.0,0.0,1.0,4,0.0,0.0,,,589352
2024-09-21 06:00:00,00000001250,20240921060000,0.0,0.0,0.0,0.0,0.0,0.0,1.0,4,0.0,0.0,,,589352
2024-09-21 07:00:00,00000001250,20240921070000,0.0,0.0,0.0,0.0,0.0,0.0,1.0,4,0.0,0.0,,,589352
2024-09-21 08:00:00,00000001250,20240921080000,0.0,0.0,0.0,0.0,0.0,0.0,1.0,4,0.0,0.0,,,589352
2024-09-21 09:00:00,00000001250,20240921090000,0.011,0.0,0.0,0.0,0.0,0.0,1.0,4,0.0,0.0,0.0,0.0,589352
2024-09-21 10:00:00,00000001250,20240921100000,0.004,0.0,0.0,0.0,0.0,0.0,1.0,4,0.0,0.0,0.0,0.0,589352
2024-09-21 11:00:00,00000001250,20240921110000,0.0,0.0,0.0,0.0,0.0,0.0,1.0,4,0.0,0.0,,,589352
2024-09-21 12:00:00,00000001250,20240921120000,0.0,0.0,0.0,0.0,0.0,0.0,1.0,4,0.0,0.0,,,589352
2024-09-21 13:00:00,00000001250,20240921130000,0.0,0.0,0.0,0.0,0.0,0.0,1.0,4,0.0,0.0,,,589352
2024-09-21 14:00:00,00000001250,20240921140000,0.0,0.0,0.0,0.0,0.0,0.0,1.0,4,0.0,0.0,,,589352
2024-09-21 15:00:00,00000001250,20240921150000,0.115,0.126,0.0,0.0,0.0,0.0,1.0,4,0.0,0.0,109.57,0.0,589352
2024-09-21 16:00:00,00000001250,20240921160000,0.064,0.071,0.0,0.0,0.0,0.0,1.0,4,0.0,0.0,110.94,0.0,589352
2024-09-21 17:00:00,00000001250,20240921170000,0.04,0.044,0.0,0.0,0.0,0.0,1.0,4,0.0,0.0,110.0,0.0,589352
2024-09-21 18:00:00,00000001250,20240921180000,0.062,0.068,0.0,0.0,0.0,0.0,1.0,4,0.0,0.0,109.68,0.0,589352
2024-09-21 19:00:00,00000001250,20240921190000,0.061,0.051,0.001,0.0,0.0,0.0,1.0,4,0.0,0.0,83.61,1.64,589352
2024-09-21 20:00:00,00000001250,20240921200000,0.055,0.042,0.003,0.0,0.0,0.0,1.0,4,0.0,0.0,76.36,5.45,589352
2024-09-21 21:00:00,00000001250,20240921210000,0.054,0.035,0.003,0.0,0.0,0.0,1.0,4,0.0,0.0,64.81,5.56,589352
2024-09-21 22:00:00,00000001250,20240921220000,0.051,0.054,0.0,0.0,0.0,0.0,1.0,4,0.0,0.0,105.88,0.0,589352
2024-09-21 23:00:00,00000001250,20240921230000,0.032,0.035,0.0,0.0,0.0,0.0,1.0,4,0.0,0.0,109.38,0.0,589352
2024-09-22 00:00:00,00000001250,20240922000000,0.031,0.035,0.0,0.0,0.0,0.0,1.0,4,0.0,0.0,112.9,0.0,589352
2024-09-22 01:00:00,00000001250,20240922010000,0.036,0.04,0.0,0.0,0.0,0.0,1.0,4,0.0,0.0,111.11,0.0,589352
2024-09-22 02:00:00,00000001250,20240922020000,0.04,0.047,0.0,0.0,0.0,0.0,1.0,4,0.0,0.0,117.5,0.0,589352
2024-09-22 03:00:00,00000001250,20240922030000,0.047,0.034,0.0,0.0,0.0,0.0,1.0,4,0.0,0.0,72.34,0.0,589352
2024-09-22 04:00:00,00000001250,20240922040000,0.03,0.034,0.0,0.0,0.0,0.0,1.0,4,0.0,0.0,113.33,0.0,589352
2024-09-22 05:00:00,00000001250,20240922050000,0.029,0.034,0.0,0.0,0.0,0.0,1.0,4,0.0,0.0,117.24,0.0,589352
2024-09-22 06:00:00,00000001250,20240922060000,0.03,0.034,0.0,0.0,0.0,0.0,1.0,4,0.0,0.0,113.33,0.0,589352
2024-09-22 07:00:00,00000001250,20240922070000,0.036,0.042,0.0,0.0,0.0,0.0,1.0,4,0.0,0.0,116.67,0.0,589352
2024-09-22 08:00:00,00000001250,20240922080000,0.038,0.042,0.0,0.0,0.0,0.0,1.0,4,0.0,0.0,110.53,0.0,589352
2024-09-22 09:00:00,00000001250,20240922090000,0.03,0.033,0.0,0.0,0.0,0.0,1.0,4,0.0,0.0,110.0,0.0,589352
2024-09-22 10:00:00,00000001250,20240922100000,0.03,0.034,0.0,0.0,0.0,0.0,1.0,4,0.0,0.0,113.33,0.0,589352
2024-09-22 11:00:00,00000001250,20240922110000,0.031,0.034,0.0,0.0,0.0,0.0,1.0,4,0.0,0.0,109.68,0.0,589352
2024-09-22 12:00:00,00000001250,20240922120000,0.046,0.05,0.0,0.0,0.0,0.0,1.0,4,0.0,0.0,108.7,0.0,589352
2024-09-22 13:00:00,00000001250,20240922130000,0.039,0.042,0.0,0.0,0.0,0.0,1.0,4,0.0,0.0,107.69,0.0,589352
2024-09-22 14:00:00,00000001250,20240922140000,0.05,0.053,0.0,0.0,0.0,0.0,1.0,4,0.0,0.0,106.0,0.0,589352
2024-09-22 15:00:00,00000001250,20240922150000,0.044,0.05,0.0,0.0,0.0,0.0,1.0,4,0.0,0.0,113.64,0.0,589352
2024-09-22 16:00:00,00000001250,20240922160000,0.039,0.041,0.0,0.0,0.0,0.0,1.0,4,0.0,0.0,105.13,0.0,589352
2024-09-22 17:00:00,00000001250,20240922170000,0.067,0.066,0.0,0.0,0.0,0.0,1.0,4,0.0,0.0,98.51,0.0,589352
2024-09-22 18:00:00,00000001250,20240922180000,0.052,0.044,0.0,0.0,0.0,0.0,1.0,4,0.0,0.0,84.62,0.0,589352
2024-09-22 19:00:00,00000001250,20240922190000,0.058,0.048,0.002,0.0,0.0,0.0,1.0,4,0.0,0.0,82.76,3.45,589352
2024-09-22 20:00:00,00000001250,20240922200000,0.058,0.043,0.003,0.0,0.0,0.0,1.0,4,0.0,0.0,74.14,5.17,589352
2024-09-22 21:00:00,00000001250,20240922210000,0.05,0.034,0.005,0.0,0.0,0.0,1.0,4,0.0,0.0,68.0,10.0,589352
2024-09-22 22:00:00,00000001250,20240922220000,0.044,0.035,0.001,0.0,0.0,0.0,1.0,4,0.0,0.0,79.55,2.27,589352
2024-09-22 23:00:00,00000001250,20240922230000,0.032,0.036,0.0,0.0,0.0,0.0,1.0,4,0.0,0.0,112.5,0.0,589352
2024-09-23 00:00:00,00000001250,20240923000000,0.033,0.035,0.0,0.0,0.0,0.0,1.0,4,0.0,0.0,106.06,0.0,589352
2024-09-23 01:00:00,00000001250,20240923010000,0.031,0.035,0.0,0.0,0.0,0.0,1.0,4,0.0,0.0,112.9,0.0,589352
2024-09-23 02:00:00,00000001250,20240923020000,0.031,0.035,0.0,0.0,0.0,0.0,1.0,4,0.0,0.0,112.9,0.0,589352
2024-09-23 03:00:00,00000001250,20240923030000,0.054,0.035,0.0,0.0,0.0,0.0,1.0,4,0.0,0.0,64.81,0.0,589352
2024-09-23 04:00:00,00000001250,20240923040000,0.03,0.034,0.0,0.0,0.0,0.0,1.0,4,0.0,0.0,113.33,0.0,589352
2024-09-23 05:00:00,00000001250,20240923050000,0.029,0.033,0.0,0.0,0.0,0.0,1.0,4,0.0,0.0,113.79,0.0,589352
2024-09-23 06:00:00,00000001250,20240923060000,0.029,0.034,0.0,0.0,0.0,0.0,1.0,4,0.0,0.0,117.24,0.0,589352
2024-09-23 07:00:00,00000001250,20240923070000,0.029,0.033,0.0,0.0,0.0,0.0,1.0,4,0.0,0.0,113.79,0.0,589352
2024-09-23 08:00:00,00000001250,20240923080000,0.031,0.034,0.0,0.0,0.0,0.0,1.0,4,0.0,0.0,109.68,0.0,589352
2024-09-23 09:00:00,00000001250,20240923090000,0.033,0.036,0.0,0.0,0.0,0.0,1.0,4,0.0,0.0,109.09,0.0,589352
2024-09-23 10:00:00,00000001250,20240923100000,0.032,0.034,0.0,0.0,0.0,0.0,1.0,4,0.0,0.0,106.25,0.0,589352
2024-09-23 11:00:00,00000001250,20240923110000,0.033,0.035,0.0,0.0,0.0,0.0,1.0,4,0.0,0.0,106.06,0.0,589352
2024-09-23 12:00:00,00000001250,20240923120000,0.046,0.048,0.0,0.0,0.0,0.0,1.0,4,0.0,0.0,104.35,0.0,589352
2024-09-23 13:00:00,00000001250,20240923130000,0.04,0.043,0.0,0.0,0.0,0.0,1.0,4,0.0,0.0,107.5,0.0,589352
2024-09-23 14:00:00,00000001250,20240923140000,0.037,0.039,0.0,0.0,0.0,0.0,1.0,4,0.0,0.0,105.41,0.0,589352
2024-09-23 15:00:00,00000001250,20240923150000,0.036,0.038,0.0,0.0,0.0,0.0,1.0,4,0.0,0.0,105.56,0.0,589352
2024-09-23 16:00:00,00000001250,20240923160000,0.037,0.039,0.0,0.0,0.0,0.0,1.0,4,0.0,0.0,105.41,0.0,589352
2024-09-23 17:00:00,00000001250,20240923170000,0.038,0.039,0.0,0.0,0.0,0.0,1.0,4,0.0,0.0,102.63,0.0,589352
2024-09-23 18:00:00,00000001250,20240923180000,0.072,0.06,0.0,0.0,0.0,0.0,1.0,4,0.0,0.0,83.33,0.0,589352
2024-09-23 19:00:00,00000001250,20240923190000,0.037,0.039,0.0,0.0,0.0,0.0,1.0,4,0.0,0.0,105.41,0.0,589352
2024-09-23 20:00:00,00000001250,20240923200000,0.035,0.036,0.0,0.0,0.0,0.0,1.0,4,0.0,0.0,102.86,0.0,589352
2024-09-23 21:00:00,00000001250,20240923210000,0.034,0.036,0.0,0.0,0.0,0.0,1.0,4,0.0,0.0,105.88,0.0,589352
2024-09-23 22:00:00,00000001250,20240923220000,0.055,0.036,0.0,0.0,0.0,0.0,1.0,4,0.0,0.0,65.45,0.0,589352
2024-09-23 23:00:00,00000001250,20240923230000,0.042,0.037,0.0,0.0,0.0,0.0,1.0,4,0.0,0.0,88.1,0.0,589352
2024-09-24 00:00:00,00000001250,20240924000000,0.034,0.035,0.0,0.0,0.0,0.0,1.0,4,0.0,0.0,102.94,0.0,589352
2024-09-24 01:00:00,00000001250,20240924010000,0.031,0.035,0.0,0.0,0.0,0.0,1.0,4,0.0,0.0,112.9,0.0,589352
2024-09-24 02:00:00,00000001250,20240924020000,0.031,0.035,0.0,0.0,0.0,0.0,1.0,4,0.0,0.0,112.9,0.0,589352
2024-09-24 03:00:00,00000001250,20240924030000,0.031,0.034,0.0,0.0,0.0,0.0,1.0,4,0.0,0.0,109.68,0.0,589352
2024-09-24 04:00:00,00000001250,20240924040000,0.036,0.034,0.0,0.0,0.0,0.0,1.0,4,0.0,0.0,94.44,0.0,589352
2024-09-24 05:00:00,00000001250,20240924050000,0.03,0.034,0.0,0.0,0.0,0.0,1.0,4,0.0,0.0,113.33,0.0,589352
2024-09-24 06:00:00,00000001250,20240924060000,0.03,0.034,0.0,0.0,0.0,0.0,1.0,4,0.0,0.0,113.33,0.0,589352
2024-09-24 07:00:00,00000001250,20240924070000,0.03,0.034,0.0,0.0,0.0,0.0,1.0,4,0.0,0.0,113.33,0.0,589352
2024-09-24 08:00:00,00000001250,20240924080000,0.019,0.021,0.0,0.0,0.0,0.0,1.0,4,0.0,0.0,110.53,0.0,589352
2024-09-24 09:00:00,00000001250,20240924090000,0.049,0.052,0.0,0.0,0.0,0.0,1.0,4,0.0,0.0,106.12,0.0,589352
2024-09-24 10:00:00,00000001250,20240924100000,0.034,0.036,0.0,0.0,0.0,0.0,1.0,4,0.0,0.0,105.88,0.0,589352
2024-09-24 11:00:00,00000001250,20240924110000,0.029,0.031,0.0,0.0,0.0,0.0,1.0,4,0.0,0.0,106.9,0.0,589352
2024-09-24 12:00:00,00000001250,20240924120000,0.03,0.033,0.0,0.0,0.0,0.0,1.0,4,0.0,0.0,110.0,0.0,589352
2024-09-24 13:00:00,00000001250,20240924130000,0.042,0.045,0.0,0.0,0.0,0.0,1.0,4,0.0,0.0,107.14,0.0,589352
2024-09-24 14:00:00,00000001250,20240924140000,0.036,0.038,0.0,0.0,0.0,0.0,1.0,4,0.0,0.0,105.56,0.0,589352
2024-09-24 15:00:00,00000001250,20240924150000,0.039,0.042,0.0,0.0,0.0,0.0,1.0,4,0.0,0.0,107.69,0.0,589352
2024-09-24 16:00:00,00000001250,20240924160000,0.046,0.048,0.0,0.0,0.0,0.0,1.0,4,0.0,0.0,104.35,0.0,589352
2024-09-24 17:00:00,00000001250,20240924170000,0.039,0.042,0.0,0.0,0.0,0.0,1.0,4,0.0,0.0,107.69,0.0,589352
2024-09-24 18:00:00,00000001250,20240924180000,0.047,0.049,0.0,0.0,0.0,0.0,1.0,4,0.0,0.0,104.26,0.0,589352
2024-09-24 19:00:00,00000001250,20240924190000,0.039,0.041,0.0,0.0,0.0,0.0,1.0,4,0.0,0.0,105.13,0.0,589352
2024-09-24 20:00:00,00000001250,20240924200000,0.036,0.038,0.0,0.0,0.0,0.0,1.0,4,0.0,0.0,105.56,0.0,589352
2024-09-24 21:00:00,00000001250,20240924210000,0.035,0.038,0.0,0.0,0.0,0.0,1.0,4,0.0,0.0,108.57,0.0,589352
2024-09-24 22:00:00,00000001250,20240924220000,0.05,0.036,0.003,0.0,0.0,0.0,1.0,4,0.0,0.0,72.0,6.0,589352
2024-09-24 23:00:00,00000001250,20240924230000,0.039,0.036,0.0,0.0,0.0,0.0,1.0,4,0.0,0.0,92.31,0.0,589352
2024-09-25 00:00:00,00000001250,20240925000000,0.02,0.023,0.0,0.0,0.0,0.0,1.0,4,0.0,0.0,115.0,0.0,589352
2024-09-25 01:00:00,00000001250,20240925010000,0.029,0.032,0.0,0.0,0.0,0.0,1.0,4,0.0,0.0,110.34,0.0,589352
2024-09-25 02:00:00,00000001250,20240925020000,0.034,0.036,0.0,0.0,0.0,0.0,1.0,4,0.0,0.0,105.88,0.0,589352
2024-09-25 03:00:00,00000001250,20240925030000,0.04,0.036,0.0,0.0,0.0,0.0,1.0,4,0.0,0.0,90.0,0.0,589352
2024-09-25 04:00:00,00000001250,20240925040000,0.032,0.036,0.0,0.0,0.0,0.0,1.0,4,0.0,0.0,112.5,0.0,589352
2024-09-25 05:00:00,00000001250,20240925050000,0.016,0.018,0.0,0.0,0.0,0.0,1.0,4,0.0,0.0,112.5,0.0,589352
2024-09-25 06:00:00,00000001250,20240925060000,0.031,0.035,0.0,0.0,0.0,0.0,1.0,4,0.0,0.0,112.9,0.0,589352
2024-09-25 07:00:00,00000001250,20240925070000,0.034,0.035,0.0,0.0,0.0,0.0,1.0,4,0.0,0.0,102.94,0.0,589352
2024-09-25 08:00:00,00000001250,20240925080000,0.061,0.038,0.0,0.0,0.0,0.0,1.0,4,0.0,0.0,62.3,0.0,589352
2024-09-25 09:00:00,00000001250,20240925090000,0.036,0.038,0.0,0.0,0.0,0.0,1.0,4,0.0,0.0,105.56,0.0,589352
2024-09-25 10:00:00,00000001250,20240925100000,0.027,0.029,0.0,0.0,0.0,0.0,1.0,4,0.0,0.0,107.41,0.0,589352
2024-09-25 11:00:00,00000001250,20240925110000,0.028,0.029,0.0,0.0,0.0,0.0,1.0,4,0.0,0.0,103.57,0.0,589352
2024-09-25 12:00:00,00000001250,20240925120000,0.034,0.037,0.0,0.0,0.0,0.0,1.0,4,0.0,0.0,108.82,0.0,589352
2024-09-25 13:00:00,00000001250,20240925130000,0.037,0.04,0.0,0.0,0.0,0.0,1.0,4,0.0,0.0,108.11,0.0,589352
2024-09-25 14:00:00,00000001250,20240925140000,0.046,0.049,0.0,0.0,0.0,0.0,1.0,4,0.0,0.0,106.52,0.0,589352
2024-09-25 15:00:00,00000001250,20240925150000,0.041,0.042,0.0,0.0,0.0,0.0,1.0,4,0.0,0.0,102.44,0.0,589352
2024-09-25 16:00:00,00000001250,20240925160000,0.039,0.042,0.0,0.0,0.0,0.0,1.0,4,0.0,0.0,107.69,0.0,589352
2024-09-25 17:00:00,00000001250,20240925170000,0.044,0.045,0.0,0.0,0.0,0.0,1.0,4,0.0,0.0,102.27,0.0,589352
2024-09-25 18:00:00,00000001250,20240925180000,0.064,0.067,0.0,0.0,0.0,0.0,1.0,4,0.0,0.0,104.69,0.0,589352
2024-09-25 19:00:00,00000001250,20240925190000,0.044,0.046,0.0,0.0,0.0,0.0,1.0,4,0.0,0.0,104.55,0.0,589352
2024-09-25 20:00:00,00000001250,20240925200000,0.033,0.033,0.0,0.0,0.0,0.0,1.0,4,0.0,0.0,100.0,0.0,589352
2024-09-25 21:00:00,00000001250,20240925210000,0.038,0.03,0.0,0.0,0.0,0.0,1.0,4,0.0,0.0,78.95,0.0,589352
2024-09-25 22:00:00,00000001250,20240925220000,0.033,0.035,0.0,0.0,0.0,0.0,1.0,4,0.0,0.0,106.06,0.0,589352
2024-09-25 23:00:00,00000001250,20240925230000,0.035,0.038,0.0,0.0,0.0,0.0,1.0,4,0.0,0.0,108.57,0.0,589352
2024-09-26 00:00:00,00000001250,20240926000000,0.041,0.037,0.0,0.0,0.0,0.0,1.0,4,0.0,0.0,90.24,0.0,589352
2024-09-26 01:00:00,00000001250,20240926010000,0.034,0.037,0.0,0.0,0.0,0.0,1.0,4,0.0,0.0,108.82,0.0,589352
2024-09-26 02:00:00,00000001250,20240926020000,0.016,0.019,0.0,0.0,0.0,0.0,1.0,4,0.0,0.0,118.75,0.0,589352
2024-09-26 03:00:00,00000001250,20240926030000,0.033,0.037,0.0,0.0,0.0,0.0,1.0,4,0.0,0.0,112.12,0.0,589352
2024-09-26 04:00:00,00000001250,20240926040000,0.039,0.037,0.0,0.0,0.0,0.0,1.0,4,0.0,0.0,94.87,0.0,589352
2024-09-26 05:00:00,00000001250,20240926050000,0.026,0.028,0.0,0.0,0.0,0.0,1.0,4,0.0,0.0,107.69,0.0,589352
2024-09-26 06:00:00,00000001250,20240926060000,0.024,0.027,0.0,0.0,0.0,0.0,1.0,4,0.0,0.0,112.5,0.0,589352
2024-09-26 07:00:00,00000001250,20240926070000,0.033,0.037,0.0,0.0,0.0,0.0,1.0,4,0.0,0.0,112.12,0.0,589352
2024-09-26 08:00:00,00000001250,20240926080000,0.043,0.039,0.0,0.0,0.0,0.0,1.0,4,0.0,0.0,90.7,0.0,589352
2024-09-26 09:00:00,00000001250,20240926090000,0.042,0.034,0.001,0.0,0.0,0.0,1.0,4,0.0,0.0,80.95,2.38,589352
2024-09-26 10:00:00,00000001250,20240926100000,0.023,0.024,0.0,0.0,0.0,0.0,1.0,4,0.0,0.0,104.35,0.0,589352
2024-09-26 11:00:00,00000001250,20240926110000,0.047,0.05,0.0,0.0,0.0,0.0,1.0,4,0.0,0.0,106.38,0.0,589352
2024-09-26 12:00:00,00000001250,20240926120000,0.048,0.051,0.0,0.0,0.0,0.0,1.0,4,0.0,0.0,106.25,0.0,589352
2024-09-26 13:00:00,00000001250,20240926130000,0.047,0.051,0.0,0.0,0.0,0.0,1.0,4,0.0,0.0,108.51,0.0,589352
2024-09-26 14:00:00,00000001250,20240926140000,0.043,0.045,0.0,0.0,0.0,0.0,1.0,4,0.0,0.0,104.65,0.0,589352
2024-09-26 15:00:00,00000001250,20240926150000,0.047,0.05,0.0,0.0,0.0,0.0,1.0,4,0.0,0.0,106.38,0.0,589352
2024-09-26 16:00:00,00000001250,20240926160000,0.045,0.048,0.0,0.0,0.0,0.0,1.0,4,0.0,0.0,106.67,0.0,589352
2024-09-26 17:00:00,00000001250,20240926170000,0.045,0.046,0.0,0.0,0.0,0.0,1.0,4,0.0,0.0,102.22,0.0,589352
2024-09-26 18:00:00,00000001250,20240926180000,0.062,0.058,0.0,0.0,0.0,0.0,1.0,4,0.0,0.0,93.55,0.0,589352
2024-09-26 19:00:00,00000001250,20240926190000,0.047,0.048,0.0,0.0,0.0,0.0,1.0,4,0.0,0.0,102.13,0.0,589352
2024-09-26 20:00:00,00000001250,20240926200000,0.044,0.044,0.0,0.0,0.0,0.0,1.0,4,0.0,0.0,100.0,0.0,589352
2024-09-26 21:00:00,00000001250,20240926210000,0.05,0.041,0.0,0.0,0.0,0.0,1.0,4,0.0,0.0,82.0,0.0,589352
2024-09-26 22:00:00,00000001250,20240926220000,0.024,0.025,0.0,0.0,0.0,0.0,1.0,4,0.0,0.0,104.17,0.0,589352
2024-09-26 23:00:00,00000001250,20240926230000,0.039,0.043,0.0,0.0,0.0,0.0,1.0,4,0.0,0.0,110.26,0.0,589352
2024-09-27 00:00:00,00000001250,20240927000000,0.046,0.042,0.0,0.0,0.0,0.0,1.0,4,0.0,0.0,91.3,0.0,589352
2024-09-27 01:00:00,00000001250,20240927010000,0.019,0.02,0.0,0.0,0.0,0.0,1.0,4,0.0,0.0,105.26,0.0,589352
2024-09-27 02:00:00,00000001250,20240927020000,0.038,0.042,0.0,0.0,0.0,0.0,1.0,4,0.0,0.0,110.53,0.0,589352
2024-09-27 03:00:00,00000001250,20240927030000,0.037,0.041,0.0,0.0,0.0,0.0,1.0,4,0.0,0.0,110.81,0.0,589352
2024-09-27 04:00:00,00000001250,20240927040000,0.018,0.021,0.0,0.0,0.0,0.0,1.0,4,0.0,0.0,116.67,0.0,589352
2024-09-27 05:00:00,00000001250,20240927050000,0.045,0.039,0.0,0.0,0.0,0.0,1.0,4,0.0,0.0,86.67,0.0,589352
2024-09-27 06:00:00,00000001250,20240927060000,0.028,0.03,0.0,0.0,0.0,0.0,1.0,4,0.0,0.0,107.14,0.0,589352
2024-09-27 07:00:00,00000001250,20240927070000,0.026,0.029,0.0,0.0,0.0,0.0,1.0,4,0.0,0.0,111.54,0.0,589352
2024-09-27 08:00:00,00000001250,20240927080000,0.039,0.043,0.0,0.0,0.0,0.0,1.0,4,0.0,0.0,110.26,0.0,589352
2024-09-27 09:00:00,00000001250,20240927090000,0.032,0.028,0.0,0.0,0.0,0.0,1.0,4,0.0,0.0,87.5,0.0,589352
2024-09-27 10:00:00,00000001250,20240927100000,0.044,0.041,0.0,0.0,0.0,0.0,1.0,4,0.0,0.0,93.18,0.0,589352
2024-09-27 11:00:00,00000001250,20240927110000,0.049,0.045,0.0,0.0,0.0,0.0,1.0,4,0.0,0.0,91.84,0.0,589352
2024-09-27 12:00:00,00000001250,20240927120000,0.047,0.049,0.0,0.0,0.0,0.0,1.0,4,0.0,0.0,104.26,0.0,589352
2024-09-27 13:00:00,00000001250,20240927130000,0.043,0.045,0.0,0.0,0.0,0.0,1.0,4,0.0,0.0,104.65,0.0,589352
2024-09-27 14:00:00,00000001250,20240927140000,0.031,0.032,0.0,0.0,0.0,0.0,1.0,4,0.0,0.0,103.23,0.0,589352
2024-09-27 15:00:00,00000001250,20240927150000,0.061,0.05,0.0,0.0,0.0,0.0,1.0,4,0.0,0.0,81.97,0.0,589352
2024-09-27 16:00:00,00000001250,20240927160000,0.048,0.05,0.0,0.0,0.0,0.0,1.0,4,0.0,0.0,104.17,0.0,589352
2024-09-27 17:00:00,00000001250,20240927170000,0.066,0.069,0.0,0.0,0.0,0.0,1.0,4,0.0,0.0,104.55,0.0,589352
2024-09-27 18:00:00,00000001250,20240927180000,0.051,0.052,0.0,0.0,0.0,0.0,1.0,4,0.0,0.0,101.96,0.0,589352
2024-09-27 19:00:00,00000001250,20240927190000,0.03,0.03,0.0,0.0,0.0,0.0,1.0,4,0.0,0.0,100.0,0.0,589352
2024-09-27 20:00:00,00000001250,20240927200000,0.046,0.047,0.0,0.0,0.0,0.0,1.0,4,0.0,0.0,102.17,0.0,589352
2024-09-27 21:00:00,00000001250,20240927210000,0.046,0.046,0.0,0.0,0.0,0.0,1.0,4,0.0,0.0,100.0,0.0,589352
2024-09-27 22:00:00,00000001250,20240927220000,0.043,0.023,0.0,0.0,0.0,0.0,1.0,4,0.0,0.0,53.49,0.0,589352
2024-09-27 23:00:00,00000001250,20240927230000,0.051,0.047,0.0,0.0,0.0,0.0,1.0,4,0.0,0.0,92.16,0.0,589352
2024-09-28 00:00:00,00000001250,20240928000000,0.026,0.026,0.0,0.0,0.0,0.0,1.0,4,0.0,0.0,100.0,0.0,589352
2024-09-28 01:00:00,00000001250,20240928010000,0.038,0.042,0.0,0.0,0.0,0.0,1.0,4,0.0,0.0,110.53,0.0,589352
2024-09-28 02:00:00,00000001250,20240928020000,0.035,0.037,0.0,0.0,0.0,0.0,1.0,4,0.0,0.0,105.71,0.0,589352
2024-09-28 03:00:00,00000001250,20240928030000,0.035,0.029,0.0,0.0,0.0,0.0,1.0,4,0.0,0.0,82.86,0.0,589352
2024-09-28 04:00:00,00000001250,20240928040000,0.039,0.042,0.0,0.0,0.0,0.0,1.0,4,0.0,0.0,107.69,0.0,589352
2024-09-28 05:00:00,00000001250,20240928050000,0.021,0.023,0.0,0.0,0.0,0.0,1.0,4,0.0,0.0,109.52,0.0,589352
2024-09-28 06:00:00,00000001250,20240928060000,0.038,0.043,0.0,0.0,0.0,0.0,1.0,4,0.0,0.0,113.16,0.0,589352
2024-09-28 07:00:00,00000001250,20240928070000,0.021,0.023,0.0,0.0,0.0,0.0,1.0,4,0.0,0.0,109.52,0.0,589352
2024-09-28 08:00:00,00000001250,20240928080000,0.044,0.047,0.0,0.0,0.0,0.0,1.0,4,0.0,0.0,106.82,0.0,589352
2024-09-28 09:00:00,00000001250,20240928090000,0.021,0.023,0.0,0.0,0.0,0.0,1.0,4,0.0,0.0,109.52,0.0,589352
2024-09-28 10:00:00,00000001250,20240928100000,0.049,0.051,0.0,0.0,0.0,0.0,1.0,4,0.0,0.0,104.08,0.0,589352
2024-09-28 11:00:00,00000001250,20240928110000,0.028,0.029,0.0,0.0,0.0,0.0,1.0,4,0.0,0.0,103.57,0.0,589352
2024-09-28 12:00:00,00000001250,20240928120000,0.038,0.041,0.0,0.0,0.0,0.0,1.0,4,0.0,0.0,107.89,0.0,589352
2024-09-28 13:00:00,00000001250,20240928130000,0.057,0.06,0.0,0.0,0.0,0.0,1.0,4,0.0,0.0,105.26,0.0,589352
2024-09-28 14:00:00,00000001250,20240928140000,0.046,0.047,0.0,0.0,0.0,0.0,1.0,4,0.0,0.0,102.17,0.0,589352
2024-09-28 15:00:00,00000001250,20240928150000,0.033,0.036,0.0,0.0,0.0,0.0,1.0,4,0.0,0.0,109.09,0.0,589352
2024-09-28 16:00:00,00000001250,20240928160000,0.05,0.053,0.0,0.0,0.0,0.0,1.0,4,0.0,0.0,106.0,0.0,589352
2024-09-28 17:00:00,00000001250,20240928170000,0.048,0.05,0.0,0.0,0.0,0.0,1.0,4,0.0,0.0,104.17,0.0,589352
2024-09-28 18:00:00,00000001250,20240928180000,0.047,0.05,0.0,0.0,0.0,0.0,1.0,4,0.0,0.0,106.38,0.0,589352
2024-09-28 19:00:00,00000001250,20240928190000,0.048,0.048,0.0,0.0,0.0,0.0,1.0,4,0.0,0.0,100.0,0.0,589352
2024-09-28 20:00:00,00000001250,20240928200000,0.029,0.025,0.001,0.0,0.0,0.0,1.0,4,0.0,0.0,86.21,3.45,589352
2024-09-28 21:00:00,00000001250,20240928210000,0.039,0.024,0.002,0.0,0.0,0.0,1.0,4,0.0,0.0,61.54,5.13,589352
2024-09-28 22:00:00,00000001250,20240928220000,0.0,0.0,0.0,0.0,0.0,0.0,1.0,4,0.0,0.0,,,589352
2024-09-28 23:00:00,00000001250,20240928230000,0.006,0.0,0.0,0.0,0.0,0.0,1.0,4,0.0,0.0,0.0,0.0,589352
2024-09-29 00:00:00,00000001250,20240929000000,0.0,0.0,0.0,0.0,0.0,0.0,1.0,4,0.0,0.0,,,589352
2024-09-29 01:00:00,00000001250,20240929010000,0.0,0.0,0.0,0.0,0.0,0.0,1.0,4,0.0,0.0,,,589352
2024-09-29 02:00:00,00000001250,20240929020000,0.009,0.0,0.0,0.0,0.0,0.0,1.0,4,0.0,0.0,0.0,0.0,589352
2024-09-29 03:00:00,00000001250,20240929030000,0.0,0.0,0.0,0.0,0.0,0.0,1.0,4,0.0,0.0,,,589352
2024-09-29 04:00:00,00000001250,20240929040000,0.0,0.0,0.0,0.0,0.0,0.0,1.0,4,0.0,0.0,,,589352
2024-09-29 05:00:00,00000001250,20240929050000,0.0,0.0,0.0,0.0,0.0,0.0,1.0,4,0.0,0.0,,,589352
2024-09-29 06:00:00,00000001250,20240929060000,0.0,0.0,0.0,0.0,0.0,0.0,1.0,4,0.0,0.0,,,589352
2024-09-29 07:00:00,00000001250,20240929070000,0.015,0.0,0.0,0.0,0.0,0.0,1.0,4,0.0,0.0,0.0,0.0,589352
2024-09-29 08:00:00,00000001250,20240929080000,0.0,0.0,0.0,0.0,0.0,0.0,1.0,4,0.0,0.0,,,589352
2024-09-29 09:00:00,00000001250,20240929090000,0.084,0.088,0.0,0.0,0.0,0.0,1.0,4,0.0,0.0,104.76,0.0,589352
2024-09-29 10:00:00,00000001250,20240929100000,0.087,0.062,0.0,0.0,0.0,0.0,1.0,4,0.0,0.0,71.26,0.0,589352
2024-09-29 11:00:00,00000001250,20240929110000,0.034,0.038,0.0,0.0,0.0,0.0,1.0,4,0.0,0.0,111.76,0.0,589352
2024-09-29 12:00:00,00000001250,20240929120000,0.507,0.058,0.0,0.0,0.0,0.0,1.0,4,0.0,0.0,11.44,0.0,589352
2024-09-29 13:00:00,00000001250,20240929130000,0.041,0.045,0.0,0.0,0.0,0.0,1.0,4,0.0,0.0,109.76,0.0,589352
2024-09-29 14:00:00,00000001250,20240929140000,0.07,0.06,0.0,0.0,0.0,0.0,1.0,4,0.0,0.0,85.71,0.0,589352
2024-09-29 15:00:00,00000001250,20240929150000,0.037,0.041,0.0,0.0,0.0,0.0,1.0,4,0.0,0.0,110.81,0.0,589352
2024-09-29 16:00:00,00000001250,20240929160000,0.051,0.054,0.0,0.0,0.0,0.0,1.0,4,0.0,0.0,105.88,0.0,589352
2024-09-29 17:00:00,00000001250,20240929170000,0.042,0.044,0.0,0.0,0.0,0.0,1.0,4,0.0,0.0,104.76,0.0,589352
2024-09-29 18:00:00,00000001250,20240929180000,0.023,0.019,0.0,0.0,0.0,0.0,1.0,4,0.0,0.0,82.61,0.0,589352
2024-09-29 19:00:00,00000001250,20240929190000,0.0,0.0,0.0,0.0,0.0,0.0,1.0,4,0.0,0.0,,,589352
2024-09-29 20:00:00,00000001250,20240929200000,0.041,0.0,0.002,0.0,0.0,0.0,1.0,4,0.0,0.0,0.0,4.88,589352
2024-09-29 21:00:00,00000001250,20240929210000,0.01,0.0,0.0,0.0,0.0,0.0,1.0,4,0.0,0.0,0.0,0.0,589352
2024-09-29 22:00:00,00000001250,20240929220000,0.0,0.0,0.0,0.0,0.0,0.0,1.0,4,0.0,0.0,,,589352
2024-09-29 23:00:00,00000001250,20240929230000,0.0,0.0,0.0,0.0,0.0,0.0,1.0,4,0.0,0.0,,,589352
2024-09-30 00:00:00,00000001250,20240930000000,0.0,0.0,0.0,0.0,0.0,0.0,1.0,4,0.0,0.0,,,589352
2024-09-30 01:00:00,00000001250,20240930010000,0.0,0.0,0.0,0.0,0.0,0.0,1.0,4,0.0,0.0,,,589352
2024-09-30 02:00:00,00000001250,20240930020000,0.008,0.0,0.0,0.0,0.0,0.0,1.0,4,0.0,0.0,0.0,0.0,589352
2024-09-30 03:00:00,00000001250,20240930030000,0.0,0.0,0.0,0.0,0.0,0.0,1.0,4,0.0,0.0,,,589352
2024-09-30 04:00:00,00000001250,20240930040000,0.0,0.0,0.0,0.0,0.0,0.0,1.0,4,0.0,0.0,,,589352
2024-09-30 05:00:00,00000001250,20240930050000,0.0,0.0,0.0,0.0,0.0,0.0,1.0,4,0.0,0.0,,,589352
2024-09-30 06:00:00,00000001250,20240930060000,0.008,0.0,0.0,0.0,0.0,0.0,1.0,4,0.0,0.0,0.0,0.0,589352
2024-09-30 07:00:00,00000001250,20240930070000,0.0,0.0,0.0,0.0,0.0,0.0,1.0,4,0.0,0.0,,,589352
2024-09-30 08:00:00,00000001250,20240930080000,0.0,0.0,0.0,0.0,0.0,0.0,1.0,4,0.0,0.0,,,589352
2024-09-30 09:00:00,00000001250,20240930090000,0.0,0.0,0.0,0.0,0.0,0.0,1.0,4,0.0,0.0,,,589352
2024-09-30 10:00:00,00000001250,20240930100000,0.0,0.0,0.0,0.0,0.0,0.0,1.0,4,0.0,0.0,,,589352
2024-09-30 11:00:00,00000001250,20240930110000,0.0,0.0,0.0,0.0,0.0,0.0,1.0,4,0.0,0.0,,,589352
2024-09-30 12:00:00,00000001250,20240930120000,0.0,0.0,0.0,0.0,0.0,0.0,1.0,4,0.0,0.0,,,589352
2024-09-30 13:00:00,00000001250,20240930130000,0.0,0.0,0.0,0.0,0.0,0.0,1.0,4,0.0,0.0,,,589352
2024-09-30 14:00:00,00000001250,20240930140000,0.0,0.0,0.0,0.0,0.0,0.0,1.0,4,0.0,0.0,,,589352
2024-09-30 15:00:00,00000001250,20240930150000,0.0,0.0,0.0,0.0,0.0,0.0,1.0,4,0.0,0.0,,,589352
2024-09-30 16:00:00,00000001250,20240930160000,0.017,0.0,0.0,0.0,0.0,0.0,1.0,4,0.0,0.0,0.0,0.0,589352
2024-09-30 17:00:00,00000001250,20240930170000,0.0,0.0,0.0,0.0,0.0,0.0,1.0,4,0.0,0.0,,,589352
2024-09-30 18:00:00,00000001250,20240930180000,0.0,0.0,0.0,0.0,0.0,0.0,1.0,4,0.0,0.0,,,589352
2024-09-30 19:00:00,00000001250,20240930190000,0.01,0.0,0.0,0.0,0.0,0.0,1.0,4,0.0,0.0,0.0,0.0,589352
2024-09-30 20:00:00,00000001250,20240930200000,0.023,0.0,0.0,0.0,0.0,0.0,1.0,4,0.0,0.0,0.0,0.0,589352
2024-09-30 21:00:00,00000001250,20240930210000,0.0,0.0,0.0,0.0,0.0,0.0,1.0,4,0.0,0.0,,,589352
2024-09-30 22:00:00,00000001250,20240930220000,0.0,0.0,0.0,0.0,0.0,0.0,1.0,4,0.0,0.0,,,589352
2024-09-30 23:00:00,00000001250,20240930230000,0.0,0.0,0.0,0.0,0.0,0.0,1.0,4,0.0,0.0,,,589352
2024-10-01 00:00:00,00000001250,20241001000000,0.0,0.0,0.0,0.0,0.0,0.0,1.0,4,0.0,0.0,,,589352
2024-10-01 01:00:00,00000001250,20241001010000,0.008,0.0,0.0,0.0,0.0,0.0,1.0,4,0.0,0.0,0.0,0.0,589352
2024-10-01 02:00:00,00000001250,20241001020000,0.0,0.0,0.0,0.0,0.0,0.0,1.0,4,0.0,0.0,,,589352
2024-10-01 03:00:00,00000001250,20241001030000,0.0,0.0,0.0,0.0,0.0,0.0,1.0,4,0.0,0.0,,,589352
2024-10-01 04:00:00,00000001250,20241001040000,0.023,0.0,0.0,0.0,0.0,0.0,1.0,4,0.0,0.0,0.0,0.0,589352
